THOR:
Q 1.06526e-06;1.34318;2.28303;0.000157792;-0.647902;0.000825491;
Torque -0.000232368;2.59377;-1.70572;-0.0431827;0.553267;-0.264784;
MotorD 180;0;-0.154912;
 256.959;0.00371613;1296.88;
 220.808;0;-852.86;
 180.012;0;-42.6496;
 142.807;0;352.016;
 217.051;0;-57.8111;
 
7
FRIGG:
Q 2.66316e-07;1.33283;1.92764;-0.000157193;-0.985512;0.00581661;
Torque -6.63369e-05;2.99257;-2.10473;0.0430527;-0.390068;-0.0514928;
MotorD 180;0;-0.0442246;
 256.366;-0.00699574;1496.28;
 200.446;0;-1052.37;
 179.988;0;42.5211;
 123.034;0;-115.862;
 235.966;0;173.077;
 
7
ODIN:
Q 0;1.33284;1.92764;0.00015919;-0.985503;0.0058191;
Torque 1.01399e-05;2.99057;-2.10289;-0.043551;-0.396449;-0.0533872;
MotorD 180;0;0.00675996;
 256.366;-0.00711314;1495.28;
 200.445;0;-1051.44;
 180.012;0;-43.0134;
 123.035;0;-117.174;
 235.965;0;176.493;
 
7
LOKI:
Q 0;1.33284;1.92764;-0.000156594;-0.985505;0.00581652;
Torque 4.85608e-05;2.99057;-2.10304;0.0428537;-0.394451;-0.052063;
MotorD 180;0;0.0323738;
 256.366;-0.00711062;1495.28;
 200.446;0;-1051.52;
 179.988;0;42.3247;
 123.035;0;-117.169;
 235.965;0;175.017;
 
7
THOR:
Q 1.06526e-06;1.34318;2.28303;0.000156594;-0.647887;0.000808092;
Torque -0.000228229;2.59289;-1.70412;-0.0428511;0.546027;-0.258619;
MotorD 180;0;-0.152153;
 256.959;0.00366294;1296.45;
 220.808;0;-852.062;
 180.012;0;-42.3221;
 142.809;0;345.909;
 217.052;0;-58.5548;
 
46
FRIGG:
Q 2.66316e-07;1.33283;1.92764;-0.000157193;-0.985512;0.00581661;
Torque -6.63369e-05;2.99257;-2.10473;0.0430527;-0.390068;-0.0514928;
MotorD 180;0;-0.0442246;
 256.366;-0.00699574;1496.28;
 200.446;0;-1052.37;
 179.988;0;42.5211;
 123.034;0;-115.862;
 235.966;0;173.077;
 
46
ODIN:
Q 0;1.33283;1.92764;0.000157992;-0.985511;0.0058191;
Torque 1.0023e-05;2.99225;-2.10446;-0.0432158;-0.390936;-0.052641;
MotorD 180;0;0.00668201;
 256.366;-0.00701387;1496.13;
 200.446;0;-1052.23;
 180.012;0;-42.6823;
 123.034;0;-115.546;
 235.966;0;174.036;
 
46
LOKI:
Q 0;1.33283;1.92764;-0.000155395;-0.985514;0.00581652;
Torque 4.90055e-05;2.99225;-2.10461;0.0425238;-0.388945;-0.0513399;
MotorD 180;0;0.0326703;
 256.366;-0.00701198;1496.13;
 200.446;0;-1052.3;
 179.988;0;41.9988;
 123.034;0;-115.532;
 235.966;0;172.576;
 
46
THOR:
Q 1.06526e-06;1.34319;2.28302;0.000155395;-0.647873;0.000791136;
Torque -0.000224428;2.59202;-1.70253;-0.0425223;0.538859;-0.252603;
MotorD 180;0;-0.149618;
 256.959;0.0036108;1296.01;
 220.807;0;-851.263;
 180.012;0;-41.9973;
 142.812;0;339.912;
 217.052;0;-59.2425;
 
83
FRIGG:
Q 2.66316e-07;1.33283;1.92765;-0.000155995;-0.98552;0.00581661;
Torque -6.65447e-05;2.99422;-2.10627;0.0427214;-0.384643;-0.0507804;
MotorD 180;0;-0.0443631;
 256.365;-0.00689703;1497.11;
 200.446;0;-1053.13;
 179.988;0;42.194;
 123.034;0;-114.249;
 235.966;0;170.672;
 
83
ODIN:
Q 0;1.33283;1.92765;0.000156794;-0.985519;0.0058191;
Torque 9.93569e-06;2.99391;-2.10599;-0.0428831;-0.385502;-0.0519056;
MotorD 180;0;0.00662379;
 256.365;-0.00691622;1496.95;
 200.446;0;-1053;
 180.012;0;-42.3537;
 123.034;0;-113.942;
 235.966;0;171.615;
 
83
LOKI:
Q 0;1.33283;1.92765;-0.000154197;-0.985522;0.00581652;
Torque 4.94487e-05;2.99391;-2.10611;0.0421964;-0.383556;-0.0506322;
MotorD 180;0;0.0329658;
 256.365;-0.00691431;1496.95;
 200.446;0;-1053.06;
 179.988;0;41.6754;
 123.034;0;-113.929;
 235.966;0;170.187;
 
83
THOR:
Q 1.06526e-06;1.34319;2.28301;0.000154197;-0.647859;0.000774447;
Torque -0.000220345;2.59118;-1.70099;-0.0421957;0.531758;-0.246717;
MotorD 180;0;-0.146897;
 256.959;0.00356031;1295.59;
 220.807;0;-850.495;
 180.012;0;-41.6748;
 142.814;0;334.012;
 217.053;0;-59.8822;
 
112
FRIGG:
Q 2.66316e-07;1.33282;1.92766;-0.000154796;-0.985528;0.00581661;
Torque -6.67794e-05;2.99584;-2.10774;0.0423925;-0.379291;-0.0500773;
MotorD 180;0;-0.0445196;
 256.365;-0.00680059;1497.92;
 200.447;0;-1053.87;
 179.988;0;41.8691;
 123.033;0;-112.658;
 235.967;0;168.299;
 
112
ODIN:
Q 0;1.33282;1.92766;0.000155595;-0.985528;0.0058191;
Torque 9.81966e-06;2.99553;-2.10747;-0.042553;-0.380144;-0.0511807;
MotorD 180;0;0.00654644;
 256.365;-0.00682036;1497.77;
 200.447;0;-1053.73;
 180.012;0;-42.0277;
 123.033;0;-112.36;
 235.966;0;169.228;
 
112
LOKI:
Q 0;1.33282;1.92766;-0.000152999;-0.98553;0.00581665;
Torque 4.99068e-05;2.99553;-2.10762;0.0418715;-0.378202;-0.0499291;
MotorD 180;0;0.0332712;
 256.365;-0.00681883;1497.77;
 200.447;0;-1053.81;
 179.988;0;41.3545;
 123.033;0;-112.337;
 235.967;0;167.813;
 
112
THOR:
Q 7.98948e-07;1.34319;2.28301;0.000152999;-0.647845;0.000758113;
Torque -0.000216361;2.59034;-1.69952;-0.0418717;0.524767;-0.240962;
MotorD 180;0;-0.144241;
 256.959;0.00350912;1295.17;
 220.807;0;-849.758;
 180.012;0;-41.3548;
 142.816;0;328.226;
 217.054;0;-60.49;
 
158
FRIGG:
Q 2.66316e-07;1.33281;1.92766;-0.000153598;-0.985537;0.0058167;
Torque -6.70212e-05;2.99744;-2.10922;0.0420663;-0.374019;-0.0493847;
MotorD 180;0;-0.0446808;
 256.365;-0.00670623;1498.72;
 200.447;0;-1054.61;
 179.988;0;41.5469;
 123.033;0;-111.09;
 235.967;0;165.962;
 
158
ODIN:
Q 0;1.33282;1.92766;0.000154397;-0.985536;0.00581901;
Torque 9.71566e-06;2.99716;-2.10894;-0.0422254;-0.374824;-0.0504611;
MotorD 180;0;0.00647711;
 256.365;-0.00672532;1498.58;
 200.447;0;-1054.47;
 180.012;0;-41.7041;
 123.033;0;-110.79;
 235.967;0;166.858;
 
158
LOKI:
Q 0;1.33282;1.92766;-0.0001518;-0.985538;0.00581661;
Torque 5.03405e-05;2.99716;-2.10907;0.041549;-0.372927;-0.049236;
MotorD 180;0;0.0335604;
 256.365;-0.00672464;1498.58;
 200.447;0;-1054.53;
 179.988;0;41.0361;
 123.033;0;-110.768;
 235.967;0;165.474;
 
158
THOR:
Q 7.98948e-07;1.3432;2.283;0.000152399;-0.647836;0.000748259;
Torque -0.000213598;2.58977;-1.69852;-0.0416587;0.520212;-0.23722;
MotorD 180;0;-0.142399;
 256.959;0.00347781;1294.88;
 220.807;0;-849.26;
 180.012;0;-41.1444;
 142.817;0;324.46;
 217.054;0;-60.8823;
 
187
FRIGG:
Q 2.66316e-07;1.33281;1.92767;-0.000152799;-0.985542;0.00581665;
Torque -6.72234e-05;2.99854;-2.1102;0.0418392;-0.370373;-0.0489057;
MotorD 180;0;-0.0448156;
 256.364;-0.00664596;1499.27;
 200.447;0;-1055.1;
 179.988;0;41.3227;
 123.033;0;-110.005;
 235.967;0;164.345;
 
188
ODIN:
Q 0;1.33281;1.92766;0.000153598;-0.98554;0.00581905;
Torque 9.6058e-06;2.99815;-2.10987;-0.0420173;-0.371463;-0.0500064;
MotorD 180;0;0.00640387;
 256.365;-0.00667128;1499.07;
 200.447;0;-1054.94;
 180.012;0;-41.4986;
 123.033;0;-109.798;
 235.967;0;165.36;
 
188
LOKI:
Q 0;1.33281;1.92766;-0.000151001;-0.985543;0.00581661;
Torque 5.06215e-05;2.99814;-2.10996;0.0413495;-0.369693;-0.0488118;
MotorD 180;0;0.0337477;
 256.365;-0.00667028;1499.07;
 200.447;0;-1054.98;
 179.988;0;40.839;
 123.033;0;-109.806;
 235.968;0;164.041;
 
188
THOR:
Q 7.98948e-07;1.3432;2.283;0.0001518;-0.647831;0.000742134;
Torque -0.000212427;2.58949;-1.69804;-0.0415503;0.51785;-0.235336;
MotorD 180;0;-0.141618;
 256.96;0.00345922;1294.75;
 220.806;0;-849.021;
 180.012;0;-41.0373;
 142.818;0;322.538;
 217.054;0;-61.0543;
 
218
FRIGG:
Q 2.66316e-07;1.33281;1.92767;-0.000152399;-0.985545;0.0058167;
Torque -6.72208e-05;2.99903;-2.11063;0.0417424;-0.368821;-0.0487018;
MotorD 180;0;-0.0448138;
 256.364;-0.00661372;1499.51;
 200.447;0;-1055.32;
 179.988;0;41.227;
 123.033;0;-109.544;
 235.968;0;163.657;
 
218
ODIN:
Q 0;1.33281;1.92767;0.000153198;-0.985544;0.00581901;
Torque 9.62714e-06;2.99875;-2.11035;-0.0419003;-0.369624;-0.0497576;
MotorD 180;0;0.0064181;
 256.364;-0.0066313;1499.37;
 200.447;0;-1055.18;
 180.012;0;-41.383;
 123.032;0;-109.255;
 235.967;0;164.541;
 
218
LOKI:
Q 0;1.33281;1.92767;-0.000150602;-0.985546;0.0058167;
Torque 5.07488e-05;2.99875;-2.11051;0.0412292;-0.367773;-0.0485591;
MotorD 180;0;0.0338325;
 256.364;-0.00663034;1499.37;
 200.447;0;-1055.25;
 179.988;0;40.7202;
 123.032;0;-109.235;
 235.968;0;163.189;
 
218
THOR:
Q 7.98948e-07;1.3432;2.283;0.000150801;-0.647818;0.00072651;
Torque -0.000208763;2.58868;-1.69657;-0.0412312;0.511045;-0.229834;
MotorD 180;0;-0.139175;
 256.96;0.00341025;1294.34;
 220.806;0;-848.283;
 180.012;0;-40.7222;
 142.82;0;316.962;
 217.055;0;-61.5902;
 
259
FRIGG:
Q 2.66316e-07;1.3328;1.92767;-0.000151201;-0.985553;0.0058167;
Torque -6.74217e-05;3.00059;-2.11201;0.0414211;-0.363665;-0.0480242;
MotorD 180;0;-0.0449478;
 256.364;-0.00652069;1500.29;
 200.448;0;-1056.01;
 179.988;0;40.9097;
 123.032;0;-108.011;
 235.968;0;161.371;
 
259
ODIN:
Q 0;1.3328;1.92767;0.000152;-0.985552;0.00581896;
Torque 9.55208e-06;3.00031;-2.11177;-0.0415778;-0.364458;-0.0490589;
MotorD 180;0;0.00636806;
 256.364;-0.00653912;1500.15;
 200.447;0;-1055.88;
 180.012;0;-41.0645;
 123.032;0;-107.73;
 235.968;0;162.239;
 
259
LOKI:
Q 0;1.3328;1.92767;-0.000149403;-0.985554;0.00581674;
Torque 5.11749e-05;3.00031;-2.11189;0.0409119;-0.362655;-0.0478867;
MotorD 180;0;0.0341166;
 256.364;-0.00653811;1500.15;
 200.448;0;-1055.95;
 179.989;0;40.4068;
 123.032;0;-107.713;
 235.968;0;160.92;
 
259
THOR:
Q 7.98948e-07;1.3432;2.28299;0.000149603;-0.647804;0.000711242;
Torque -0.000204818;2.58787;-1.69515;-0.0409146;0.504274;-0.224462;
MotorD 180;0;-0.136545;
 256.96;0.00336176;1293.93;
 220.806;0;-847.576;
 180.011;0;-40.4095;
 142.822;0;311.469;
 217.055;0;-62.0673;
 
293
FRIGG:
Q 2.66316e-07;1.3328;1.92768;-0.000150202;-0.98556;0.0058167;
Torque -6.76207e-05;3.00212;-2.1134;0.0411022;-0.358622;-0.0473616;
MotorD 180;0;-0.0450804;
 256.364;-0.00643105;1501.06;
 200.448;0;-1056.7;
 179.989;0;40.5948;
 123.032;0;-106.511;
 235.969;0;159.135;
 
293
ODIN:
Q 0;1.3328;1.92768;0.000150801;-0.985559;0.00581896;
Torque 9.44655e-06;3.00184;-2.11312;-0.0412578;-0.359415;-0.0483767;
MotorD 180;0;0.0062977;
 256.364;-0.00644737;1500.92;
 200.448;0;-1056.56;
 180.012;0;-40.7484;
 123.032;0;-106.241;
 235.968;0;159.992;
 
293
LOKI:
Q 0;1.3328;1.92768;-0.000148205;-0.985562;0.0058167;
Torque 5.15379e-05;3.00184;-2.11327;0.0405969;-0.357615;-0.0472243;
MotorD 180;0;0.0343586;
 256.364;-0.00644649;1500.92;
 200.448;0;-1056.64;
 179.989;0;40.0957;
 123.032;0;-106.214;
 235.969;0;158.686;
 
293
THOR:
Q 7.98948e-07;1.34321;2.28299;0.000148405;-0.647791;0.000696328;
Torque -0.000201195;2.58709;-1.6938;-0.0406005;0.497621;-0.219211;
MotorD 180;0;-0.13413;
 256.96;0.00331415;1293.54;
 220.805;0;-846.902;
 180.011;0;-40.0993;
 142.824;0;306.088;
 217.056;0;-62.5202;
 
331
FRIGG:
Q 2.66316e-07;1.33279;1.92768;-0.000149004;-0.985568;0.00581679;
Torque -6.7798e-05;3.00365;-2.11472;0.0407858;-0.35366;-0.0467095;
MotorD 180;0;-0.0451987;
 256.363;-0.00634134;1501.82;
 200.448;0;-1057.36;
 179.989;0;40.2823;
 123.031;0;-105.035;
 235.969;0;156.935;
 
332
ODIN:
Q 0;1.33279;1.92768;0.000149603;-0.985567;0.00581892;
Torque 9.35768e-06;3.00337;-2.11447;-0.0409402;-0.354406;-0.0476993;
MotorD 180;0;0.00623846;
 256.363;-0.00635755;1501.68;
 200.448;0;-1057.23;
 180.011;0;-40.4348;
 123.031;0;-104.762;
 235.969;0;157.761;
 
332
LOKI:
Q 0;1.33279;1.92768;-0.000147206;-0.985569;0.00581674;
Torque 5.19213e-05;3.00337;-2.11459;0.0402844;-0.352652;-0.0465722;
MotorD 180;0;0.0346142;
 256.363;-0.00635635;1501.68;
 200.448;0;-1057.3;
 179.989;0;39.7871;
 123.031;0;-104.738;
 235.969;0;156.485;
 
332
THOR:
Q 7.98948e-07;1.34321;2.28299;0.000148405;-0.647791;0.000696328;
Torque -0.000201195;2.58709;-1.6938;-0.0406005;0.497621;-0.219211;
MotorD 180;0;-0.13413;
 256.96;0.00331415;1293.54;
 220.805;0;-846.902;
 180.011;0;-40.0993;
 142.824;0;306.088;
 217.056;0;-62.5202;
 
362
FRIGG:
Q 2.66316e-07;1.33279;1.92768;-0.000149004;-0.985568;0.00581679;
Torque -6.7798e-05;3.00365;-2.11472;0.0407858;-0.35366;-0.0467095;
MotorD 180;0;-0.0451987;
 256.363;-0.00634134;1501.82;
 200.448;0;-1057.36;
 179.989;0;40.2823;
 123.031;0;-105.035;
 235.969;0;156.935;
 
362
ODIN:
Q 0;1.33279;1.92768;0.000149603;-0.985567;0.00581892;
Torque 9.35768e-06;3.00337;-2.11447;-0.0409402;-0.354406;-0.0476993;
MotorD 180;0;0.00623846;
 256.363;-0.00635755;1501.68;
 200.448;0;-1057.23;
 180.011;0;-40.4348;
 123.031;0;-104.762;
 235.969;0;157.761;
 
362
LOKI:
Q 0;1.33279;1.92768;-0.000147206;-0.985569;0.00581674;
Torque 5.19213e-05;3.00337;-2.11459;0.0402844;-0.352652;-0.0465722;
MotorD 180;0;0.0346142;
 256.363;-0.00635635;1501.68;
 200.448;0;-1057.3;
 179.989;0;39.7871;
 123.031;0;-104.738;
 235.969;0;156.485;
 
362
THOR:
Q 7.98948e-07;1.34321;2.28298;0.000147206;-0.647778;0.000681592;
Torque -0.0001974;2.58631;-1.69245;-0.0402887;0.491038;-0.21407;
MotorD 180;0;-0.1316;
 256.96;0.00326781;1293.15;
 220.805;0;-846.226;
 180.011;0;-39.7913;
 142.826;0;300.794;
 217.056;0;-62.9382;
 
399
FRIGG:
Q 2.66316e-07;1.33279;1.92769;-0.000147805;-0.985575;0.00581683;
Torque -6.79649e-05;3.00515;-2.11604;0.0404718;-0.348734;-0.046062;
MotorD 180;0;-0.0453099;
 256.363;-0.00625366;1502.57;
 200.448;0;-1058.02;
 179.989;0;39.9722;
 123.031;0;-103.571;
 235.969;0;154.751;
 
399
ODIN:
Q 0;1.33279;1.92769;0.000148604;-0.985575;0.00581887;
Torque 9.28473e-06;3.00487;-2.11579;-0.0406251;-0.349476;-0.0470326;
MotorD 180;0;0.00618982;
 256.363;-0.00626975;1502.43;
 200.448;0;-1057.9;
 180.011;0;-40.1236;
 123.031;0;-103.306;
 235.969;0;155.565;
 
399
LOKI:
Q 0;1.33279;1.92769;-0.000146008;-0.985577;0.00581679;
Torque 5.22785e-05;3.00487;-2.11591;0.0399743;-0.347727;-0.045925;
MotorD 180;0;0.0348523;
 256.363;-0.00626768;1502.43;
 200.448;0;-1057.96;
 179.989;0;39.4808;
 123.031;0;-103.274;
 235.969;0;154.302;
 
399
THOR:
Q 7.98948e-07;1.34321;2.28298;0.000146208;-0.647765;0.000667299;
Torque -0.000194056;2.58553;-1.6911;-0.0399794;0.484537;-0.209058;
MotorD 180;0;-0.129371;
 256.96;0.00322111;1292.76;
 220.805;0;-845.549;
 180.011;0;-39.4858;
 142.828;0;295.601;
 217.057;0;-63.3148;
 
433
FRIGG:
Q 2.66316e-07;1.33278;1.92769;-0.000146607;-0.985583;0.00581679;
Torque -6.81321e-05;3.00662;-2.1173;0.0401605;-0.343891;-0.0454253;
MotorD 180;0;-0.0454214;
 256.363;-0.00616458;1503.31;
 200.449;0;-1058.65;
 179.989;0;39.6647;
 123.03;0;-102.131;
 235.97;0;152.603;
 
433
ODIN:
Q 0;1.33278;1.92769;0.000147406;-0.985582;0.00581887;
Torque 9.19697e-06;3.00637;-2.11705;-0.0403123;-0.34462;-0.046376;
MotorD 180;0;0.00613131;
 256.363;-0.00618223;1503.18;
 200.449;0;-1058.53;
 180.011;0;-39.8146;
 123.03;0;-101.873;
 235.97;0;153.402;
 
433
LOKI:
Q 0;1.33278;1.92769;-0.000144809;-0.985584;0.00581679;
Torque 5.26526e-05;3.00633;-2.11721;0.0396664;-0.342917;-0.0452928;
MotorD 180;0;0.0351018;
 256.363;-0.00618158;1503.17;
 200.449;0;-1058.6;
 179.989;0;39.1767;
 123.03;0;-101.844;
 235.97;0;152.169;
 
433
THOR:
Q 7.98948e-07;1.34321;2.28297;0.000145009;-0.647753;0.000653273;
Torque -0.000190384;2.58478;-1.68981;-0.0396724;0.478111;-0.204149;
MotorD 180;0;-0.126923;
 256.961;0.00317576;1292.39;
 220.805;0;-844.905;
 180.011;0;-39.1826;
 142.83;0;290.494;
 217.057;0;-63.6621;
 
473
FRIGG:
Q 2.66316e-07;1.33277;1.9277;-0.000145608;-0.98559;0.00581679;
Torque -6.82686e-05;3.00805;-2.11856;0.0398512;-0.339119;-0.044798;
MotorD 180;0;-0.0455124;
 256.362;-0.00608035;1504.03;
 200.449;0;-1059.28;
 179.989;0;39.3592;
 123.03;0;-100.712;
 235.97;0;150.487;
 
473
ODIN:
Q 0;1.33278;1.9277;0.000146208;-0.98559;0.00581883;
Torque 9.13288e-06;3.0078;-2.11831;-0.040002;-0.339849;-0.045731;
MotorD 180;0;0.00608859;
 256.362;-0.00609568;1503.9;
 200.449;0;-1059.15;
 180.011;0;-39.5082;
 123.03;0;-100.464;
 235.97;0;151.276;
 
473
LOKI:
Q 0;1.33278;1.9277;-0.000143811;-0.985592;0.00581688;
Torque 5.2967e-05;3.0078;-2.11843;0.0393611;-0.338149;-0.044666;
MotorD 180;0;0.0353113;
 256.362;-0.00609481;1503.9;
 200.449;0;-1059.22;
 179.989;0;38.8752;
 123.03;0;-100.426;
 235.97;0;150.055;
 
473
THOR:
Q 7.98948e-07;1.34322;2.28297;0.00014401;-0.64774;0.000639425;
Torque -0.000187088;2.58403;-1.68852;-0.0393678;0.471767;-0.199362;
MotorD 180;0;-0.124725;
 256.961;0.00313001;1292.02;
 220.804;0;-844.259;
 180.011;0;-38.8818;
 142.832;0;285.485;
 217.058;0;-63.9719;
 
510
FRIGG:
Q 2.66316e-07;1.33277;1.9277;-0.00014441;-0.985598;0.00581683;
Torque -6.8425e-05;3.00949;-2.11978;0.0395446;-0.33439;-0.0441762;
MotorD 180;0;-0.0456167;
 256.362;-0.00599401;1504.74;
 200.449;0;-1059.89;
 179.989;0;39.0564;
 123.03;0;-99.3058;
 235.971;0;148.391;
 
510
ODIN:
Q 0;1.33277;1.9277;0.000145209;-0.985597;0.00581883;
Torque 9.04853e-06;3.00924;-2.11954;-0.0396941;-0.335111;-0.0450906;
MotorD 180;0;0.00603235;
 256.362;-0.00601002;1504.62;
 200.449;0;-1059.77;
 180.011;0;-39.2041;
 123.029;0;-99.065;
 235.97;0;149.166;
 
510
LOKI:
Q 0;1.33277;1.9277;-0.000142612;-0.985599;0.00581688;
Torque 5.331e-05;3.00924;-2.11966;0.0390581;-0.333458;-0.0440493;
MotorD 180;0;0.03554;
 256.362;-0.00600963;1504.62;
 200.449;0;-1059.83;
 179.989;0;38.5759;
 123.029;0;-99.031;
 235.971;0;147.975;
 
510
THOR:
Q 7.98948e-07;1.34322;2.28297;0.00014401;-0.64774;0.000639425;
Torque -0.000187088;2.58403;-1.68852;-0.0393678;0.471767;-0.199362;
MotorD 180;0;-0.124725;
 256.961;0.00313001;1292.02;
 220.804;0;-844.259;
 180.011;0;-38.8818;
 142.832;0;285.485;
 217.058;0;-63.9719;
 
534
FRIGG:
Q 2.66316e-07;1.33277;1.9277;-0.00014441;-0.985598;0.00581683;
Torque -6.8425e-05;3.00949;-2.11978;0.0395446;-0.33439;-0.0441762;
MotorD 180;0;-0.0456167;
 256.362;-0.00599401;1504.74;
 200.449;0;-1059.89;
 179.989;0;39.0564;
 123.03;0;-99.3058;
 235.971;0;148.391;
 
534
ODIN:
Q 0;1.33277;1.9277;0.000145209;-0.985597;0.00581883;
Torque 9.04853e-06;3.00924;-2.11954;-0.0396941;-0.335111;-0.0450906;
MotorD 180;0;0.00603235;
 256.362;-0.00601002;1504.62;
 200.449;0;-1059.77;
 180.011;0;-39.2041;
 123.029;0;-99.065;
 235.97;0;149.166;
 
534
LOKI:
Q 0;1.33277;1.9277;-0.000142612;-0.985599;0.00581688;
Torque 5.331e-05;3.00924;-2.11966;0.0390581;-0.333458;-0.0440493;
MotorD 180;0;0.03554;
 256.362;-0.00600963;1504.62;
 200.449;0;-1059.83;
 179.989;0;38.5759;
 123.029;0;-99.031;
 235.971;0;147.975;
 
534
THOR:
Q 7.98948e-07;1.34322;2.28296;0.000142812;-0.647728;0.00062602;
Torque -0.000183373;2.58328;-1.68729;-0.0390654;0.465496;-0.194672;
MotorD 180;0;-0.122249;
 256.961;0.0030859;1291.64;
 220.804;0;-843.645;
 180.011;0;-38.5831;
 142.834;0;280.557;
 217.058;0;-64.2546;
 
572
FRIGG:
Q 2.66316e-07;1.33276;1.92771;-0.000143411;-0.985605;0.00581679;
Torque -6.85845e-05;3.01092;-2.12098;0.0392402;-0.329775;-0.0435696;
MotorD 180;0;-0.045723;
 256.362;-0.00591166;1505.46;
 200.45;0;-1060.49;
 179.989;0;38.7557;
 123.029;0;-97.9337;
 235.971;0;146.344;
 
572
ODIN:
Q 0;1.33276;1.92771;0.00014401;-0.985604;0.00581879;
Torque 8.95395e-06;3.01068;-2.12077;-0.0393885;-0.330492;-0.044466;
MotorD 180;0;0.0059693;
 256.362;-0.00592715;1505.34;
 200.449;0;-1060.38;
 180.011;0;-38.9023;
 123.029;0;-97.701;
 235.971;0;147.108;
 
572
LOKI:
Q 0;1.33276;1.92771;-0.000141614;-0.985606;0.00581688;
Torque 5.36109e-05;3.01064;-2.12089;0.0387574;-0.328843;-0.0434426;
MotorD 180;0;0.0357406;
 256.362;-0.00592614;1505.32;
 200.449;0;-1060.45;
 179.989;0;38.2789;
 123.029;0;-97.6589;
 235.971;0;145.928;
 
572
THOR:
Q 7.98948e-07;1.34322;2.28296;0.000141813;-0.647716;0.000612882;
Torque -0.000179901;2.58257;-1.68606;-0.0387653;0.459307;-0.190091;
MotorD 180;0;-0.119934;
 256.961;0.00304131;1291.28;
 220.804;0;-843.031;
 180.011;0;-38.2867;
 142.836;0;275.72;
 217.059;0;-64.5079;
 
610
FRIGG:
Q 2.66316e-07;1.33276;1.92771;-0.000142213;-0.985612;0.00581688;
Torque -6.87169e-05;3.0123;-2.12215;0.0389381;-0.325197;-0.0429674;
MotorD 180;0;-0.0458113;
 256.361;-0.0058298;1506.15;
 200.45;0;-1061.08;
 179.989;0;38.4574;
 123.029;0;-96.5727;
 235.971;0;144.314;
 
610
ODIN:
Q 0;1.33276;1.92771;0.000142812;-0.985611;0.00581883;
Torque 8.86903e-06;3.01208;-2.12194;-0.0390852;-0.325909;-0.0438466;
MotorD 180;0;0.00591269;
 256.361;-0.00584519;1506.04;
 200.45;0;-1060.97;
 180.011;0;-38.6027;
 123.029;0;-96.3479;
 235.971;0;145.066;
 
610
LOKI:
Q 0;1.33276;1.92771;-0.000140415;-0.985613;0.00581688;
Torque 5.39112e-05;3.01205;-2.12206;0.038459;-0.324266;-0.042841;
MotorD 180;0;0.0359408;
 256.361;-0.00584435;1506.02;
 200.45;0;-1061.03;
 179.989;0;37.9842;
 123.029;0;-96.2981;
 235.972;0;143.899;
 
610
THOR:
Q 7.98948e-07;1.34323;2.28295;0.000140615;-0.647704;0.00060001;
Torque -0.00017697;2.58185;-1.6849;-0.0384679;0.453205;-0.185621;
MotorD 180;0;-0.11798;
 256.961;0.00299941;1290.92;
 220.804;0;-842.448;
 180.011;0;-37.993;
 142.838;0;270.976;
 217.059;0;-64.7312;
 
641
FRIGG:
Q 2.66316e-07;1.33275;1.92772;-0.000141214;-0.985619;0.00581688;
Torque -6.88199e-05;3.01367;-2.12332;0.0386385;-0.320703;-0.0423763;
MotorD 180;0;-0.0458799;
 256.361;-0.00574724;1506.84;
 200.45;0;-1061.66;
 179.989;0;38.1615;
 123.028;0;-95.2364;
 235.972;0;142.321;
 
641
ODIN:
Q 0;1.33275;1.92772;0.000141813;-0.985618;0.00581874;
Torque 8.82851e-06;3.01345;-2.1231;-0.0387844;-0.321366;-0.0432326;
MotorD 180;0;0.00588567;
 256.361;-0.00576371;1506.73;
 200.45;0;-1061.55;
 180.011;0;-38.3055;
 123.028;0;-95.0063;
 235.972;0;143.043;
 
641
LOKI:
Q 0;1.33275;1.92772;-0.000139416;-0.98562;0.00581688;
Torque 5.42566e-05;3.01342;-2.1232;0.0381628;-0.319767;-0.0422492;
MotorD 180;0;0.036171;
 256.361;-0.00576385;1506.71;
 200.45;0;-1061.6;
 179.989;0;37.6917;
 123.028;0;-94.9603;
 235.972;0;141.904;
 
641
THOR:
Q 7.98948e-07;1.34323;2.28295;0.000139616;-0.647692;0.000587316;
Torque -0.00017347;2.58113;-1.68373;-0.0381723;0.447177;-0.18124;
MotorD 180;0;-0.115647;
 256.961;0.00295676;1290.56;
 220.803;0;-841.864;
 180.011;0;-37.7011;
 142.84;0;266.31;
 217.06;0;-64.9325;
 
678
FRIGG:
Q 2.66316e-07;1.33275;1.92772;-0.000140016;-0.985625;0.00581683;
Torque -6.89415e-05;3.01505;-2.12446;0.038341;-0.31624;-0.0417893;
MotorD 180;0;-0.045961;
 256.361;-0.00566891;1507.52;
 200.45;0;-1062.23;
 179.989;0;37.8676;
 123.028;0;-93.9096;
 235.972;0;140.342;
 
678
ODIN:
Q 0;1.33275;1.92772;0.000140615;-0.985625;0.00581883;
Torque 8.73906e-06;3.0148;-2.12424;-0.0384858;-0.316899;-0.0426291;
MotorD 180;0;0.00582604;
 256.361;-0.00568322;1507.4;
 200.45;0;-1062.12;
 180.011;0;-38.0106;
 123.028;0;-93.6874;
 235.972;0;141.053;
 
678
LOKI:
Q 0;1.33275;1.92772;-0.000138218;-0.985627;0.00581697;
Torque 5.45231e-05;3.0148;-2.12433;0.0378691;-0.315348;-0.0416681;
MotorD 180;0;0.0363487;
 256.361;-0.00568311;1507.4;
 200.45;0;-1062.17;
 179.989;0;37.4016;
 123.028;0;-93.6466;
 235.972;0;139.945;
 
678
THOR:
Q 7.98948e-07;1.34323;2.28295;0.000139616;-0.647692;0.000587316;
Torque -0.00017347;2.58113;-1.68373;-0.0381723;0.447177;-0.18124;
MotorD 180;0;-0.115647;
 256.961;0.00295676;1290.56;
 220.803;0;-841.864;
 180.011;0;-37.7011;
 142.84;0;266.31;
 217.06;0;-64.9325;
 
720
FRIGG:
Q 2.66316e-07;1.33275;1.92772;-0.000140016;-0.985625;0.00581683;
Torque -6.89415e-05;3.01505;-2.12446;0.038341;-0.31624;-0.0417893;
MotorD 180;0;-0.045961;
 256.361;-0.00566891;1507.52;
 200.45;0;-1062.23;
 179.989;0;37.8676;
 123.028;0;-93.9096;
 235.972;0;140.342;
 
720
ODIN:
Q 0;1.33275;1.92772;0.000140615;-0.985625;0.00581883;
Torque 8.73906e-06;3.0148;-2.12424;-0.0384858;-0.316899;-0.0426291;
MotorD 180;0;0.00582604;
 256.361;-0.00568322;1507.4;
 200.45;0;-1062.12;
 180.011;0;-38.0106;
 123.028;0;-93.6874;
 235.972;0;141.053;
 
720
LOKI:
Q 0;1.33275;1.92772;-0.000138218;-0.985627;0.00581697;
Torque 5.45231e-05;3.0148;-2.12433;0.0378691;-0.315348;-0.0416681;
MotorD 180;0;0.0363487;
 256.361;-0.00568311;1507.4;
 200.45;0;-1062.17;
 179.989;0;37.4016;
 123.028;0;-93.6466;
 235.972;0;139.945;
 
720
THOR:
Q 7.98948e-07;1.34323;2.28294;0.000138418;-0.64768;0.000574976;
Torque -0.000170168;2.58044;-1.68256;-0.0378791;0.441193;-0.176962;
MotorD 180;0;-0.113445;
 256.961;0.002915;1290.22;
 220.803;0;-841.28;
 180.011;0;-37.4114;
 142.841;0;261.717;
 217.06;0;-65.0927;
 
753
FRIGG:
Q 2.66316e-07;1.33274;1.92773;-0.000139017;-0.985632;0.00581697;
Torque -6.90522e-05;3.01639;-2.12553;0.0380458;-0.311858;-0.041213;
MotorD 180;0;-0.0460348;
 256.361;-0.00559066;1508.19;
 200.451;0;-1062.77;
 179.989;0;37.5761;
 123.028;0;-92.6067;
 235.973;0;138.399;
 
753
ODIN:
Q 0;1.33274;1.92772;0.000139616;-0.985632;0.00581874;
Torque 8.68883e-06;3.01614;-2.12534;-0.0381897;-0.312518;-0.0420371;
MotorD 180;0;0.00579255;
 256.361;-0.00560318;1508.07;
 200.451;0;-1062.67;
 180.011;0;-37.7182;
 123.027;0;-92.3936;
 235.972;0;139.102;
 
753
LOKI:
Q 0;1.33274;1.92773;-0.000137219;-0.985634;0.00581688;
Torque 5.47841e-05;3.01614;-2.12544;0.0375776;-0.310967;-0.0410918;
MotorD 180;0;0.0365228;
 256.361;-0.00560282;1508.07;
 200.451;0;-1062.72;
 179.99;0;37.1137;
 123.027;0;-92.3443;
 235.973;0;138.002;
 
753
THOR:
Q 7.98948e-07;1.34323;2.28294;0.000137419;-0.647669;0.000562903;
Torque -0.000167234;2.57976;-1.68145;-0.0375883;0.435299;-0.172791;
MotorD 180;0;-0.111489;
 256.962;0.00287318;1289.88;
 220.803;0;-840.727;
 180.01;0;-37.1242;
 142.843;0;257.217;
 217.06;0;-65.2272;
 
790
FRIGG:
Q 2.66316e-07;1.33274;1.92773;-0.000137819;-0.985639;0.00581697;
Torque -6.91544e-05;3.0177;-2.12664;0.037753;-0.307555;-0.040647;
MotorD 180;0;-0.0461029;
 256.36;-0.0055114;1508.85;
 200.451;0;-1063.32;
 179.989;0;37.287;
 123.027;0;-91.3277;
 235.973;0;136.491;
 
790
ODIN:
Q 0;1.33274;1.92773;0.000138618;-0.985638;0.0058187;
Torque 8.62581e-06;3.01748;-2.12642;-0.0378957;-0.30821;-0.041455;
MotorD 180;0;0.00575054;
 256.36;-0.00552575;1508.74;
 200.451;0;-1063.21;
 180.011;0;-37.4279;
 123.027;0;-91.1213;
 235.973;0;137.182;
 
790
LOKI:
Q 0;1.33274;1.92773;-0.000136221;-0.98564;0.00581697;
Torque 5.50698e-05;3.01745;-2.12651;0.0372883;-0.306663;-0.0405257;
MotorD 180;0;0.0367132;
 256.36;-0.00552551;1508.72;
 200.451;0;-1063.26;
 179.99;0;36.8279;
 123.027;0;-91.0644;
 235.973;0;136.093;
 
790
THOR:
Q 7.98948e-07;1.34324;2.28293;0.00013642;-0.647658;0.000551008;
Torque -0.000164087;2.57907;-1.68035;-0.0372995;0.429484;-0.168704;
MotorD 180;0;-0.109391;
 256.962;0.00283304;1289.54;
 220.802;0;-840.174;
 180.01;0;-36.8391;
 142.845;0;252.793;
 217.061;0;-65.3438;
 
829
FRIGG:
Q 2.66316e-07;1.33273;1.92773;-0.00013682;-0.985645;0.00581697;
Torque -6.9257e-05;3.01901;-2.12768;0.0374625;-0.30329;-0.0400858;
MotorD 180;0;-0.0461714;
 256.36;-0.00543503;1509.51;
 200.451;0;-1063.84;
 179.99;0;37;
 123.027;0;-90.0599;
 235.973;0;134.6;
 
829
ODIN:
Q 0;1.33273;1.92773;0.000137419;-0.985645;0.00581865;
Torque 8.55777e-06;3.01876;-2.12746;-0.0376039;-0.303938;-0.0408779;
MotorD 180;0;0.00570518;
 256.36;-0.00544978;1509.38;
 200.451;0;-1063.73;
 180.01;0;-37.1397;
 123.027;0;-89.8595;
 235.973;0;135.279;
 
829
LOKI:
Q 0;1.33273;1.92773;-0.000135222;-0.985647;0.00581705;
Torque 5.5335e-05;3.01876;-2.12759;0.0370012;-0.302435;-0.0399697;
MotorD 180;0;0.03689;
 256.36;-0.00544894;1509.38;
 200.451;0;-1063.79;
 179.99;0;36.5444;
 123.027;0;-89.8077;
 235.973;0;134.219;
 
829
THOR:
Q 7.98948e-07;1.34324;2.28293;0.000135222;-0.647647;0.000539379;
Torque -0.000160928;2.57842;-1.6793;-0.037013;0.423754;-0.16471;
MotorD 180;0;-0.107285;
 256.962;0.00279253;1289.21;
 220.802;0;-839.652;
 180.01;0;-36.556;
 142.846;0;248.452;
 217.061;0;-65.4402;
 
870
FRIGG:
Q 2.66316e-07;1.33273;1.92774;-0.000135821;-0.985652;0.00581697;
Torque -6.93712e-05;3.02029;-2.12873;0.0371741;-0.299064;-0.0395297;
MotorD 180;0;-0.0462474;
 256.36;-0.00535935;1510.15;
 200.451;0;-1064.36;
 179.99;0;36.7152;
 123.026;0;-88.8034;
 235.974;0;132.725;
 
870
ODIN:
Q 0;1.33273;1.92774;0.00013642;-0.985651;0.00581865;
Torque 8.48586e-06;3.02007;-2.12851;-0.0373145;-0.299706;-0.0403063;
MotorD 180;0;0.00565724;
 256.36;-0.00537339;1510.04;
 200.451;0;-1064.25;
 180.01;0;-36.8538;
 123.026;0;-88.6099;
 235.974;0;133.395;
 
870
LOKI:
Q 0;1.33273;1.92774;-0.000134024;-0.985653;0.00581697;
Torque 5.55733e-05;3.02004;-2.12863;0.0367163;-0.298246;-0.0394186;
MotorD 180;0;0.0370489;
 256.36;-0.00537292;1510.02;
 200.451;0;-1064.32;
 179.99;0;36.263;
 123.026;0;-88.5624;
 235.974;0;132.361;
 
870
THOR:
Q 7.98948e-07;1.34324;2.28293;0.000135222;-0.647647;0.000539379;
Torque -0.000160928;2.57842;-1.6793;-0.037013;0.423754;-0.16471;
MotorD 180;0;-0.107285;
 256.962;0.00279253;1289.21;
 220.802;0;-839.652;
 180.01;0;-36.556;
 142.846;0;248.452;
 217.061;0;-65.4402;
 
904
FRIGG:
Q 2.66316e-07;1.33273;1.92774;-0.000135821;-0.985652;0.00581697;
Torque -6.93712e-05;3.02029;-2.12873;0.0371741;-0.299064;-0.0395297;
MotorD 180;0;-0.0462474;
 256.36;-0.00535935;1510.15;
 200.451;0;-1064.36;
 179.99;0;36.7152;
 123.026;0;-88.8034;
 235.974;0;132.725;
 
904
ODIN:
Q 0;1.33273;1.92774;0.00013642;-0.985651;0.00581865;
Torque 8.48586e-06;3.02007;-2.12851;-0.0373145;-0.299706;-0.0403063;
MotorD 180;0;0.00565724;
 256.36;-0.00537339;1510.04;
 200.451;0;-1064.25;
 180.01;0;-36.8538;
 123.026;0;-88.6099;
 235.974;0;133.395;
 
904
LOKI:
Q 0;1.33273;1.92774;-0.000134024;-0.985653;0.00581697;
Torque 5.55733e-05;3.02004;-2.12863;0.0367163;-0.298246;-0.0394186;
MotorD 180;0;0.0370489;
 256.36;-0.00537292;1510.02;
 200.451;0;-1064.32;
 179.99;0;36.263;
 123.026;0;-88.5624;
 235.974;0;132.361;
 
904
THOR:
Q 7.98948e-07;1.34324;2.28293;0.000134223;-0.647636;0.000528105;
Torque -0.000157969;2.57776;-1.6782;-0.0367288;0.418072;-0.160815;
MotorD 180;0;-0.105313;
 256.962;0.00275273;1288.88;
 220.802;0;-839.099;
 180.01;0;-36.2754;
 142.848;0;244.183;
 217.061;0;-65.5001;
 
933
FRIGG:
Q 2.66316e-07;1.33272;1.92774;-0.000134823;-0.985658;0.00581697;
Torque -6.94514e-05;3.02154;-2.12974;0.036888;-0.294954;-0.038989;
MotorD 180;0;-0.046301;
 256.359;-0.00528347;1510.77;
 200.451;0;-1064.87;
 179.99;0;36.4326;
 123.026;0;-87.5817;
 235.974;0;130.903;
 
933
ODIN:
Q 0;1.33272;1.92774;0.000135422;-0.985657;0.00581865;
Torque 8.42505e-06;3.02132;-2.12952;-0.0370273;-0.295553;-0.0397453;
MotorD 180;0;0.0056167;
 256.359;-0.00529788;1510.66;
 200.451;0;-1064.76;
 180.01;0;-36.5701;
 123.026;0;-87.3834;
 235.974;0;131.545;
 
933
LOKI:
Q 0;1.33272;1.92774;-0.000133025;-0.985659;0.00581705;
Torque 5.58116e-05;3.02132;-2.12965;0.0364337;-0.2941;-0.038873;
MotorD 180;0;0.0372077;
 256.359;-0.00529735;1510.66;
 200.451;0;-1064.82;
 179.99;0;35.9839;
 123.026;0;-87.3297;
 235.974;0;130.522;
 
933
THOR:
Q 7.98948e-07;1.34324;2.28292;0.000133225;-0.647625;0.000517008;
Torque -0.000154888;2.5771;-1.67722;-0.0364467;0.412473;-0.157002;
MotorD 180;0;-0.103259;
 256.962;0.00271384;1288.55;
 220.802;0;-838.608;
 180.01;0;-35.9967;
 142.849;0;239.991;
 217.062;0;-65.5445;
 
974
FRIGG:
Q 2.66316e-07;1.33272;1.92775;-0.000133624;-0.985664;0.00581705;
Torque -6.95457e-05;3.02279;-2.13072;0.0366041;-0.290882;-0.0384532;
MotorD 180;0;-0.0463638;
 256.359;-0.00521027;1511.39;
 200.452;0;-1065.36;
 179.99;0;36.1522;
 123.026;0;-86.3713;
 235.974;0;129.097;
 
974
ODIN:
Q 0;1.33272;1.92774;0.000134423;-0.985664;0.00581861;
Torque 8.35117e-06;3.02257;-2.13054;-0.0367422;-0.291477;-0.0391948;
MotorD 180;0;0.00556745;
 256.359;-0.00522421;1511.29;
 200.452;0;-1065.27;
 180.01;0;-36.2886;
 123.026;0;-86.1797;
 235.974;0;129.73;
 
974
LOKI:
Q 0;1.33272;1.92775;-0.000132026;-0.985666;0.00581701;
Torque 5.60468e-05;3.02257;-2.13063;0.0361532;-0.290028;-0.0383371;
MotorD 180;0;0.0373645;
 256.359;-0.00522346;1511.28;
 200.452;0;-1065.31;
 179.99;0;35.7069;
 123.026;0;-86.1192;
 235.975;0;128.716;
 
974
THOR:
Q 7.98948e-07;1.34325;2.28292;0.000132226;-0.647614;0.000506001;
Torque -0.000151855;2.57645;-1.67617;-0.0361666;0.40696;-0.153271;
MotorD 180;0;-0.101237;
 256.962;0.00267572;1288.22;
 220.802;0;-838.085;
 180.01;0;-35.7201;
 142.851;0;235.876;
 217.062;0;-65.5751;
 
1012
FRIGG:
Q 2.66316e-07;1.33271;1.92775;-0.000132625;-0.985671;0.00581705;
Torque -6.96391e-05;3.02401;-2.13167;0.0363223;-0.286849;-0.0379222;
MotorD 180;0;-0.0464261;
 256.359;-0.00513922;1512;
 200.452;0;-1065.84;
 179.99;0;35.8739;
 123.025;0;-85.1724;
 235.975;0;127.308;
 
1012
ODIN:
Q 0;1.33271;1.92775;0.000133225;-0.98567;0.00581865;
Torque 8.28575e-06;3.02382;-2.13149;-0.0364594;-0.287439;-0.0386494;
MotorD 180;0;0.00552383;
 256.359;-0.00515216;1511.91;
 200.452;0;-1065.74;
 180.01;0;-36.0093;
 123.025;0;-84.987;
 235.975;0;127.931;
 
1012
LOKI:
Q 0;1.33271;1.92775;-0.000131028;-0.985672;0.00581705;
Torque 5.62796e-05;3.02379;-2.13161;0.0358748;-0.286032;-0.0378112;
MotorD 180;0;0.0375197;
 256.359;-0.00515131;1511.89;
 200.452;0;-1065.81;
 179.99;0;35.4319;
 123.025;0;-84.9314;
 235.975;0;126.944;
 
1012
THOR:
Q 7.98948e-07;1.34325;2.28292;0.000132226;-0.647614;0.000506001;
Torque -0.000151855;2.57645;-1.67617;-0.0361666;0.40696;-0.153271;
MotorD 180;0;-0.101237;
 256.962;0.00267572;1288.22;
 220.802;0;-838.085;
 180.01;0;-35.7201;
 142.851;0;235.876;
 217.062;0;-65.5751;
 
1050
FRIGG:
Q 2.66316e-07;1.33271;1.92775;-0.000132426;-0.985672;0.0058171;
Torque -6.96564e-05;3.02434;-2.13192;0.0362426;-0.285701;-0.037771;
MotorD 180;0;-0.0464376;
 256.359;-0.00512201;1512.17;
 200.452;0;-1065.96;
 179.99;0;35.7951;
 123.025;0;-84.8314;
 235.975;0;126.799;
 
1050
ODIN:
Q 0;1.33271;1.92775;0.000133225;-0.98567;0.00581865;
Torque 8.28575e-06;3.02382;-2.13149;-0.0364594;-0.287439;-0.0386494;
MotorD 180;0;0.00552383;
 256.359;-0.00515216;1511.91;
 200.452;0;-1065.74;
 180.01;0;-36.0093;
 123.025;0;-84.987;
 235.975;0;127.931;
 
1050
LOKI:
Q 0;1.33271;1.92775;-0.000131028;-0.985672;0.00581705;
Torque 5.62796e-05;3.02379;-2.13161;0.0358748;-0.286032;-0.0378112;
MotorD 180;0;0.0375197;
 256.359;-0.00515131;1511.89;
 200.452;0;-1065.81;
 179.99;0;35.4319;
 123.025;0;-84.9314;
 235.975;0;126.944;
 
1050
THOR:
Q 5.32632e-07;1.34325;2.28291;0.000131227;-0.647604;0.000495437;
Torque -0.000149183;2.57582;-1.67519;-0.035889;0.401499;-0.149633;
MotorD 180;0;-0.0994554;
 256.962;0.00263834;1287.91;
 220.801;0;-837.594;
 180.01;0;-35.4459;
 142.852;0;231.833;
 217.062;0;-65.5736;
 
1092
FRIGG:
Q 2.66316e-07;1.33271;1.92775;-0.000131627;-0.985677;0.00581705;
Torque -6.96865e-05;3.02522;-2.13263;0.0360428;-0.282894;-0.0374017;
MotorD 180;0;-0.0464577;
 256.359;-0.00506677;1512.61;
 200.452;0;-1066.31;
 179.99;0;35.5978;
 123.025;0;-83.997;
 235.975;0;125.554;
 
1092
ODIN:
Q 0;1.33271;1.92775;0.000132226;-0.985676;0.00581861;
Torque 8.24397e-06;3.02504;-2.13244;-0.0361787;-0.283478;-0.0381146;
MotorD 180;0;0.00549598;
 256.359;-0.00508066;1512.52;
 200.452;0;-1066.22;
 180.01;0;-35.732;
 123.025;0;-83.817;
 235.975;0;126.167;
 
1092
LOKI:
Q 0;1.33271;1.92775;-0.000130029;-0.985678;0.00581705;
Torque 5.65191e-05;3.02501;-2.13253;0.0355986;-0.282076;-0.0372906;
MotorD 180;0;0.0376794;
 256.359;-0.005081;1512.5;
 200.452;0;-1066.27;
 179.99;0;35.1591;
 123.025;0;-83.7555;
 235.975;0;125.19;
 
1092
THOR:
Q 5.32632e-07;1.34325;2.28291;0.000130229;-0.647593;0.00048505;
Torque -0.000146335;2.5752;-1.67427;-0.0356133;0.396083;-0.146077;
MotorD 180;0;-0.0975565;
 256.963;0.00260064;1287.6;
 220.801;0;-837.134;
 180.01;0;-35.1736;
 142.854;0;227.852;
 217.063;0;-65.5433;
 
1134
FRIGG:
Q 2.66316e-07;1.3327;1.92776;-0.000130628;-0.985683;0.00581701;
Torque -6.97543e-05;3.02644;-2.13358;0.0357653;-0.278976;-0.0368859;
MotorD 180;0;-0.0465029;
 256.358;-0.00499649;1513.22;
 200.452;0;-1066.79;
 179.99;0;35.3238;
 123.025;0;-82.8322;
 235.976;0;123.816;
 
1134
ODIN:
Q 0;1.3327;1.92776;0.000131227;-0.985682;0.00581865;
Torque 8.17655e-06;3.02622;-2.13339;-0.0359001;-0.279557;-0.0375852;
MotorD 180;0;0.00545103;
 256.358;-0.00501018;1513.11;
 200.452;0;-1066.7;
 180.01;0;-35.4569;
 123.025;0;-82.659;
 235.975;0;124.42;
 
1134
LOKI:
Q 0;1.3327;1.92776;-0.00012903;-0.985684;0.00581705;
Torque 5.67178e-05;3.02622;-2.13349;0.0353247;-0.278202;-0.0367808;
MotorD 180;0;0.0378119;
 256.358;-0.00500952;1513.11;
 200.452;0;-1066.74;
 179.99;0;34.8886;
 123.025;0;-82.604;
 235.976;0;123.471;
 
1134
THOR:
Q 5.32632e-07;1.34325;2.28291;0.00012923;-0.647583;0.000474753;
Torque -0.000143492;2.57458;-1.67328;-0.0353397;0.390757;-0.142602;
MotorD 180;0;-0.0956612;
 256.963;0.00256335;1287.29;
 220.801;0;-836.641;
 180.01;0;-34.9034;
 142.855;0;223.948;
 217.063;0;-65.5017;
 
1173
FRIGG:
Q 2.66316e-07;1.3327;1.92776;-0.000129629;-0.985689;0.00581705;
Torque -6.9837e-05;3.0276;-2.13447;0.0354901;-0.275099;-0.0363755;
MotorD 180;0;-0.046558;
 256.358;-0.00492635;1513.8;
 200.453;0;-1067.23;
 179.99;0;35.0519;
 123.024;0;-81.6799;
 235.976;0;122.097;
 
1173
ODIN:
Q 0;1.3327;1.92776;0.000130229;-0.985688;0.00581856;
Torque 8.10357e-06;3.02741;-2.13428;-0.0356237;-0.275674;-0.0370609;
MotorD 180;0;0.00540238;
 256.358;-0.00494075;1513.71;
 200.452;0;-1067.14;
 180.01;0;-35.1839;
 123.024;0;-81.5122;
 235.976;0;122.691;
 
1173
LOKI:
Q 0;1.3327;1.92776;-0.000128031;-0.98569;0.0058171;
Torque 5.69288e-05;3.02741;-2.13438;0.0350526;-0.274361;-0.0362751;
MotorD 180;0;0.0379525;
 256.358;-0.00494028;1513.71;
 200.452;0;-1067.19;
 179.99;0;34.6199;
 123.024;0;-81.4622;
 235.976;0;121.768;
 
1173
THOR:
Q 5.32632e-07;1.34326;2.2829;0.000128231;-0.647573;0.00046481;
Torque -0.000140598;2.57398;-1.67236;-0.0350681;0.385477;-0.139202;
MotorD 180;0;-0.0937319;
 256.963;0.00252731;1286.99;
 220.801;0;-836.181;
 180.01;0;-34.6352;
 142.857;0;220.104;
 217.063;0;-65.4348;
 
1208
FRIGG:
Q 2.66316e-07;1.33269;1.92776;-0.000128631;-0.985695;0.00581705;
Torque -6.9904e-05;3.02878;-2.13536;0.0352168;-0.271296;-0.0358748;
MotorD 180;0;-0.0466026;
 256.358;-0.0048587;1514.39;
 200.453;0;-1067.68;
 179.99;0;34.782;
 123.024;0;-80.5498;
 235.976;0;120.411;
 
1208
ODIN:
Q 0;1.3327;1.92776;0.00012923;-0.985694;0.00581856;
Torque 8.05474e-06;3.02857;-2.13517;-0.0353496;-0.27187;-0.0365474;
MotorD 180;0;0.00536983;
 256.358;-0.00487199;1514.28;
 200.453;0;-1067.59;
 180.01;0;-34.9132;
 123.024;0;-80.3885;
 235.976;0;120.997;
 
1208
LOKI:
Q 0;1.3327;1.92776;-0.000127033;-0.985696;0.0058171;
Torque 5.71209e-05;3.02857;-2.1353;0.0347827;-0.270558;-0.0357746;
MotorD 180;0;0.0380806;
 256.358;-0.00487217;1514.28;
 200.453;0;-1067.65;
 179.99;0;34.3533;
 123.024;0;-80.3319;
 235.976;0;120.081;
 
1208
THOR:
Q 5.32632e-07;1.34326;2.2829;0.000127233;-0.647563;0.000454957;
Torque -0.000137917;2.57339;-1.6715;-0.0347987;0.380292;-0.135883;
MotorD 180;0;-0.091945;
 256.963;0.00249123;1286.7;
 220.801;0;-835.752;
 180.01;0;-34.3691;
 142.858;0;216.34;
 217.064;0;-65.3583;
 
1253
FRIGG:
Q 2.66316e-07;1.33269;1.92777;-0.000127632;-0.9857;0.00581714;
Torque -6.9977e-05;3.02992;-2.13626;0.0349417;-0.267514;-0.0353768;
MotorD 180;0;-0.0466513;
 256.358;-0.00479033;1514.96;
 200.453;0;-1068.13;
 179.99;0;34.5103;
 123.024;0;-79.4255;
 235.977;0;118.733;
 
1253
ODIN:
Q 0;1.33269;1.92777;0.000128231;-0.9857;0.00581852;
Torque 7.97378e-06;3.02973;-2.13608;-0.0350732;-0.268098;-0.0360381;
MotorD 180;0;0.00531585;
 256.358;-0.00480409;1514.87;
 200.453;0;-1068.04;
 180.01;0;-34.6402;
 123.024;0;-79.2745;
 235.976;0;119.317;
 
1253
LOKI:
Q 0;1.33269;1.92777;-0.000126034;-0.985701;0.00581714;
Torque 5.73036e-05;3.02972;-2.13616;0.034515;-0.266838;-0.0352847;
MotorD 180;0;0.0382024;
 256.358;-0.00480268;1514.86;
 200.453;0;-1068.08;
 179.99;0;34.0889;
 123.024;0;-79.2264;
 235.977;0;118.432;
 
1253
THOR:
Q 5.32632e-07;1.34326;2.2829;0.000127233;-0.647563;0.000454957;
Torque -0.000137917;2.57339;-1.6715;-0.0347987;0.380292;-0.135883;
MotorD 180;0;-0.091945;
 256.963;0.00249123;1286.7;
 220.801;0;-835.752;
 180.01;0;-34.3691;
 142.858;0;216.34;
 217.064;0;-65.3583;
 
1283
FRIGG:
Q 2.66316e-07;1.33269;1.92777;-0.000127632;-0.9857;0.00581714;
Torque -6.99719e-05;3.02991;-2.13625;0.0349458;-0.267576;-0.035385;
MotorD 180;0;-0.0466479;
 256.358;-0.00479033;1514.95;
 200.453;0;-1068.13;
 179.99;0;34.5144;
 123.024;0;-79.4439;
 235.977;0;118.761;
 
1283
ODIN:
Q 0;1.33269;1.92777;0.000128231;-0.9857;0.00581852;
Torque 7.98053e-06;3.02972;-2.13607;-0.0350774;-0.268145;-0.0360444;
MotorD 180;0;0.00532035;
 256.358;-0.00480409;1514.86;
 200.453;0;-1068.03;
 180.01;0;-34.6444;
 123.024;0;-79.2883;
 235.976;0;119.338;
 
1283
LOKI:
Q 0;1.33269;1.92777;-0.000126034;-0.985701;0.00581714;
Torque 5.73036e-05;3.02972;-2.13616;0.034515;-0.266838;-0.0352847;
MotorD 180;0;0.0382024;
 256.358;-0.00480268;1514.86;
 200.453;0;-1068.08;
 179.99;0;34.0889;
 123.024;0;-79.2264;
 235.977;0;118.432;
 
1283
THOR:
Q 5.32632e-07;1.34326;2.2829;0.000126234;-0.647553;0.000445369;
Torque -0.000135153;2.5728;-1.67058;-0.0345313;0.375155;-0.132638;
MotorD 180;0;-0.0901022;
 256.963;0.0024558;1286.4;
 220.8;0;-835.29;
 180.01;0;-34.105;
 142.86;0;212.634;
 217.064;0;-65.2583;
 
1318
FRIGG:
Q 2.66316e-07;1.33269;1.92777;-0.000126633;-0.985706;0.00581714;
Torque -7.00251e-05;3.03106;-2.13708;0.0346767;-0.263889;-0.0348996;
MotorD 180;0;-0.0466834;
 256.357;-0.00472376;1515.53;
 200.453;0;-1068.54;
 179.99;0;34.2486;
 123.023;0;-78.3481;
 235.977;0;117.125;
 
1318
ODIN:
Q 0;1.33269;1.92777;0.000127233;-0.985705;0.00581856;
Torque 7.92083e-06;3.03084;-2.13693;-0.0348074;-0.264418;-0.0355414;
MotorD 180;0;0.00528055;
 256.357;-0.00473743;1515.42;
 200.453;0;-1068.46;
 180.01;0;-34.3777;
 123.023;0;-78.1874;
 235.977;0;117.678;
 
1318
LOKI:
Q 0;1.33269;1.92777;-0.000125035;-0.985707;0.00581714;
Torque 5.74798e-05;3.03084;-2.13702;0.0342494;-0.263155;-0.0347997;
MotorD 180;0;0.0383199;
 256.357;-0.00473656;1515.42;
 200.453;0;-1068.51;
 179.99;0;33.8265;
 123.023;0;-78.1316;
 235.977;0;116.798;
 
1318
THOR:
Q 5.32632e-07;1.34326;2.28289;0.000125235;-0.647544;0.000436048;
Torque -0.000132768;2.57224;-1.66972;-0.0342662;0.370113;-0.129467;
MotorD 180;0;-0.0885121;
 256.963;0.00242153;1286.12;
 220.8;0;-834.86;
 180.01;0;-33.8432;
 142.861;0;209.005;
 217.064;0;-65.153;
 
1353
FRIGG:
Q 2.66316e-07;1.33268;1.92777;-0.000125635;-0.985711;0.00581714;
Torque -7.00474e-05;3.03216;-2.13794;0.0344098;-0.260244;-0.0344194;
MotorD 180;0;-0.0466983;
 256.357;-0.0046594;1516.08;
 200.453;0;-1068.97;
 179.99;0;33.985;
 123.023;0;-77.2647;
 235.977;0;115.508;
 
1353
ODIN:
Q 0;1.33268;1.92777;0.000126234;-0.985711;0.00581856;
Torque 7.89456e-06;3.03197;-2.13775;-0.0345394;-0.260769;-0.035049;
MotorD 180;0;0.00526304;
 256.357;-0.00467208;1515.98;
 200.453;0;-1068.88;
 180.01;0;-34.113;
 123.023;0;-77.1096;
 235.977;0;116.053;
 
1353
LOKI:
Q 0;1.33268;1.92777;-0.000124037;-0.985713;0.0058171;
Torque 5.76872e-05;3.03197;-2.13785;0.0339857;-0.259509;-0.0343198;
MotorD 180;0;0.0384581;
 256.357;-0.00466983;1515.98;
 200.453;0;-1068.92;
 179.991;0;33.5661;
 123.023;0;-77.048;
 235.977;0;115.181;
 
1353
THOR:
Q 5.32632e-07;1.34326;2.28289;0.000124236;-0.647534;0.000426816;
Torque -0.000130187;2.57164;-1.66886;-0.0340029;0.365081;-0.126375;
MotorD 180;0;-0.0867912;
 256.963;0.00238725;1285.82;
 220.8;0;-834.43;
 180.009;0;-33.5831;
 142.862;0;205.423;
 217.064;0;-65.0068;
 
1394
FRIGG:
Q 2.66316e-07;1.33268;1.92778;-0.000124636;-0.985717;0.00581714;
Torque -7.01198e-05;3.03325;-2.13874;0.0341451;-0.25664;-0.0339449;
MotorD 180;0;-0.0467465;
 256.357;-0.00459325;1516.62;
 200.453;0;-1069.37;
 179.99;0;33.7235;
 123.023;0;-76.1936;
 235.977;0;113.91;
 
1395
ODIN:
Q 0;1.33268;1.92778;0.000125235;-0.985716;0.00581847;
Torque 7.83349e-06;3.03309;-2.13858;-0.0342736;-0.257198;-0.0345669;
MotorD 180;0;0.00522233;
 256.357;-0.00460585;1516.55;
 200.453;0;-1069.29;
 180.01;0;-33.8505;
 123.023;0;-76.0547;
 235.977;0;114.462;
 
1395
LOKI:
Q 0;1.33268;1.92778;-0.000123238;-0.985718;0.00581714;
Torque 5.78687e-05;3.03306;-2.13868;0.0337239;-0.255939;-0.0338497;
MotorD 180;0;0.0385791;
 256.357;-0.00460631;1516.53;
 200.453;0;-1069.34;
 179.991;0;33.3076;
 123.023;0;-75.9869;
 235.978;0;113.598;
 
1395
THOR:
Q 5.32632e-07;1.34326;2.28289;0.000124236;-0.647534;0.000426816;
Torque -0.000130187;2.57164;-1.66886;-0.0340029;0.365081;-0.126375;
MotorD 180;0;-0.0867912;
 256.963;0.00238725;1285.82;
 220.8;0;-834.43;
 180.009;0;-33.5831;
 142.862;0;205.423;
 217.064;0;-65.0068;
 
1431
FRIGG:
Q 2.66316e-07;1.33268;1.92778;-0.000124636;-0.985717;0.00581714;
Torque -7.01198e-05;3.03325;-2.13874;0.0341451;-0.25664;-0.0339449;
MotorD 180;0;-0.0467465;
 256.357;-0.00459325;1516.62;
 200.453;0;-1069.37;
 179.99;0;33.7235;
 123.023;0;-76.1936;
 235.977;0;113.91;
 
1431
ODIN:
Q 0;1.33268;1.92778;0.000125235;-0.985716;0.00581847;
Torque 7.83349e-06;3.03309;-2.13858;-0.0342736;-0.257198;-0.0345669;
MotorD 180;0;0.00522233;
 256.357;-0.00460585;1516.55;
 200.453;0;-1069.29;
 180.01;0;-33.8505;
 123.023;0;-76.0547;
 235.977;0;114.462;
 
1431
LOKI:
Q 0;1.33268;1.92778;-0.000123238;-0.985718;0.00581714;
Torque 5.78687e-05;3.03306;-2.13868;0.0337239;-0.255939;-0.0338497;
MotorD 180;0;0.0385791;
 256.357;-0.00460631;1516.53;
 200.453;0;-1069.34;
 179.991;0;33.3076;
 123.023;0;-75.9869;
 235.978;0;113.598;
 
1431
THOR:
Q 5.32632e-07;1.34327;2.28289;0.000123438;-0.647525;0.00041785;
Torque -0.000127563;2.57108;-1.66806;-0.0337416;0.360139;-0.123347;
MotorD 180;0;-0.085042;
 256.964;0.0023538;1285.54;
 220.8;0;-834.031;
 180.009;0;-33.325;
 142.864;0;201.911;
 217.065;0;-64.8584;
 
1470
FRIGG:
Q 2.66316e-07;1.33267;1.92778;-0.000123837;-0.985722;0.00581719;
Torque -7.01796e-05;3.03434;-2.13954;0.0338823;-0.253111;-0.0334799;
MotorD 180;0;-0.0467864;
 256.357;-0.00452902;1517.17;
 200.454;0;-1069.77;
 179.991;0;33.464;
 123.022;0;-75.145;
 235.978;0;112.345;
 
1470
ODIN:
Q 0;1.33267;1.92778;0.000124436;-0.985722;0.00581847;
Torque 7.77821e-06;3.03415;-2.13938;-0.0340098;-0.253627;-0.034085;
MotorD 180;0;0.00518547;
 256.357;-0.00454194;1517.08;
 200.454;0;-1069.69;
 180.01;0;-33.5899;
 123.022;0;-74.9998;
 235.978;0;112.872;
 
1470
LOKI:
Q 0;1.33267;1.92778;-0.000122239;-0.985723;0.00581719;
Torque 5.80269e-05;3.03415;-2.13948;0.0334643;-0.25241;-0.0333849;
MotorD 180;0;0.0386846;
 256.357;-0.00454158;1517.08;
 200.454;0;-1069.74;
 179.991;0;33.0511;
 123.022;0;-74.9381;
 235.978;0;112.032;
 
1470
THOR:
Q 5.32632e-07;1.34327;2.28288;0.000122439;-0.647516;0.000409062;
Torque -0.000125141;2.57052;-1.66726;-0.0334825;0.355254;-0.120394;
MotorD 180;0;-0.0834276;
 256.964;0.00232005;1285.26;
 220.8;0;-833.632;
 180.009;0;-33.0691;
 142.865;0;198.461;
 217.065;0;-64.6902;
 
1491
FRIGG:
Q 2.66316e-07;1.33267;1.92778;-0.000122838;-0.985728;0.00581723;
Torque -7.01981e-05;3.0354;-2.14034;0.0336214;-0.249619;-0.03302;
MotorD 180;0;-0.0467987;
 256.356;-0.00446613;1517.7;
 200.454;0;-1070.17;
 179.991;0;33.2063;
 123.022;0;-74.107;
 235.978;0;110.796;
 
1491
ODIN:
Q 0;1.33267;1.92778;0.000123438;-0.985727;0.00581847;
Torque 7.72475e-06;3.03525;-2.14018;-0.0337479;-0.250132;-0.0336134;
MotorD 180;0;0.00514983;
 256.356;-0.00447945;1517.62;
 200.454;0;-1070.09;
 180.009;0;-33.3313;
 123.022;0;-73.9673;
 235.978;0;111.316;
 
1492
LOKI:
Q 0;1.33267;1.92778;-0.00012124;-0.985729;0.00581723;
Torque 5.81791e-05;3.03521;-2.14024;0.0332067;-0.248921;-0.0329252;
MotorD 180;0;0.0387861;
 256.356;-0.00447815;1517.61;
 200.454;0;-1070.12;
 179.991;0;32.7968;
 123.022;0;-73.9013;
 235.978;0;110.485;
 
1492
THOR:
Q 5.32632e-07;1.34327;2.28288;0.00012144;-0.647507;0.000400451;
Torque -0.000122492;2.56999;-1.66646;-0.033225;0.350456;-0.117495;
MotorD 180;0;-0.0816611;
 256.964;0.00228793;1284.99;
 220.799;0;-833.232;
 180.009;0;-32.8148;
 142.866;0;195.074;
 217.065;0;-64.5234;
 
1526
FRIGG:
Q 2.66316e-07;1.33267;1.92779;-0.00012184;-0.985733;0.00581719;
Torque -7.02502e-05;3.03646;-2.1411;0.0333626;-0.246207;-0.0325704;
MotorD 180;0;-0.0468335;
 256.356;-0.00440525;1518.23;
 200.454;0;-1070.55;
 179.991;0;32.9507;
 123.022;0;-73.0932;
 235.978;0;109.283;
 
1526
ODIN:
Q 0;1.33267;1.92779;0.000122439;-0.985733;0.00581847;
Torque 7.67938e-06;3.03628;-2.14095;-0.0334882;-0.24668;-0.0331476;
MotorD 180;0;0.00511958;
 256.356;-0.00441615;1518.14;
 200.454;0;-1070.47;
 180.009;0;-33.0748;
 123.022;0;-72.9475;
 235.978;0;109.778;
 
1526
LOKI:
Q 0;1.33267;1.92779;-0.000120441;-0.985734;0.00581723;
Torque 5.83251e-05;3.03628;-2.14101;0.0329511;-0.24551;-0.0324759;
MotorD 180;0;0.0388834;
 256.356;-0.00441567;1518.14;
 200.454;0;-1070.51;
 179.991;0;32.5443;
 123.022;0;-72.8873;
 235.978;0;108.972;
 
1526
THOR:
Q 5.32632e-07;1.34327;2.28288;0.00012144;-0.647507;0.000400451;
Torque -0.000122492;2.56999;-1.66646;-0.033225;0.350456;-0.117495;
MotorD 180;0;-0.0816611;
 256.964;0.00228793;1284.99;
 220.799;0;-833.232;
 180.009;0;-32.8148;
 142.866;0;195.074;
 217.065;0;-64.5234;
 
1564
FRIGG:
Q 2.66316e-07;1.33267;1.92779;-0.00012184;-0.985733;0.00581719;
Torque -7.02502e-05;3.03646;-2.1411;0.0333626;-0.246207;-0.0325704;
MotorD 180;0;-0.0468335;
 256.356;-0.00440525;1518.23;
 200.454;0;-1070.55;
 179.991;0;32.9507;
 123.022;0;-73.0932;
 235.978;0;109.283;
 
1564
ODIN:
Q 0;1.33267;1.92779;0.000122439;-0.985733;0.00581847;
Torque 7.67938e-06;3.03628;-2.14095;-0.0334882;-0.24668;-0.0331476;
MotorD 180;0;0.00511958;
 256.356;-0.00441615;1518.14;
 200.454;0;-1070.47;
 180.009;0;-33.0748;
 123.022;0;-72.9475;
 235.978;0;109.778;
 
1564
LOKI:
Q 0;1.33267;1.92779;-0.000120441;-0.985734;0.00581723;
Torque 5.83251e-05;3.03628;-2.14101;0.0329511;-0.24551;-0.0324759;
MotorD 180;0;0.0388834;
 256.356;-0.00441567;1518.14;
 200.454;0;-1070.51;
 179.991;0;32.5443;
 123.022;0;-72.8873;
 235.978;0;108.972;
 
1564
THOR:
Q 5.32632e-07;1.34327;2.28288;0.000120441;-0.647498;0.000392017;
Torque -0.000120219;2.56946;-1.66567;-0.0329698;0.345679;-0.114677;
MotorD 180;0;-0.0801457;
 256.964;0.00225577;1284.73;
 220.799;0;-832.833;
 180.009;0;-32.5628;
 142.867;0;191.738;
 217.065;0;-64.3197;
 
1602
FRIGG:
Q 2.66316e-07;1.33266;1.92779;-0.000120841;-0.985738;0.00581714;
Torque -7.0282e-05;3.03749;-2.14184;0.0331058;-0.242794;-0.0321207;
MotorD 180;0;-0.0468547;
 256.356;-0.00434374;1518.75;
 200.454;0;-1070.92;
 179.991;0;32.6971;
 123.021;0;-72.0789;
 235.979;0;107.768;
 
1602
ODIN:
Q 0;1.33266;1.92779;0.00012144;-0.985738;0.00581847;
Torque 7.62537e-06;3.03734;-2.14169;-0.0332304;-0.243302;-0.0326919;
MotorD 180;0;0.00508358;
 256.356;-0.00435523;1518.67;
 200.454;0;-1070.84;
 180.009;0;-32.8201;
 123.021;0;-71.9497;
 235.979;0;108.274;
 
1602
LOKI:
Q 0;1.33266;1.92779;-0.000119443;-0.985739;0.00581723;
Torque 5.84926e-05;3.03731;-2.14178;0.0326974;-0.242137;-0.0320315;
MotorD 180;0;0.0389951;
 256.356;-0.00435465;1518.65;
 200.454;0;-1070.89;
 179.991;0;32.2938;
 123.021;0;-71.885;
 235.979;0;107.476;
 
1602
THOR:
Q 5.32632e-07;1.34328;2.28287;0.000119643;-0.647489;0.000383762;
Torque -0.000117871;2.56893;-1.66493;-0.0327165;0.340996;-0.111918;
MotorD 180;0;-0.0785803;
 256.964;0.0022229;1284.46;
 220.799;0;-832.465;
 180.009;0;-32.3126;
 142.869;0;188.471;
 217.065;0;-64.1178;
 
1637
FRIGG:
Q 2.66316e-07;1.33266;1.92779;-0.000120042;-0.985743;0.00581719;
Torque -7.03286e-05;3.03852;-2.14258;0.0328511;-0.239461;-0.0316817;
MotorD 180;0;-0.0468857;
 256.356;-0.00428272;1519.26;
 200.454;0;-1071.29;
 179.991;0;32.4455;
 123.021;0;-71.0885;
 235.979;0;106.29;
 
1637
ODIN:
Q 0;1.33266;1.92779;0.000120641;-0.985743;0.00581843;
Torque 7.57638e-06;3.03837;-2.14242;-0.0329747;-0.239965;-0.0322419;
MotorD 180;0;0.00505092;
 256.356;-0.00429365;1519.18;
 200.454;0;-1071.21;
 180.009;0;-32.5676;
 123.021;0;-70.9639;
 235.979;0;106.788;
 
1637
LOKI:
Q 0;1.33266;1.92779;-0.000118444;-0.985744;0.00581723;
Torque 5.86402e-05;3.03834;-2.14252;0.0324457;-0.238801;-0.0315922;
MotorD 180;0;0.0390934;
 256.356;-0.00429327;1519.17;
 200.454;0;-1071.26;
 179.991;0;32.0451;
 123.021;0;-70.8938;
 235.979;0;105.996;
 
1637
THOR:
Q 5.32632e-07;1.34328;2.28287;0.000118644;-0.64748;0.000375772;
Torque -0.000115562;2.5684;-1.66419;-0.0324652;0.336365;-0.109222;
MotorD 180;0;-0.0770412;
 256.964;0.00219192;1284.2;
 220.799;0;-832.097;
 180.009;0;-32.0644;
 142.87;0;185.258;
 217.066;0;-63.9012;
 
1680
FRIGG:
Q 2.66316e-07;1.33265;1.92779;-0.000119043;-0.985749;0.00581723;
Torque -7.03422e-05;3.03956;-2.14332;0.0325981;-0.236162;-0.0312469;
MotorD 180;0;-0.0468948;
 256.355;-0.00422404;1519.78;
 200.454;0;-1071.66;
 179.991;0;32.1957;
 123.021;0;-70.108;
 235.979;0;104.827;
 
1680
ODIN:
Q 0;1.33265;1.92779;0.000119643;-0.985748;0.00581839;
Torque 7.52623e-06;3.03937;-2.14316;-0.0327208;-0.236665;-0.0317967;
MotorD 180;0;0.00501749;
 256.355;-0.004235;1519.68;
 200.454;0;-1071.58;
 180.009;0;-32.3168;
 123.021;0;-69.9889;
 235.979;0;105.319;
 
1680
LOKI:
Q 0;1.33265;1.92779;-0.000117645;-0.985749;0.00581728;
Torque 5.87932e-05;3.03937;-2.14322;0.0321959;-0.235504;-0.0311577;
MotorD 180;0;0.0391955;
 256.355;-0.0042338;1519.68;
 200.454;0;-1071.61;
 179.991;0;31.7984;
 123.021;0;-69.914;
 235.979;0;104.534;
 
1680
THOR:
Q 5.32632e-07;1.34328;2.28287;0.000117845;-0.647472;0.000367783;
Torque -0.00011275;2.56787;-1.66346;-0.0322152;0.331784;-0.106577;
MotorD 180;0;-0.0751667;
 256.964;0.00216163;1283.93;
 220.799;0;-831.728;
 180.009;0;-31.8175;
 142.871;0;182.092;
 217.066;0;-63.6735;
 
1719
FRIGG:
Q 2.66316e-07;1.33265;1.9278;-0.000118045;-0.985753;0.00581723;
Torque -7.04021e-05;3.04056;-2.14399;0.0323469;-0.232939;-0.0308222;
MotorD 180;0;-0.0469347;
 256.355;-0.00416772;1520.28;
 200.455;0;-1072;
 179.991;0;31.9476;
 123.021;0;-69.1502;
 235.98;0;103.397;
 
1719
ODIN:
Q 0;1.33265;1.9278;0.000118644;-0.985753;0.00581839;
Torque 7.35835e-06;3.04037;-2.14387;-0.0324685;-0.233394;-0.0313555;
MotorD 180;0;0.00490557;
 256.355;-0.00417886;1520.18;
 200.455;0;-1071.93;
 180.009;0;-32.0676;
 123.02;0;-69.0225;
 235.979;0;103.862;
 
1719
LOKI:
Q 0;1.33265;1.9278;-0.000116646;-0.985754;0.00581723;
Torque 5.89703e-05;3.04037;-2.14393;0.0319475;-0.232276;-0.0307325;
MotorD 180;0;0.0393136;
 256.355;-0.00417943;1520.18;
 200.455;0;-1071.97;
 179.991;0;31.5531;
 123.02;0;-68.9546;
 235.98;0;103.102;
 
1719
THOR:
Q 5.32632e-07;1.34328;2.28287;0.000116846;-0.647463;0.000360059;
Torque -0.000111169;2.56737;-1.66272;-0.0319681;0.327237;-0.104019;
MotorD 180;0;-0.0741125;
 256.964;0.00213087;1283.68;
 220.799;0;-831.359;
 180.009;0;-31.5735;
 142.872;0;178.987;
 217.066;0;-63.4106;
 
1759
FRIGG:
Q 2.66316e-07;1.33265;1.9278;-0.000117246;-0.985758;0.00581723;
Torque -7.03896e-05;3.04152;-2.1447;0.0320982;-0.229724;-0.0303985;
MotorD 180;0;-0.0469264;
 256.355;-0.00410734;1520.76;
 200.455;0;-1072.35;
 179.991;0;31.7019;
 123.02;0;-68.1949;
 235.98;0;101.971;
 
1759
ODIN:
Q 0;1.33265;1.9278;0.000117845;-0.985758;0.00581847;
Torque 7.44747e-06;3.04137;-2.14454;-0.0322189;-0.23018;-0.0309221;
MotorD 180;0;0.00496498;
 256.355;-0.00411913;1520.68;
 200.455;0;-1072.27;
 180.009;0;-31.8211;
 123.02;0;-68.073;
 235.98;0;102.431;
 
1759
LOKI:
Q 0;1.33265;1.9278;-0.000115848;-0.985759;0.00581732;
Torque 5.90715e-05;3.04133;-2.14464;0.031702;-0.229066;-0.0303094;
MotorD 180;0;0.039381;
 256.355;-0.00411718;1520.67;
 200.455;0;-1072.32;
 179.991;0;31.3106;
 123.02;0;-68.0008;
 235.98;0;101.678;
 
1759
THOR:
Q 5.32632e-07;1.34328;2.28287;0.000116846;-0.647463;0.000360059;
Torque -0.000111169;2.56737;-1.66272;-0.0319681;0.327237;-0.104019;
MotorD 180;0;-0.0741125;
 256.964;0.00213087;1283.68;
 220.799;0;-831.359;
 180.009;0;-31.5735;
 142.872;0;178.987;
 217.066;0;-63.4106;
 
1792
FRIGG:
Q 2.66316e-07;1.33265;1.9278;-0.000117246;-0.985758;0.00581723;
Torque -7.03896e-05;3.04152;-2.1447;0.0320982;-0.229724;-0.0303985;
MotorD 180;0;-0.0469264;
 256.355;-0.00410734;1520.76;
 200.455;0;-1072.35;
 179.991;0;31.7019;
 123.02;0;-68.1949;
 235.98;0;101.971;
 
1792
ODIN:
Q 0;1.33265;1.9278;0.000117845;-0.985758;0.00581847;
Torque 7.44747e-06;3.04137;-2.14454;-0.0322189;-0.23018;-0.0309221;
MotorD 180;0;0.00496498;
 256.355;-0.00411913;1520.68;
 200.455;0;-1072.27;
 180.009;0;-31.8211;
 123.02;0;-68.073;
 235.98;0;102.431;
 
1792
LOKI:
Q 0;1.33265;1.9278;-0.000115848;-0.985759;0.00581732;
Torque 5.90715e-05;3.04133;-2.14464;0.031702;-0.229066;-0.0303094;
MotorD 180;0;0.039381;
 256.355;-0.00411718;1520.67;
 200.455;0;-1072.32;
 179.991;0;31.3106;
 123.02;0;-68.0008;
 235.98;0;101.678;
 
1792
THOR:
Q 5.32632e-07;1.34328;2.28286;0.000116047;-0.647455;0.000352425;
Torque -0.000108902;2.56687;-1.66204;-0.0317225;0.322776;-0.101505;
MotorD 180;0;-0.0726014;
 256.964;0.00210078;1283.43;
 220.798;0;-831.021;
 180.009;0;-31.3308;
 142.873;0;175.938;
 217.066;0;-63.1552;
 
1829
FRIGG:
Q 2.66316e-07;1.33264;1.9278;-0.000116247;-0.985763;0.00581732;
Torque -7.04322e-05;3.04249;-2.14537;0.0318512;-0.226585;-0.0299847;
MotorD 180;0;-0.0469548;
 256.355;-0.00404973;1521.24;
 200.455;0;-1072.69;
 179.991;0;31.4579;
 123.02;0;-67.2623;
 235.98;0;100.579;
 
1829
ODIN:
Q 0;1.33264;1.9278;0.000116846;-0.985763;0.00581834;
Torque 7.385e-06;3.04234;-2.14522;-0.0319709;-0.227038;-0.0304982;
MotorD 180;0;0.00492333;
 256.355;-0.00406154;1521.17;
 200.455;0;-1072.61;
 180.009;0;-31.5762;
 123.02;0;-67.1448;
 235.98;0;101.032;
 
1829
LOKI:
Q 0;1.33264;1.9278;-0.000114849;-0.985764;0.00581732;
Torque 5.9213e-05;3.0423;-2.14531;0.0314579;-0.225925;-0.0298954;
MotorD 180;0;0.0394754;
 256.355;-0.00406014;1521.15;
 200.455;0;-1072.66;
 179.991;0;31.0695;
 123.02;0;-67.0673;
 235.98;0;100.284;
 
1829
THOR:
Q 5.32632e-07;1.34329;2.28286;0.000115049;-0.647446;0.000345146;
Torque -0.000106603;2.56637;-1.66137;-0.0314786;0.31837;-0.0990473;
MotorD 180;0;-0.0710685;
 256.965;0.00207096;1283.18;
 220.798;0;-830.684;
 180.009;0;-31.0899;
 142.874;0;172.941;
 217.066;0;-62.8886;
 
1872
FRIGG:
Q 2.66316e-07;1.33264;1.9278;-0.000115448;-0.985768;0.00581728;
Torque -7.04753e-05;3.04346;-2.14602;0.0316061;-0.223444;-0.0295707;
MotorD 180;0;-0.0469835;
 256.355;-0.00399399;1521.73;
 200.455;0;-1073.01;
 179.991;0;31.2159;
 123.02;0;-66.329;
 235.98;0;99.1853;
 
1872
ODIN:
Q 0;1.33264;1.9278;0.000116047;-0.985768;0.00581839;
Torque 7.3336e-06;3.0433;-2.1459;-0.0317248;-0.223893;-0.0300743;
MotorD 180;0;0.00488907;
 256.355;-0.00400412;1521.65;
 200.455;0;-1072.95;
 180.009;0;-31.3331;
 123.02;0;-66.2155;
 235.98;0;99.6313;
 
1872
LOKI:
Q 0;1.33264;1.9278;-0.00011405;-0.985769;0.00581732;
Torque 5.93231e-05;3.04327;-2.14596;0.0312157;-0.222821;-0.0294863;
MotorD 180;0;0.0395487;
 256.355;-0.00400393;1521.64;
 200.455;0;-1072.98;
 179.991;0;30.8303;
 123.02;0;-66.1451;
 235.98;0;98.9076;
 
1872
THOR:
Q 5.32632e-07;1.34329;2.28286;0.00011425;-0.647438;0.000337778;
Torque -0.000104561;2.56587;-1.66069;-0.0312367;0.314026;-0.0966478;
MotorD 180;0;-0.0697072;
 256.965;0.00204157;1282.93;
 220.798;0;-830.346;
 180.009;0;-30.8511;
 142.875;0;169.999;
 217.066;0;-62.6127;
 
1905
FRIGG:
Q 2.66316e-07;1.33264;1.92781;-0.000114449;-0.985773;0.00581732;
Torque -7.04661e-05;3.0444;-2.14666;0.0313627;-0.220378;-0.0291665;
MotorD 180;0;-0.0469774;
 256.354;-0.00393872;1522.2;
 200.455;0;-1073.33;
 179.991;0;30.9755;
 123.019;0;-65.4179;
 235.981;0;97.8251;
 
1905
ODIN:
Q 0;1.33264;1.92781;0.000115049;-0.985772;0.00581839;
Torque 7.29584e-06;3.04424;-2.14654;-0.0314806;-0.220828;-0.029661;
MotorD 180;0;0.00486389;
 256.354;-0.00394868;1522.12;
 200.455;0;-1073.27;
 180.009;0;-31.0919;
 123.019;0;-65.3097;
 235.981;0;98.2663;
 
1905
LOKI:
Q 0;1.33264;1.92781;-0.000113051;-0.985774;0.00581728;
Torque 5.94541e-05;3.04421;-2.1466;0.0309754;-0.219798;-0.0290878;
MotorD 180;0;0.0396361;
 256.354;-0.00394789;1522.1;
 200.455;0;-1073.3;
 179.991;0;30.593;
 123.019;0;-65.2469;
 235.981;0;97.5667;
 
1905
THOR:
Q 5.32632e-07;1.34329;2.28286;0.000113451;-0.647431;0.000331475;
Torque -0.000102612;2.56544;-1.66003;-0.0310095;0.309945;-0.09443;
MotorD 180;0;-0.068408;
 256.965;0.0020159;1282.72;
 220.798;0;-830.013;
 180.009;0;-30.6267;
 142.876;0;167.255;
 217.067;0;-62.3332;
 
1942
FRIGG:
Q 2.66316e-07;1.33263;1.92781;-0.00011385;-0.985776;0.00581728;
Torque -7.0473e-05;3.04518;-2.14719;0.0311619;-0.217865;-0.0288353;
MotorD 180;0;-0.046982;
 256.354;-0.00389692;1522.59;
 200.455;0;-1073.6;
 179.991;0;30.7772;
 123.019;0;-64.671;
 235.981;0;96.7102;
 
1942
ODIN:
Q 0;1.33263;1.92781;0.000114449;-0.985776;0.00581834;
Torque 7.24721e-06;3.04505;-2.1471;-0.0312696;-0.218192;-0.0293054;
MotorD 180;0;0.00483147;
 256.354;-0.00390615;1522.53;
 200.455;0;-1073.55;
 180.009;0;-30.8836;
 123.019;0;-64.531;
 235.981;0;97.0926;
 
1942
LOKI:
Q 0;1.33263;1.92781;-0.000112452;-0.985777;0.00581732;
Torque 5.95966e-05;3.04508;-2.14719;0.0307586;-0.217049;-0.0287253;
MotorD 180;0;0.0397311;
 256.354;-0.00390235;1522.54;
 200.455;0;-1073.6;
 179.991;0;30.3789;
 123.019;0;-64.4299;
 235.981;0;96.3469;
 
1942
THOR:
Q 5.32632e-07;1.34329;2.28286;0.000113251;-0.64743;0.000330676;
Torque -0.000102601;2.5654;-1.66002;-0.0309968;0.309739;-0.0943045;
MotorD 180;0;-0.0684004;
 256.965;0.00201299;1282.7;
 220.798;0;-830.008;
 180.009;0;-30.6141;
 142.877;0;167.11;
 217.067;0;-62.3269;
 
1981
FRIGG:
Q 2.66316e-07;1.33263;1.92781;-0.00011365;-0.985777;0.00581728;
Torque -7.04873e-05;3.04533;-2.14731;0.0311213;-0.217355;-0.028768;
MotorD 180;0;-0.0469915;
 256.354;-0.00388314;1522.67;
 200.455;0;-1073.65;
 179.991;0;30.7371;
 123.019;0;-64.5197;
 235.981;0;96.4841;
 
1981
ODIN:
Q 0;1.33263;1.92781;0.00011425;-0.985777;0.00581839;
Torque 7.26198e-06;3.04518;-2.14719;-0.0312382;-0.217798;-0.0292525;
MotorD 180;0;0.00484132;
 256.354;-0.00389469;1522.59;
 200.455;0;-1073.59;
 180.009;0;-30.8525;
 123.019;0;-64.4147;
 235.981;0;96.9174;
 
1981
LOKI:
Q 0;1.33263;1.92781;-0.000112252;-0.985778;0.00581732;
Torque 5.95922e-05;3.04514;-2.14725;0.0307368;-0.216772;-0.0286889;
MotorD 180;0;0.0397281;
 256.354;-0.00389298;1522.57;
 200.455;0;-1073.62;
 179.991;0;30.3574;
 123.019;0;-64.3476;
 235.981;0;96.2242;
 
1982
THOR:
Q 5.32632e-07;1.34329;2.28285;0.000112452;-0.647423;0.000323752;
Torque -0.000100465;2.56493;-1.65934;-0.0307585;0.30551;-0.092013;
MotorD 180;0;-0.0669769;
 256.965;0.00198407;1282.47;
 220.798;0;-829.669;
 180.009;0;-30.3788;
 142.878;0;164.27;
 217.067;0;-62.0335;
 
2024
FRIGG:
Q 2.66316e-07;1.33263;1.92781;-0.000112851;-0.985782;0.00581732;
Torque -7.05027e-05;3.04624;-2.14792;0.0308817;-0.214407;-0.0283793;
MotorD 180;0;-0.0470018;
 256.354;-0.00382947;1523.12;
 200.456;0;-1073.96;
 179.991;0;30.5005;
 123.019;0;-63.6438;
 235.981;0;95.1764;
 
2024
ODIN:
Q 0;1.33263;1.92781;0.000113251;-0.985782;0.0058183;
Torque 7.20106e-06;3.04608;-2.1478;-0.0309977;-0.21481;-0.0288496;
MotorD 180;0;0.00480071;
 256.354;-0.00383965;1523.04;
 200.455;0;-1073.9;
 180.009;0;-30.615;
 123.019;0;-63.5315;
 235.981;0;95.5866;
 
2024
LOKI:
Q 0;1.33263;1.92781;-0.000111453;-0.985783;0.00581736;
Torque 5.96948e-05;3.04608;-2.14786;0.0305003;-0.213787;-0.0282953;
MotorD 180;0;0.0397965;
 256.354;-0.00383875;1523.04;
 200.456;0;-1073.93;
 179.991;0;30.1237;
 123.019;0;-63.4608;
 235.981;0;94.9;
 
2024
THOR:
Q 5.32632e-07;1.34329;2.28285;0.000111653;-0.647415;0.000316916;
Torque -9.84309e-05;2.56447;-1.65872;-0.0305221;0.301299;-0.0897797;
MotorD 180;0;-0.0656206;
 256.965;0.00195604;1282.23;
 220.798;0;-829.362;
 180.009;0;-30.1453;
 142.879;0;161.47;
 217.067;0;-61.7148;
 
2065
FRIGG:
Q 2.66316e-07;1.33263;1.92781;-0.000111853;-0.985787;0.00581732;
Torque -7.05365e-05;3.04714;-2.14854;0.0306441;-0.211462;-0.027991;
MotorD 180;0;-0.0470243;
 256.354;-0.00377589;1523.57;
 200.456;0;-1074.27;
 179.991;0;30.2658;
 123.019;0;-62.7686;
 235.981;0;93.8697;
 
2065
ODIN:
Q 0;1.33263;1.92781;0.000112452;-0.985786;0.00581834;
Torque 7.14998e-06;3.04699;-2.14841;-0.0307591;-0.211899;-0.0284571;
MotorD 180;0;0.00476665;
 256.354;-0.00378564;1523.49;
 200.456;0;-1074.21;
 180.009;0;-30.3794;
 123.019;0;-62.6716;
 235.981;0;94.2906;
 
2065
LOKI:
Q -2.66316e-07;1.33263;1.92781;-0.000110455;-0.985787;0.00581732;
Torque 5.9823e-05;3.04699;-2.14848;0.0302653;-0.210877;-0.0279118;
MotorD 180;0;0.039882;
 256.354;-0.00378622;1523.49;
 200.456;0;-1074.24;
 179.992;0;29.8917;
 123.019;0;-62.5962;
 235.981;0;93.6093;
 
2065
THOR:
Q 5.32632e-07;1.34329;2.28285;0.000110654;-0.647407;0.000310258;
Torque -9.65364e-05;2.564;-1.65811;-0.0302876;0.29719;-0.0875936;
MotorD 180;0;-0.0643576;
 256.965;0.00192836;1282;
 220.798;0;-829.055;
 180.008;0;-29.9137;
 142.88;0;158.734;
 217.067;0;-61.4073;
 
2097
FRIGG:
Q 2.66316e-07;1.33262;1.92782;-0.000111054;-0.985791;0.00581736;
Torque -7.05347e-05;3.04805;-2.14912;0.0304082;-0.20855;-0.027607;
MotorD 180;0;-0.0470231;
 256.354;-0.00372333;1524.02;
 200.456;0;-1074.56;
 179.992;0;30.0328;
 123.018;0;-61.9036;
 235.982;0;92.5781;
 
2097
ODIN:
Q 0;1.33262;1.92782;0.000111653;-0.98579;0.00581834;
Torque 7.10995e-06;3.04789;-2.149;-0.0305223;-0.208986;-0.0280645;
MotorD 180;0;0.00473997;
 256.354;-0.00373425;1523.95;
 200.456;0;-1074.5;
 180.009;0;-30.1454;
 123.018;0;-61.8108;
 235.982;0;92.9935;
 
2097
LOKI:
Q -2.66316e-07;1.33262;1.92782;-0.000109656;-0.985792;0.00581732;
Torque 5.99354e-05;3.04786;-2.14906;0.0300324;-0.207969;-0.0275283;
MotorD 180;0;0.0399569;
 256.354;-0.00373406;1523.93;
 200.456;0;-1074.53;
 179.992;0;29.6616;
 123.018;0;-61.732;
 235.982;0;92.3191;
 
2097
THOR:
Q 5.32632e-07;1.34329;2.28285;0.000110654;-0.647407;0.000310258;
Torque -9.65364e-05;2.564;-1.65811;-0.0302876;0.29719;-0.0875936;
MotorD 180;0;-0.0643576;
 256.965;0.00192836;1282;
 220.798;0;-829.055;
 180.008;0;-29.9137;
 142.88;0;158.734;
 217.067;0;-61.4073;
 
2133
FRIGG:
Q 2.66316e-07;1.33262;1.92782;-0.000111054;-0.985791;0.00581736;
Torque -7.05347e-05;3.04805;-2.14912;0.0304082;-0.20855;-0.027607;
MotorD 180;0;-0.0470231;
 256.354;-0.00372333;1524.02;
 200.456;0;-1074.56;
 179.992;0;30.0328;
 123.018;0;-61.9036;
 235.982;0;92.5781;
 
2133
ODIN:
Q 0;1.33262;1.92782;0.000111054;-0.985794;0.00581834;
Torque 7.08988e-06;3.04853;-2.14944;-0.0303468;-0.206844;-0.0277757;
MotorD 180;0;0.00472658;
 256.353;-0.00369611;1524.26;
 200.456;0;-1074.72;
 180.008;0;-29.9722;
 123.018;0;-61.1778;
 235.982;0;92.0398;
 
2133
LOKI:
Q -2.66316e-07;1.33262;1.92782;-0.000109656;-0.985792;0.00581732;
Torque 5.99354e-05;3.04786;-2.14906;0.0300324;-0.207969;-0.0275283;
MotorD 180;0;0.0399569;
 256.354;-0.00373406;1523.93;
 200.456;0;-1074.53;
 179.992;0;29.6616;
 123.018;0;-61.732;
 235.982;0;92.3191;
 
2133
THOR:
Q 5.32632e-07;1.3433;2.28285;0.000109855;-0.647399;0.000303689;
Torque -9.44952e-05;2.56353;-1.65749;-0.0300547;0.293097;-0.0854585;
MotorD 180;0;-0.0629968;
 256.965;0.00190082;1281.76;
 220.797;0;-828.747;
 180.008;0;-29.6837;
 142.881;0;156.031;
 217.067;0;-61.0775;
 
2173
FRIGG:
Q 2.66316e-07;1.33262;1.92782;-0.000110255;-0.985795;0.00581741;
Torque -7.05516e-05;3.04892;-2.1497;0.0301741;-0.205721;-0.027234;
MotorD 180;0;-0.0470344;
 256.353;-0.00367223;1524.46;
 200.456;0;-1074.85;
 179.992;0;29.8016;
 123.018;0;-61.063;
 235.982;0;91.3229;
 
2173
ODIN:
Q 0;1.33262;1.92782;0.000110654;-0.985795;0.0058183;
Torque 7.07287e-06;3.04877;-2.14958;-0.0302874;-0.206115;-0.0276775;
MotorD 180;0;0.00471524;
 256.353;-0.00368194;1524.38;
 200.456;0;-1074.79;
 180.008;0;-29.9135;
 123.018;0;-60.9626;
 235.982;0;91.7153;
 
2173
LOKI:
Q -2.66316e-07;1.33262;1.92782;-0.000108857;-0.985796;0.00581732;
Torque 6.00292e-05;3.04877;-2.14964;0.0298012;-0.205139;-0.0271552;
MotorD 180;0;0.0400195;
 256.353;-0.00368166;1524.38;
 200.456;0;-1074.82;
 179.992;0;29.4333;
 123.018;0;-60.8912;
 235.982;0;91.0637;
 
2173
THOR:
Q 5.32632e-07;1.3433;2.28284;0.000109056;-0.647392;0.000297298;
Torque -9.26991e-05;2.56309;-1.65694;-0.0298238;0.289068;-0.0833763;
MotorD 180;0;-0.0617994;
 256.965;0.00187471;1281.55;
 220.797;0;-828.472;
 180.008;0;-29.4556;
 142.882;0;153.382;
 217.067;0;-60.742;
 
2208
FRIGG:
Q 2.66316e-07;1.33261;1.92782;-0.000109256;-0.9858;0.00581736;
Torque -7.05582e-05;3.04977;-2.15029;0.029942;-0.202891;-0.0268606;
MotorD 180;0;-0.0470388;
 256.353;-0.00362046;1524.88;
 200.456;0;-1075.14;
 179.992;0;29.5723;
 123.018;0;-60.2222;
 235.982;0;90.0673;
 
2208
ODIN:
Q 0;1.33262;1.92782;0.000109855;-0.985799;0.0058183;
Torque 7.03683e-06;3.04964;-2.15016;-0.0300542;-0.203281;-0.0272956;
MotorD 180;0;0.00469122;
 256.353;-0.00363002;1524.82;
 200.456;0;-1075.08;
 180.008;0;-29.6832;
 123.018;0;-60.1249;
 235.982;0;90.4533;
 
2208
LOKI:
Q -2.66316e-07;1.33262;1.92782;-0.000108058;-0.985801;0.00581741;
Torque 6.01539e-05;3.04961;-2.15023;0.0295717;-0.202345;-0.0267867;
MotorD 180;0;0.0401026;
 256.353;-0.00363103;1524.8;
 200.456;0;-1075.11;
 179.992;0;29.2066;
 123.018;0;-60.0611;
 235.982;0;89.8241;
 
2208
THOR:
Q 5.32632e-07;1.3433;2.28284;0.000108257;-0.647385;0.000291084;
Torque -9.06938e-05;2.56266;-1.65639;-0.0295945;0.285095;-0.081337;
MotorD 180;0;-0.0604626;
 256.965;0.00184811;1281.33;
 220.797;0;-828.196;
 180.008;0;-29.2291;
 142.883;0;150.778;
 217.067;0;-60.4034;
 
2241
FRIGG:
Q 2.66316e-07;1.33261;1.92782;-0.000108457;-0.985804;0.00581736;
Torque -7.0581e-05;3.05064;-2.15084;0.0297115;-0.200138;-0.0264976;
MotorD 180;0;-0.047054;
 256.353;-0.00357008;1525.32;
 200.456;0;-1075.42;
 179.992;0;29.3447;
 123.018;0;-59.4043;
 235.982;0;88.8461;
 
2241
ODIN:
Q 0;1.33261;1.92782;0.000109056;-0.985803;0.0058183;
Torque 6.98767e-06;3.05048;-2.15072;-0.0298229;-0.200527;-0.0269244;
MotorD 180;0;0.00465845;
 256.353;-0.00357987;1525.24;
 200.456;0;-1075.36;
 180.008;0;-29.4547;
 123.018;0;-59.3111;
 235.982;0;89.2271;
 
2241
LOKI:
Q -2.66316e-07;1.33261;1.92782;-0.000107259;-0.985805;0.00581741;
Torque 6.02366e-05;3.05048;-2.15078;0.029344;-0.199552;-0.0264184;
MotorD 180;0;0.0401577;
 256.353;-0.00357955;1525.24;
 200.456;0;-1075.39;
 179.992;0;28.9817;
 123.018;0;-59.2314;
 235.982;0;88.5851;
 
2241
THOR:
Q 5.32632e-07;1.3433;2.28284;0.000107459;-0.647377;0.000284958;
Torque -8.90003e-05;2.56222;-1.65578;-0.0293672;0.281147;-0.079353;
MotorD 180;0;-0.0593335;
 256.965;0.00182174;1281.11;
 220.797;0;-827.888;
 180.008;0;-29.0046;
 142.884;0;148.214;
 217.068;0;-60.0435;
 
2285
FRIGG:
Q 2.66316e-07;1.33261;1.92783;-0.000107658;-0.985808;0.00581732;
Torque -7.05713e-05;3.05148;-2.15136;0.0294828;-0.197383;-0.0261341;
MotorD 180;0;-0.0470476;
 256.353;-0.00352034;1525.74;
 200.456;0;-1075.68;
 179.992;0;29.1188;
 123.017;0;-58.586;
 235.983;0;87.6239;
 
2285
ODIN:
Q 0;1.33261;1.92783;0.000108257;-0.985808;0.0058183;
Torque 6.95886e-06;3.05133;-2.15127;-0.0295933;-0.19777;-0.0265528;
MotorD 180;0;0.00463924;
 256.353;-0.00353021;1525.66;
 200.456;0;-1075.64;
 180.008;0;-29.228;
 123.017;0;-58.4966;
 235.983;0;87.9998;
 
2285
LOKI:
Q -2.66316e-07;1.33261;1.92783;-0.00010626;-0.985809;0.00581736;
Torque 6.03425e-05;3.05133;-2.15133;0.0291182;-0.19684;-0.0260607;
MotorD 180;0;0.0402283;
 256.353;-0.00352934;1525.66;
 200.456;0;-1075.67;
 179.992;0;28.7587;
 123.017;0;-58.4255;
 235.983;0;87.3818;
 
2285
THOR:
Q 5.32632e-07;1.3433;2.28284;0.000107459;-0.647377;0.000284958;
Torque -8.90003e-05;2.56222;-1.65578;-0.0293672;0.281147;-0.079353;
MotorD 180;0;-0.0593335;
 256.965;0.00182174;1281.11;
 220.797;0;-827.888;
 180.008;0;-29.0046;
 142.884;0;148.214;
 217.068;0;-60.0435;
 
2320
FRIGG:
Q 2.66316e-07;1.33261;1.92783;-0.000107658;-0.985808;0.00581732;
Torque -7.05713e-05;3.05148;-2.15136;0.0294828;-0.197383;-0.0261341;
MotorD 180;0;-0.0470476;
 256.353;-0.00352034;1525.74;
 200.456;0;-1075.68;
 179.992;0;29.1188;
 123.017;0;-58.586;
 235.983;0;87.6239;
 
2320
ODIN:
Q 0;1.33261;1.92783;0.000108257;-0.985808;0.0058183;
Torque 6.95886e-06;3.05133;-2.15127;-0.0295933;-0.19777;-0.0265528;
MotorD 180;0;0.00463924;
 256.353;-0.00353021;1525.66;
 200.456;0;-1075.64;
 180.008;0;-29.228;
 123.017;0;-58.4966;
 235.983;0;87.9998;
 
2320
LOKI:
Q -2.66316e-07;1.33261;1.92783;-0.00010626;-0.985809;0.00581736;
Torque 6.03425e-05;3.05133;-2.15133;0.0291182;-0.19684;-0.0260607;
MotorD 180;0;0.0402283;
 256.353;-0.00352934;1525.66;
 200.456;0;-1075.67;
 179.992;0;28.7587;
 123.017;0;-58.4255;
 235.983;0;87.3818;
 
2320
THOR:
Q 5.32632e-07;1.3433;2.28284;0.00010646;-0.64737;0.000278922;
Torque -8.7119e-05;2.56178;-1.65522;-0.0291414;0.277258;-0.0774102;
MotorD 180;0;-0.0580794;
 256.966;0.0017964;1280.89;
 220.797;0;-827.611;
 180.008;0;-28.7816;
 142.884;0;145.694;
 217.068;0;-59.6826;
 
2354
FRIGG:
Q 2.66316e-07;1.33261;1.92783;-0.000106859;-0.985812;0.00581741;
Torque -7.05884e-05;3.05229;-2.15192;0.0292559;-0.194708;-0.0257812;
MotorD 180;0;-0.0470589;
 256.353;-0.00347243;1526.15;
 200.456;0;-1075.96;
 179.992;0;28.8947;
 123.017;0;-57.7912;
 235.983;0;86.437;
 
2355
ODIN:
Q 0;1.33261;1.92783;0.000107459;-0.985812;0.00581821;
Torque 6.90687e-06;3.05217;-2.15179;-0.0293655;-0.195092;-0.0261919;
MotorD 180;0;0.00460458;
 256.353;-0.00348091;1526.08;
 200.456;0;-1075.9;
 180.008;0;-29.003;
 123.017;0;-57.7052;
 235.983;0;86.8074;
 
2355
LOKI:
Q -2.66316e-07;1.33261;1.92783;-0.000105461;-0.985813;0.00581741;
Torque 6.04423e-05;3.05217;-2.15185;0.0288939;-0.194163;-0.0257076;
MotorD 180;0;0.0402949;
 256.353;-0.00348089;1526.08;
 200.456;0;-1075.93;
 179.992;0;28.5372;
 123.017;0;-57.6301;
 235.983;0;86.1941;
 
2355
THOR:
Q 5.32632e-07;1.3433;2.28283;0.000105661;-0.647363;0.000273063;
Torque -8.53125e-05;2.56134;-1.65473;-0.0289174;0.273432;-0.0755112;
MotorD 180;0;-0.056875;
 256.966;0.00177122;1280.67;
 220.797;0;-827.367;
 180.008;0;-28.5604;
 142.885;0;143.222;
 217.068;0;-59.3204;
 
2397
FRIGG:
Q 2.66316e-07;1.3326;1.92783;-0.00010606;-0.985816;0.00581745;
Torque -7.05821e-05;3.05314;-2.15244;0.0290306;-0.192031;-0.0254281;
MotorD 180;0;-0.0470547;
 256.352;-0.00342344;1526.57;
 200.457;0;-1076.22;
 179.992;0;28.6722;
 123.017;0;-56.9958;
 235.983;0;85.2492;
 
2397
ODIN:
Q 0;1.3326;1.92783;0.00010646;-0.985816;0.00581825;
Torque 6.86524e-06;3.05298;-2.15231;-0.0291395;-0.192413;-0.0258311;
MotorD 180;0;0.00457682;
 256.353;-0.00343317;1526.49;
 200.456;0;-1076.16;
 180.008;0;-28.7797;
 123.017;0;-56.9136;
 235.983;0;85.6149;
 
2397
LOKI:
Q -2.66316e-07;1.3326;1.92783;-0.000104662;-0.985817;0.00581745;
Torque 6.05244e-05;3.05298;-2.15238;0.0286715;-0.191487;-0.0253544;
MotorD 180;0;0.0403496;
 256.353;-0.00343204;1526.49;
 200.457;0;-1076.19;
 179.992;0;28.3175;
 123.017;0;-56.8353;
 235.983;0;85.0069;
 
2397
THOR:
Q 5.32632e-07;1.34331;2.28283;0.000104862;-0.647356;0.000267381;
Torque -8.35209e-05;2.56094;-1.65418;-0.028695;0.269666;-0.0736534;
MotorD 180;0;-0.0556806;
 256.966;0.00174626;1280.47;
 220.797;0;-827.09;
 180.008;0;-28.3407;
 142.886;0;140.795;
 217.068;0;-58.9577;
 
2438
FRIGG:
Q 2.66316e-07;1.3326;1.92783;-0.000105261;-0.98582;0.00581745;
Torque -7.0581e-05;3.05392;-2.15293;0.0288071;-0.189391;-0.0250798;
MotorD 180;0;-0.047054;
 256.352;-0.00337649;1526.96;
 200.457;0;-1076.46;
 179.992;0;28.4514;
 123.017;0;-56.2116;
 235.983;0;84.078;
 
2438
ODIN:
Q 0;1.3326;1.92783;0.000105661;-0.98582;0.0058183;
Torque 6.79111e-06;3.05379;-2.15284;-0.028915;-0.18977;-0.025475;
MotorD 180;0;0.0045274;
 256.352;-0.00338576;1526.9;
 200.457;0;-1076.42;
 180.008;0;-28.558;
 123.017;0;-56.1324;
 235.983;0;84.438;
 
2438
LOKI:
Q -2.66316e-07;1.3326;1.92783;-0.000103863;-0.985821;0.00581736;
Torque 6.06495e-05;3.05379;-2.1529;0.0284506;-0.188885;-0.0250113;
MotorD 180;0;0.040433;
 256.352;-0.00338459;1526.9;
 200.457;0;-1076.45;
 179.992;0;28.0993;
 123.017;0;-56.0622;
 235.983;0;83.8526;
 
2438
THOR:
Q 5.32632e-07;1.34331;2.28283;0.000104063;-0.647349;0.0002617;
Torque -8.18775e-05;2.56053;-1.65363;-0.0284745;0.265926;-0.0718447;
MotorD 180;0;-0.054585;
 256.966;0.0017213;1280.27;
 220.797;0;-826.813;
 180.008;0;-28.123;
 142.887;0;138.405;
 217.068;0;-58.5774;
 
2477
FRIGG:
Q 2.66316e-07;1.3326;1.92783;-0.000104462;-0.985824;0.00581745;
Torque -7.05731e-05;3.05473;-2.15345;0.0285854;-0.186832;-0.0247422;
MotorD 180;0;-0.0470487;
 256.352;-0.00333059;1527.37;
 200.457;0;-1076.73;
 179.992;0;28.2325;
 123.016;0;-55.4513;
 235.984;0;82.9426;
 
2477
ODIN:
Q 0;1.3326;1.92783;0.000104862;-0.985824;0.00581825;
Torque 6.78196e-06;3.05461;-2.15333;-0.0286925;-0.187212;-0.0251303;
MotorD 180;0;0.00452131;
 256.352;-0.0033382;1527.3;
 200.457;0;-1076.66;
 180.008;0;-28.3383;
 123.016;0;-55.3765;
 235.984;0;83.299;
 
2477
LOKI:
Q -2.66316e-07;1.3326;1.92783;-0.000103064;-0.985825;0.00581745;
Torque 6.07202e-05;3.05457;-2.15339;0.0282316;-0.186288;-0.0246687;
MotorD 180;0;0.0404801;
 256.352;-0.0033387;1527.29;
 200.457;0;-1076.69;
 179.992;0;27.883;
 123.016;0;-55.2906;
 235.984;0;82.7003;
 
2477
THOR:
Q 5.32632e-07;1.34331;2.28283;0.000104063;-0.647349;0.0002617;
Torque -8.18775e-05;2.56053;-1.65363;-0.0284745;0.265926;-0.0718447;
MotorD 180;0;-0.054585;
 256.966;0.0017213;1280.27;
 220.797;0;-826.813;
 180.008;0;-28.123;
 142.887;0;138.405;
 217.068;0;-58.5774;
 
2515
FRIGG:
Q 2.66316e-07;1.3326;1.92783;-0.000104462;-0.985824;0.00581745;
Torque -7.05731e-05;3.05473;-2.15345;0.0285854;-0.186832;-0.0247422;
MotorD 180;0;-0.0470487;
 256.352;-0.00333059;1527.37;
 200.457;0;-1076.73;
 179.992;0;28.2325;
 123.016;0;-55.4513;
 235.984;0;82.9426;
 
2515
ODIN:
Q 0;1.3326;1.92783;0.000104862;-0.985824;0.00581825;
Torque 6.78196e-06;3.05461;-2.15333;-0.0286925;-0.187212;-0.0251303;
MotorD 180;0;0.00452131;
 256.352;-0.0033382;1527.3;
 200.457;0;-1076.66;
 180.008;0;-28.3383;
 123.016;0;-55.3765;
 235.984;0;83.299;
 
2515
LOKI:
Q -2.66316e-07;1.3326;1.92783;-0.000103064;-0.985825;0.00581745;
Torque 6.07202e-05;3.05457;-2.15339;0.0282316;-0.186288;-0.0246687;
MotorD 180;0;0.0404801;
 256.352;-0.0033387;1527.29;
 200.457;0;-1076.69;
 179.992;0;27.883;
 123.016;0;-55.2906;
 235.984;0;82.7003;
 
2515
THOR:
Q 2.66316e-07;1.34331;2.28283;0.000103264;-0.647343;0.000256196;
Torque -8.03354e-05;2.56013;-1.65313;-0.0282557;0.262252;-0.0700786;
MotorD 180;0;-0.0535569;
 256.966;0.0016969;1280.06;
 220.796;0;-826.567;
 180.008;0;-27.9069;
 142.888;0;136.063;
 217.068;0;-58.1977;
 
2556
FRIGG:
Q 2.66316e-07;1.33259;1.92784;-0.000103664;-0.985828;0.00581741;
Torque -7.058e-05;3.05551;-2.15394;0.0283654;-0.184274;-0.0244046;
MotorD 180;0;-0.0470533;
 256.352;-0.0032833;1527.76;
 200.457;0;-1076.97;
 179.992;0;28.0152;
 123.016;0;-54.6916;
 235.984;0;81.8078;
 
2556
ODIN:
Q 0;1.33259;1.92784;0.000104063;-0.985828;0.00581821;
Torque 6.75165e-06;3.05539;-2.15382;-0.0284716;-0.18465;-0.0247851;
MotorD 180;0;0.0045011;
 256.352;-0.00329217;1527.69;
 200.457;0;-1076.91;
 180.008;0;-28.1201;
 123.016;0;-54.6193;
 235.984;0;82.1582;
 
2556
LOKI:
Q -2.66316e-07;1.33259;1.92784;-0.000102265;-0.985829;0.00581741;
Torque 6.08053e-05;3.05539;-2.15388;0.0280143;-0.18377;-0.0243364;
MotorD 180;0;0.0405369;
 256.352;-0.00329136;1527.69;
 200.457;0;-1076.94;
 179.992;0;27.6685;
 123.016;0;-54.5427;
 235.984;0;81.5831;
 
2556
THOR:
Q 2.66316e-07;1.34331;2.28283;0.000102465;-0.647336;0.000250781;
Torque -7.86495e-05;2.55972;-1.65264;-0.0280385;0.258635;-0.0683485;
MotorD 180;0;-0.052433;
 256.966;0.00167298;1279.86;
 220.796;0;-826.322;
 180.008;0;-27.6924;
 142.889;0;133.762;
 217.068;0;-57.8192;
 
2594
FRIGG:
Q 2.66316e-07;1.33259;1.92784;-0.000102865;-0.985832;0.0058175;
Torque -7.05788e-05;3.05629;-2.1544;0.0281471;-0.181793;-0.0240771;
MotorD 180;0;-0.0470525;
 256.352;-0.00323804;1528.15;
 200.457;0;-1077.2;
 179.992;0;27.7996;
 123.016;0;-53.9544;
 235.984;0;80.7068;
 
2594
ODIN:
Q 0;1.33259;1.92784;0.000103264;-0.985832;0.00581825;
Torque 6.7143e-06;3.05617;-2.15431;-0.0282525;-0.182128;-0.0244453;
MotorD 180;0;0.0044762;
 256.352;-0.00324633;1528.08;
 200.457;0;-1077.16;
 180.008;0;-27.9037;
 123.016;0;-53.8739;
 235.984;0;81.0354;
 
2594
LOKI:
Q -2.66316e-07;1.33259;1.92784;-0.000101466;-0.985833;0.0058175;
Torque 6.08852e-05;3.05613;-2.15437;0.0277987;-0.181248;-0.0240036;
MotorD 180;0;0.0405901;
 256.352;-0.00324501;1528.07;
 200.457;0;-1077.19;
 179.992;0;27.4555;
 123.016;0;-53.7937;
 235.984;0;80.4644;
 
2594
THOR:
Q 2.66316e-07;1.34331;2.28282;0.000101666;-0.64733;0.000245543;
Torque -7.70626e-05;2.55932;-1.65215;-0.0278229;0.255041;-0.0666608;
MotorD 180;0;-0.0513751;
 256.966;0.00164921;1279.66;
 220.796;0;-826.076;
 180.008;0;-27.4794;
 142.89;0;131.493;
 217.068;0;-57.4258;
 
2634
FRIGG:
Q 2.66316e-07;1.33259;1.92784;-0.000102066;-0.985836;0.0058175;
Torque -7.05749e-05;3.05704;-2.1549;0.0279304;-0.179309;-0.0237494;
MotorD 180;0;-0.04705;
 256.352;-0.00319249;1528.52;
 200.457;0;-1077.45;
 179.992;0;27.5855;
 123.016;0;-53.2167;
 235.984;0;79.6049;
 
2634
ODIN:
Q 0;1.33259;1.92784;0.000102465;-0.985836;0.00581821;
Torque 6.67463e-06;3.05695;-2.15477;-0.0280349;-0.179641;-0.0241105;
MotorD 180;0;0.00444975;
 256.352;-0.00320163;1528.47;
 200.457;0;-1077.39;
 180.008;0;-27.6888;
 123.016;0;-53.1388;
 235.984;0;79.9283;
 
2634
LOKI:
Q -2.66316e-07;1.33259;1.92784;-0.000100667;-0.985837;0.00581741;
Torque 6.09766e-05;3.05692;-2.15483;0.0275845;-0.178804;-0.0236812;
MotorD 180;0;0.040651;
 256.352;-0.00320167;1528.46;
 200.457;0;-1077.42;
 179.992;0;27.244;
 123.016;0;-53.0677;
 235.984;0;79.3801;
 
2634
THOR:
Q 2.66316e-07;1.34331;2.28282;0.000100867;-0.647323;0.000240395;
Torque -7.5555e-05;2.55894;-1.65172;-0.0276091;0.251477;-0.0650174;
MotorD 180;0;-0.05037;
 256.966;0.00162602;1279.47;
 220.796;0;-825.862;
 180.008;0;-27.2683;
 142.89;0;129.26;
 217.068;0;-57.0187;
 
2672
FRIGG:
Q 2.66316e-07;1.33258;1.92784;-0.000101267;-0.98584;0.0058175;
Torque -7.05576e-05;3.05782;-2.15536;0.0277153;-0.176865;-0.0234269;
MotorD 180;0;-0.0470384;
 256.351;-0.00314881;1528.91;
 200.457;0;-1077.68;
 179.992;0;27.3732;
 123.016;0;-52.4908;
 235.984;0;78.5207;
 
2672
ODIN:
Q 0;1.33258;1.92784;0.000101666;-0.985839;0.00581821;
Torque 6.645e-06;3.0577;-2.15523;-0.0278192;-0.177197;-0.0237815;
MotorD 180;0;0.00443;
 256.351;-0.00315691;1528.85;
 200.457;0;-1077.62;
 180.008;0;-27.4757;
 123.016;0;-52.4167;
 235.984;0;78.8406;
 
2672
LOKI:
Q -2.66316e-07;1.33259;1.92784;-9.98685e-05;-0.98584;0.00581741;
Torque 6.10564e-05;3.05766;-2.15529;0.0273723;-0.176363;-0.0233589;
MotorD 180;0;0.0407043;
 256.352;-0.00315573;1528.83;
 200.457;0;-1077.65;
 179.992;0;27.0343;
 123.016;0;-52.3425;
 235.985;0;78.2969;
 
2672
THOR:
Q 2.66316e-07;1.34331;2.28282;0.000100867;-0.647323;0.000240395;
Torque -7.5555e-05;2.55894;-1.65172;-0.0276091;0.251477;-0.0650174;
MotorD 180;0;-0.05037;
 256.966;0.00162602;1279.47;
 220.796;0;-825.862;
 180.008;0;-27.2683;
 142.89;0;129.26;
 217.068;0;-57.0187;
 
2709
FRIGG:
Q 2.66316e-07;1.33258;1.92784;-0.000101267;-0.98584;0.0058175;
Torque -7.05576e-05;3.05782;-2.15536;0.0277153;-0.176865;-0.0234269;
MotorD 180;0;-0.0470384;
 256.351;-0.00314881;1528.91;
 200.457;0;-1077.68;
 179.992;0;27.3732;
 123.016;0;-52.4908;
 235.984;0;78.5207;
 
2709
ODIN:
Q 0;1.33258;1.92784;0.000101666;-0.985839;0.00581821;
Torque 6.645e-06;3.0577;-2.15523;-0.0278192;-0.177197;-0.0237815;
MotorD 180;0;0.00443;
 256.351;-0.00315691;1528.85;
 200.457;0;-1077.62;
 180.008;0;-27.4757;
 123.016;0;-52.4167;
 235.984;0;78.8406;
 
2709
LOKI:
Q -2.66316e-07;1.33259;1.92784;-9.98685e-05;-0.98584;0.00581741;
Torque 6.10564e-05;3.05766;-2.15529;0.0273723;-0.176363;-0.0233589;
MotorD 180;0;0.0407043;
 256.352;-0.00315573;1528.83;
 200.457;0;-1077.65;
 179.992;0;27.0343;
 123.016;0;-52.3425;
 235.985;0;78.2969;
 
2709
THOR:
Q 2.66316e-07;1.34331;2.28282;0.000100268;-0.647317;0.000235246;
Torque -7.40189e-05;2.55857;-1.65123;-0.0273969;0.247974;-0.0634118;
MotorD 180;0;-0.0493459;
 256.966;0.00160305;1279.28;
 220.796;0;-825.616;
 180.008;0;-27.0587;
 142.891;0;127.071;
 217.068;0;-56.6134;
 
2747
FRIGG:
Q 2.66316e-07;1.33258;1.92784;-0.000100468;-0.985843;0.0058175;
Torque -7.05681e-05;3.05854;-2.15579;0.0275021;-0.174463;-0.0231098;
MotorD 180;0;-0.0470454;
 256.351;-0.00310385;1529.27;
 200.457;0;-1077.89;
 179.992;0;27.1626;
 123.015;0;-51.7771;
 235.985;0;77.4547;
 
2747
ODIN:
Q 0;1.33258;1.92784;0.000100867;-0.985843;0.00581821;
Torque 6.6034e-06;3.05845;-2.15569;-0.0276051;-0.174791;-0.0234574;
MotorD 180;0;0.00440226;
 256.351;-0.00311217;1529.22;
 200.457;0;-1077.85;
 180.008;0;-27.2643;
 123.015;0;-51.7056;
 235.985;0;77.7694;
 
2747
LOKI:
Q -2.66316e-07;1.33258;1.92784;-9.92693e-05;-0.985844;0.00581741;
Torque 6.11327e-05;3.05841;-2.15576;0.0271615;-0.173958;-0.0230415;
MotorD 180;0;0.0407551;
 256.351;-0.00311176;1529.21;
 200.457;0;-1077.88;
 179.992;0;26.8262;
 123.015;0;-51.6281;
 235.985;0;77.2298;
 
2747
THOR:
Q 2.66316e-07;1.34332;2.28282;9.94691e-05;-0.64731;0.000230363;
Torque -7.2481e-05;2.55816;-1.6508;-0.0271863;0.244535;-0.0618391;
MotorD 180;0;-0.0483207;
 256.966;0.0015804;1279.08;
 220.796;0;-825.401;
 180.008;0;-26.8507;
 142.892;0;124.923;
 217.068;0;-56.2134;
 
2791
FRIGG:
Q 2.66316e-07;1.33258;1.92784;-9.96688e-05;-0.985847;0.0058175;
Torque -7.05622e-05;3.05929;-2.15622;0.0272905;-0.172098;-0.0227977;
MotorD 180;0;-0.0470415;
 256.351;-0.00306095;1529.64;
 200.457;0;-1078.11;
 179.992;0;26.9535;
 123.015;0;-51.0746;
 235.985;0;76.4053;
 
2791
ODIN:
Q 0;1.33258;1.92784;0.000100068;-0.985847;0.00581825;
Torque 6.56262e-06;3.05916;-2.15612;-0.0273926;-0.172423;-0.0231384;
MotorD 180;0;0.00437508;
 256.351;-0.00306963;1529.58;
 200.457;0;-1078.06;
 180.008;0;-27.0544;
 123.015;0;-51.0057;
 235.985;0;76.7151;
 
2791
LOKI:
Q -2.66316e-07;1.33258;1.92784;-9.84704e-05;-0.985848;0.00581745;
Torque 6.12189e-05;3.05916;-2.15619;0.0269524;-0.171591;-0.0227292;
MotorD 180;0;0.0408126;
 256.351;-0.00306863;1529.58;
 200.457;0;-1078.09;
 179.992;0;26.6196;
 123.015;0;-50.9249;
 235.985;0;76.1796;
 
2791
THOR:
Q 2.66316e-07;1.34332;2.28282;9.86701e-05;-0.647304;0.000225481;
Torque -7.09438e-05;2.55782;-1.65031;-0.0269773;0.24112;-0.0603049;
MotorD 180;0;-0.0472959;
 256.966;0.00155814;1278.91;
 220.796;0;-825.154;
 180.008;0;-26.6443;
 142.893;0;122.807;
 217.068;0;-55.8011;
 
2829
FRIGG:
Q 2.66316e-07;1.33258;1.92785;-9.88699e-05;-0.985851;0.00581745;
Torque -7.05481e-05;3.06001;-2.15665;0.0270803;-0.169729;-0.022485;
MotorD 180;0;-0.0470321;
 256.351;-0.00301905;1530;
 200.457;0;-1078.32;
 179.992;0;26.746;
 123.015;0;-50.3711;
 235.985;0;75.3544;
 
2830
ODIN:
Q 0;1.33258;1.92785;9.94691e-05;-0.98585;0.00581821;
Torque 6.52881e-06;3.05988;-2.15655;-0.0271817;-0.170095;-0.022825;
MotorD 180;0;0.00435254;
 256.351;-0.00302668;1529.94;
 200.457;0;-1078.28;
 180.008;0;-26.8461;
 123.015;0;-50.3177;
 235.985;0;75.6788;
 
2830
LOKI:
Q -2.66316e-07;1.33258;1.92785;-9.76714e-05;-0.985851;0.0058175;
Torque 6.12778e-05;3.05988;-2.15661;0.0267449;-0.169265;-0.022422;
MotorD 180;0;0.0408519;
 256.351;-0.00302634;1529.94;
 200.457;0;-1078.31;
 179.993;0;26.4147;
 123.015;0;-50.234;
 235.985;0;75.1474;
 
2830
THOR:
Q 2.66316e-07;1.34332;2.28282;9.78712e-05;-0.647298;0.000220865;
Torque -6.95929e-05;2.55744;-1.64988;-0.0267779;0.237903;-0.0588622;
MotorD 180;0;-0.0463953;
 256.967;0.0015373;1278.72;
 220.796;0;-824.939;
 180.007;0;-26.4473;
 142.894;0;120.813;
 217.068;0;-55.411;
 
2872
FRIGG:
Q 2.66316e-07;1.33257;1.92785;-9.80709e-05;-0.985854;0.0058175;
Torque -7.05497e-05;3.06069;-2.15708;0.0268799;-0.16752;-0.0221932;
MotorD 180;0;-0.0470332;
 256.351;-0.00297863;1530.35;
 200.458;0;-1078.54;
 179.993;0;26.5481;
 123.015;0;-49.7148;
 235.985;0;74.3739;
 
2872
ODIN:
Q 0;1.33257;1.92785;9.86701e-05;-0.985854;0.00581821;
Torque 6.49786e-06;3.06057;-2.15698;-0.0269805;-0.167842;-0.0225217;
MotorD 180;0;0.00433191;
 256.351;-0.00298588;1530.28;
 200.458;0;-1078.49;
 180.008;0;-26.6474;
 123.015;0;-49.6517;
 235.985;0;74.6758;
 
2872
LOKI:
Q -2.66316e-07;1.33257;1.92785;-9.68725e-05;-0.985855;0.0058175;
Torque 6.13613e-05;3.06057;-2.15701;0.0265468;-0.167054;-0.0221303;
MotorD 180;0;0.0409076;
 256.351;-0.00298602;1530.28;
 200.458;0;-1078.51;
 179.993;0;26.2191;
 123.015;0;-49.5771;
 235.985;0;74.1663;
 
2872
THOR:
Q 2.66316e-07;1.34332;2.28282;9.78712e-05;-0.647298;0.000220865;
Torque -6.95929e-05;2.55744;-1.64988;-0.0267779;0.237903;-0.0588622;
MotorD 180;0;-0.0463953;
 256.967;0.0015373;1278.72;
 220.796;0;-824.939;
 180.007;0;-26.4473;
 142.894;0;120.813;
 217.068;0;-55.411;
 
2904
FRIGG:
Q 2.66316e-07;1.33257;1.92785;-9.80709e-05;-0.985854;0.0058175;
Torque -7.05497e-05;3.06069;-2.15708;0.0268799;-0.16752;-0.0221932;
MotorD 180;0;-0.0470332;
 256.351;-0.00297863;1530.35;
 200.458;0;-1078.54;
 179.993;0;26.5481;
 123.015;0;-49.7148;
 235.985;0;74.3739;
 
2904
ODIN:
Q 0;1.33257;1.92785;9.86701e-05;-0.985854;0.00581821;
Torque 6.49786e-06;3.06057;-2.15698;-0.0269805;-0.167842;-0.0225217;
MotorD 180;0;0.00433191;
 256.351;-0.00298588;1530.28;
 200.458;0;-1078.49;
 180.008;0;-26.6474;
 123.015;0;-49.6517;
 235.985;0;74.6758;
 
2904
LOKI:
Q -2.66316e-07;1.33257;1.92785;-9.68725e-05;-0.985855;0.0058175;
Torque 6.13613e-05;3.06057;-2.15701;0.0265468;-0.167054;-0.0221303;
MotorD 180;0;0.0409076;
 256.351;-0.00298602;1530.28;
 200.458;0;-1078.51;
 179.993;0;26.2191;
 123.015;0;-49.5771;
 235.985;0;74.1663;
 
2904
THOR:
Q 2.66316e-07;1.34332;2.28281;9.7272e-05;-0.647293;0.000216515;
Torque -6.81534e-05;2.5571;-1.64951;-0.0265799;0.234712;-0.0574527;
MotorD 180;0;-0.0454356;
 256.967;0.00151648;1278.55;
 220.796;0;-824.756;
 180.007;0;-26.2517;
 142.894;0;118.848;
 217.069;0;-55.0121;
 
2945
FRIGG:
Q 2.66316e-07;1.33257;1.92785;-9.74717e-05;-0.985857;0.0058175;
Torque -7.05507e-05;3.06138;-2.15748;0.026681;-0.165349;-0.0219067;
MotorD 180;0;-0.0470338;
 256.351;-0.00293796;1530.69;
 200.458;0;-1078.74;
 179.993;0;26.3516;
 123.015;0;-49.0701;
 235.985;0;73.4109;
 
2945
ODIN:
Q 0;1.33257;1.92785;9.78712e-05;-0.985857;0.00581812;
Torque 6.45567e-06;3.06126;-2.15738;-0.0267808;-0.165669;-0.0222292;
MotorD 180;0;0.00430378;
 256.351;-0.00294612;1530.63;
 200.458;0;-1078.69;
 180.007;0;-26.4501;
 123.015;0;-49.0095;
 235.985;0;73.7086;
 
2945
LOKI:
Q -2.66316e-07;1.33257;1.92785;-9.62733e-05;-0.985858;0.00581745;
Torque 6.14278e-05;3.06122;-2.15741;0.0263502;-0.164881;-0.0218435;
MotorD 180;0;0.0409519;
 256.351;-0.00294599;1530.61;
 200.458;0;-1078.71;
 179.993;0;26.0249;
 123.015;0;-48.9318;
 235.986;0;73.2023;
 
2945
THOR:
Q 2.66316e-07;1.34332;2.28281;9.6473e-05;-0.647287;0.000212165;
Torque -6.68948e-05;2.55676;-1.64908;-0.0263835;0.23155;-0.0560789;
MotorD 180;0;-0.0445965;
 256.967;0.00149558;1278.38;
 220.796;0;-824.54;
 180.007;0;-26.0578;
 142.895;0;116.914;
 217.069;0;-54.6043;
 
2982
FRIGG:
Q 2.66316e-07;1.33257;1.92785;-9.66727e-05;-0.985861;0.00581741;
Torque -7.05326e-05;3.06204;-2.15784;0.0264835;-0.163176;-0.0216198;
MotorD 180;0;-0.0470218;
 256.351;-0.00289898;1531.02;
 200.458;0;-1078.92;
 179.993;0;26.1566;
 123.014;0;-48.4247;
 235.986;0;72.4467;
 
2982
ODIN:
Q 0;1.33257;1.92785;9.7272e-05;-0.98586;0.00581821;
Torque 6.42429e-06;3.06191;-2.15775;-0.0265824;-0.163493;-0.0219361;
MotorD 180;0;0.00428286;
 256.351;-0.00290737;1530.96;
 200.458;0;-1078.88;
 180.007;0;-26.2542;
 123.014;0;-48.3663;
 235.986;0;72.7398;
 
2982
LOKI:
Q -2.66316e-07;1.33257;1.92785;-9.54743e-05;-0.985861;0.0058175;
Torque 6.15021e-05;3.06191;-2.15781;0.0261552;-0.16275;-0.0215619;
MotorD 180;0;0.0410014;
 256.351;-0.00290721;1530.96;
 200.458;0;-1078.91;
 179.993;0;25.8323;
 123.014;0;-48.2988;
 235.986;0;72.2565;
 
2982
THOR:
Q 2.66316e-07;1.34332;2.28281;9.56741e-05;-0.647281;0.000207727;
Torque -6.55276e-05;2.55641;-1.64871;-0.0261884;0.228452;-0.05473;
MotorD 180;0;-0.0436851;
 256.967;0.00147578;1278.21;
 220.795;0;-824.357;
 180.007;0;-25.8651;
 142.896;0;115.018;
 217.069;0;-54.2065;
 
3023
FRIGG:
Q 2.66316e-07;1.33257;1.92785;-9.60735e-05;-0.985864;0.00581745;
Torque -7.05216e-05;3.06269;-2.15824;0.0262875;-0.161082;-0.0213433;
MotorD 180;0;-0.0470144;
 256.35;-0.00286087;1531.35;
 200.458;0;-1079.12;
 179.993;0;25.9629;
 123.014;0;-47.8028;
 235.986;0;71.5176;
 
3023
ODIN:
Q 0;1.33257;1.92785;9.6473e-05;-0.985863;0.00581821;
Torque 6.39354e-06;3.0626;-2.15815;-0.0263857;-0.16136;-0.021649;
MotorD 180;0;0.00426236;
 256.35;-0.00286836;1531.3;
 200.458;0;-1079.08;
 180.007;0;-26.0599;
 123.014;0;-47.7356;
 235.986;0;71.79;
 
3023
LOKI:
Q -2.66316e-07;1.33257;1.92785;-9.48751e-05;-0.985865;0.0058175;
Torque 6.15564e-05;3.06257;-2.15818;0.0259616;-0.160616;-0.0212804;
MotorD 180;0;0.0410376;
 256.35;-0.00286761;1531.28;
 200.458;0;-1079.09;
 179.993;0;25.641;
 123.014;0;-47.6651;
 235.986;0;71.3099;
 
3023
THOR:
Q 2.66316e-07;1.34332;2.28281;9.56741e-05;-0.647281;0.000207727;
Torque -6.55276e-05;2.55641;-1.64871;-0.0261884;0.228452;-0.05473;
MotorD 180;0;-0.0436851;
 256.967;0.00147578;1278.21;
 220.795;0;-824.357;
 180.007;0;-25.8651;
 142.896;0;115.018;
 217.069;0;-54.2065;
 
3064
FRIGG:
Q 2.66316e-07;1.33257;1.92785;-9.60735e-05;-0.985864;0.00581745;
Torque -7.05216e-05;3.06269;-2.15824;0.0262875;-0.161082;-0.0213433;
MotorD 180;0;-0.0470144;
 256.35;-0.00286087;1531.35;
 200.458;0;-1079.12;
 179.993;0;25.9629;
 123.014;0;-47.8028;
 235.986;0;71.5176;
 
3064
ODIN:
Q 0;1.33257;1.92785;9.6473e-05;-0.985863;0.00581821;
Torque 6.39354e-06;3.0626;-2.15815;-0.0263857;-0.16136;-0.021649;
MotorD 180;0;0.00426236;
 256.35;-0.00286836;1531.3;
 200.458;0;-1079.08;
 180.007;0;-26.0599;
 123.014;0;-47.7356;
 235.986;0;71.79;
 
3064
LOKI:
Q -2.66316e-07;1.33257;1.92785;-9.48751e-05;-0.985865;0.0058175;
Torque 6.15564e-05;3.06257;-2.15818;0.0259616;-0.160616;-0.0212804;
MotorD 180;0;0.0410376;
 256.35;-0.00286761;1531.28;
 200.458;0;-1079.09;
 179.993;0;25.641;
 123.014;0;-47.6651;
 235.986;0;71.3099;
 
3064
THOR:
Q 2.66316e-07;1.34332;2.28281;9.50749e-05;-0.647276;0.000203643;
Torque -6.42732e-05;2.55607;-1.64828;-0.0259948;0.225344;-0.0534203;
MotorD 180;0;-0.0428488;
 256.967;0.00145552;1278.03;
 220.795;0;-824.141;
 180.007;0;-25.6739;
 142.896;0;113.139;
 217.069;0;-53.7829;
 
3103
FRIGG:
Q 2.66316e-07;1.33256;1.92785;-9.52746e-05;-0.985867;0.0058175;
Torque -7.05123e-05;3.06335;-2.15861;0.0260929;-0.158949;-0.0210615;
MotorD 180;0;-0.0470082;
 256.35;-0.00282205;1531.67;
 200.458;0;-1079.31;
 179.993;0;25.7708;
 123.014;0;-47.1691;
 235.986;0;70.5707;
 
3103
ODIN:
Q 0;1.33256;1.92785;9.56741e-05;-0.985867;0.00581812;
Torque 6.3552e-06;3.06322;-2.15852;-0.0261903;-0.159263;-0.0213668;
MotorD 180;0;0.0042368;
 256.35;-0.0028299;1531.61;
 200.458;0;-1079.26;
 180.007;0;-25.8669;
 123.014;0;-47.1159;
 235.986;0;70.8567;
 
3103
LOKI:
Q -2.66316e-07;1.33256;1.92785;-9.40762e-05;-0.985868;0.0058175;
Torque 6.16332e-05;3.06322;-2.15858;0.0257693;-0.158521;-0.0210037;
MotorD 180;0;0.0410888;
 256.35;-0.00283012;1531.61;
 200.458;0;-1079.29;
 179.993;0;25.4512;
 123.014;0;-47.0429;
 235.986;0;70.3804;
 
3103
THOR:
Q 2.66316e-07;1.34333;2.28281;9.42759e-05;-0.64727;0.000199471;
Torque -6.2919e-05;2.55576;-1.64791;-0.0258026;0.222342;-0.0521287;
MotorD 180;0;-0.041946;
 256.967;0.00143603;1277.88;
 220.795;0;-823.957;
 180.007;0;-25.484;
 142.897;0;111.309;
 217.069;0;-53.3884;
 
3142
FRIGG:
Q 2.66316e-07;1.33256;1.92786;-9.46754e-05;-0.98587;0.0058175;
Torque -7.05046e-05;3.06397;-2.15898;0.0258997;-0.156894;-0.0207902;
MotorD 180;0;-0.0470031;
 256.35;-0.00278481;1531.99;
 200.458;0;-1079.49;
 179.993;0;25.58;
 123.014;0;-46.5587;
 235.986;0;69.6589;
 
3142
ODIN:
Q 0;1.33256;1.92785;9.50749e-05;-0.98587;0.00581812;
Torque 6.3251e-06;3.06388;-2.15889;-0.0259964;-0.157207;-0.02109;
MotorD 180;0;0.00421673;
 256.35;-0.00279167;1531.94;
 200.458;0;-1079.44;
 180.007;0;-25.6755;
 123.014;0;-46.5083;
 235.986;0;69.9416;
 
3142
LOKI:
Q -2.66316e-07;1.33256;1.92786;-9.3477e-05;-0.985871;0.0058175;
Torque 6.16902e-05;3.06385;-2.15895;0.0255785;-0.156466;-0.0207324;
MotorD 180;0;0.0411268;
 256.35;-0.00279179;1531.92;
 200.458;0;-1079.47;
 179.993;0;25.2627;
 123.014;0;-46.4324;
 235.986;0;69.4684;
 
3142
THOR:
Q 2.66316e-07;1.34333;2.28281;9.36767e-05;-0.647265;0.000195387;
Torque -6.17495e-05;2.55541;-1.64754;-0.0256119;0.219329;-0.050876;
MotorD 180;0;-0.0411663;
 256.967;0.00141617;1277.71;
 220.795;0;-823.772;
 180.007;0;-25.2957;
 142.898;0;109.497;
 217.069;0;-52.9685;
 
3172
FRIGG:
Q 2.66316e-07;1.33256;1.92786;-9.38764e-05;-0.985873;0.00581759;
Torque -7.04884e-05;3.06463;-2.15932;0.0257081;-0.154837;-0.0205185;
MotorD 180;0;-0.0469923;
 256.35;-0.00274706;1532.31;
 200.458;0;-1079.66;
 179.993;0;25.3907;
 123.014;0;-45.9481;
 235.986;0;68.7464;
 
3172
ODIN:
Q 0;1.33256;1.92786;9.42759e-05;-0.985873;0.00581821;
Torque 6.29726e-06;3.0645;-2.15926;-0.025804;-0.15515;-0.0208132;
MotorD 180;0;0.00419817;
 256.35;-0.00275455;1532.25;
 200.458;0;-1079.63;
 180.007;0;-25.4854;
 123.014;0;-45.9;
 235.986;0;69.0258;
 
3172
LOKI:
Q -2.66316e-07;1.33256;1.92786;-9.2678e-05;-0.985874;0.0058175;
Torque 6.17567e-05;3.0645;-2.15929;0.0253891;-0.15441;-0.0204607;
MotorD 180;0;0.0411712;
 256.35;-0.00275474;1532.25;
 200.458;0;-1079.64;
 179.993;0;25.0757;
 123.014;0;-45.8217;
 235.986;0;68.5558;
 
3172
THOR:
Q 2.66316e-07;1.34333;2.28281;9.36767e-05;-0.647265;0.000195387;
Torque -6.17495e-05;2.55541;-1.64754;-0.0256119;0.219329;-0.050876;
MotorD 180;0;-0.0411663;
 256.967;0.00141617;1277.71;
 220.795;0;-823.772;
 180.007;0;-25.2957;
 142.898;0;109.497;
 217.069;0;-52.9685;
 
3208
FRIGG:
Q 2.66316e-07;1.33256;1.92786;-9.38764e-05;-0.985873;0.00581759;
Torque -7.04884e-05;3.06463;-2.15932;0.0257081;-0.154837;-0.0205185;
MotorD 180;0;-0.0469923;
 256.35;-0.00274706;1532.31;
 200.458;0;-1079.66;
 179.993;0;25.3907;
 123.014;0;-45.9481;
 235.986;0;68.7464;
 
3208
ODIN:
Q 0;1.33256;1.92786;9.42759e-05;-0.985873;0.00581821;
Torque 6.29726e-06;3.0645;-2.15926;-0.025804;-0.15515;-0.0208132;
MotorD 180;0;0.00419817;
 256.35;-0.00275455;1532.25;
 200.458;0;-1079.63;
 180.007;0;-25.4854;
 123.014;0;-45.9;
 235.986;0;69.0258;
 
3208
LOKI:
Q -2.66316e-07;1.33256;1.92786;-9.2678e-05;-0.985874;0.0058175;
Torque 6.17567e-05;3.0645;-2.15929;0.0253891;-0.15441;-0.0204607;
MotorD 180;0;0.0411712;
 256.35;-0.00275474;1532.25;
 200.458;0;-1079.64;
 179.993;0;25.0757;
 123.014;0;-45.8217;
 235.986;0;68.5558;
 
3208
THOR:
Q 2.66316e-07;1.34333;2.28281;9.28777e-05;-0.647259;0.000191393;
Torque -6.05058e-05;2.5551;-1.64718;-0.0254225;0.216343;-0.049652;
MotorD 180;0;-0.0403372;
 256.967;0.0013971;1277.55;
 220.795;0;-823.588;
 180.007;0;-25.1087;
 142.898;0;107.711;
 217.069;0;-52.5426;
 
3253
FRIGG:
Q 2.66316e-07;1.33256;1.92786;-9.32772e-05;-0.985877;0.0058175;
Torque -7.04809e-05;3.06525;-2.15969;0.0255178;-0.152861;-0.0202574;
MotorD 180;0;-0.0469872;
 256.35;-0.00271018;1532.63;
 200.458;0;-1079.84;
 179.993;0;25.2028;
 123.013;0;-45.361;
 235.987;0;67.8693;
 
3253
ODIN:
Q 0;1.33256;1.92786;9.36767e-05;-0.985876;0.00581812;
Torque 6.26734e-06;3.06513;-2.15959;-0.025613;-0.153133;-0.0205415;
MotorD 180;0;0.00417823;
 256.35;-0.00271767;1532.56;
 200.458;0;-1079.8;
 180.007;0;-25.2968;
 123.013;0;-45.3038;
 235.987;0;68.1277;
 
3253
LOKI:
Q -2.66316e-07;1.33256;1.92786;-9.20788e-05;-0.985877;0.00581754;
Torque 6.18056e-05;3.06513;-2.15966;0.0252012;-0.152434;-0.0201999;
MotorD 180;0;0.0412037;
 256.35;-0.00271734;1532.56;
 200.458;0;-1079.83;
 179.993;0;24.8901;
 123.013;0;-45.2348;
 235.987;0;67.6791;
 
3253
THOR:
Q 2.66316e-07;1.34333;2.2828;9.22785e-05;-0.647254;0.000187575;
Torque -5.92126e-05;2.55479;-1.64687;-0.0252345;0.213423;-0.0484496;
MotorD 180;0;-0.039475;
 256.967;0.00137842;1277.4;
 220.795;0;-823.436;
 180.007;0;-24.9229;
 142.899;0;105.962;
 217.069;0;-52.1292;
 
3289
FRIGG:
Q 2.66316e-07;1.33255;1.92786;-9.24783e-05;-0.98588;0.00581759;
Torque -7.04662e-05;3.06585;-2.16002;0.0253289;-0.150843;-0.0199909;
MotorD 180;0;-0.0469775;
 256.35;-0.00267498;1532.92;
 200.458;0;-1080.01;
 179.993;0;25.0161;
 123.013;0;-44.7618;
 235.987;0;66.9739;
 
3289
ODIN:
Q 0;1.33255;1.92786;9.28777e-05;-0.985879;0.00581812;
Torque 6.22708e-06;3.06575;-2.15993;-0.0254234;-0.151153;-0.020275;
MotorD 180;0;0.00415139;
 256.35;-0.00268112;1532.88;
 200.458;0;-1079.97;
 180.007;0;-25.1095;
 123.013;0;-44.7185;
 235.987;0;67.2464;
 
3289
LOKI:
Q -2.66316e-07;1.33255;1.92786;-9.12798e-05;-0.98588;0.00581759;
Torque 6.18601e-05;3.06575;-2.15999;0.0250146;-0.150455;-0.0199385;
MotorD 180;0;0.0412401;
 256.35;-0.00268123;1532.88;
 200.458;0;-1080;
 179.993;0;24.7058;
 123.013;0;-44.647;
 235.987;0;66.8009;
 
3289
THOR:
Q 2.66316e-07;1.34333;2.2828;9.16793e-05;-0.647249;0.000183758;
Torque -5.80966e-05;2.55448;-1.6465;-0.025048;0.210536;-0.0472782;
MotorD 180;0;-0.0387311;
 256.967;0.00135965;1277.24;
 220.795;0;-823.251;
 180.007;0;-24.7387;
 142.9;0;104.242;
 217.069;0;-51.7105;
 
3328
FRIGG:
Q 2.66316e-07;1.33255;1.92786;-9.18791e-05;-0.985883;0.0058175;
Torque -7.04578e-05;3.06647;-2.16036;0.0251414;-0.148904;-0.0197348;
MotorD 180;0;-0.0469719;
 256.35;-0.00263867;1533.24;
 200.458;0;-1080.18;
 179.993;0;24.831;
 123.013;0;-44.186;
 235.987;0;66.1136;
 
3328
ODIN:
Q 0;1.33255;1.92786;9.22785e-05;-0.985882;0.00581812;
Torque 6.20135e-06;3.06638;-2.16027;-0.0252352;-0.149173;-0.0200088;
MotorD 180;0;0.00413423;
 256.35;-0.00264604;1533.19;
 200.458;0;-1080.13;
 180.007;0;-24.9236;
 123.013;0;-44.1331;
 235.987;0;66.3651;
 
3328
LOKI:
Q -2.66316e-07;1.33255;1.92786;-9.06806e-05;-0.985883;0.00581754;
Torque 6.19287e-05;3.06635;-2.16033;0.0248294;-0.148476;-0.019677;
MotorD 180;0;0.0412858;
 256.35;-0.00264576;1533.17;
 200.458;0;-1080.17;
 179.993;0;24.5228;
 123.013;0;-44.0595;
 235.987;0;65.9229;
 
3328
THOR:
Q 2.66316e-07;1.34333;2.2828;9.08804e-05;-0.647244;0.000180118;
Torque -5.69432e-05;2.55417;-1.64613;-0.0248628;0.207675;-0.0461338;
MotorD 180;0;-0.0379621;
 256.967;0.00134125;1277.08;
 220.795;0;-823.066;
 180.007;0;-24.5558;
 142.9;0;102.547;
 217.069;0;-51.2868;
 
3365
FRIGG:
Q 2.66316e-07;1.33255;1.92786;-9.10801e-05;-0.985886;0.0058175;
Torque -7.04439e-05;3.06706;-2.1607;0.0249553;-0.146965;-0.0194788;
MotorD 180;0;-0.0469626;
 256.349;-0.00260329;1533.53;
 200.458;0;-1080.35;
 179.993;0;24.6473;
 123.013;0;-43.61;
 235.987;0;65.2531;
 
3365
ODIN:
Q 0;1.33255;1.92786;9.16793e-05;-0.985885;0.00581812;
Torque 6.1723e-06;3.06697;-2.16061;-0.0250484;-0.147232;-0.0197475;
MotorD 180;0;0.00411487;
 256.349;-0.00261047;1533.49;
 200.458;0;-1080.3;
 180.007;0;-24.7391;
 123.013;0;-43.5595;
 235.987;0;65.5012;
 
3365
LOKI:
Q -2.66316e-07;1.33255;1.92786;-9.00814e-05;-0.985886;0.0058175;
Torque 6.19857e-05;3.06694;-2.16067;0.0246455;-0.146576;-0.0194261;
MotorD 180;0;0.0413238;
 256.349;-0.00261068;1533.47;
 200.458;0;-1080.33;
 179.993;0;24.3412;
 123.013;0;-43.495;
 235.987;0;65.0796;
 
3365
THOR:
Q 2.66316e-07;1.34333;2.2828;9.02812e-05;-0.647239;0.00017639;
Torque -5.5829e-05;2.55385;-1.64583;-0.024679;0.204885;-0.0450119;
MotorD 180;0;-0.0372193;
 256.967;0.00132294;1276.93;
 220.795;0;-822.913;
 180.007;0;-24.3743;
 142.901;0;100.89;
 217.069;0;-50.8767;
 
3405
FRIGG:
Q 2.66316e-07;1.33255;1.92786;-9.04809e-05;-0.985889;0.0058175;
Torque -7.04268e-05;3.06766;-2.16101;0.0247706;-0.145064;-0.0192276;
MotorD 180;0;-0.0469512;
 256.349;-0.00256853;1533.83;
 200.458;0;-1080.5;
 179.993;0;24.4648;
 123.013;0;-43.0455;
 235.987;0;64.4096;
 
3405
ODIN:
Q 0;1.33255;1.92786;9.08804e-05;-0.985888;0.00581812;
Torque 6.13417e-06;3.06756;-2.16095;-0.0248629;-0.145329;-0.0194914;
MotorD 180;0;0.00408945;
 256.349;-0.00257575;1533.78;
 200.458;0;-1080.47;
 180.007;0;-24.5559;
 123.013;0;-42.9968;
 235.987;0;64.654;
 
3405
LOKI:
Q -2.66316e-07;1.33255;1.92786;-8.92825e-05;-0.985889;0.0058175;
Torque 6.20372e-05;3.06753;-2.16098;0.0244631;-0.144676;-0.0191751;
MotorD 180;0;0.0413581;
 256.349;-0.00257584;1533.77;
 200.458;0;-1080.49;
 179.993;0;24.161;
 123.013;0;-42.931;
 235.987;0;64.2366;
 
3405
THOR:
Q 2.66316e-07;1.34333;2.2828;9.02812e-05;-0.647239;0.00017639;
Torque -5.5829e-05;2.55385;-1.64583;-0.024679;0.204885;-0.0450119;
MotorD 180;0;-0.0372193;
 256.967;0.00132294;1276.93;
 220.795;0;-822.913;
 180.007;0;-24.3743;
 142.901;0;100.89;
 217.069;0;-50.8767;
 
3443
FRIGG:
Q 2.66316e-07;1.33255;1.92786;-9.04809e-05;-0.985889;0.0058175;
Torque -7.04268e-05;3.06766;-2.16101;0.0247706;-0.145064;-0.0192276;
MotorD 180;0;-0.0469512;
 256.349;-0.00256853;1533.83;
 200.458;0;-1080.5;
 179.993;0;24.4648;
 123.013;0;-43.0455;
 235.987;0;64.4096;
 
3443
ODIN:
Q 0;1.33255;1.92786;9.08804e-05;-0.985888;0.00581812;
Torque 6.13417e-06;3.06756;-2.16095;-0.0248629;-0.145329;-0.0194914;
MotorD 180;0;0.00408945;
 256.349;-0.00257575;1533.78;
 200.458;0;-1080.47;
 180.007;0;-24.5559;
 123.013;0;-42.9968;
 235.987;0;64.654;
 
3443
LOKI:
Q -2.66316e-07;1.33255;1.92786;-8.92825e-05;-0.985889;0.0058175;
Torque 6.20372e-05;3.06753;-2.16098;0.0244631;-0.144676;-0.0191751;
MotorD 180;0;0.0413581;
 256.349;-0.00257584;1533.77;
 200.458;0;-1080.49;
 179.993;0;24.161;
 123.013;0;-42.931;
 235.987;0;64.2366;
 
3443
THOR:
Q 2.66316e-07;1.34333;2.2828;8.94822e-05;-0.647234;0.000172928;
Torque -5.47017e-05;2.55357;-1.64552;-0.0244965;0.202082;-0.0439199;
MotorD 180;0;-0.0364678;
 256.967;0.00130486;1276.79;
 220.795;0;-822.76;
 180.007;0;-24.1941;
 142.901;0;99.2451;
 217.069;0;-50.4453;
 
3480
FRIGG:
Q 2.66316e-07;1.33254;1.92786;-8.96819e-05;-0.985891;0.00581759;
Torque -7.04027e-05;3.06822;-2.16135;0.0245872;-0.143202;-0.0189816;
MotorD 180;0;-0.0469351;
 256.349;-0.00253431;1534.11;
 200.458;0;-1080.67;
 179.993;0;24.2836;
 123.013;0;-42.4925;
 235.987;0;63.5832;
 
3480
ODIN:
Q 0;1.33254;1.92786;9.02812e-05;-0.985891;0.00581812;
Torque 6.11018e-06;3.06816;-2.16125;-0.0246788;-0.143467;-0.019241;
MotorD 180;0;0.00407345;
 256.349;-0.00254169;1534.08;
 200.458;0;-1080.63;
 180.007;0;-24.3742;
 123.013;0;-42.4466;
 235.987;0;63.8254;
 
3480
LOKI:
Q -2.66316e-07;1.33254;1.92786;-8.86833e-05;-0.985892;0.00581754;
Torque 6.20864e-05;3.06813;-2.16131;0.024282;-0.142776;-0.018924;
MotorD 180;0;0.0413909;
 256.349;-0.0025408;1534.06;
 200.458;0;-1080.66;
 179.993;0;23.9822;
 123.013;0;-42.3667;
 235.987;0;63.3933;
 
3480
THOR:
Q 2.66316e-07;1.34334;2.2828;8.8883e-05;-0.647229;0.000169377;
Torque -5.354e-05;2.55326;-1.64515;-0.0243153;0.199348;-0.0428482;
MotorD 180;0;-0.0356933;
 256.967;0.0012875;1276.63;
 220.795;0;-822.575;
 180.007;0;-24.0151;
 142.902;0;97.6371;
 217.069;0;-50.0281;
 
3519
FRIGG:
Q 2.66316e-07;1.33254;1.92787;-8.90827e-05;-0.985894;0.00581759;
Torque -7.04e-05;3.06881;-2.16165;0.0244052;-0.141341;-0.0187355;
MotorD 180;0;-0.0469333;
 256.349;-0.00250095;1534.41;
 200.459;0;-1080.83;
 179.993;0;24.1039;
 123.012;0;-41.9399;
 235.988;0;62.7571;
 
3519
ODIN:
Q 0;1.33254;1.92787;8.94822e-05;-0.985894;0.00581807;
Torque 6.07979e-06;3.06872;-2.16156;-0.0244962;-0.141605;-0.0189903;
MotorD 180;0;0.00405319;
 256.349;-0.00250711;1534.36;
 200.459;0;-1080.78;
 180.007;0;-24.1938;
 123.012;0;-41.8959;
 235.988;0;62.9963;
 
3519
LOKI:
Q -2.66316e-07;1.33254;1.92787;-8.80841e-05;-0.985895;0.00581759;
Torque 6.21312e-05;3.06869;-2.16162;0.0241022;-0.140953;-0.0186833;
MotorD 180;0;0.0414208;
 256.349;-0.00250691;1534.34;
 200.459;0;-1080.81;
 179.993;0;23.8046;
 123.012;0;-41.8252;
 235.988;0;62.5844;
 
3519
THOR:
Q 2.66316e-07;1.34334;2.2828;8.82838e-05;-0.647224;0.000165915;
Torque -5.24591e-05;2.55298;-1.64484;-0.0241356;0.196645;-0.0418019;
MotorD 180;0;-0.0349727;
 256.967;0.00127;1276.49;
 220.795;0;-822.421;
 180.007;0;-23.8376;
 142.903;0;96.0548;
 217.069;0;-49.6083;
 
3559
FRIGG:
Q 2.66316e-07;1.33254;1.92787;-8.84835e-05;-0.985897;0.0058175;
Torque -7.03796e-05;3.06937;-2.16193;0.0242245;-0.139518;-0.0184947;
MotorD 180;0;-0.0469197;
 256.349;-0.00246774;1534.69;
 200.459;0;-1080.96;
 179.993;0;23.9255;
 123.012;0;-41.3983;
 235.988;0;61.9481;
 
3560
ODIN:
Q 0;1.33254;1.92787;8.8883e-05;-0.985897;0.00581803;
Torque 6.05076e-06;3.06928;-2.16187;-0.0243149;-0.139781;-0.0187451;
MotorD 180;0;0.00403384;
 256.349;-0.00247395;1534.64;
 200.459;0;-1080.93;
 180.007;0;-24.0147;
 123.012;0;-41.3568;
 235.988;0;62.1846;
 
3560
LOKI:
Q -2.66316e-07;1.33254;1.92787;-8.72851e-05;-0.985898;0.00581754;
Torque 6.2181e-05;3.06928;-2.16193;0.0239238;-0.139131;-0.0184424;
MotorD 180;0;0.041454;
 256.349;-0.00247337;1534.64;
 200.459;0;-1080.96;
 179.993;0;23.6284;
 123.012;0;-41.2841;
 235.988;0;61.7756;
 
3560
THOR:
Q 2.66316e-07;1.34334;2.2828;8.76846e-05;-0.647219;0.000162542;
Torque -5.14464e-05;2.5527;-1.64454;-0.023957;0.193971;-0.0407808;
MotorD 180;0;-0.0342976;
 256.968;0.00125303;1276.35;
 220.795;0;-822.268;
 180.007;0;-23.6613;
 142.903;0;94.4972;
 217.069;0;-49.1852;
 
3599
FRIGG:
Q 2.66316e-07;1.33254;1.92787;-8.78843e-05;-0.9859;0.00581759;
Torque -7.03539e-05;3.06994;-2.16224;0.0240452;-0.137693;-0.0182535;
MotorD 180;0;-0.0469026;
 256.349;-0.00243487;1534.97;
 200.459;0;-1081.12;
 179.993;0;23.7483;
 123.012;0;-40.8565;
 235.988;0;61.1382;
 
3599
ODIN:
Q 0;1.33254;1.92787;8.82838e-05;-0.9859;0.00581812;
Torque 6.01825e-06;3.06984;-2.16217;-0.0241348;-0.137955;-0.0184995;
MotorD 180;0;0.00401216;
 256.349;-0.00244106;1534.92;
 200.459;0;-1081.09;
 180.007;0;-23.8369;
 123.012;0;-40.8169;
 235.988;0;61.3719;
 
3599
LOKI:
Q -2.66316e-07;1.33254;1.92787;-8.66859e-05;-0.9859;0.00581759;
Torque 6.22385e-05;3.06984;-2.16221;0.0237466;-0.137307;-0.0182014;
MotorD 180;0;0.0414923;
 256.349;-0.00244055;1534.92;
 200.459;0;-1081.1;
 179.993;0;23.4534;
 123.012;0;-40.7424;
 235.988;0;60.9662;
 
3599
THOR:
Q 2.66316e-07;1.34334;2.2828;8.76846e-05;-0.647219;0.000162542;
Torque -5.14464e-05;2.5527;-1.64454;-0.023957;0.193971;-0.0407808;
MotorD 180;0;-0.0342976;
 256.968;0.00125303;1276.35;
 220.795;0;-822.268;
 180.007;0;-23.6613;
 142.903;0;94.4972;
 217.069;0;-49.1852;
 
3636
FRIGG:
Q 2.66316e-07;1.33254;1.92787;-8.78843e-05;-0.9859;0.00581759;
Torque -7.03539e-05;3.06994;-2.16224;0.0240452;-0.137693;-0.0182535;
MotorD 180;0;-0.0469026;
 256.349;-0.00243487;1534.97;
 200.459;0;-1081.12;
 179.993;0;23.7483;
 123.012;0;-40.8565;
 235.988;0;61.1382;
 
3636
ODIN:
Q 0;1.33254;1.92787;8.82838e-05;-0.9859;0.00581812;
Torque 6.01825e-06;3.06984;-2.16217;-0.0241348;-0.137955;-0.0184995;
MotorD 180;0;0.00401216;
 256.349;-0.00244106;1534.92;
 200.459;0;-1081.09;
 180.007;0;-23.8369;
 123.012;0;-40.8169;
 235.988;0;61.3719;
 
3636
LOKI:
Q -2.66316e-07;1.33254;1.92787;-8.66859e-05;-0.9859;0.00581759;
Torque 6.22385e-05;3.06984;-2.16221;0.0237466;-0.137307;-0.0182014;
MotorD 180;0;0.0414923;
 256.349;-0.00244055;1534.92;
 200.459;0;-1081.1;
 179.993;0;23.4534;
 123.012;0;-40.7424;
 235.988;0;60.9662;
 
3636
THOR:
Q 2.66316e-07;1.34334;2.28279;8.68856e-05;-0.647215;0.000159346;
Torque -5.04583e-05;2.55242;-1.64423;-0.02378;0.19129;-0.0397887;
MotorD 180;0;-0.0336389;
 256.968;0.00123574;1276.21;
 220.794;0;-822.114;
 180.007;0;-23.4864;
 142.904;0;92.9529;
 217.069;0;-48.7432;
 
3677
FRIGG:
Q 2.66316e-07;1.33254;1.92787;-8.70854e-05;-0.985903;0.00581759;
Torque -7.03422e-05;3.0705;-2.16254;0.0238672;-0.135909;-0.0180178;
MotorD 180;0;-0.0468948;
 256.349;-0.00240221;1535.25;
 200.459;0;-1081.27;
 179.993;0;23.5725;
 123.012;0;-40.3268;
 235.988;0;60.3466;
 
3677
ODIN:
Q 0;1.33254;1.92787;8.76846e-05;-0.985902;0.00581812;
Torque 5.99851e-06;3.07041;-2.16245;-0.0239561;-0.136169;-0.0182593;
MotorD 180;0;0.00399901;
 256.349;-0.00240874;1535.2;
 200.459;0;-1081.22;
 180.007;0;-23.6603;
 123.012;0;-40.289;
 235.988;0;60.5771;
 
3677
LOKI:
Q -2.66316e-07;1.33254;1.92787;-8.60867e-05;-0.985903;0.00581759;
Torque 6.22881e-05;3.07037;-2.16251;0.0235708;-0.135563;-0.017971;
MotorD 180;0;0.0415254;
 256.349;-0.00240772;1535.19;
 200.459;0;-1081.26;
 179.993;0;23.2798;
 123.012;0;-40.2245;
 235.988;0;60.1922;
 
3677
THOR:
Q 2.66316e-07;1.34334;2.28279;8.62864e-05;-0.64721;0.000156061;
Torque -4.94623e-05;2.55214;-1.64398;-0.0236042;0.188717;-0.0388104;
MotorD 180;0;-0.0329749;
 256.968;0.00121899;1276.07;
 220.794;0;-821.992;
 180.007;0;-23.3128;
 142.904;0;91.4564;
 217.069;0;-48.3338;
 
3714
FRIGG:
Q 2.66316e-07;1.33253;1.92787;-8.64862e-05;-0.985905;0.00581759;
Torque -7.03293e-05;3.07103;-2.16282;0.0236905;-0.134164;-0.0177873;
MotorD 180;0;-0.0468862;
 256.349;-0.00237013;1535.51;
 200.459;0;-1081.41;
 179.993;0;23.3981;
 123.012;0;-39.8087;
 235.988;0;59.5723;
 
3714
ODIN:
Q 0;1.33253;1.92787;8.68856e-05;-0.985905;0.00581812;
Torque 5.96036e-06;3.07094;-2.16276;-0.0237787;-0.134423;-0.0180244;
MotorD 180;0;0.00397357;
 256.349;-0.00237661;1535.47;
 200.459;0;-1081.38;
 180.007;0;-23.4852;
 123.012;0;-39.7728;
 235.988;0;59.7999;
 
3714
LOKI:
Q -2.66316e-07;1.33253;1.92787;-8.54875e-05;-0.985906;0.00581759;
Torque 6.23384e-05;3.07094;-2.16279;0.0233963;-0.133818;-0.0177405;
MotorD 180;0;0.0415589;
 256.349;-0.00237572;1535.47;
 200.459;0;-1081.39;
 179.993;0;23.1074;
 123.012;0;-39.7063;
 235.988;0;59.4179;
 
3714
THOR:
Q 2.66316e-07;1.34334;2.28279;8.56872e-05;-0.647205;0.000152865;
Torque -4.84406e-05;2.55186;-1.64368;-0.0234296;0.186133;-0.0378586;
MotorD 180;0;-0.0322937;
 256.968;0.00120237;1275.93;
 220.794;0;-821.839;
 180.007;0;-23.1403;
 142.905;0;89.9707;
 217.069;0;-47.9056;
 
3758
FRIGG:
Q 2.66316e-07;1.33253;1.92787;-8.58869e-05;-0.985908;0.00581759;
Torque -7.03175e-05;3.07156;-2.1631;0.0235152;-0.13242;-0.0175566;
MotorD 180;0;-0.0468784;
 256.348;-0.00233808;1535.78;
 200.459;0;-1081.55;
 179.993;0;23.2249;
 123.012;0;-39.2907;
 235.988;0;58.798;
 
3758
ODIN:
Q 0;1.33253;1.92787;8.62864e-05;-0.985908;0.00581812;
Torque 5.93779e-06;3.0715;-2.16303;-0.0236028;-0.132677;-0.0177894;
MotorD 180;0;0.00395852;
 256.348;-0.00234458;1535.75;
 200.459;0;-1081.52;
 180.007;0;-23.3114;
 123.012;0;-39.2565;
 235.988;0;59.0225;
 
3758
LOKI:
Q -2.66316e-07;1.33253;1.92787;-8.48883e-05;-0.985908;0.00581759;
Torque 6.23839e-05;3.07147;-2.16306;0.023223;-0.132071;-0.0175095;
MotorD 180;0;0.0415893;
 256.348;-0.00234404;1535.73;
 200.459;0;-1081.53;
 179.994;0;22.9363;
 123.012;0;-39.1876;
 235.988;0;58.6426;
 
3758
THOR:
Q 2.66316e-07;1.34382;2.27799;8.5088e-05;-0.655483;0.000149847;
Torque -0.000105329;6.77129;-4.96337;-0.0232651;-7.64601;-1.08086;
MotorD 180;0;-0.070219;
 256.995;1.63756;3385.64;
 220.519;0;-2481.68;
 180.007;0;-22.9779;
 142.431;0;-2231.38;
 217.544;0;3432.34;
 
3798
FRIGG:
Q 1.33158e-06;1.33253;1.92787;-8.4289e-05;-0.98591;0.00581759;
Torque -0.00123491;3.07199;-2.16327;0.0226029;-0.130829;-0.017384;
MotorD 180;0;-0.823273;
 256.348;-0.0021835;1536;
 200.459;0;-1081.63;
 179.994;0;22.3238;
 123.012;0;-38.7973;
 235.989;0;58.1129;
 
3798
ODIN:
Q 0;1.33253;1.92787;8.56872e-05;-0.985911;0.00581803;
Torque 2.39768e-05;3.07485;-2.16615;-0.023415;-0.128496;-0.0172288;
MotorD 180;0;0.0159846;
 256.348;-0.00617014;1537.43;
 200.459;0;-1083.08;
 180.007;0;-23.1259;
 123.011;0;-38.0196;
 235.989;0;57.1627;
 
3798
LOKI:
Q -1.33158e-06;1.33253;1.92787;-8.5088e-05;-0.985911;0.0058175;
Torque 0.00123113;3.0721;-2.16344;0.0237894;-0.130251;-0.0172321;
MotorD 180;0;0.820751;
 256.348;-0.00243912;1536.05;
 200.459;0;-1081.72;
 179.993;0;23.4957;
 123.011;0;-38.6677;
 235.989;0;57.8145;
 
3798
THOR:
Q 2.66316e-07;1.34382;2.27799;8.5088e-05;-0.655483;0.000149847;
Torque -0.000105329;6.77129;-4.96337;-0.0232651;-7.64601;-1.08086;
MotorD 180;0;-0.070219;
 256.995;1.63756;3385.64;
 220.519;0;-2481.68;
 180.007;0;-22.9779;
 142.431;0;-2231.38;
 217.544;0;3432.34;
 
3831
FRIGG:
Q 1.33158e-06;1.33253;1.92787;-8.4289e-05;-0.98591;0.00581759;
Torque -0.00123491;3.07199;-2.16327;0.0226029;-0.130829;-0.017384;
MotorD 180;0;-0.823273;
 256.348;-0.0021835;1536;
 200.459;0;-1081.63;
 179.994;0;22.3238;
 123.012;0;-38.7973;
 235.989;0;58.1129;
 
3831
ODIN:
Q 0;1.33253;1.92787;8.56872e-05;-0.985911;0.00581803;
Torque 2.39768e-05;3.07485;-2.16615;-0.023415;-0.128496;-0.0172288;
MotorD 180;0;0.0159846;
 256.348;-0.00617014;1537.43;
 200.459;0;-1083.08;
 180.007;0;-23.1259;
 123.011;0;-38.0196;
 235.989;0;57.1627;
 
3831
LOKI:
Q -1.33158e-06;1.33253;1.92787;-8.5088e-05;-0.985911;0.0058175;
Torque 0.00123113;3.0721;-2.16344;0.0237894;-0.130251;-0.0172321;
MotorD 180;0;0.820751;
 256.348;-0.00243912;1536.05;
 200.459;0;-1081.72;
 179.993;0;23.4957;
 123.011;0;-38.6677;
 235.989;0;57.8145;
 
3831
THOR:
Q 2.66316e-07;1.34651;2.26951;8.44888e-05;-0.672425;0.000146829;
Torque -0.000113426;6.07816;-4.47602;-0.0230991;-3.67435;-0.550065;
MotorD 180;0;-0.0756173;
 257.149;4.28512;3039.08;
 220.034;0;-2238.01;
 180.006;0;-22.8139;
 141.46;0;-1055.28;
 218.514;0;1666.46;
 
3871
FRIGG:
Q 2.39684e-06;1.33253;1.92787;-8.34901e-05;-0.985913;0.00581759;
Torque -0.000663642;3.07264;-2.16367;0.0229661;-0.129027;-0.0170461;
MotorD 180;0;-0.442428;
 256.348;-0.00237857;1536.32;
 200.459;0;-1081.83;
 179.994;0;22.6826;
 123.011;0;-38.3176;
 235.989;0;57.2577;
 
3871
ODIN:
Q 0;1.33252;1.92788;8.5088e-05;-0.985914;0.00581807;
Torque 3.72404e-05;3.07364;-2.16483;-0.0232351;-0.128155;-0.0171819;
MotorD 180;0;0.0248269;
 256.348;-0.00200265;1536.82;
 200.459;0;-1082.41;
 180.007;0;-22.9482;
 123.011;0;-37.9192;
 235.989;0;57.0101;
 
3871
LOKI:
Q -2.13053e-06;1.33253;1.92787;-8.46885e-05;-0.985914;0.00581759;
Torque 0.000656089;3.07251;-2.1636;0.0230824;-0.128716;-0.0171285;
MotorD 180;0;0.437392;
 256.348;-0.00218069;1536.25;
 200.459;0;-1081.8;
 179.994;0;22.7974;
 123.011;0;-38.1569;
 235.989;0;57.1885;
 
3871
THOR:
Q 5.32632e-07;1.3511;2.2601;8.38896e-05;-0.69279;0.000143811;
Torque -9.94945e-05;5.6185;-4.29881;-0.0229222;-2.08622;-0.337095;
MotorD 180;0;-0.0663297;
 257.413;6.04088;2809.25;
 219.494;0;-2149.41;
 180.006;0;-22.6392;
 140.294;0;-585.4;
 219.682;0;959.95;
 
3913
FRIGG:
Q 1.5979e-06;1.33253;1.92787;-8.32904e-05;-0.985916;0.0058175;
Torque 0.000289318;3.07324;-2.16399;0.0232991;-0.127277;-0.0168118;
MotorD 180;0;0.192878;
 256.348;-0.00241983;1536.62;
 200.459;0;-1081.99;
 179.994;0;23.0115;
 123.011;0;-37.7995;
 235.989;0;56.4794;
 
3913
ODIN:
Q 0;1.33252;1.92788;8.4289e-05;-0.985916;0.00581803;
Torque 2.726e-05;3.07209;-2.16293;-0.0230719;-0.128368;-0.0172102;
MotorD 180;0;0.0181733;
 256.348;0.00101306;1536.04;
 200.459;0;-1081.47;
 180.006;0;-22.7871;
 123.011;0;-37.9826;
 235.989;0;57.1051;
 
3913
LOKI:
Q -1.33158e-06;1.33253;1.92787;-8.34901e-05;-0.985916;0.00581768;
Torque -0.000297648;3.07294;-2.16377;0.0224086;-0.127129;-0.0169215;
MotorD 180;0;-0.198432;
 256.348;-0.00207889;1536.47;
 200.459;0;-1081.88;
 179.994;0;22.1319;
 123.011;0;-37.684;
 235.989;0;56.4857;
 
3913
THOR:
Q 5.32632e-07;1.35691;2.25022;8.32904e-05;-0.714505;0.000140881;
Torque -7.14039e-05;5.32709;-4.18387;-0.0227401;-1.48649;-0.255936;
MotorD 180;0;-0.0476026;
 257.745;7.15399;2663.54;
 218.928;0;-2091.93;
 180.006;0;-22.4594;
 139.05;0;-408.365;
 220.926;0;692.739;
 
3952
FRIGG:
Q 2.66316e-07;1.33252;1.92788;-8.34901e-05;-0.985918;0.0058175;
Torque 0.000768846;3.07372;-2.16424;0.023295;-0.125663;-0.0166335;
MotorD 180;0;0.512564;
 256.348;-0.00228586;1536.86;
 200.459;0;-1082.12;
 179.994;0;23.0074;
 123.011;0;-37.3011;
 235.989;0;55.7828;
 
3952
ODIN:
Q 0;1.33252;1.92788;8.36898e-05;-0.985918;0.00581803;
Torque -9.01392e-07;3.07178;-2.16226;-0.0229183;-0.127558;-0.0171013;
MotorD 180;0;-0.000600928;
 256.348;0.00105029;1535.89;
 200.459;0;-1081.13;
 180.006;0;-22.6354;
 123.011;0;-37.7429;
 235.989;0;56.7444;
 
3952
LOKI:
Q 0;1.33252;1.92788;-8.20919e-05;-0.985919;0.00581768;
Torque -0.000776842;3.07349;-2.16407;0.0220744;-0.125486;-0.0166692;
MotorD 180;0;-0.517895;
 256.348;-0.00215143;1536.74;
 200.459;0;-1082.03;
 179.994;0;21.8019;
 123.011;0;-37.2155;
 235.989;0;55.7368;
 
3952
THOR:
Q 5.32632e-07;1.35691;2.25022;8.32904e-05;-0.714505;0.000140881;
Torque -7.14039e-05;5.32709;-4.18387;-0.0227401;-1.48649;-0.255936;
MotorD 180;0;-0.0476026;
 257.745;7.15399;2663.54;
 218.928;0;-2091.93;
 180.006;0;-22.4594;
 139.05;0;-408.365;
 220.926;0;692.739;
 
3991
FRIGG:
Q 2.66316e-07;1.33252;1.92788;-8.34901e-05;-0.985918;0.0058175;
Torque 0.000768846;3.07372;-2.16424;0.023295;-0.125663;-0.0166335;
MotorD 180;0;0.512564;
 256.348;-0.00228586;1536.86;
 200.459;0;-1082.12;
 179.994;0;23.0074;
 123.011;0;-37.3011;
 235.989;0;55.7828;
 
3991
ODIN:
Q 0;1.33252;1.92788;8.36898e-05;-0.985918;0.00581803;
Torque -9.01392e-07;3.07178;-2.16226;-0.0229183;-0.127558;-0.0171013;
MotorD 180;0;-0.000600928;
 256.348;0.00105029;1535.89;
 200.459;0;-1081.13;
 180.006;0;-22.6354;
 123.011;0;-37.7429;
 235.989;0;56.7444;
 
3991
LOKI:
Q 0;1.33252;1.92788;-8.20919e-05;-0.985919;0.00581768;
Torque -0.000776842;3.07349;-2.16407;0.0220744;-0.125486;-0.0166692;
MotorD 180;0;-0.517895;
 256.348;-0.00215143;1536.74;
 200.459;0;-1082.03;
 179.994;0;21.8019;
 123.011;0;-37.2155;
 235.989;0;55.7368;
 
3991
THOR:
Q 2.66316e-07;1.36353;2.23999;8.24914e-05;-0.736693;0.000138041;
Torque -4.56581e-05;5.12337;-4.08714;-0.0225622;-1.30556;-0.230643;
MotorD 180;0;-0.0304387;
 258.124;7.93215;2561.68;
 218.342;0;-2043.57;
 180.006;0;-22.2837;
 137.779;0;-355.407;
 222.198;0;611.677;
 
4035
FRIGG:
Q -7.98948e-07;1.33252;1.92788;-8.32904e-05;-0.985921;0.00581759;
Torque 0.000701414;3.07415;-2.16442;0.0230157;-0.124146;-0.0164643;
MotorD 180;0;0.467609;
 256.348;-0.00212484;1537.08;
 200.459;0;-1082.21;
 179.994;0;22.7316;
 123.011;0;-36.8332;
 235.989;0;55.1269;
 
4035
ODIN:
Q 0;1.33252;1.92787;8.30906e-05;-0.98592;0.00581803;
Torque -2.66842e-05;3.0726;-2.16283;-0.0227613;-0.12568;-0.0168486;
MotorD 180;0;-0.0177895;
 256.348;-0.000637115;1536.3;
 200.459;0;-1081.42;
 180.006;0;-22.4803;
 123.011;0;-37.1877;
 235.989;0;55.9083;
 
4035
LOKI:
Q 1.06526e-06;1.33252;1.92788;-8.10933e-05;-0.985921;0.00581763;
Torque -0.00070905;3.07406;-2.16438;0.0220179;-0.123785;-0.0164131;
MotorD 180;0;-0.4727;
 256.348;-0.00225234;1537.03;
 200.459;0;-1082.19;
 179.994;0;21.746;
 123.011;0;-36.728;
 235.989;0;54.9648;
 
4035
THOR:
Q 2.66316e-07;1.37073;2.22946;8.18922e-05;-0.758979;0.0001352;
Torque -3.56019e-05;4.96406;-4.00087;-0.0223944;-1.30489;-0.229407;
MotorD 180;0;-0.0237346;
 258.537;8.54067;2482.03;
 217.739;0;-2000.43;
 180.006;0;-22.1179;
 136.502;0;-355.844;
 223.475;0;610.74;
 
4073
FRIGG:
Q -1.06526e-06;1.33252;1.92788;-8.28909e-05;-0.985923;0.00581763;
Torque 0.000344079;3.07459;-2.1646;0.0226284;-0.122588;-0.0162723;
MotorD 180;0;0.229386;
 256.348;-0.00204219;1537.3;
 200.459;0;-1082.3;
 179.994;0;22.3491;
 123.011;0;-36.3627;
 235.989;0;54.4431;
 
4073
ODIN:
Q 0;1.33252;1.92787;8.24914e-05;-0.985922;0.00581803;
Torque -3.42031e-05;3.07394;-2.16393;-0.0225937;-0.123371;-0.0165377;
MotorD 180;0;-0.0228021;
 256.348;-0.00245514;1536.97;
 200.459;0;-1081.96;
 180.006;0;-22.3148;
 123.011;0;-36.5053;
 235.989;0;54.8805;
 
4073
LOKI:
Q 1.33158e-06;1.33252;1.92788;-8.02943e-05;-0.985924;0.00581763;
Torque -0.000352111;3.07462;-2.16469;0.0220718;-0.122162;-0.0161845;
MotorD 180;0;-0.234741;
 256.348;-0.00227672;1537.31;
 200.459;0;-1082.35;
 179.994;0;21.7993;
 123.011;0;-36.2538;
 235.989;0;54.2366;
 
4073
THOR:
Q 2.66316e-07;1.37842;2.21866;8.1293e-05;-0.781205;0.000132537;
Torque -4.28613e-05;4.83216;-3.92191;-0.0222361;-1.38148;-0.238498;
MotorD 180;0;-0.0285742;
 258.978;9.04449;2416.08;
 217.12;0;-1960.96;
 180.006;0;-21.9616;
 135.229;0;-379.159;
 224.748;0;644.157;
 
4109
FRIGG:
Q -7.98948e-07;1.33252;1.92788;-8.20919e-05;-0.985925;0.00581763;
Torque -8.90697e-06;3.07508;-2.16483;0.0222854;-0.12102;-0.0160618;
MotorD 180;0;-0.00593798;
 256.348;-0.00205109;1537.54;
 200.459;0;-1082.42;
 179.994;0;22.0102;
 123.011;0;-35.8991;
 235.989;0;53.7455;
 
4109
ODIN:
Q 2.66316e-07;1.33252;1.92788;8.18922e-05;-0.985924;0.00581803;
Torque -2.18234e-05;3.07518;-2.16496;-0.0224172;-0.121119;-0.0162343;
MotorD 180;0;-0.0145489;
 256.348;-0.00342016;1537.59;
 200.459;0;-1082.48;
 180.006;0;-22.1404;
 123.011;0;-35.8397;
 235.989;0;53.8779;
 
4109
LOKI:
Q 1.06526e-06;1.33252;1.92788;-7.98948e-05;-0.985926;0.00581763;
Torque 7.97399e-07;3.0751;-2.16492;0.0220838;-0.120587;-0.0159794;
MotorD 180;0;0.0005316;
 256.348;-0.00221049;1537.55;
 200.459;0;-1082.46;
 179.994;0;21.8112;
 123.011;0;-35.7845;
 235.989;0;53.5394;
 
4109
THOR:
Q 2.66316e-07;1.38651;2.20761;8.06938e-05;-0.803303;0.000129785;
Torque -5.89063e-05;4.71895;-3.85052;-0.0220818;-1.48845;-0.251662;
MotorD 180;0;-0.0392709;
 259.441;9.47691;2359.47;
 216.487;0;-1925.26;
 180.006;0;-21.8091;
 133.963;0;-411.465;
 226.015;0;691.089;
 
4147
FRIGG:
Q -7.98948e-07;1.33252;1.92788;-8.20919e-05;-0.985925;0.00581763;
Torque -8.90697e-06;3.07508;-2.16483;0.0222854;-0.12102;-0.0160618;
MotorD 180;0;-0.00593798;
 256.348;-0.00205109;1537.54;
 200.459;0;-1082.42;
 179.994;0;22.0102;
 123.011;0;-35.8991;
 235.989;0;53.7455;
 
4147
ODIN:
Q 2.66316e-07;1.33252;1.92788;8.18922e-05;-0.985924;0.00581803;
Torque -2.18234e-05;3.07518;-2.16496;-0.0224172;-0.121119;-0.0162343;
MotorD 180;0;-0.0145489;
 256.348;-0.00342016;1537.59;
 200.459;0;-1082.48;
 180.006;0;-22.1404;
 123.011;0;-35.8397;
 235.989;0;53.8779;
 
4147
LOKI:
Q 1.06526e-06;1.33252;1.92788;-7.98948e-05;-0.985926;0.00581763;
Torque 7.97399e-07;3.0751;-2.16492;0.0220838;-0.120587;-0.0159794;
MotorD 180;0;0.0005316;
 256.348;-0.00221049;1537.55;
 200.459;0;-1082.46;
 179.994;0;21.8112;
 123.011;0;-35.7845;
 235.989;0;53.5394;
 
4147
THOR:
Q 2.66316e-07;1.38651;2.20761;8.06938e-05;-0.803303;0.000129785;
Torque -5.89063e-05;4.71895;-3.85052;-0.0220818;-1.48845;-0.251662;
MotorD 180;0;-0.0392709;
 259.441;9.47691;2359.47;
 216.487;0;-1925.26;
 180.006;0;-21.8091;
 133.963;0;-411.465;
 226.015;0;691.089;
 
4185
FRIGG:
Q -2.66316e-07;1.33252;1.92788;-8.10933e-05;-0.985928;0.00581763;
Torque -0.000196003;3.07562;-2.16512;0.0220484;-0.119431;-0.0158406;
MotorD 180;0;-0.130669;
 256.348;-0.00209938;1537.81;
 200.459;0;-1082.56;
 179.994;0;21.7762;
 123.011;0;-35.4334;
 235.99;0;53.034;
 
4185
ODIN:
Q 2.66316e-07;1.33252;1.92788;8.1293e-05;-0.985927;0.00581812;
Torque -2.274e-07;3.07599;-2.16556;-0.022239;-0.119247;-0.0159826;
MotorD 180;0;-0.0001516;
 256.348;-0.00341757;1537.99;
 200.459;0;-1082.78;
 180.006;0;-21.9645;
 123.01;0;-35.2863;
 235.989;0;53.0448;
 
4185
LOKI:
Q 5.32632e-07;1.33252;1.92788;-7.96951e-05;-0.985928;0.00581763;
Torque 0.00018779;3.07556;-2.16516;0.0219924;-0.119074;-0.0157904;
MotorD 180;0;0.125193;
 256.348;-0.00210572;1537.78;
 200.459;0;-1082.58;
 179.994;0;21.7209;
 123.01;0;-35.3289;
 235.99;0;52.8738;
 
4185
THOR:
Q 2.66316e-07;1.39496;2.19633;8.00946e-05;-0.82525;0.00012721;
Torque -7.24367e-05;4.61971;-3.78696;-0.0219258;-1.60287;-0.265841;
MotorD 180;0;-0.0482911;
 259.925;9.85599;2309.85;
 215.841;0;-1893.48;
 180.006;0;-21.6551;
 132.706;0;-445.965;
 227.272;0;741.343;
 
4227
FRIGG:
Q 0;1.33251;1.92788;-8.02943e-05;-0.98593;0.00581759;
Torque -0.000199205;3.07612;-2.1654;0.021908;-0.117887;-0.0156253;
MotorD 180;0;-0.132803;
 256.347;-0.00212868;1538.06;
 200.459;0;-1082.7;
 179.994;0;21.6376;
 123.01;0;-34.9809;
 235.99;0;52.3424;
 
4228
ODIN:
Q 0;1.33251;1.92788;8.06938e-05;-0.98593;0.00581803;
Torque 1.73386e-05;3.07642;-2.16577;-0.022066;-0.117707;-0.0157759;
MotorD 180;0;0.0115591;
 256.347;-0.00282068;1538.21;
 200.459;0;-1082.88;
 180.006;0;-21.7936;
 123.01;0;-34.8307;
 235.99;0;52.3595;
 
4228
LOKI:
Q 0;1.33251;1.92788;-7.92956e-05;-0.985931;0.00581759;
Torque 0.000191188;3.076;-2.16534;0.0218067;-0.117594;-0.0156057;
MotorD 180;0;0.127459;
 256.347;-0.00202012;1538;
 200.459;0;-1082.67;
 179.994;0;21.5375;
 123.01;0;-34.8835;
 235.99;0;52.2232;
 
4228
THOR:
Q 2.66316e-07;1.40372;2.18486;7.94954e-05;-0.847044;0.000124636;
Torque -7.62748e-05;4.53077;-3.7317;-0.021765;-1.71558;-0.279811;
MotorD 180;0;-0.0508499;
 260.427;10.1957;2265.39;
 215.183;0;-1865.85;
 180.006;0;-21.4963;
 131.457;0;-479.949;
 228.521;0;790.85;
 
4267
FRIGG:
Q 2.66316e-07;1.33251;1.92788;-7.96951e-05;-0.985933;0.00581759;
Torque -9.50917e-05;3.07662;-2.16562;0.0218121;-0.116326;-0.015413;
MotorD 180;0;-0.0633945;
 256.347;-0.00211086;1538.31;
 200.459;0;-1082.81;
 179.994;0;21.5428;
 123.01;0;-34.5208;
 235.99;0;51.6464;
 
4267
ODIN:
Q 0;1.33251;1.92788;8.00946e-05;-0.985932;0.00581803;
Torque 2.30809e-05;3.07664;-2.16572;-0.0219016;-0.116423;-0.0156039;
MotorD 180;0;0.0153873;
 256.347;-0.00214028;1538.32;
 200.459;0;-1082.86;
 180.006;0;-21.6312;
 123.01;0;-34.4509;
 235.99;0;51.7886;
 
4267
LOKI:
Q 0;1.33251;1.92788;-7.86964e-05;-0.985933;0.00581768;
Torque 8.7752e-05;3.07646;-2.16555;0.021579;-0.116089;-0.0154127;
MotorD 180;0;0.0585013;
 256.347;-0.00198305;1538.23;
 200.459;0;-1082.77;
 179.994;0;21.3126;
 123.01;0;-34.4333;
 235.99;0;51.5584;
 
4267
THOR:
Q 2.66316e-07;1.41276;2.17321;7.88961e-05;-0.868691;0.000122062;
Torque -7.03983e-05;4.45004;-3.68408;-0.0216005;-1.82188;-0.29295;
MotorD 180;0;-0.0469322;
 260.945;10.5041;2225.02;
 214.516;0;-1842.04;
 180.006;0;-21.3338;
 130.217;0;-512.021;
 229.762;0;837.521;
 
4307
FRIGG:
Q 2.66316e-07;1.33251;1.92788;-7.90959e-05;-0.985935;0.00581759;
Torque 2.39083e-05;3.07708;-2.16585;0.0217122;-0.114865;-0.0152197;
MotorD 180;0;0.0159389;
 256.347;-0.00205338;1538.54;
 200.46;0;-1082.92;
 179.994;0;21.4442;
 123.01;0;-34.0873;
 235.99;0;50.998;
 
4307
ODIN:
Q 0;1.33251;1.92788;7.94954e-05;-0.985935;0.00581799;
Torque 1.7335e-05;3.07686;-2.1657;-0.0217439;-0.115152;-0.0154335;
MotorD 180;0;0.0115566;
 256.347;-0.00170326;1538.43;
 200.46;0;-1082.85;
 180.006;0;-21.4754;
 123.01;0;-34.0747;
 235.99;0;51.2231;
 
4307
LOKI:
Q 0;1.33251;1.92788;-7.80972e-05;-0.985935;0.00581768;
Torque -3.09022e-05;3.07691;-2.16578;0.0213577;-0.114602;-0.0152162;
MotorD 180;0;-0.0206015;
 256.347;-0.0019852;1538.46;
 200.459;0;-1082.89;
 179.994;0;21.094;
 123.01;0;-33.9918;
 235.99;0;50.8987;
 
4307
THOR:
Q 2.66316e-07;1.42205;2.16142;7.84967e-05;-0.890201;0.000119576;
Torque -5.93596e-05;4.37551;-3.6436;-0.0214353;-1.92011;-0.305033;
MotorD 180;0;-0.0395731;
 261.478;10.7888;2187.75;
 213.84;0;-1821.8;
 180.006;0;-21.1706;
 128.985;0;-541.691;
 230.994;0;880.616;
 
4346
FRIGG:
Q 0;1.33251;1.92788;-7.86964e-05;-0.985937;0.00581759;
Torque 9.52e-05;3.07752;-2.16604;0.0215809;-0.113413;-0.015031;
MotorD 180;0;0.0634667;
 256.347;-0.00198492;1538.76;
 200.46;0;-1083.02;
 179.994;0;21.3145;
 123.01;0;-33.6543;
 235.99;0;50.3554;
 
4346
ODIN:
Q 0;1.33251;1.92788;7.88961e-05;-0.985937;0.00581799;
Torque 6.21165e-06;3.07719;-2.16577;-0.0215893;-0.113804;-0.0152525;
MotorD 180;0;0.0041411;
 256.347;-0.00160038;1538.6;
 200.46;0;-1082.89;
 180.006;0;-21.3228;
 123.01;0;-33.6759;
 235.99;0;50.6231;
 
4346
LOKI:
Q 0;1.33251;1.92788;-7.7498e-05;-0.985938;0.00581768;
Torque -0.000102264;3.0774;-2.16601;0.0211702;-0.113147;-0.0150204;
MotorD 180;0;-0.068176;
 256.347;-0.00199998;1538.7;
 200.46;0;-1083.01;
 179.994;0;20.9088;
 123.01;0;-33.5615;
 235.99;0;50.2508;
 
4346
THOR:
Q 2.66316e-07;1.42205;2.16142;7.84967e-05;-0.890201;0.000119576;
Torque -5.93596e-05;4.37551;-3.6436;-0.0214353;-1.92011;-0.305033;
MotorD 180;0;-0.0395731;
 261.478;10.7888;2187.75;
 213.84;0;-1821.8;
 180.006;0;-21.1706;
 128.985;0;-541.691;
 230.994;0;880.616;
 
4388
FRIGG:
Q 0;1.33251;1.92788;-7.86964e-05;-0.985937;0.00581759;
Torque 9.52e-05;3.07752;-2.16604;0.0215809;-0.113413;-0.015031;
MotorD 180;0;0.0634667;
 256.347;-0.00198492;1538.76;
 200.46;0;-1083.02;
 179.994;0;21.3145;
 123.01;0;-33.6543;
 235.99;0;50.3554;
 
4388
ODIN:
Q 0;1.33251;1.92788;7.88961e-05;-0.985937;0.00581799;
Torque 6.21165e-06;3.07719;-2.16577;-0.0215893;-0.113804;-0.0152525;
MotorD 180;0;0.0041411;
 256.347;-0.00160038;1538.6;
 200.46;0;-1082.89;
 180.006;0;-21.3228;
 123.01;0;-33.6759;
 235.99;0;50.6231;
 
4388
LOKI:
Q 0;1.33251;1.92788;-7.7498e-05;-0.985938;0.00581768;
Torque -0.000102264;3.0774;-2.16601;0.0211702;-0.113147;-0.0150204;
MotorD 180;0;-0.068176;
 256.347;-0.00199998;1538.7;
 200.46;0;-1083.01;
 179.994;0;20.9088;
 123.01;0;-33.5615;
 235.99;0;50.2508;
 
4388
THOR:
Q 2.66316e-07;1.432;2.15014;7.78975e-05;-0.911375;0.000117179;
Torque -4.75322e-05;3.94287;-2.29166;-0.0212741;-2.46987;-0.377344;
MotorD 180;0;-0.0316881;
 262.048;12.4413;1971.44;
 213.194;0;-1145.83;
 180.006;0;-21.0114;
 127.772;0;-705.133;
 232.208;0;1124.4;
 
4428
FRIGG:
Q 0;1.33251;1.92788;-7.80972e-05;-0.985939;0.00581763;
Torque -3.11393e-05;3.07794;-2.16623;0.0213487;-0.111999;-0.0148401;
MotorD 180;0;-0.0207596;
 256.347;-0.00191437;1538.97;
 200.46;0;-1083.12;
 179.994;0;21.0852;
 123.01;0;-33.2367;
 235.99;0;49.7257;
 
4428
ODIN:
Q 0;1.33251;1.92788;7.82969e-05;-0.985939;0.00581803;
Torque -2.26967e-06;3.07795;-2.16634;-0.0214327;-0.112071;-0.0150195;
MotorD 180;0;-0.00151312;
 256.347;-0.00218217;1538.97;
 200.46;0;-1083.17;
 180.006;0;-21.1681;
 123.01;0;-33.1637;
 235.99;0;49.8521;
 
4428
LOKI:
Q 2.66316e-07;1.33251;1.92788;-7.68988e-05;-0.98594;0.00581763;
Torque 2.40193e-05;3.07786;-2.16626;0.0210858;-0.11165;-0.0148263;
MotorD 180;0;0.0160129;
 256.347;-0.0020175;1538.93;
 200.46;0;-1083.13;
 179.994;0;20.8255;
 123.01;0;-33.115;
 235.99;0;49.5886;
 
4428
THOR:
Q 2.66316e-07;1.44398;2.14172;7.72983e-05;-0.931513;0.000114871;
Torque -4.02792e-05;3.32386;-1.88473;-0.0211151;-3.24716;-0.48001;
MotorD 180;0;-0.0268528;
 262.734;14.8058;1661.93;
 212.712;0;-942.367;
 180.006;0;-20.8544;
 126.618;0;-935.978;
 233.362;0;1469.32;
 
4469
FRIGG:
Q 0;1.33251;1.92788;-7.7498e-05;-0.985942;0.00581768;
Torque 0.000186257;3.0784;-2.16648;0.0213865;-0.110529;-0.0146133;
MotorD 180;0;0.124172;
 256.347;-0.00194568;1539.2;
 200.46;0;-1083.24;
 179.994;0;21.1224;
 123.01;0;-32.8182;
 235.99;0;49.0552;
 
4469
ODIN:
Q 0;1.33251;1.92788;7.76977e-05;-0.985941;0.00581803;
Torque -5.87766e-06;3.07776;-2.16595;-0.0212756;-0.111134;-0.014893;
MotorD 180;0;-0.00391844;
 256.347;-0.00108362;1538.88;
 200.46;0;-1082.97;
 180.006;0;-21.013;
 123.01;0;-32.8869;
 235.99;0;49.4346;
 
4469
LOKI:
Q 2.66316e-07;1.33251;1.92788;-7.62996e-05;-0.985942;0.00581768;
Torque -0.000193199;3.0783;-2.16644;0.0207339;-0.110249;-0.0146736;
MotorD 180;0;-0.1288;
 256.347;-0.00193416;1539.15;
 200.46;0;-1083.22;
 179.994;0;20.4779;
 123.01;0;-32.6812;
 235.99;0;48.9851;
 
4469
THOR:
Q 2.66316e-07;1.45766;2.13604;7.6699e-05;-0.950809;0.000112519;
Torque -3.42761e-05;2.92081;-1.76051;-0.0209564;-3.73619;-0.544262;
MotorD 180;0;-0.0228508;
 263.518;16.3453;1460.41;
 212.386;0;-880.255;
 180.006;0;-20.6977;
 125.513;0;-1081.41;
 234.468;0;1686.14;
 
4496
FRIGG:
Q -5.32632e-07;1.3325;1.92789;-7.72983e-05;-0.985944;0.00581754;
Torque 0.000406124;3.07885;-2.1667;0.0213259;-0.109128;-0.0144392;
MotorD 180;0;0.270749;
 256.347;-0.00193354;1539.42;
 200.46;0;-1083.35;
 179.994;0;21.0626;
 123.01;0;-32.396;
 235.99;0;48.4395;
 
4496
ODIN:
Q 0;1.33251;1.92788;7.72983e-05;-0.985943;0.00581799;
Torque -1.00038e-05;3.07777;-2.16568;-0.0211208;-0.110181;-0.0147645;
MotorD 180;0;-0.00666921;
 256.347;-0.000728826;1538.88;
 200.46;0;-1082.84;
 180.006;0;-20.8601;
 123.01;0;-32.6053;
 235.99;0;49.0103;
 
4496
LOKI:
Q 5.32632e-07;1.3325;1.92788;-7.53009e-05;-0.985944;0.00581768;
Torque -0.000413306;3.07873;-2.16661;0.0204827;-0.108859;-0.0144783;
MotorD 180;0;-0.275537;
 256.347;-0.00189379;1539.36;
 200.46;0;-1083.31;
 179.994;0;20.2298;
 123.01;0;-32.2747;
 235.99;0;48.3617;
 
4496
THOR:
Q 2.66316e-07;1.47235;2.13233;7.60998e-05;-0.96962;0.000110255;
Torque -3.02535e-05;2.69289;-1.74786;-0.0208003;-3.99346;-0.577632;
MotorD 180;0;-0.020169;
 264.36;17.2159;1346.44;
 212.173;0;-873.929;
 180.006;0;-20.5435;
 124.435;0;-1158.15;
 235.546;0;1799.97;
 
4524
FRIGG:
Q -7.98948e-07;1.3325;1.92789;-7.68988e-05;-0.985946;0.00581754;
Torque 0.000363913;3.07927;-2.16687;0.0211108;-0.107749;-0.014275;
MotorD 180;0;0.242609;
 256.347;-0.00187807;1539.63;
 200.46;0;-1083.43;
 179.994;0;20.8502;
 123.009;0;-31.9766;
 235.991;0;47.8378;
 
4525
ODIN:
Q 0;1.33251;1.92788;7.6699e-05;-0.985945;0.00581799;
Torque -1.24795e-05;3.07835;-2.16603;-0.0209656;-0.108681;-0.0145628;
MotorD 180;0;-0.00831967;
 256.347;-0.00141414;1539.17;
 200.46;0;-1083.01;
 180.006;0;-20.7068;
 123.009;0;-32.1619;
 235.99;0;48.3429;
 
4525
LOKI:
Q 1.06526e-06;1.3325;1.92789;-7.47017e-05;-0.985946;0.00581768;
Torque -0.000370865;3.07918;-2.16685;0.0203883;-0.107484;-0.0142782;
MotorD 180;0;-0.247244;
 256.347;-0.001898;1539.59;
 200.46;0;-1083.42;
 179.994;0;20.1366;
 123.009;0;-31.8767;
 235.991;0;47.7413;
 
4525
THOR:
Q 2.66316e-07;1.47235;2.13233;7.60998e-05;-0.96962;0.000110255;
Torque -3.02535e-05;2.69289;-1.74786;-0.0208003;-3.99346;-0.577632;
MotorD 180;0;-0.020169;
 264.36;17.2159;1346.44;
 212.173;0;-873.929;
 180.006;0;-20.5435;
 124.435;0;-1158.15;
 235.546;0;1799.97;
 
4566
FRIGG:
Q -7.98948e-07;1.3325;1.92789;-7.68988e-05;-0.985946;0.00581754;
Torque 0.000363913;3.07927;-2.16687;0.0211108;-0.107749;-0.014275;
MotorD 180;0;0.242609;
 256.347;-0.00187807;1539.63;
 200.46;0;-1083.43;
 179.994;0;20.8502;
 123.009;0;-31.9766;
 235.991;0;47.8378;
 
4566
ODIN:
Q 0;1.33251;1.92788;7.6699e-05;-0.985945;0.00581799;
Torque -1.24795e-05;3.07835;-2.16603;-0.0209656;-0.108681;-0.0145628;
MotorD 180;0;-0.00831967;
 256.347;-0.00141414;1539.17;
 200.46;0;-1083.01;
 180.006;0;-20.7068;
 123.009;0;-32.1619;
 235.99;0;48.3429;
 
4566
LOKI:
Q 1.06526e-06;1.3325;1.92789;-7.47017e-05;-0.985946;0.00581768;
Torque -0.000370865;3.07918;-2.16685;0.0203883;-0.107484;-0.0142782;
MotorD 180;0;-0.247244;
 256.347;-0.001898;1539.59;
 200.46;0;-1083.42;
 179.994;0;20.1366;
 123.009;0;-31.8767;
 235.991;0;47.7413;
 
4566
THOR:
Q 2.66316e-07;1.4876;2.12999;7.55006e-05;-0.9882;0.000108036;
Torque -3.11767e-05;2.58202;-1.80115;-0.0206486;-4.09776;-0.590625;
MotorD 180;0;-0.0207845;
 265.233;17.6394;1291.01;
 212.039;0;-900.575;
 180.006;0;-20.3937;
 123.371;0;-1189.56;
 236.61;0;1845.81;
 
4605
FRIGG:
Q -7.98948e-07;1.3325;1.92789;-7.62996e-05;-0.985948;0.00581768;
Torque 0.000146731;3.07969;-2.16704;0.0208256;-0.106406;-0.0141072;
MotorD 180;0;0.0978203;
 256.347;-0.00183009;1539.85;
 200.46;0;-1083.52;
 179.994;0;20.5685;
 123.009;0;-31.5722;
 235.991;0;47.2469;
 
4605
ODIN:
Q 0;1.3325;1.92788;7.60998e-05;-0.985947;0.00581803;
Torque -9.56024e-06;3.07928;-2.16671;-0.0208083;-0.106888;-0.0143218;
MotorD 180;0;-0.00637349;
 256.347;-0.00232071;1539.64;
 200.46;0;-1083.35;
 180.006;0;-20.5514;
 123.009;0;-31.6315;
 235.991;0;47.5447;
 
4605
LOKI:
Q 1.06526e-06;1.3325;1.92789;-7.41025e-05;-0.985948;0.00581768;
Torque -0.000154286;3.07963;-2.16707;0.0203662;-0.106073;-0.0140819;
MotorD 180;0;-0.102857;
 256.347;-0.0018958;1539.82;
 200.46;0;-1083.54;
 179.994;0;20.1148;
 123.009;0;-31.4632;
 235.991;0;47.1098;
 
4605
THOR:
Q 2.66316e-07;1.50306;2.12859;7.49014e-05;-1.00671;0.000105727;
Torque -3.71939e-05;2.54799;-1.89032;-0.0205008;-4.10374;-0.590528;
MotorD 180;0;-0.0247959;
 266.119;17.7694;1273.99;
 211.959;0;-945.162;
 180.006;0;-20.2477;
 122.311;0;-1191.83;
 237.671;0;1847.98;
 
4638
FRIGG:
Q -5.32632e-07;1.3325;1.92789;-7.55006e-05;-0.98595;0.00581763;
Torque -8.1544e-05;3.0801;-2.16723;0.0205563;-0.105048;-0.0139281;
MotorD 180;0;-0.0543627;
 256.347;-0.0018098;1540.05;
 200.46;0;-1083.61;
 179.994;0;20.3025;
 123.009;0;-31.1688;
 235.991;0;46.6445;
 
4638
ODIN:
Q 0;1.3325;1.92789;7.55006e-05;-0.985949;0.00581803;
Torque -1.16016e-06;3.08016;-2.16739;-0.0206492;-0.105099;-0.0140817;
MotorD 180;0;-0.00077344;
 256.347;-0.00284064;1540.08;
 200.46;0;-1083.69;
 180.006;0;-20.3942;
 123.009;0;-31.1024;
 235.991;0;46.7487;
 
4638
LOKI:
Q 7.98948e-07;1.3325;1.92789;-7.3703e-05;-0.985951;0.00581768;
Torque 7.47258e-05;3.08004;-2.16726;0.0203307;-0.104716;-0.0139015;
MotorD 180;0;0.0498172;
 256.347;-0.00186646;1540.02;
 200.46;0;-1083.63;
 179.994;0;20.0797;
 123.009;0;-31.0606;
 235.991;0;46.5067;
 
4638
THOR:
Q 2.66316e-07;1.51856;2.12783;7.45019e-05;-1.02526;0.000103686;
Torque -4.4993e-05;2.56258;-1.99818;-0.0203545;-4.05033;-0.58253;
MotorD 180;0;-0.0299953;
 267.007;17.7136;1281.29;
 211.916;0;-999.09;
 180.006;0;-20.1032;
 121.248;0;-1176.49;
 238.734;0;1823.75;
 
4680
FRIGG:
Q 0;1.3325;1.92789;-7.47017e-05;-0.985952;0.00581759;
Torque -0.000215174;3.08052;-2.16742;0.0203511;-0.103717;-0.0137467;
MotorD 180;0;-0.143449;
 256.346;-0.00180852;1540.26;
 200.46;0;-1083.71;
 179.994;0;20.0999;
 123.009;0;-30.7767;
 235.991;0;46.0508;
 
4680
ODIN:
Q 0;1.3325;1.92789;7.49014e-05;-0.985952;0.00581803;
Torque 8.80956e-06;3.08082;-2.16783;-0.0204911;-0.10353;-0.0138708;
MotorD 180;0;0.00587304;
 256.347;-0.0028054;1540.41;
 200.46;0;-1083.92;
 180.006;0;-20.2381;
 123.009;0;-30.6383;
 235.991;0;46.0504;
 
4680
LOKI:
Q 2.66316e-07;1.3325;1.92789;-7.35032e-05;-0.985952;0.00581768;
Torque 0.000208262;3.08046;-2.16743;0.0202332;-0.103411;-0.0137345;
MotorD 180;0;0.138841;
 256.346;-0.00181804;1540.23;
 200.46;0;-1083.71;
 179.994;0;19.9834;
 123.009;0;-30.6701;
 235.991;0;45.9306;
 
4680
THOR:
Q 2.66316e-07;1.53395;2.1275;7.39027e-05;-1.04391;0.0001016;
Torque -5.03458e-05;2.60558;-2.11614;-0.0202071;-3.96312;-0.570042;
MotorD 180;0;-0.0335638;
 267.889;17.5494;1302.79;
 211.897;0;-1058.07;
 180.006;0;-19.9576;
 120.18;0;-1151.13;
 239.803;0;1784.51;
 
4723
FRIGG:
Q 2.66316e-07;1.3325;1.92789;-7.41025e-05;-0.985954;0.00581759;
Torque -0.000233543;3.08094;-2.16765;0.0202076;-0.102385;-0.0135645;
MotorD 180;0;-0.155695;
 256.346;-0.00180631;1540.47;
 200.46;0;-1083.83;
 179.994;0;19.9581;
 123.009;0;-30.3846;
 235.991;0;45.4563;
 
4723
ODIN:
Q 0;1.3325;1.92789;7.43022e-05;-0.985954;0.00581799;
Torque 1.56728e-05;3.08122;-2.16801;-0.0203363;-0.102219;-0.013695;
MotorD 180;0;0.0104485;
 256.346;-0.00240473;1540.61;
 200.46;0;-1084.01;
 180.006;0;-20.0853;
 123.009;0;-30.2504;
 235.991;0;45.4671;
 
4723
LOKI:
Q 0;1.3325;1.92789;-7.31038e-05;-0.985955;0.00581768;
Torque 0.000226769;3.08085;-2.1676;0.0200763;-0.102104;-0.0135674;
MotorD 180;0;0.151179;
 256.346;-0.00177245;1540.43;
 200.46;0;-1083.8;
 179.994;0;19.8284;
 123.009;0;-30.2788;
 235.991;0;45.3537;
 
4723
THOR:
Q 2.66316e-07;1.53395;2.1275;7.39027e-05;-1.04391;0.0001016;
Torque -5.03458e-05;2.60558;-2.11614;-0.0202071;-3.96312;-0.570042;
MotorD 180;0;-0.0335638;
 267.889;17.5494;1302.79;
 211.897;0;-1058.07;
 180.006;0;-19.9576;
 120.18;0;-1151.13;
 239.803;0;1784.51;
 
4759
FRIGG:
Q 2.66316e-07;1.3325;1.92789;-7.41025e-05;-0.985954;0.00581759;
Torque -0.000233543;3.08094;-2.16765;0.0202076;-0.102385;-0.0135645;
MotorD 180;0;-0.155695;
 256.346;-0.00180631;1540.47;
 200.46;0;-1083.83;
 179.994;0;19.9581;
 123.009;0;-30.3846;
 235.991;0;45.4563;
 
4760
ODIN:
Q 0;1.3325;1.92789;7.43022e-05;-0.985954;0.00581799;
Torque 1.56728e-05;3.08122;-2.16801;-0.0203363;-0.102219;-0.013695;
MotorD 180;0;0.0104485;
 256.346;-0.00240473;1540.61;
 200.46;0;-1084.01;
 180.006;0;-20.0853;
 123.009;0;-30.2504;
 235.991;0;45.4671;
 
4760
LOKI:
Q 0;1.3325;1.92789;-7.31038e-05;-0.985955;0.00581768;
Torque 0.000226769;3.08085;-2.1676;0.0200763;-0.102104;-0.0135674;
MotorD 180;0;0.151179;
 256.346;-0.00177245;1540.43;
 200.46;0;-1083.8;
 179.994;0;19.8284;
 123.009;0;-30.2788;
 235.991;0;45.3537;
 
4760
THOR:
Q 2.66316e-07;1.54914;2.12741;7.33035e-05;-1.0627;9.95135e-05;
Torque -5.09397e-05;2.68293;-2.16783;-0.0200573;-3.83462;-0.552065;
MotorD 180;0;-0.0339598;
 268.759;17.2539;1341.47;
 211.892;0;-1083.92;
 180.006;0;-19.8097;
 119.103;0;-1113.53;
 240.879;0;1726.93;
 
4800
FRIGG:
Q 5.32632e-07;1.33249;1.92789;-7.35032e-05;-0.985956;0.00581759;
Torque -0.000170213;3.08138;-2.16784;0.0201004;-0.101063;-0.0133869;
MotorD 180;0;-0.113476;
 256.346;-0.00178672;1540.69;
 200.46;0;-1083.92;
 179.994;0;19.8522;
 123.009;0;-29.9935;
 235.991;0;44.8678;
 
4800
ODIN:
Q 0;1.33249;1.92789;7.39027e-05;-0.985956;0.00581794;
Torque 1.66949e-05;3.08147;-2.16803;-0.0201862;-0.101042;-0.0135372;
MotorD 180;0;0.0111299;
 256.346;-0.00190986;1540.74;
 200.46;0;-1084.02;
 180.006;0;-19.937;
 123.009;0;-29.9024;
 235.991;0;44.9438;
 
4800
LOKI:
Q -2.66316e-07;1.33249;1.92789;-7.25046e-05;-0.985956;0.00581772;
Torque 0.000163503;3.08126;-2.16778;0.0198852;-0.100827;-0.0134013;
MotorD 180;0;0.109002;
 256.346;-0.00174441;1540.63;
 200.46;0;-1083.89;
 179.994;0;19.6397;
 123.009;0;-29.8983;
 235.991;0;44.7886;
 
4800
THOR:
Q 2.66316e-07;1.56405;2.12736;7.27043e-05;-1.08167;9.74717e-05;
Torque -4.70526e-05;2.76877;-2.16116;-0.0199063;-3.69566;-0.53271;
MotorD 180;0;-0.0313684;
 269.613;16.9261;1384.38;
 211.889;0;-1080.58;
 180.006;0;-19.6605;
 118.016;0;-1072.81;
 241.967;0;1664.71;
 
4840
FRIGG:
Q 5.32632e-07;1.33249;1.92789;-7.2904e-05;-0.985958;0.00581768;
Torque -0.000110907;3.08178;-2.16802;0.0199801;-0.0997891;-0.0132201;
MotorD 180;0;-0.0739383;
 256.346;-0.00174849;1540.89;
 200.46;0;-1084.01;
 179.994;0;19.7335;
 123.009;0;-29.6144;
 235.991;0;44.3034;
 
4840
ODIN:
Q 0;1.33249;1.92789;7.33035e-05;-0.985958;0.00581803;
Torque 1.2747e-05;3.08176;-2.16808;-0.0200395;-0.0998805;-0.0133813;
MotorD 180;0;0.00849803;
 256.346;-0.00164854;1540.88;
 200.46;0;-1084.04;
 180.006;0;-19.7921;
 123.009;0;-29.5587;
 235.991;0;44.4268;
 
4840
LOKI:
Q -2.66316e-07;1.33249;1.92789;-7.21051e-05;-0.985958;0.00581776;
Torque 0.000104383;3.08167;-2.16797;0.0197094;-0.0995408;-0.0132293;
MotorD 180;0;0.0695889;
 256.346;-0.00173505;1540.84;
 200.46;0;-1083.99;
 179.994;0;19.4661;
 123.009;0;-29.5173;
 235.991;0;44.2166;
 
4840
THOR:
Q 2.66316e-07;1.57833;2.12735;7.23048e-05;-1.09984;9.55187e-05;
Torque -2.62334e-05;3.15055;-2.20557;-0.0197555;3.2737;0.397344;
MotorD 180;0;-0.017489;
 270.432;15.4677;1575.28;
 211.888;0;-1102.78;
 180.006;0;-19.5116;
 116.976;0;991.735;
 243.008;0;-1433.23;
 
4880
FRIGG:
Q 5.32632e-07;1.33249;1.92789;-7.25046e-05;-0.98596;0.00581759;
Torque -9.55647e-06;3.08214;-2.16816;0.0198752;-0.0985151;-0.0130598;
MotorD 180;0;-0.00637098;
 256.346;-0.00171473;1541.07;
 200.46;0;-1084.08;
 179.994;0;19.6298;
 123.009;0;-29.2316;
 235.991;0;43.7425;
 
4880
ODIN:
Q 0;1.33249;1.92789;7.27043e-05;-0.98596;0.00581803;
Torque 5.3043e-06;3.08193;-2.168;-0.019895;-0.0988225;-0.0132392;
MotorD 180;0;0.0035362;
 256.346;-0.00135834;1540.96;
 200.46;0;-1084;
 180.006;0;-19.6494;
 123.009;0;-29.2458;
 235.991;0;43.956;
 
4880
LOKI:
Q -2.66316e-07;1.33249;1.92789;-7.15059e-05;-0.98596;0.00581776;
Torque 1.26171e-06;3.08205;-2.16813;0.0195205;-0.0982934;-0.0130555;
MotorD 180;0;0.000841142;
 256.346;-0.00172273;1541.03;
 200.46;0;-1084.06;
 179.995;0;19.2795;
 123.009;0;-29.1519;
 235.991;0;43.658;
 
4880
THOR:
Q 2.66316e-07;1.5908;2.12752;7.17056e-05;-1.11334;9.36545e-05;
Torque -6.29291e-06;3.71249;-2.45034;-0.019608;4.1007;0.508402;
MotorD 180;0;-0.00419528;
 271.146;13.3213;1856.25;
 211.898;0;-1225.17;
 180.005;0;-19.3659;
 116.202;0;1236.33;
 243.781;0;-1801.22;
 
4913
FRIGG:
Q 5.32632e-07;1.33249;1.92789;-7.19053e-05;-0.985962;0.00581763;
Torque -0.000195118;3.08253;-2.16832;0.0195748;-0.0973032;-0.0129216;
MotorD 180;0;-0.130079;
 256.346;-0.0016435;1541.26;
 200.46;0;-1084.16;
 179.995;0;19.3331;
 123.009;0;-28.8596;
 235.991;0;43.2169;
 
4913
ODIN:
Q 0;1.33249;1.92789;7.23048e-05;-0.985962;0.00581803;
Torque 1.52205e-06;3.08285;-2.16868;-0.0197488;-0.0971642;-0.0130163;
MotorD 180;0;0.0010147;
 256.346;-0.00227256;1541.43;
 200.46;0;-1084.34;
 180.006;0;-19.505;
 123.009;0;-28.7555;
 235.991;0;43.218;
 
4913
LOKI:
Q -2.66316e-07;1.33249;1.92789;-7.09067e-05;-0.985962;0.00581768;
Torque 0.000186188;3.08248;-2.16834;0.0195292;-0.0970224;-0.0128652;
MotorD 180;0;0.124125;
 256.346;-0.00174673;1541.24;
 200.46;0;-1084.17;
 179.995;0;19.2881;
 123.009;0;-28.7869;
 235.991;0;43.0815;
 
4913
THOR:
Q 2.66316e-07;1.5908;2.12752;7.17056e-05;-1.11334;9.36545e-05;
Torque -6.29291e-06;3.71249;-2.45034;-0.019608;4.1007;0.508402;
MotorD 180;0;-0.00419528;
 271.146;13.3213;1856.25;
 211.898;0;-1225.17;
 180.005;0;-19.3659;
 116.202;0;1236.33;
 243.781;0;-1801.22;
 
4947
FRIGG:
Q 5.32632e-07;1.33249;1.92789;-7.19053e-05;-0.985962;0.00581763;
Torque -0.000195118;3.08253;-2.16832;0.0195748;-0.0973032;-0.0129216;
MotorD 180;0;-0.130079;
 256.346;-0.0016435;1541.26;
 200.46;0;-1084.16;
 179.995;0;19.3331;
 123.009;0;-28.8596;
 235.991;0;43.2169;
 
4947
ODIN:
Q 0;1.33249;1.92789;7.23048e-05;-0.985962;0.00581803;
Torque 1.52205e-06;3.08285;-2.16868;-0.0197488;-0.0971642;-0.0130163;
MotorD 180;0;0.0010147;
 256.346;-0.00227256;1541.43;
 200.46;0;-1084.34;
 180.006;0;-19.505;
 123.009;0;-28.7555;
 235.991;0;43.218;
 
4947
LOKI:
Q -2.66316e-07;1.33249;1.92789;-7.09067e-05;-0.985962;0.00581768;
Torque 0.000186188;3.08248;-2.16834;0.0195292;-0.0970224;-0.0128652;
MotorD 180;0;0.124125;
 256.346;-0.00174673;1541.24;
 200.46;0;-1084.17;
 179.995;0;19.2881;
 123.009;0;-28.7869;
 235.991;0;43.0815;
 
4947
THOR:
Q 2.66316e-07;1.60169;2.12801;7.11064e-05;-1.12168;9.17015e-05;
Torque -2.96237e-06;4.11416;-2.69571;-0.0194656;2.93664;0.35397;
MotorD 180;0;-0.00197492;
 271.77;11.7871;2057.08;
 211.926;0;-1347.86;
 180.005;0;-19.2253;
 115.725;0;890.996;
 244.26;0;-1284.3;
 
4989
FRIGG:
Q 7.98948e-07;1.33249;1.92789;-7.11064e-05;-0.985964;0.00581768;
Torque -0.000356554;3.08287;-2.16848;0.0193574;-0.0960967;-0.0127553;
MotorD 180;0;-0.237703;
 256.346;-0.00163093;1541.44;
 200.46;0;-1084.24;
 179.995;0;19.1185;
 123.008;0;-28.5051;
 235.992;0;42.6776;
 
4989
ODIN:
Q 0;1.33249;1.92789;7.17056e-05;-0.985964;0.00581803;
Torque 5.45157e-06;3.08356;-2.16919;-0.0195997;-0.095607;-0.0128073;
MotorD 180;0;0.00363438;
 256.346;-0.00251229;1541.78;
 200.46;0;-1084.6;
 180.005;0;-19.3577;
 123.008;0;-28.2948;
 235.992;0;42.5251;
 
4989
LOKI:
Q -5.32632e-07;1.33249;1.92789;-7.05072e-05;-0.985964;0.00581768;
Torque 0.000348892;3.08288;-2.16852;0.0194571;-0.0957855;-0.0127082;
MotorD 180;0;0.232595;
 256.346;-0.00171455;1541.44;
 200.46;0;-1084.26;
 179.995;0;19.2169;
 123.008;0;-28.416;
 235.992;0;42.5362;
 
4989
THOR:
Q 2.66316e-07;1.61151;2.12851;7.07069e-05;-1.12632;8.99261e-05;
Torque -7.15234e-06;4.35441;-2.74565;-0.019325;1.64398;0.182377;
MotorD 180;0;-0.00476822;
 272.333;10.8693;2177.21;
 211.955;0;-1372.82;
 180.005;0;-19.0864;
 115.459;0;507.562;
 244.526;0;-710.203;
 
5027
FRIGG:
Q 1.06526e-06;1.33249;1.92789;-7.05072e-05;-0.985966;0.00581772;
Torque -0.000339154;3.08327;-2.16865;0.0192463;-0.0948724;-0.0125814;
MotorD 180;0;-0.226103;
 256.346;-0.00165109;1541.63;
 200.46;0;-1084.33;
 179.995;0;19.0087;
 123.008;0;-28.1482;
 235.992;0;42.1276;
 
5027
ODIN:
Q 0;1.33249;1.92789;7.11064e-05;-0.985966;0.00581803;
Torque 1.18119e-05;3.08386;-2.16928;-0.0194511;-0.0944341;-0.0126497;
MotorD 180;0;0.00787463;
 256.346;-0.00203796;1541.93;
 200.46;0;-1084.64;
 180.005;0;-19.2109;
 123.008;0;-27.948;
 235.992;0;42.0032;
 
5027
LOKI:
Q -7.98948e-07;1.33249;1.92789;-7.03075e-05;-0.985966;0.00581768;
Torque 0.000332467;3.08324;-2.16865;0.0192809;-0.0946056;-0.012564;
MotorD 180;0;0.221644;
 256.346;-0.00164976;1541.62;
 200.46;0;-1084.33;
 179.995;0;19.0429;
 123.008;0;-28.0591;
 235.992;0;42.0191;
 
5027
THOR:
Q 2.66316e-07;1.61151;2.12851;7.07069e-05;-1.12632;8.99261e-05;
Torque -7.15234e-06;4.35441;-2.74565;-0.019325;1.64398;0.182377;
MotorD 180;0;-0.00476822;
 272.333;10.8693;2177.21;
 211.955;0;-1372.82;
 180.005;0;-19.0864;
 115.459;0;507.562;
 244.526;0;-710.203;
 
5062
FRIGG:
Q 1.06526e-06;1.33249;1.92789;-6.9908e-05;-0.985967;0.00581772;
Torque -0.000186193;3.08369;-2.16883;0.0192019;-0.0936512;-0.0124104;
MotorD 180;0;-0.124129;
 256.346;-0.00166263;1541.85;
 200.46;0;-1084.41;
 179.995;0;18.9648;
 123.008;0;-27.791;
 235.992;0;41.5803;
 
5062
ODIN:
Q 0;1.33249;1.92789;7.11064e-05;-0.985966;0.00581803;
Torque 1.18119e-05;3.08386;-2.16928;-0.0194511;-0.0944341;-0.0126497;
MotorD 180;0;0.00787463;
 256.346;-0.00203796;1541.93;
 200.46;0;-1084.64;
 180.005;0;-19.2109;
 123.008;0;-27.948;
 235.992;0;42.0032;
 
5062
LOKI:
Q -7.98948e-07;1.33249;1.92789;-7.03075e-05;-0.985966;0.00581768;
Torque 0.000332467;3.08324;-2.16865;0.0192809;-0.0946056;-0.012564;
MotorD 180;0;0.221644;
 256.346;-0.00164976;1541.62;
 200.46;0;-1084.33;
 179.995;0;19.0429;
 123.008;0;-28.0591;
 235.992;0;42.0191;
 
5062
THOR:
Q 2.66316e-07;1.62081;2.12881;7.01077e-05;-1.12869;8.80619e-05;
Torque -1.04573e-05;4.4418;-2.6902;-0.0191829;0.677734;0.054289;
MotorD 180;0;-0.0069715;
 272.866;10.5356;2220.9;
 211.972;0;-1345.1;
 180.005;0;-18.946;
 115.323;0;220.852;
 244.662;0;-281.173;
 
5102
FRIGG:
Q 1.06526e-06;1.33249;1.92789;-6.9908e-05;-0.985967;0.00581772;
Torque -0.000186193;3.08369;-2.16883;0.0192019;-0.0936512;-0.0124104;
MotorD 180;0;-0.124129;
 256.346;-0.00166263;1541.85;
 200.46;0;-1084.41;
 179.995;0;18.9648;
 123.008;0;-27.791;
 235.992;0;41.5803;
 
5102
ODIN:
Q 0;1.33248;1.92789;7.07069e-05;-0.985968;0.00581803;
Torque 1.45822e-05;3.08387;-2.16907;-0.0193063;-0.0935536;-0.0125313;
MotorD 180;0;0.0097215;
 256.346;-0.00131345;1541.93;
 200.46;0;-1084.53;
 180.005;0;-19.0679;
 123.008;0;-27.6877;
 235.992;0;41.6113;
 
5102
LOKI:
Q -7.98948e-07;1.33249;1.92789;-6.97082e-05;-0.985968;0.00581768;
Torque 0.000179961;3.08359;-2.16879;0.0190402;-0.0934232;-0.0124171;
MotorD 180;0;0.119974;
 256.346;-0.00159459;1541.8;
 200.46;0;-1084.39;
 179.995;0;18.8052;
 123.008;0;-27.7028;
 235.992;0;41.4996;
 
5102
THOR:
Q 0;1.63002;2.1289;6.97082e-05;-1.12977;8.63308e-05;
Torque -8.80498e-06;4.41274;-2.63785;-0.019038;-0.0449122;-0.0413322;
MotorD 180;0;-0.00586999;
 273.393;10.6465;2206.37;
 211.977;0;-1318.92;
 180.005;0;-18.803;
 115.262;0;6.32819;
 244.723;0;39.5965;
 
5143
FRIGG:
Q 7.98948e-07;1.33248;1.92789;-6.95085e-05;-0.985969;0.00581768;
Torque 6.61923e-07;3.08407;-2.16901;0.0191596;-0.0924443;-0.0122482;
MotorD 180;0;0.000441282;
 256.346;-0.00164376;1542.04;
 200.46;0;-1084.51;
 179.995;0;18.923;
 123.008;0;-27.4341;
 235.992;0;41.0432;
 
5143
ODIN:
Q 0;1.33248;1.9279;7.01077e-05;-0.98597;0.00581794;
Torque 1.11647e-05;3.08383;-2.16883;-0.0191659;-0.0927451;-0.0124228;
MotorD 180;0;0.00744313;
 256.346;-0.000806449;1541.91;
 200.46;0;-1084.41;
 180.005;0;-18.9293;
 123.008;0;-27.4485;
 235.992;0;41.2516;
 
5143
LOKI:
Q -5.32632e-07;1.33248;1.92789;-6.9109e-05;-0.98597;0.00581768;
Torque -6.68642e-06;3.08394;-2.16894;0.0187994;-0.0922628;-0.012266;
MotorD 180;0;-0.00445762;
 256.346;-0.00157026;1541.97;
 200.46;0;-1084.47;
 179.995;0;18.5673;
 123.008;0;-27.357;
 235.992;0;40.9858;
 
5143
THOR:
Q 0;1.63948;2.12895;6.9109e-05;-1.13013;8.45554e-05;
Torque -3.42683e-06;4.31037;-2.64454;-0.0188922;-0.566958;-0.110221;
MotorD 180;0;-0.00228456;
 273.935;11.0376;2155.19;
 211.98;0;-1322.27;
 180.005;0;-18.659;
 115.241;0;-148.75;
 244.744;0;271.219;
 
5185
FRIGG:
Q 5.32632e-07;1.33248;1.92789;-6.93088e-05;-0.985971;0.00581768;
Torque 0.000144342;3.08444;-2.16916;0.0190881;-0.0912905;-0.0120973;
MotorD 180;0;0.0962279;
 256.346;-0.00160334;1542.22;
 200.46;0;-1084.58;
 179.995;0;18.8525;
 123.008;0;-27.0906;
 235.992;0;40.532;
 
5186
ODIN:
Q 0;1.33248;1.92789;6.95085e-05;-0.985971;0.00581799;
Torque 3.5636e-06;3.0839;-2.16867;-0.0190286;-0.0918187;-0.0122984;
MotorD 180;0;0.00237573;
 256.346;-0.000644178;1541.95;
 200.46;0;-1084.34;
 180.005;0;-18.7937;
 123.008;0;-27.1745;
 235.992;0;40.8394;
 
5186
LOKI:
Q -2.66316e-07;1.33248;1.92789;-6.83101e-05;-0.985971;0.00581776;
Torque -0.000150068;3.08432;-2.1691;0.0185899;-0.09109;-0.0121089;
MotorD 180;0;-0.100046;
 256.346;-0.00156787;1542.16;
 200.46;0;-1084.55;
 179.995;0;18.3604;
 123.008;0;-27.0098;
 235.992;0;40.4642;
 
5186
THOR:
Q 0;1.64924;2.12897;6.85098e-05;-1.13018;8.28687e-05;
Torque 3.87124e-06;2.41881;-2.5933;-0.0187452;-0.73536;-0.131974;
MotorD 180;0;0.00258083;
 274.495;11.1076;1209.4;
 211.981;0;-1296.65;
 180.005;0;-18.5138;
 115.239;0;-199.037;
 244.747;0;345.675;
 
5219
FRIGG:
Q 0;1.33248;1.9279;-6.9109e-05;-0.985973;0.00581763;
Torque 0.000617058;3.08481;-2.16934;0.0193411;-0.090123;-0.0118889;
MotorD 180;0;0.411372;
 256.346;-0.00164633;1542.41;
 200.46;0;-1084.67;
 179.995;0;19.1023;
 123.008;0;-26.774;
 235.992;0;39.9838;
 
5219
ODIN:
Q 0;1.33248;1.92789;6.9109e-05;-0.985972;0.00581799;
Torque -6.78096e-06;3.08296;-2.1676;-0.0188943;-0.0917384;-0.0122872;
MotorD 180;0;-0.00452064;
 256.346;0.00120818;1541.48;
 200.46;0;-1083.8;
 180.005;0;-18.661;
 123.008;0;-27.1509;
 235.992;0;40.8034;
 
5219
LOKI:
Q 2.66316e-07;1.33248;1.9279;-6.75111e-05;-0.985973;0.00581781;
Torque -0.000623055;3.08463;-2.16923;0.0180582;-0.0900085;-0.0120196;
MotorD 180;0;-0.41537;
 256.346;-0.00148301;1542.32;
 200.46;0;-1084.61;
 179.995;0;17.8353;
 123.008;0;-26.6589;
 235.992;0;40.014;
 
5219
THOR:
Q 0;1.65816;2.1284;6.81103e-05;-1.13017;8.11376e-05;
Torque 2.08476e-05;1.01106;-1.78544;-0.0185922;-0.773772;-0.136409;
MotorD 180;0;0.0138984;
 275.006;9.19681;505.53;
 211.948;0;-892.722;
 180.005;0;-18.3627;
 115.239;0;-210.799;
 244.747;0;362.365;
 
5258
FRIGG:
Q -1.33158e-06;1.33248;1.9279;-6.93088e-05;-0.985975;0.00581759;
Torque 0.00124164;3.08518;-2.16952;0.0194427;-0.0889753;-0.0117875;
MotorD 180;0;0.827762;
 256.345;-0.00160582;1542.59;
 200.46;0;-1084.76;
 179.995;0;19.2027;
 123.008;0;-26.4052;
 235.992;0;39.5024;
 
5258
ODIN:
Q 0;1.33248;1.92789;6.85098e-05;-0.985973;0.00581803;
Torque -2.69706e-05;3.0821;-2.16637;-0.0187675;-0.0918502;-0.0123019;
MotorD 180;0;-0.0179804;
 256.346;0.00192651;1541.05;
 200.46;0;-1083.19;
 180.005;0;-18.5358;
 123.008;0;-27.1842;
 235.992;0;40.853;
 
5258
LOKI:
Q 1.5979e-06;1.33248;1.9279;-6.6113e-05;-0.985975;0.00581776;
Torque -0.00124676;3.08498;-2.16935;0.0176796;-0.0888666;-0.0118181;
MotorD 180;0;-0.831176;
 256.346;-0.00148108;1542.49;
 200.46;0;-1084.68;
 179.995;0;17.4614;
 123.008;0;-26.3479;
 235.992;0;39.4792;
 
5258
THOR:
Q 0;1.65816;2.1284;6.81103e-05;-1.13017;8.11376e-05;
Torque 2.08476e-05;1.01106;-1.78544;-0.0185922;-0.773772;-0.136409;
MotorD 180;0;0.0138984;
 275.006;9.19681;505.53;
 211.948;0;-892.722;
 180.005;0;-18.3627;
 115.239;0;-210.799;
 244.747;0;362.365;
 
5296
FRIGG:
Q -1.33158e-06;1.33248;1.9279;-6.93088e-05;-0.985975;0.00581759;
Torque 0.00124164;3.08518;-2.16952;0.0194427;-0.0889753;-0.0117875;
MotorD 180;0;0.827762;
 256.345;-0.00160582;1542.59;
 200.46;0;-1084.76;
 179.995;0;19.2027;
 123.008;0;-26.4052;
 235.992;0;39.5024;
 
5297
ODIN:
Q 0;1.33248;1.92789;6.85098e-05;-0.985973;0.00581803;
Torque -2.69706e-05;3.0821;-2.16637;-0.0187675;-0.0918502;-0.0123019;
MotorD 180;0;-0.0179804;
 256.346;0.00192651;1541.05;
 200.46;0;-1083.19;
 180.005;0;-18.5358;
 123.008;0;-27.1842;
 235.992;0;40.853;
 
5297
LOKI:
Q 1.5979e-06;1.33248;1.9279;-6.6113e-05;-0.985975;0.00581776;
Torque -0.00124676;3.08498;-2.16935;0.0176796;-0.0888666;-0.0118181;
MotorD 180;0;-0.831176;
 256.346;-0.00148108;1542.49;
 200.46;0;-1084.68;
 179.995;0;17.4614;
 123.008;0;-26.3479;
 235.992;0;39.4792;
 
5297
THOR:
Q 0;1.66521;2.12683;6.75111e-05;-1.13015;7.9451e-05;
Torque 3.28914e-05;0.204387;-0.93896;-0.0184483;-0.823726;-0.142398;
MotorD 180;0;0.0219276;
 275.41;7.10071;102.194;
 211.859;0;-469.48;
 180.005;0;-18.2206;
 115.24;0;-225.974;
 244.746;0;384.194;
 
5333
FRIGG:
Q -2.39684e-06;1.33248;1.9279;-6.9109e-05;-0.985976;0.00581768;
Torque 0.000846186;3.08547;-2.16957;0.0189655;-0.0879385;-0.0117107;
MotorD 180;0;0.564124;
 256.345;-0.00143615;1542.74;
 200.46;0;-1084.78;
 179.995;0;18.7313;
 123.008;0;-26.0638;
 235.992;0;39.0758;
 
5334
ODIN:
Q 2.66316e-07;1.33248;1.92789;6.81103e-05;-0.985974;0.00581803;
Torque -4.01682e-05;3.08358;-2.16756;-0.0186343;-0.0898145;-0.0120284;
MotorD 180;0;-0.0267788;
 256.346;-0.00107543;1541.79;
 200.46;0;-1083.78;
 180.005;0;-18.4043;
 123.008;0;-26.5822;
 235.992;0;39.9471;
 
5334
LOKI:
Q 2.39684e-06;1.33248;1.9279;-6.5314e-05;-0.985977;0.00581768;
Torque -0.000852558;3.0854;-2.16958;0.0178819;-0.0876928;-0.0116021;
MotorD 180;0;-0.568372;
 256.345;-0.00160996;1542.7;
 200.46;0;-1084.79;
 179.995;0;17.6611;
 123.008;0;-26.0332;
 235.992;0;38.9245;
 
5334
THOR:
Q 0;1.67057;2.12495;6.71117e-05;-1.13005;7.78975e-05;
Torque 2.7323e-05;-0.281994;-0.437037;-0.0183203;-1.13603;-0.183385;
MotorD 180;0;0.0182153;
 275.716;5.26875;-140.997;
 211.751;0;-218.518;
 180.005;0;-18.0941;
 115.246;0;-318.873;
 244.74;0;522.634;
 
5371
FRIGG:
Q -2.13053e-06;1.33248;1.9279;-6.83101e-05;-0.985978;0.00581772;
Torque 0.000111749;3.08576;-2.16966;0.0184208;-0.0868857;-0.0115866;
MotorD 180;0;0.074499;
 256.345;-0.00136487;1542.88;
 200.46;0;-1084.83;
 179.995;0;18.1934;
 123.008;0;-25.7429;
 235.992;0;38.6169;
 
5371
ODIN:
Q 2.66316e-07;1.33248;1.92789;6.77109e-05;-0.985976;0.00581794;
Torque -3.12374e-05;3.08554;-2.16934;-0.0184887;-0.0873104;-0.0116919;
MotorD 180;0;-0.0208249;
 256.346;-0.00365425;1542.77;
 200.46;0;-1084.67;
 180.005;0;-18.2604;
 123.008;0;-25.8417;
 235.992;0;38.8327;
 
5371
LOKI:
Q 2.13053e-06;1.33248;1.9279;-6.51143e-05;-0.985978;0.00581768;
Torque -0.000117765;3.08581;-2.16977;0.0181539;-0.0865346;-0.0114334;
MotorD 180;0;-0.0785101;
 256.345;-0.00164012;1542.9;
 200.46;0;-1084.88;
 179.995;0;17.9297;
 123.008;0;-25.698;
 235.992;0;38.4017;
 
5371
THOR:
Q 0;1.6744;2.12329;6.65124e-05;-1.12975;7.62552e-05;
Torque 5.34498e-06;-0.453453;-0.214489;-0.0182028;-1.56875;-0.240437;
MotorD 180;0;0.00356332;
 275.936;3.6191;-226.726;
 211.656;0;-107.244;
 180.005;0;-17.978;
 115.264;0;-447.444;
 244.723;0;714.596;
 
5410
FRIGG:
Q -1.06526e-06;1.33248;1.9279;-6.73114e-05;-0.98598;0.00581785;
Torque -0.000499431;3.0861;-2.16981;0.0179956;-0.0858145;-0.0114361;
MotorD 180;0;-0.332954;
 256.345;-0.00139978;1543.05;
 200.46;0;-1084.9;
 179.995;0;17.7735;
 123.008;0;-25.4298;
 235.992;0;38.1366;
 
5410
ODIN:
Q 2.66316e-07;1.33248;1.92789;6.71117e-05;-0.985978;0.00581794;
Torque -3.67937e-06;3.08707;-2.17078;-0.0183352;-0.0851212;-0.0113978;
MotorD 180;0;-0.00245291;
 256.345;-0.00466786;1543.54;
 200.46;0;-1085.39;
 180.005;0;-18.1089;
 123.008;0;-25.1943;
 235.992;0;37.8585;
 
5410
LOKI:
Q 1.06526e-06;1.33248;1.9279;-6.5314e-05;-0.98598;0.00581763;
Torque 0.000494319;3.08615;-2.1699;0.0183083;-0.0854328;-0.011296;
MotorD 180;0;0.329546;
 256.345;-0.00156535;1543.08;
 200.46;0;-1084.95;
 179.995;0;18.0823;
 123.008;0;-25.3662;
 235.993;0;37.9173;
 
5410
THOR:
Q 0;1.6769;2.12211;6.6113e-05;-1.1294;7.47904e-05;
Torque -2.07114e-05;-0.381029;-0.219548;-0.0180856;-1.74942;-0.263893;
MotorD 180;0;-0.0138076;
 276.079;0;-190.514;
 211.588;0;-109.774;
 180.005;0;-17.8623;
 115.284;0;-501.325;
 244.703;0;794.54;
 
5446
FRIGG:
Q 2.66316e-07;1.33247;1.9279;-6.6113e-05;-0.985981;0.00581785;
Torque -0.000787991;3.08646;-2.16998;0.0177616;-0.0847181;-0.0112717;
MotorD 180;0;-0.525327;
 256.345;-0.00147261;1543.23;
 200.46;0;-1084.99;
 179.995;0;17.5424;
 123.007;0;-25.115;
 235.993;0;37.6392;
 
5446
ODIN:
Q 0;1.33247;1.9279;6.65124e-05;-0.985981;0.00581794;
Torque 2.71238e-05;3.08788;-2.17142;-0.0181834;-0.0835657;-0.0111893;
MotorD 180;0;0.0180825;
 256.345;-0.00418839;1543.94;
 200.46;0;-1085.71;
 180.005;0;-17.9589;
 123.007;0;-24.734;
 235.993;0;37.1665;
 
5446
LOKI:
Q -2.66316e-07;1.33247;1.9279;-6.55138e-05;-0.985982;0.00581763;
Torque 0.000781995;3.08645;-2.17;0.0182735;-0.0844358;-0.0111834;
MotorD 180;0;0.52133;
 256.345;-0.00145293;1543.22;
 200.46;0;-1085;
 179.995;0;18.0479;
 123.007;0;-25.0595;
 235.993;0;37.4855;
 
5446
THOR:
Q 0;1.6769;2.12211;6.6113e-05;-1.1294;7.47904e-05;
Torque -2.07114e-05;-0.381029;-0.219548;-0.0180856;-1.74942;-0.263893;
MotorD 180;0;-0.0138076;
 276.079;0;-190.514;
 211.588;0;-109.774;
 180.005;0;-17.8623;
 115.284;0;-501.325;
 244.703;0;794.54;
 
5481
FRIGG:
Q 2.66316e-07;1.33247;1.9279;-6.6113e-05;-0.985981;0.00581785;
Torque -0.000787991;3.08646;-2.16998;0.0177616;-0.0847181;-0.0112717;
MotorD 180;0;-0.525327;
 256.345;-0.00147261;1543.23;
 200.46;0;-1084.99;
 179.995;0;17.5424;
 123.007;0;-25.115;
 235.993;0;37.6392;
 
5481
ODIN:
Q 0;1.33247;1.9279;6.65124e-05;-0.985981;0.00581794;
Torque 2.71238e-05;3.08788;-2.17142;-0.0181834;-0.0835657;-0.0111893;
MotorD 180;0;0.0180825;
 256.345;-0.00418839;1543.94;
 200.46;0;-1085.71;
 180.005;0;-17.9589;
 123.007;0;-24.734;
 235.993;0;37.1665;
 
5481
LOKI:
Q -2.66316e-07;1.33247;1.9279;-6.55138e-05;-0.985982;0.00581763;
Torque 0.000781995;3.08645;-2.17;0.0182735;-0.0844358;-0.0111834;
MotorD 180;0;0.52133;
 256.345;-0.00145293;1543.22;
 200.46;0;-1085;
 179.995;0;18.0479;
 123.007;0;-25.0595;
 235.993;0;37.4855;
 
5481
THOR:
Q 0;1.67825;2.1215;6.57135e-05;-1.12917;7.32813e-05;
Torque -3.72325e-05;-0.113002;-0.41467;-0.0179601;-1.6165;-0.24555;
MotorD 180;0;-0.0248217;
 276.157;0;-56.5009;
 211.553;0;-207.335;
 180.005;0;-17.7384;
 115.297;0;-462.288;
 244.69;0;735.122;
 
5518
FRIGG:
Q 1.33158e-06;1.33247;1.9279;-6.51143e-05;-0.985983;0.00581776;
Torque -0.000772227;3.08683;-2.17013;0.0176777;-0.0835975;-0.0111067;
MotorD 180;0;-0.514818;
 256.345;-0.00151241;1543.42;
 200.46;0;-1085.07;
 179.995;0;17.4594;
 123.007;0;-24.7916;
 235.993;0;37.1325;
 
5518
ODIN:
Q 0;1.33247;1.9279;6.6113e-05;-0.985983;0.00581794;
Torque 4.60049e-05;3.08807;-2.1714;-0.018041;-0.0825969;-0.0110601;
MotorD 180;0;0.0306699;
 256.345;-0.00294537;1544.03;
 200.461;0;-1085.7;
 180.005;0;-17.8183;
 123.007;0;-24.447;
 235.993;0;36.736;
 
5518
LOKI:
Q -1.06526e-06;1.33247;1.9279;-6.5314e-05;-0.985983;0.00581763;
Torque 0.000766552;3.08673;-2.17009;0.0180907;-0.0834226;-0.0110656;
MotorD 180;0;0.511034;
 256.345;-0.00137406;1543.36;
 200.46;0;-1085.04;
 179.995;0;17.8674;
 123.007;0;-24.7497;
 235.993;0;37.0448;
 
5518
THOR:
Q 2.66316e-07;1.6786;2.12141;6.51143e-05;-1.12912;7.17722e-05;
Torque -3.92018e-05;0.312991;-0.602047;-0.0178265;-1.46478;-0.224711;
MotorD 180;0;-0.0261345;
 276.177;0;156.496;
 211.548;0;-301.023;
 180.005;0;-17.6065;
 115.3;0;-417.67;
 244.688;0;667.349;
 
5551
FRIGG:
Q 1.86421e-06;1.33247;1.9279;-6.45151e-05;-0.985985;0.00581776;
Torque -0.000928908;3.08713;-2.17025;0.0173132;-0.0826001;-0.0110328;
MotorD 180;0;-0.619272;
 256.345;-0.00140847;1543.57;
 200.46;0;-1085.12;
 179.995;0;17.0994;
 123.007;0;-24.4633;
 235.993;0;36.722;
 
5551
ODIN:
Q 0;1.33247;1.9279;6.55138e-05;-0.985985;0.00581794;
Torque 4.80582e-05;3.08903;-2.17206;-0.0179079;-0.0811473;-0.0108666;
MotorD 180;0;0.0320388;
 256.345;-0.00355168;1544.51;
 200.461;0;-1086.03;
 180.005;0;-17.6868;
 123.007;0;-24.0175;
 235.993;0;36.0916;
 
5551
LOKI:
Q -1.5979e-06;1.33247;1.9279;-6.51143e-05;-0.985985;0.00581768;
Torque 0.000923415;3.08709;-2.17025;0.0181905;-0.0823249;-0.0108624;
MotorD 180;0;0.61561;
 256.345;-0.00143954;1543.54;
 200.46;0;-1085.13;
 179.995;0;17.9659;
 123.007;0;-24.456;
 235.993;0;36.5254;
 
5551
THOR:
Q 2.66316e-07;1.67843;2.12156;6.47148e-05;-1.12913;7.03518e-05;
Torque -3.63032e-05;0.531619;-0.776309;-0.0176922;-1.44002;-0.220815;
MotorD 180;0;-0.0242021;
 276.167;0;265.81;
 211.556;0;-388.155;
 180.005;0;-17.4738;
 115.3;0;-410.667;
 244.688;0;656.017;
 
5586
FRIGG:
Q 2.66316e-06;1.33247;1.9279;-6.35164e-05;-0.985986;0.00581776;
Torque -0.00091264;3.08746;-2.17038;0.0173639;-0.0815641;-0.0108183;
MotorD 180;0;-0.608426;
 256.345;-0.00141533;1543.73;
 200.461;0;-1085.19;
 179.995;0;17.1495;
 123.007;0;-24.1987;
 235.993;0;36.2191;
 
5586
ODIN:
Q 0;1.33247;1.9279;6.51143e-05;-0.985987;0.00581794;
Torque 4.4918e-05;3.089;-2.17198;-0.0177775;-0.0802412;-0.0107453;
MotorD 180;0;0.0299453;
 256.345;-0.00209133;1544.5;
 200.461;0;-1085.99;
 180.005;0;-17.558;
 123.007;0;-23.7493;
 235.993;0;35.6886;
 
5586
LOKI:
Q -2.39684e-06;1.33247;1.9279;-6.51143e-05;-0.985986;0.00581763;
Torque 0.000907889;3.08742;-2.17037;0.0178769;-0.0813448;-0.0108097;
MotorD 180;0;0.605259;
 256.345;-0.00139517;1543.71;
 200.461;0;-1085.18;
 179.995;0;17.6562;
 123.007;0;-24.1224;
 235.993;0;36.1331;
 
5586
THOR:
Q 2.66316e-07;1.67843;2.12156;6.47148e-05;-1.12913;7.03518e-05;
Torque -3.63032e-05;0.531619;-0.776309;-0.0176922;-1.44002;-0.220815;
MotorD 180;0;-0.0242021;
 276.167;0;265.81;
 211.556;0;-388.155;
 180.005;0;-17.4738;
 115.3;0;-410.667;
 244.688;0;656.017;
 
5621
FRIGG:
Q 2.66316e-06;1.33247;1.9279;-6.35164e-05;-0.985986;0.00581776;
Torque -0.00091264;3.08746;-2.17038;0.0173639;-0.0815641;-0.0108183;
MotorD 180;0;-0.608426;
 256.345;-0.00141533;1543.73;
 200.461;0;-1085.19;
 179.995;0;17.1495;
 123.007;0;-24.1987;
 235.993;0;36.2191;
 
5621
ODIN:
Q 0;1.33247;1.9279;6.51143e-05;-0.985987;0.00581794;
Torque 4.4918e-05;3.089;-2.17198;-0.0177775;-0.0802412;-0.0107453;
MotorD 180;0;0.0299453;
 256.345;-0.00209133;1544.5;
 200.461;0;-1085.99;
 180.005;0;-17.558;
 123.007;0;-23.7493;
 235.993;0;35.6886;
 
5621
LOKI:
Q -2.39684e-06;1.33247;1.9279;-6.51143e-05;-0.985986;0.00581763;
Torque 0.000907889;3.08742;-2.17037;0.0178769;-0.0813448;-0.0108097;
MotorD 180;0;0.605259;
 256.345;-0.00139517;1543.71;
 200.461;0;-1085.18;
 179.995;0;17.6562;
 123.007;0;-24.1224;
 235.993;0;36.1331;
 
5621
THOR:
Q 2.66316e-07;1.67801;2.12192;6.43153e-05;-1.12914;6.89315e-05;
Torque -2.4381e-05;0.781278;-0.985581;-0.0175509;-1.4241;-0.218109;
MotorD 180;0;-0.016254;
 276.143;0;390.639;
 211.577;0;-492.791;
 180.005;0;-17.3342;
 115.299;0;-406.274;
 244.689;0;648.617;
 
5660
FRIGG:
Q 2.39684e-06;1.33247;1.9279;-6.33167e-05;-0.985988;0.00581776;
Torque -0.00035655;3.08782;-2.17052;0.0175595;-0.0804911;-0.0106612;
MotorD 180;0;-0.2377;
 256.345;-0.00143492;1543.91;
 200.461;0;-1085.26;
 179.995;0;17.3427;
 123.007;0;-23.8886;
 235.993;0;35.7344;
 
5660
ODIN:
Q 0;1.33247;1.9279;6.45151e-05;-0.985989;0.00581799;
Torque 3.01472e-05;3.08804;-2.17078;-0.0176553;-0.0803596;-0.0107612;
MotorD 180;0;0.0200981;
 256.345;0.000109979;1544.02;
 200.461;0;-1085.39;
 180.005;0;-17.4373;
 123.007;0;-23.7844;
 235.993;0;35.7413;
 
5660
LOKI:
Q -2.39684e-06;1.33247;1.9279;-6.43153e-05;-0.985988;0.00581772;
Torque 0.000351878;3.08771;-2.17047;0.0174205;-0.080361;-0.0106945;
MotorD 180;0;0.234585;
 256.345;-0.00133793;1543.85;
 200.461;0;-1085.23;
 179.995;0;17.2054;
 123.007;0;-23.8219;
 235.993;0;35.7047;
 
5660
THOR:
Q 2.66316e-07;1.6774;2.12244;6.37161e-05;-1.12916;6.75999e-05;
Torque -6.91491e-06;1.03487;-1.20688;-0.0174076;-1.40432;-0.2149;
MotorD 180;0;-0.00460994;
 276.108;0;517.437;
 211.607;0;-603.442;
 180.005;0;-17.1927;
 115.298;0;-400.731;
 244.69;0;639.508;
 
5698
FRIGG:
Q 1.86421e-06;1.33247;1.9279;-6.33167e-05;-0.985989;0.00581772;
Torque 5.23814e-05;3.08812;-2.17066;0.0176091;-0.0795002;-0.010543;
MotorD 180;0;0.0349209;
 256.345;-0.00138394;1544.06;
 200.461;0;-1085.33;
 179.995;0;17.3917;
 123.007;0;-23.5873;
 235.993;0;35.3017;
 
5698
ODIN:
Q 0;1.33247;1.9279;6.41156e-05;-0.98599;0.00581794;
Torque 8.33912e-06;3.08758;-2.17007;-0.0175368;-0.0800975;-0.0107258;
MotorD 180;0;0.00555941;
 256.345;0.000758752;1543.79;
 200.461;0;-1085.03;
 180.005;0;-17.3203;
 123.007;0;-23.707;
 235.993;0;35.6245;
 
5698
LOKI:
Q -1.5979e-06;1.33247;1.9279;-6.35164e-05;-0.985989;0.00581768;
Torque -5.70141e-05;3.08804;-2.17061;0.0171119;-0.0793743;-0.0105511;
MotorD 180;0;-0.0380094;
 256.345;-0.00135164;1544.02;
 200.461;0;-1085.3;
 179.995;0;16.9007;
 123.007;0;-23.5362;
 235.993;0;35.2596;
 
5698
THOR:
Q 2.66316e-07;1.67669;2.12306;6.33167e-05;-1.12918;6.60464e-05;
Torque 7.37877e-06;1.27342;-1.41737;-0.0172693;-1.38159;-0.211308;
MotorD 180;0;0.00491918;
 276.067;0;636.709;
 211.643;0;-708.686;
 180.005;0;-17.0561;
 115.297;0;-394.306;
 244.691;0;629.093;
 
5720
FRIGG:
Q 1.06526e-06;1.33247;1.9279;-6.31169e-05;-0.985991;0.00581776;
Torque 0.000169638;3.0884;-2.17076;0.0174973;-0.0785611;-0.0104358;
MotorD 180;0;0.113092;
 256.345;-0.00131376;1544.2;
 200.461;0;-1085.38;
 179.995;0;17.2813;
 123.007;0;-23.299;
 235.993;0;34.8944;
 
5720
ODIN:
Q 0;1.33247;1.9279;6.37161e-05;-0.985991;0.0058179;
Torque -9.89106e-06;3.08774;-2.17;-0.0174157;-0.0792855;-0.0106163;
MotorD 180;0;-0.00659404;
 256.345;0.000197756;1543.87;
 200.461;0;-1085;
 180.005;0;-17.2007;
 123.007;0;-23.4671;
 235.993;0;35.2629;
 
5720
LOKI:
Q -7.98948e-07;1.33247;1.9279;-6.27174e-05;-0.985991;0.00581768;
Torque -0.000174186;3.08838;-2.17076;0.0169666;-0.0783352;-0.0103961;
MotorD 180;0;-0.116124;
 256.345;-0.00138534;1544.19;
 200.461;0;-1085.38;
 179.995;0;16.7571;
 123.007;0;-23.2374;
 235.993;0;34.7886;
 
5720
THOR:
Q 0;1.67593;2.12372;6.27174e-05;-1.12921;6.4848e-05;
Torque 1.19197e-05;1.47965;-1.60215;-0.01714;-1.35655;-0.207421;
MotorD 180;0;0.00794647;
 276.024;0;739.824;
 211.68;0;-801.076;
 180.005;0;-16.9284;
 115.296;0;-387.191;
 244.693;0;617.659;
 
5760
FRIGG:
Q 5.32632e-07;1.33247;1.9279;-6.29172e-05;-0.985992;0.00581776;
Torque 6.79749e-05;3.08871;-2.17083;0.0172865;-0.0776068;-0.0103212;
MotorD 180;0;0.0453166;
 256.345;-0.00127341;1544.35;
 200.461;0;-1085.42;
 179.995;0;17.0731;
 123.007;0;-23.0092;
 235.993;0;34.4773;
 
5760
ODIN:
Q 0;1.33247;1.9279;6.31169e-05;-0.985992;0.00581794;
Torque -1.64104e-05;3.08832;-2.17041;-0.0172883;-0.0780864;-0.0104548;
MotorD 180;0;-0.0109402;
 256.345;-0.000792747;1544.16;
 200.461;0;-1085.21;
 180.005;0;-17.0749;
 123.007;0;-23.1127;
 235.993;0;34.7291;
 
5760
LOKI:
Q -2.66316e-07;1.33247;1.9279;-6.19185e-05;-0.985993;0.00581776;
Torque -7.29535e-05;3.0887;-2.1709;0.0169223;-0.07735;-0.0102538;
MotorD 180;0;-0.0486357;
 256.345;-0.00139018;1544.35;
 200.461;0;-1085.45;
 179.995;0;16.7133;
 123.007;0;-22.9516;
 235.993;0;34.3447;
 
5760
THOR:
Q 0;1.6752;2.12437;6.2318e-05;-1.12924;6.3472e-05;
Torque 5.91922e-06;1.65569;-1.75765;-0.0170109;-1.32863;-0.203127;
MotorD 180;0;0.00394615;
 275.982;0;827.847;
 211.717;0;-878.824;
 180.005;0;-16.8009;
 115.294;0;-379.238;
 244.695;0;604.935;
 
5799
FRIGG:
Q 2.66316e-07;1.33247;1.9279;-6.25177e-05;-0.985993;0.00581768;
Torque -8.98614e-05;3.08897;-2.17093;0.0170789;-0.07674;-0.0102086;
MotorD 180;0;-0.0599076;
 256.345;-0.00127245;1544.49;
 200.461;0;-1085.47;
 179.995;0;16.8681;
 123.007;0;-22.7508;
 235.993;0;34.0937;
 
5799
ODIN:
Q 0;1.33247;1.9279;6.27174e-05;-0.985993;0.0058179;
Torque -1.05624e-05;3.08899;-2.17091;-0.0171597;-0.0768203;-0.0102842;
MotorD 180;0;-0.00704159;
 256.345;-0.00150116;1544.49;
 200.461;0;-1085.46;
 180.005;0;-16.9478;
 123.007;0;-22.7385;
 235.993;0;34.1654;
 
5799
LOKI:
Q -2.66316e-07;1.33247;1.9279;-6.1519e-05;-0.985994;0.00581768;
Torque 0.000100568;3.08903;-2.17102;0.0168906;-0.0763628;-0.0101209;
MotorD 180;0;0.067045;
 256.345;-0.0013557;1544.51;
 200.461;0;-1085.51;
 179.995;0;16.6821;
 123.007;0;-22.6598;
 235.993;0;33.9052;
 
5799
THOR:
Q 0;1.6752;2.12437;6.2318e-05;-1.12924;6.3472e-05;
Torque 6.47637e-06;1.6462;-1.74928;-0.0170186;-1.33031;-0.203385;
MotorD 180;0;0.00431758;
 275.982;0;823.101;
 211.717;0;-874.638;
 180.005;0;-16.8085;
 115.294;0;-379.717;
 244.695;0;605.701;
 
5843
FRIGG:
Q 2.66316e-07;1.33247;1.9279;-6.25177e-05;-0.985994;0.00581768;
Torque -0.000101064;3.08899;-2.17093;0.0170643;-0.0766686;-0.0101988;
MotorD 180;0;-0.0673761;
 256.345;-0.0012743;1544.5;
 200.461;0;-1085.47;
 179.995;0;16.8537;
 123.007;0;-22.7298;
 235.993;0;34.0618;
 
5844
ODIN:
Q 0;1.33247;1.9279;6.27174e-05;-0.985993;0.00581794;
Torque -1.03836e-05;3.08901;-2.1709;-0.0171554;-0.0767816;-0.0102791;
MotorD 180;0;-0.00692239;
 256.345;-0.00154126;1544.5;
 200.461;0;-1085.45;
 180.005;0;-16.9436;
 123.007;0;-22.727;
 235.993;0;34.1482;
 
5844
LOKI:
Q -2.66316e-07;1.33247;1.9279;-6.1519e-05;-0.985994;0.00581768;
Torque 9.59978e-05;3.089;-2.17101;0.0168911;-0.0763865;-0.0101243;
MotorD 180;0;0.0639985;
 256.345;-0.00135325;1544.5;
 200.461;0;-1085.5;
 179.995;0;16.6826;
 123.007;0;-22.6667;
 235.993;0;33.9159;
 
5844
THOR:
Q 0;1.67455;2.12494;6.17188e-05;-1.12927;6.22736e-05;
Torque -4.11428e-06;1.76809;-1.85565;-0.0169007;-1.3036;-0.199296;
MotorD 180;0;-0.00274285;
 275.944;-0.697739;884.044;
 211.75;0;-927.824;
 180.005;0;-16.6921;
 115.292;0;-372.093;
 244.697;0;593.533;
 
5881
FRIGG:
Q 5.32632e-07;1.33246;1.9279;-6.19185e-05;-0.985995;0.00581781;
Torque -0.000221805;3.0893;-2.17108;0.0168827;-0.0757197;-0.010069;
MotorD 180;0;-0.14787;
 256.345;-0.00129717;1544.65;
 200.461;0;-1085.54;
 179.995;0;16.6743;
 123.007;0;-22.4505;
 235.993;0;33.6382;
 
5881
ODIN:
Q 0;1.33246;1.9279;6.2318e-05;-0.985995;0.00581794;
Torque 2.23501e-06;3.08956;-2.17128;-0.0170209;-0.0755853;-0.0101185;
MotorD 180;0;0.00149001;
 256.345;-0.00179804;1544.78;
 200.461;0;-1085.64;
 180.005;0;-16.8108;
 123.007;0;-22.3732;
 235.993;0;33.6159;
 
5881
LOKI:
Q -2.66316e-07;1.33246;1.9279;-6.11195e-05;-0.985995;0.00581772;
Torque 0.000216355;3.0893;-2.17111;0.0168214;-0.0754758;-0.0100077;
MotorD 180;0;0.144237;
 256.345;-0.00129574;1544.65;
 200.461;0;-1085.56;
 179.995;0;16.6137;
 123.007;0;-22.3941;
 235.993;0;33.5138;
 
5881
THOR:
Q 0;1.674;2.12542;6.13193e-05;-1.12931;6.09864e-05;
Torque -1.33957e-05;1.84393;-1.92044;-0.0167818;-1.27735;-0.19528;
MotorD 180;0;-0.00893046;
 275.913;-0.559949;921.967;
 211.778;0;-960.218;
 180.005;0;-16.5746;
 115.29;0;-364.603;
 244.699;0;581.581;
 
5919
FRIGG:
Q 7.98948e-07;1.33246;1.9279;-6.13193e-05;-0.985997;0.00581776;
Torque -0.000247696;3.08963;-2.17122;0.0167572;-0.0747304;-0.00993126;
MotorD 180;0;-0.165131;
 256.345;-0.00131297;1544.81;
 200.461;0;-1085.61;
 179.995;0;16.5503;
 123.007;0;-22.1606;
 235.993;0;33.1953;
 
5920
ODIN:
Q 0;1.33246;1.9279;6.17188e-05;-0.985997;0.00581794;
Torque 1.36391e-05;3.08989;-2.17143;-0.0168893;-0.0746331;-0.00999081;
MotorD 180;0;0.00909271;
 256.344;-0.00162942;1544.94;
 200.461;0;-1085.72;
 180.005;0;-16.6808;
 123.007;0;-22.0914;
 235.993;0;33.1923;
 
5920
LOKI:
Q -5.32632e-07;1.33246;1.9279;-6.07201e-05;-0.985997;0.00581768;
Torque 0.00024226;3.08956;-2.17118;0.0166974;-0.0745631;-0.00989338;
MotorD 180;0;0.161506;
 256.345;-0.00124519;1544.78;
 200.461;0;-1085.59;
 179.995;0;16.4912;
 123.007;0;-22.1196;
 235.993;0;33.1123;
 
5920
THOR:
Q 0;1.67358;2.12579;6.09198e-05;-1.12934;5.9788e-05;
Torque -1.72587e-05;1.87699;-1.94693;-0.0166592;-1.25207;-0.191404;
MotorD 180;0;-0.0115058;
 275.889;-0.406629;938.493;
 211.799;0;-973.465;
 180.005;0;-16.4535;
 115.288;0;-357.394;
 244.701;0;570.065;
 
5960
FRIGG:
Q 7.98948e-07;1.33246;1.9279;-6.09198e-05;-0.985998;0.00581772;
Torque -0.000196192;3.08991;-2.17132;0.0166689;-0.073793;-0.00980226;
MotorD 180;0;-0.130795;
 256.344;-0.00130444;1544.96;
 200.461;0;-1085.66;
 179.995;0;16.4631;
 123.006;0;-21.885;
 235.994;0;32.7764;
 
5960
ODIN:
Q 0;1.33246;1.9279;6.13193e-05;-0.985998;0.00581799;
Torque 1.84608e-05;3.09003;-2.17141;-0.0167627;-0.0738112;-0.00988079;
MotorD 180;0;0.0123072;
 256.344;-0.0012862;1545.02;
 200.461;0;-1085.71;
 180.005;0;-16.5557;
 123.006;0;-21.8482;
 235.993;0;32.8268;
 
5960
LOKI:
Q -5.32632e-07;1.33246;1.9279;-6.03206e-05;-0.985998;0.00581772;
Torque 0.000190873;3.08984;-2.17127;0.016538;-0.0736387;-0.00977591;
MotorD 180;0;0.127248;
 256.344;-0.00121996;1544.92;
 200.461;0;-1085.64;
 179.995;0;16.3339;
 123.006;0;-21.8425;
 235.994;0;32.7046;
 
5960
THOR:
Q 0;1.67329;2.12603;6.05203e-05;-1.12938;5.84564e-05;
Torque -1.52271e-05;1.87179;-1.94048;-0.0165333;-1.22814;-0.187717;
MotorD 180;0;-0.0101514;
 275.873;-0.250349;935.897;
 211.813;0;-970.241;
 180.005;0;-16.3292;
 115.286;0;-350.578;
 244.704;0;559.152;
 
6001
FRIGG:
Q 7.98948e-07;1.33246;1.9279;-6.05203e-05;-0.985999;0.00581776;
Torque -0.000116695;3.09022;-2.17143;0.0165888;-0.072907;-0.00968339;
MotorD 180;0;-0.0777964;
 256.344;-0.00127284;1545.11;
 200.461;0;-1085.72;
 179.995;0;16.384;
 123.006;0;-21.6229;
 235.994;0;32.3822;
 
6001
ODIN:
Q 0;1.33246;1.9279;6.09198e-05;-0.985999;0.0058179;
Torque 1.60402e-05;3.09014;-2.17136;-0.0166408;-0.0730494;-0.00977898;
MotorD 180;0;0.0106935;
 256.344;-0.00100113;1545.07;
 200.461;0;-1085.68;
 180.005;0;-16.4354;
 123.006;0;-21.6226;
 235.994;0;32.4881;
 
6001
LOKI:
Q -5.32632e-07;1.33246;1.9279;-5.99211e-05;-0.986;0.00581772;
Torque 0.00011158;3.09012;-2.1714;0.0163723;-0.0727402;-0.00965841;
MotorD 180;0;0.0743865;
 256.344;-0.00121792;1545.06;
 200.461;0;-1085.7;
 179.995;0;16.1701;
 123.006;0;-21.575;
 235.994;0;32.3066;
 
6001
THOR:
Q 0;1.67329;2.12603;6.05203e-05;-1.12938;5.84564e-05;
Torque -1.52271e-05;1.87179;-1.94048;-0.0165333;-1.22814;-0.187717;
MotorD 180;0;-0.0101514;
 275.873;-0.250349;935.897;
 211.813;0;-970.241;
 180.005;0;-16.3292;
 115.286;0;-350.578;
 244.704;0;559.152;
 
6040
FRIGG:
Q 7.98948e-07;1.33246;1.9279;-6.05203e-05;-0.985999;0.00581776;
Torque -0.000116695;3.09022;-2.17143;0.0165888;-0.072907;-0.00968339;
MotorD 180;0;-0.0777964;
 256.344;-0.00127284;1545.11;
 200.461;0;-1085.72;
 179.995;0;16.384;
 123.006;0;-21.6229;
 235.994;0;32.3822;
 
6040
ODIN:
Q 0;1.33246;1.9279;6.09198e-05;-0.985999;0.0058179;
Torque 1.60402e-05;3.09014;-2.17136;-0.0166408;-0.0730494;-0.00977898;
MotorD 180;0;0.0106935;
 256.344;-0.00100113;1545.07;
 200.461;0;-1085.68;
 180.005;0;-16.4354;
 123.006;0;-21.6226;
 235.994;0;32.4881;
 
6040
LOKI:
Q -5.32632e-07;1.33246;1.9279;-5.99211e-05;-0.986;0.00581772;
Torque 0.00011158;3.09012;-2.1714;0.0163723;-0.0727402;-0.00965841;
MotorD 180;0;0.0743865;
 256.344;-0.00121792;1545.06;
 200.461;0;-1085.7;
 179.995;0;16.1701;
 123.006;0;-21.575;
 235.994;0;32.3066;
 
6040
THOR:
Q 0;1.67314;2.12616;6.01209e-05;-1.12942;5.73467e-05;
Torque -9.88713e-06;1.83417;-1.90759;-0.0164066;-1.20598;-0.184277;
MotorD 180;0;-0.00659142;
 275.864;-0.101037;917.084;
 211.82;0;-953.795;
 180.005;0;-16.2041;
 115.284;0;-344.284;
 244.706;0;549.036;
 
6077
FRIGG:
Q 5.32632e-07;1.33246;1.9279;-6.01209e-05;-0.986001;0.00581776;
Torque -5.26303e-05;3.09049;-2.17154;0.016496;-0.0720264;-0.0095677;
MotorD 180;0;-0.0350868;
 256.344;-0.00123172;1545.24;
 200.461;0;-1085.77;
 179.995;0;16.2923;
 123.006;0;-21.361;
 235.994;0;31.9918;
 
6077
ODIN:
Q 0;1.33246;1.9279;6.05203e-05;-0.986001;0.00581794;
Torque 9.3636e-06;3.0903;-2.17133;-0.0165216;-0.0722888;-0.00967703;
MotorD 180;0;0.0062424;
 256.344;-0.000886791;1545.15;
 200.461;0;-1085.66;
 180.005;0;-16.3176;
 123.006;0;-21.3975;
 235.994;0;32.1498;
 
6077
LOKI:
Q -5.32632e-07;1.33246;1.9279;-5.93219e-05;-0.986001;0.00581776;
Torque 4.7778e-05;3.09042;-2.17151;0.0162211;-0.071837;-0.00953799;
MotorD 180;0;0.031852;
 256.344;-0.00122584;1545.21;
 200.461;0;-1085.75;
 179.995;0;16.0209;
 123.006;0;-21.3074;
 235.994;0;31.9052;
 
6077
THOR:
Q 0;1.6731;2.12621;5.95217e-05;-1.12945;5.61927e-05;
Torque -3.82264e-06;1.80734;-1.90052;-0.0162806;-1.1972;-0.182631;
MotorD 180;0;-0.00254843;
 275.862;-0.0285872;903.669;
 211.823;0;-950.259;
 180.005;0;-16.0796;
 115.283;0;-341.947;
 244.708;0;544.87;
 
6121
FRIGG:
Q 2.66316e-07;1.33246;1.9279;-5.97214e-05;-0.986002;0.00581776;
Torque 7.69429e-05;3.09076;-2.17163;0.0164578;-0.071134;-0.00944402;
MotorD 180;0;0.0512952;
 256.344;-0.00121248;1545.38;
 200.461;0;-1085.82;
 179.995;0;16.2546;
 123.006;0;-21.0992;
 235.994;0;31.5926;
 
6121
ODIN:
Q 0;1.33246;1.9279;5.99211e-05;-0.986002;0.00581794;
Torque 1.78109e-06;3.09027;-2.1711;-0.0164035;-0.0716771;-0.00959483;
MotorD 180;0;0.00118739;
 256.344;-0.000521057;1545.14;
 200.461;0;-1085.55;
 180.005;0;-16.201;
 123.006;0;-21.2166;
 235.994;0;31.8775;
 
6121
LOKI:
Q -2.66316e-07;1.33246;1.9279;-5.87227e-05;-0.986002;0.00581776;
Torque -8.15705e-05;3.0907;-2.1716;0.0160171;-0.0709844;-0.00943031;
MotorD 180;0;-0.0543804;
 256.344;-0.00121228;1545.35;
 200.461;0;-1085.8;
 179.996;0;15.8193;
 123.006;0;-21.0515;
 235.994;0;31.5296;
 
6121
THOR:
Q 0;1.67308;2.12625;5.91222e-05;-1.12947;5.51274e-05;
Torque 3.89454e-07;1.81092;-1.9069;-0.0161575;-1.18291;-0.180259;
MotorD 180;0;0.000259636;
 275.86;-0.0239316;905.46;
 211.825;0;-953.452;
 180.005;0;-15.958;
 115.281;0;-337.97;
 244.709;0;538.259;
 
6154
FRIGG:
Q 2.66316e-07;1.33246;1.9279;-5.93219e-05;-0.986003;0.00581776;
Torque 5.41064e-05;3.09103;-2.17171;0.0162929;-0.0702578;-0.00934134;
MotorD 180;0;0.0360709;
 256.344;-0.00117021;1545.52;
 200.461;0;-1085.86;
 179.995;0;16.0917;
 123.006;0;-20.8318;
 235.994;0;31.211;
 
6154
ODIN:
Q 0;1.33246;1.9279;5.95217e-05;-0.986003;0.00581785;
Torque -3.71859e-06;3.09066;-2.17129;-0.0162844;-0.0707167;-0.00946588;
MotorD 180;0;-0.00247906;
 256.344;-0.000952132;1545.33;
 200.461;0;-1085.64;
 180.005;0;-16.0834;
 123.006;0;-20.9326;
 235.994;0;31.4502;
 
6154
LOKI:
Q 0;1.33246;1.9279;-5.83232e-05;-0.986004;0.00581776;
Torque -5.87848e-05;3.091;-2.1717;0.0159416;-0.0700747;-0.00929638;
MotorD 180;0;-0.0391899;
 256.344;-0.00122265;1545.5;
 200.461;0;-1085.85;
 179.996;0;15.7448;
 123.006;0;-20.7889;
 235.994;0;31.1182;
 
6154
THOR:
Q 0;1.67308;2.12625;5.91222e-05;-1.12947;5.51274e-05;
Torque 3.89454e-07;1.81092;-1.9069;-0.0161575;-1.18291;-0.180259;
MotorD 180;0;0.000259636;
 275.86;-0.0239316;905.46;
 211.825;0;-953.452;
 180.005;0;-15.958;
 115.281;0;-337.97;
 244.709;0;538.259;
 
6189
FRIGG:
Q 2.66316e-07;1.33246;1.9279;-5.93219e-05;-0.986003;0.00581776;
Torque 5.41064e-05;3.09103;-2.17171;0.0162929;-0.0702578;-0.00934134;
MotorD 180;0;0.0360709;
 256.344;-0.00117021;1545.52;
 200.461;0;-1085.86;
 179.995;0;16.0917;
 123.006;0;-20.8318;
 235.994;0;31.211;
 
6189
ODIN:
Q 0;1.33246;1.9279;5.95217e-05;-0.986003;0.00581785;
Torque -3.71859e-06;3.09066;-2.17129;-0.0162844;-0.0707167;-0.00946588;
MotorD 180;0;-0.00247906;
 256.344;-0.000952132;1545.33;
 200.461;0;-1085.64;
 180.005;0;-16.0834;
 123.006;0;-20.9326;
 235.994;0;31.4502;
 
6189
LOKI:
Q 0;1.33246;1.9279;-5.83232e-05;-0.986004;0.00581776;
Torque -5.87848e-05;3.091;-2.1717;0.0159416;-0.0700747;-0.00929638;
MotorD 180;0;-0.0391899;
 256.344;-0.00122265;1545.5;
 200.461;0;-1085.85;
 179.996;0;15.7448;
 123.006;0;-20.7889;
 235.994;0;31.1182;
 
6189
THOR:
Q 0;1.67306;2.12628;5.87227e-05;-1.1295;5.40178e-05;
Torque -1.07667e-07;1.81579;-1.91488;-0.0160392;-1.16732;-0.177725;
MotorD 180;0;-7.17779e-05;
 275.859;-0.0227899;907.897;
 211.827;0;-957.438;
 180.004;0;-15.8411;
 115.28;0;-333.604;
 244.711;0;531.076;
 
6232
FRIGG:
Q 2.66316e-07;1.33246;1.9279;-5.89224e-05;-0.986005;0.00581776;
Torque -6.77307e-05;3.09128;-2.1718;0.0161002;-0.0694495;-0.00923793;
MotorD 180;0;-0.0451538;
 256.344;-0.00114645;1545.64;
 200.461;0;-1085.9;
 179.995;0;15.9014;
 123.006;0;-20.5899;
 235.994;0;30.8542;
 
6232
ODIN:
Q 0;1.33246;1.9279;5.91222e-05;-0.986004;0.00581794;
Torque -3.37343e-06;3.09121;-2.1717;-0.0161628;-0.0696159;-0.00931797;
MotorD 180;0;-0.00224895;
 256.344;-0.00145379;1545.61;
 200.461;0;-1085.85;
 180.005;0;-15.9632;
 123.006;0;-20.607;
 235.994;0;30.9603;
 
6232
LOKI:
Q 0;1.33246;1.9279;-5.79238e-05;-0.986005;0.00581776;
Torque 6.28736e-05;3.09128;-2.17183;0.0158957;-0.0692164;-0.00917892;
MotorD 180;0;0.0419158;
 256.344;-0.00121384;1545.64;
 200.461;0;-1085.92;
 179.996;0;15.6994;
 123.006;0;-20.5363;
 235.994;0;30.7351;
 
6232
THOR:
Q 0;1.67304;2.12631;5.83232e-05;-1.12952;5.28194e-05;
Torque -4.52593e-06;1.82079;-1.92298;-0.0159241;-1.1517;-0.175196;
MotorD 180;0;-0.00301728;
 275.858;-0.0222546;910.396;
 211.829;0;-961.488;
 180.004;0;-15.7276;
 115.279;0;-329.225;
 244.712;0;523.887;
 
6266
FRIGG:
Q 2.66316e-07;1.33246;1.92791;-5.83232e-05;-0.986006;0.00581776;
Torque -0.000168411;3.09154;-2.1719;0.0159339;-0.0685887;-0.0091215;
MotorD 180;0;-0.112274;
 256.344;-0.0011471;1545.77;
 200.461;0;-1085.95;
 179.996;0;15.7371;
 123.006;0;-20.3357;
 235.994;0;30.4707;
 
6266
ODIN:
Q 0;1.33246;1.9279;5.87227e-05;-0.986006;0.0058179;
Torque 1.87653e-06;3.0917;-2.172;-0.0160398;-0.0685758;-0.00917821;
MotorD 180;0;0.00125102;
 256.344;-0.00164023;1545.85;
 200.461;0;-1086;
 180.004;0;-15.8417;
 123.006;0;-20.2994;
 235.994;0;30.4974;
 
6267
LOKI:
Q 0;1.33246;1.92791;-5.75243e-05;-0.986006;0.00581776;
Torque 0.000163497;3.09152;-2.17192;0.0158251;-0.0683699;-0.00906923;
MotorD 180;0;0.108998;
 256.344;-0.00118193;1545.76;
 200.461;0;-1085.96;
 179.996;0;15.6297;
 123.006;0;-20.2837;
 235.994;0;30.3607;
 
6267
THOR:
Q 0;1.67302;2.12634;5.7724e-05;-1.12954;5.17985e-05;
Torque -9.80623e-06;1.82589;-1.93107;-0.01581;-1.13609;-0.172676;
MotorD 180;0;-0.00653749;
 275.857;-0.0220403;912.947;
 211.83;0;-965.533;
 180.004;0;-15.6148;
 115.277;0;-324.844;
 244.714;0;516.707;
 
6302
FRIGG:
Q 5.32632e-07;1.33245;1.92791;-5.79238e-05;-0.986007;0.00581776;
Torque -0.000205685;3.09183;-2.172;0.0158056;-0.0677229;-0.00900274;
MotorD 180;0;-0.137124;
 256.344;-0.00115388;1545.91;
 200.461;0;-1086;
 179.996;0;15.6104;
 123.006;0;-20.081;
 235.994;0;30.0841;
 
6302
ODIN:
Q 0;1.33245;1.92791;5.83232e-05;-0.986007;0.00581794;
Torque 8.31351e-06;3.09203;-2.17215;-0.0159176;-0.0676764;-0.00905766;
MotorD 180;0;0.00554234;
 256.344;-0.00153315;1546.01;
 200.461;0;-1086.07;
 180.004;0;-15.721;
 123.006;0;-20.0333;
 235.994;0;30.0974;
 
6302
LOKI:
Q -2.66316e-07;1.33245;1.92791;-5.71248e-05;-0.986008;0.00581772;
Torque 0.000200683;3.09179;-2.172;0.0157183;-0.067528;-0.00896164;
MotorD 180;0;0.133788;
 256.344;-0.00114384;1545.9;
 200.461;0;-1086;
 179.996;0;15.5242;
 123.006;0;-20.0317;
 235.994;0;29.9891;
 
6302
THOR:
Q 0;1.673;2.12637;5.73245e-05;-1.12957;5.06888e-05;
Torque -1.30414e-05;1.83104;-1.93905;-0.0156948;-1.12065;-0.170188;
MotorD 180;0;-0.00869427;
 275.856;-0.0219669;915.519;
 211.832;0;-969.525;
 180.004;0;-15.501;
 115.276;0;-320.507;
 244.715;0;509.604;
 
6342
FRIGG:
Q 5.32632e-07;1.33245;1.92791;-5.73245e-05;-0.986009;0.00581781;
Torque -0.000187475;3.09208;-2.1721;0.0157048;-0.0669003;-0.00889042;
MotorD 180;0;-0.124984;
 256.344;-0.00115176;1546.04;
 200.461;0;-1086.05;
 179.996;0;15.5109;
 123.006;0;-19.8388;
 235.994;0;29.717;
 
6342
ODIN:
Q 0;1.33245;1.92791;5.7724e-05;-0.986008;0.00581794;
Torque 1.23147e-05;3.09222;-2.17218;-0.015798;-0.0668856;-0.00895171;
MotorD 180;0;0.00820983;
 256.344;-0.00129178;1546.11;
 200.461;0;-1086.09;
 180.004;0;-15.603;
 123.006;0;-19.7993;
 235.994;0;29.7456;
 
6342
LOKI:
Q -5.32632e-07;1.33245;1.92791;-5.67253e-05;-0.986009;0.00581768;
Torque 0.000182511;3.09203;-2.17208;0.0155857;-0.0667212;-0.00885805;
MotorD 180;0;0.121674;
 256.344;-0.00111527;1546.02;
 200.461;0;-1086.04;
 179.996;0;15.3932;
 123.006;0;-19.7904;
 235.994;0;29.6327;
 
6342
THOR:
Q 0;1.673;2.12637;5.73245e-05;-1.12957;5.06888e-05;
Torque -1.30414e-05;1.83104;-1.93905;-0.0156948;-1.12065;-0.170188;
MotorD 180;0;-0.00869427;
 275.856;-0.0219669;915.519;
 211.832;0;-969.525;
 180.004;0;-15.501;
 115.276;0;-320.507;
 244.715;0;509.604;
 
6381
FRIGG:
Q 5.32632e-07;1.33245;1.92791;-5.73245e-05;-0.986009;0.00581781;
Torque -0.000187475;3.09208;-2.1721;0.0157048;-0.0669003;-0.00889042;
MotorD 180;0;-0.124984;
 256.344;-0.00115176;1546.04;
 200.461;0;-1086.05;
 179.996;0;15.5109;
 123.006;0;-19.8388;
 235.994;0;29.717;
 
6381
ODIN:
Q 0;1.33245;1.92791;5.7724e-05;-0.986008;0.00581794;
Torque 1.23147e-05;3.09222;-2.17218;-0.015798;-0.0668856;-0.00895171;
MotorD 180;0;0.00820983;
 256.344;-0.00129178;1546.11;
 200.461;0;-1086.09;
 180.004;0;-15.603;
 123.006;0;-19.7993;
 235.994;0;29.7456;
 
6381
LOKI:
Q -5.32632e-07;1.33245;1.92791;-5.67253e-05;-0.986009;0.00581768;
Torque 0.000182511;3.09203;-2.17208;0.0155857;-0.0667212;-0.00885805;
MotorD 180;0;0.121674;
 256.344;-0.00111527;1546.02;
 200.461;0;-1086.04;
 179.996;0;15.3932;
 123.006;0;-19.7904;
 235.994;0;29.6327;
 
6381
THOR:
Q 0;1.67298;2.1264;5.69251e-05;-1.12959;4.97123e-05;
Torque -1.31025e-05;1.83617;-1.94697;-0.0155781;-1.10537;-0.16773;
MotorD 180;0;-0.00873501;
 275.855;-0.021878;918.086;
 211.834;0;-973.484;
 180.004;0;-15.3857;
 115.275;0;-316.214;
 244.717;0;502.581;
 
6422
FRIGG:
Q 5.32632e-07;1.33245;1.92791;-5.69251e-05;-0.98601;0.00581776;
Torque -0.000144322;3.09237;-2.17219;0.0156133;-0.0660863;-0.00878116;
MotorD 180;0;-0.0962146;
 256.344;-0.00113526;1546.18;
 200.461;0;-1086.1;
 179.996;0;15.4206;
 123.006;0;-19.598;
 235.994;0;29.3548;
 
6422
ODIN:
Q 0;1.33245;1.92791;5.73245e-05;-0.98601;0.00581794;
Torque 1.24201e-05;3.0924;-2.1722;-0.0156816;-0.0661687;-0.00885557;
MotorD 180;0;0.00828008;
 256.344;-0.00107204;1546.2;
 200.461;0;-1086.1;
 180.004;0;-15.488;
 123.006;0;-19.5872;
 235.994;0;29.4267;
 
6422
LOKI:
Q -5.32632e-07;1.33245;1.92791;-5.63259e-05;-0.98601;0.00581776;
Torque 0.000139403;3.09228;-2.17218;0.0154455;-0.0659467;-0.00875689;
MotorD 180;0;0.0929351;
 256.344;-0.00110162;1546.14;
 200.461;0;-1086.09;
 179.996;0;15.2548;
 123.006;0;-19.5598;
 235.994;0;29.2897;
 
6422
THOR:
Q 0;1.67296;2.12643;5.65256e-05;-1.12961;4.86471e-05;
Torque -1.0743e-05;1.84119;-1.95472;-0.0154606;-1.09036;-0.165316;
MotorD 180;0;-0.00716198;
 275.854;-0.0216864;920.595;
 211.836;0;-977.358;
 180.004;0;-15.2698;
 115.274;0;-311.995;
 244.718;0;495.679;
 
6464
FRIGG:
Q 5.32632e-07;1.33245;1.92791;-5.65256e-05;-0.986011;0.00581776;
Torque -0.000105497;3.09261;-2.17228;0.0155164;-0.0652762;-0.00867422;
MotorD 180;0;-0.0703311;
 256.344;-0.00110911;1546.3;
 200.461;0;-1086.14;
 179.996;0;15.3248;
 123.006;0;-19.3573;
 235.994;0;28.9954;
 
6464
ODIN:
Q 0;1.33245;1.92791;5.69251e-05;-0.986011;0.00581785;
Torque 9.56328e-06;3.09256;-2.1722;-0.0155674;-0.0654446;-0.00875873;
MotorD 180;0;0.00637552;
 256.344;-0.000957272;1546.28;
 200.461;0;-1086.1;
 180.004;0;-15.3752;
 123.006;0;-19.3728;
 235.994;0;29.1047;
 
6464
LOKI:
Q -5.32632e-07;1.33245;1.92791;-5.59264e-05;-0.986011;0.00581772;
Torque 0.000100771;3.09254;-2.17227;0.0153125;-0.0651268;-0.00864781;
MotorD 180;0;0.0671806;
 256.344;-0.00109797;1546.27;
 200.461;0;-1086.14;
 179.996;0;15.1235;
 123.006;0;-19.3167;
 235.994;0;28.9254;
 
6464
THOR:
Q 0;1.67294;2.12646;5.61261e-05;-1.12964;4.7715e-05;
Torque -7.83774e-06;1.84612;-1.96228;-0.0153441;-1.07549;-0.162929;
MotorD 180;0;-0.00522516;
 275.853;-0.0213912;923.061;
 211.837;0;-981.138;
 180.004;0;-15.1546;
 115.272;0;-307.813;
 244.719;0;488.845;
 
6503
FRIGG:
Q 5.32632e-07;1.33245;1.92791;-5.61261e-05;-0.986012;0.00581776;
Torque -8.66264e-05;3.09285;-2.17237;0.0154082;-0.0645072;-0.00857344;
MotorD 180;0;-0.0577509;
 256.344;-0.00108228;1546.43;
 200.461;0;-1086.18;
 179.996;0;15.218;
 123.006;0;-19.1285;
 235.994;0;28.6546;
 
6503
ODIN:
Q 0;1.33245;1.92791;5.65256e-05;-0.986012;0.0058179;
Torque 5.89154e-06;3.09278;-2.17226;-0.0154541;-0.0646686;-0.00865462;
MotorD 180;0;0.00392769;
 256.344;-0.000949714;1546.39;
 200.461;0;-1086.13;
 180.004;0;-15.2633;
 123.006;0;-19.1432;
 235.994;0;28.7594;
 
6504
LOKI:
Q -2.66316e-07;1.33245;1.92791;-5.55269e-05;-0.986012;0.00581776;
Torque 8.19512e-05;3.0928;-2.17234;0.0151924;-0.0643453;-0.00854301;
MotorD 180;0;0.0546341;
 256.344;-0.00109524;1546.4;
 200.461;0;-1086.17;
 179.996;0;15.0049;
 123.006;0;-19.0855;
 235.994;0;28.5777;
 
6504
THOR:
Q 0;1.67293;2.12649;5.57266e-05;-1.12966;4.67829e-05;
Torque -5.92136e-06;1.85092;-1.96961;-0.0152294;-1.06097;-0.160599;
MotorD 180;0;-0.00394757;
 275.852;-0.0210348;925.462;
 211.839;0;-984.804;
 180.004;0;-15.0414;
 115.271;0;-303.732;
 244.721;0;482.174;
 
6542
FRIGG:
Q 5.32632e-07;1.33245;1.92791;-5.57266e-05;-0.986014;0.00581776;
Torque -8.78818e-05;3.0931;-2.17246;0.0152908;-0.0637352;-0.00847217;
MotorD 180;0;-0.0585879;
 256.344;-0.00106174;1546.55;
 200.461;0;-1086.23;
 179.996;0;15.102;
 123.006;0;-18.8989;
 235.994;0;28.3124;
 
6542
ODIN:
Q 0;1.33245;1.92791;5.61261e-05;-0.986013;0.00581794;
Torque 3.38879e-06;3.09304;-2.17232;-0.0153407;-0.0638616;-0.0085463;
MotorD 180;0;0.00225919;
 256.344;-0.00100236;1546.52;
 200.461;0;-1086.16;
 180.004;0;-15.1513;
 123.006;0;-18.9045;
 235.994;0;28.4004;
 
6542
LOKI:
Q -2.66316e-07;1.33245;1.92791;-5.51274e-05;-0.986014;0.00581772;
Torque 8.32165e-05;3.09305;-2.17244;0.0150833;-0.063566;-0.00843877;
MotorD 180;0;0.0554777;
 256.344;-0.00108702;1546.52;
 200.461;0;-1086.22;
 179.996;0;14.8971;
 123.006;0;-18.8548;
 235.994;0;28.2312;
 
6542
THOR:
Q 0;1.67293;2.12649;5.57266e-05;-1.12966;4.67829e-05;
Torque -5.92136e-06;1.85092;-1.96961;-0.0152294;-1.06097;-0.160599;
MotorD 180;0;-0.00394757;
 275.852;-0.0210348;925.462;
 211.839;0;-984.804;
 180.004;0;-15.0414;
 115.271;0;-303.732;
 244.721;0;482.174;
 
6580
FRIGG:
Q 5.32632e-07;1.33245;1.92791;-5.57266e-05;-0.986014;0.00581776;
Torque -8.78818e-05;3.0931;-2.17246;0.0152908;-0.0637352;-0.00847217;
MotorD 180;0;-0.0585879;
 256.344;-0.00106174;1546.55;
 200.461;0;-1086.23;
 179.996;0;15.102;
 123.006;0;-18.8989;
 235.994;0;28.3124;
 
6580
ODIN:
Q 0;1.33245;1.92791;5.61261e-05;-0.986013;0.00581794;
Torque 3.38879e-06;3.09304;-2.17232;-0.0153407;-0.0638616;-0.0085463;
MotorD 180;0;0.00225919;
 256.344;-0.00100236;1546.52;
 200.461;0;-1086.16;
 180.004;0;-15.1513;
 123.006;0;-18.9045;
 235.994;0;28.4004;
 
6580
LOKI:
Q -2.66316e-07;1.33245;1.92791;-5.51274e-05;-0.986014;0.00581772;
Torque 8.32165e-05;3.09305;-2.17244;0.0150833;-0.063566;-0.00843877;
MotorD 180;0;0.0554777;
 256.344;-0.00108702;1546.52;
 200.461;0;-1086.22;
 179.996;0;14.8971;
 123.006;0;-18.8548;
 235.994;0;28.2312;
 
6580
THOR:
Q 0;1.67291;2.12652;5.53272e-05;-1.12968;4.58064e-05;
Torque -5.59426e-06;1.85566;-1.97676;-0.0151167;-1.04661;-0.158296;
MotorD 180;0;-0.00372951;
 275.851;-0.0206809;927.831;
 211.841;0;-988.379;
 180.004;0;-14.9301;
 115.27;0;-299.69;
 244.722;0;475.575;
 
6618
FRIGG:
Q 5.32632e-07;1.33245;1.92791;-5.53272e-05;-0.986015;0.00581776;
Torque -0.000100324;3.09335;-2.17252;0.0151698;-0.0629587;-0.00836971;
MotorD 180;0;-0.066883;
 256.344;-0.001049;1546.68;
 200.461;0;-1086.26;
 179.996;0;14.9825;
 123.006;0;-18.6682;
 235.994;0;27.9679;
 
6618
ODIN:
Q 0;1.33245;1.92791;5.57266e-05;-0.986014;0.00581785;
Torque 2.88724e-06;3.09333;-2.17246;-0.0152271;-0.0630912;-0.00844289;
MotorD 180;0;0.00192483;
 256.344;-0.00106091;1546.66;
 200.461;0;-1086.23;
 180.004;0;-15.0391;
 123.006;0;-18.6766;
 235.994;0;28.0576;
 
6618
LOKI:
Q -2.66316e-07;1.33245;1.92791;-5.4728e-05;-0.986015;0.00581776;
Torque 9.56409e-05;3.0933;-2.17253;0.0149795;-0.0627904;-0.00833542;
MotorD 180;0;0.0637606;
 256.344;-0.0010712;1546.65;
 200.461;0;-1086.26;
 179.996;0;14.7945;
 123.006;0;-18.6249;
 235.994;0;27.8865;
 
6618
THOR:
Q 0;1.67289;2.12655;5.49277e-05;-1.1297;4.49187e-05;
Torque -6.5365e-06;1.86032;-1.9838;-0.0150057;-1.03246;-0.15603;
MotorD 180;0;-0.00435767;
 275.85;-0.0203615;930.162;
 211.842;0;-991.902;
 180.004;0;-14.8204;
 115.269;0;-295.71;
 244.723;0;469.076;
 
6656
FRIGG:
Q 5.32632e-07;1.33245;1.92791;-5.49277e-05;-0.986016;0.00581776;
Torque -0.000113714;3.09357;-2.17261;0.0150506;-0.0621793;-0.00826634;
MotorD 180;0;-0.0758091;
 256.344;-0.00104066;1546.79;
 200.461;0;-1086.31;
 179.996;0;14.8648;
 123.005;0;-18.4369;
 235.995;0;27.6218;
 
6656
ODIN:
Q 0;1.33245;1.92791;5.53272e-05;-0.986016;0.00581794;
Torque 3.98698e-06;3.09356;-2.17257;-0.0151136;-0.0622933;-0.00833568;
MotorD 180;0;0.00265799;
 256.344;-0.00108943;1546.78;
 200.461;0;-1086.29;
 180.004;0;-14.927;
 123.005;0;-18.4407;
 235.995;0;27.7025;
 
6656
LOKI:
Q -2.66316e-07;1.33245;1.92791;-5.43285e-05;-0.986016;0.00581772;
Torque 0.000108982;3.09354;-2.17262;0.0148755;-0.0620169;-0.00823307;
MotorD 180;0;0.0726544;
 256.344;-0.00105078;1546.77;
 200.461;0;-1086.31;
 179.996;0;14.6918;
 123.005;0;-18.3953;
 235.995;0;27.5431;
 
6656
THOR:
Q 0;1.67287;2.12657;5.45282e-05;-1.12972;4.39422e-05;
Torque -7.91729e-06;1.86494;-1.99068;-0.0148956;-1.01846;-0.153791;
MotorD 180;0;-0.00527819;
 275.849;-0.0200816;932.47;
 211.844;0;-995.341;
 180.004;0;-14.7117;
 115.268;0;-291.768;
 244.725;0;462.647;
 
6702
FRIGG:
Q 5.32632e-07;1.33245;1.92791;-5.45282e-05;-0.986017;0.00581776;
Torque -0.000121522;3.09383;-2.17268;0.0149359;-0.0614401;-0.00816781;
MotorD 180;0;-0.0810144;
 256.344;-0.00103267;1546.91;
 200.461;0;-1086.34;
 179.996;0;14.7515;
 123.005;0;-18.2179;
 235.995;0;27.2932;
 
6702
ODIN:
Q 0;1.33245;1.92791;5.49277e-05;-0.986017;0.00581785;
Torque 5.65998e-06;3.09382;-2.17267;-0.0150008;-0.0615123;-0.00823101;
MotorD 180;0;0.00377332;
 256.344;-0.00108191;1546.91;
 200.461;0;-1086.34;
 180.004;0;-14.8156;
 123.005;0;-18.2096;
 235.995;0;27.3551;
 
6702
LOKI:
Q -2.66316e-07;1.33245;1.92791;-5.3929e-05;-0.986017;0.00581776;
Torque 0.000116798;3.09379;-2.17267;0.0147686;-0.0612827;-0.00813629;
MotorD 180;0;0.0778653;
 256.344;-0.00103104;1546.9;
 200.461;0;-1086.34;
 179.996;0;14.5863;
 123.005;0;-18.1771;
 235.995;0;27.2175;
 
6702
THOR:
Q 0;1.67286;2.1266;5.41287e-05;-1.12974;4.30544e-05;
Torque -8.96365e-06;1.86951;-1.99745;-0.014786;-1.00469;-0.151591;
MotorD 180;0;-0.00597577;
 275.848;-0.01983;934.754;
 211.845;0;-998.725;
 180.004;0;-14.6035;
 115.267;0;-287.89;
 244.726;0;456.323;
 
6731
FRIGG:
Q 5.32632e-07;1.33245;1.92791;-5.41287e-05;-0.986018;0.00581776;
Torque -0.000122407;3.09404;-2.17277;0.0148257;-0.0607007;-0.00806946;
MotorD 180;0;-0.0816048;
 256.344;-0.00102177;1547.02;
 200.461;0;-1086.39;
 179.996;0;14.6427;
 123.005;0;-17.9987;
 235.995;0;26.9648;
 
6731
ODIN:
Q 0;1.33245;1.92791;5.45282e-05;-0.986018;0.0058179;
Torque 6.93425e-06;3.09406;-2.17272;-0.0148891;-0.0607826;-0.0081332;
MotorD 180;0;0.00462283;
 256.344;-0.00104991;1547.03;
 200.461;0;-1086.36;
 180.004;0;-14.7053;
 123.005;0;-17.9936;
 235.995;0;27.0305;
 
6731
LOKI:
Q -2.66316e-07;1.33245;1.92791;-5.35295e-05;-0.986018;0.00581776;
Torque 0.00011772;3.09401;-2.17277;0.0146589;-0.0605476;-0.00803921;
MotorD 180;0;0.0784802;
 256.344;-0.0010146;1547;
 200.461;0;-1086.38;
 179.996;0;14.4779;
 123.005;0;-17.9588;
 235.995;0;26.8913;
 
6731
THOR:
Q 0;1.67286;2.1266;5.41287e-05;-1.12974;4.30544e-05;
Torque -8.96365e-06;1.86951;-1.99745;-0.014786;-1.00469;-0.151591;
MotorD 180;0;-0.00597577;
 275.848;-0.01983;934.754;
 211.845;0;-998.725;
 180.004;0;-14.6035;
 115.267;0;-287.89;
 244.726;0;456.323;
 
6769
FRIGG:
Q 5.32632e-07;1.33245;1.92791;-5.41287e-05;-0.986018;0.00581776;
Torque -0.000122407;3.09404;-2.17277;0.0148257;-0.0607007;-0.00806946;
MotorD 180;0;-0.0816048;
 256.344;-0.00102177;1547.02;
 200.461;0;-1086.39;
 179.996;0;14.6427;
 123.005;0;-17.9987;
 235.995;0;26.9648;
 
6769
ODIN:
Q 0;1.33245;1.92791;5.45282e-05;-0.986018;0.0058179;
Torque 6.93425e-06;3.09406;-2.17272;-0.0148891;-0.0607826;-0.0081332;
MotorD 180;0;0.00462283;
 256.344;-0.00104991;1547.03;
 200.461;0;-1086.36;
 180.004;0;-14.7053;
 123.005;0;-17.9936;
 235.995;0;27.0305;
 
6769
LOKI:
Q -2.66316e-07;1.33245;1.92791;-5.35295e-05;-0.986018;0.00581776;
Torque 0.00011772;3.09401;-2.17277;0.0146589;-0.0605476;-0.00803921;
MotorD 180;0;0.0784802;
 256.344;-0.0010146;1547;
 200.461;0;-1086.38;
 179.996;0;14.4779;
 123.005;0;-17.9588;
 235.995;0;26.8913;
 
6769
THOR:
Q 0;1.67284;2.12662;5.37293e-05;-1.12977;4.22555e-05;
Torque -9.28333e-06;1.87401;-2.0041;-0.0146767;-0.991066;-0.149417;
MotorD 180;0;-0.00618889;
 275.847;-0.0195849;937.007;
 211.847;0;-1002.05;
 180.004;0;-14.4955;
 115.266;0;-284.052;
 244.727;0;450.071;
 
6802
FRIGG:
Q 5.32632e-07;1.33245;1.92791;-5.37293e-05;-0.986019;0.00581772;
Torque -0.000118683;3.09429;-2.17283;0.0147183;-0.0599635;-0.00797124;
MotorD 180;0;-0.0791218;
 256.343;-0.00100806;1547.15;
 200.461;0;-1086.42;
 179.996;0;14.5366;
 123.005;0;-17.7803;
 235.995;0;26.6372;
 
6802
ODIN:
Q 0;1.33245;1.92791;5.41287e-05;-0.986019;0.00581794;
Torque 7.33655e-06;3.0943;-2.1728;-0.0147787;-0.0600562;-0.00803583;
MotorD 180;0;0.00489103;
 256.343;-0.00101218;1547.15;
 200.461;0;-1086.4;
 180.004;0;-14.5963;
 123.005;0;-17.7787;
 235.995;0;26.7074;
 
6802
LOKI:
Q -2.66316e-07;1.33245;1.92791;-5.31301e-05;-0.986019;0.00581776;
Torque 0.000114034;3.09423;-2.17283;0.014548;-0.0598105;-0.0079418;
MotorD 180;0;0.0760228;
 256.344;-0.00100092;1547.11;
 200.461;0;-1086.41;
 179.996;0;14.3684;
 123.005;0;-17.7399;
 235.995;0;26.5641;
 
6802
THOR:
Q 0;1.67282;2.12665;5.33298e-05;-1.12979;4.13234e-05;
Torque -8.96438e-06;1.87849;-2.01062;-0.0145677;-0.977681;-0.147283;
MotorD 180;0;-0.00597625;
 275.846;-0.0193399;939.244;
 211.848;0;-1005.31;
 180.004;0;-14.3879;
 115.265;0;-280.28;
 244.728;0;443.928;
 
6841
FRIGG:
Q 5.32632e-07;1.33244;1.92791;-5.33298e-05;-0.98602;0.00581772;
Torque -0.000113769;3.09451;-2.17292;0.0146119;-0.0592672;-0.00787888;
MotorD 180;0;-0.0758463;
 256.343;-0.000992072;1547.26;
 200.461;0;-1086.46;
 179.996;0;14.4315;
 123.005;0;-17.5737;
 235.995;0;26.328;
 
6841
ODIN:
Q 0;1.33244;1.92791;5.37293e-05;-0.98602;0.00581794;
Torque 6.9546e-06;3.09451;-2.17285;-0.0146696;-0.0593671;-0.0079434;
MotorD 180;0;0.0046364;
 256.343;-0.000981401;1547.25;
 200.461;0;-1086.43;
 180.004;0;-14.4885;
 123.005;0;-17.5748;
 235.995;0;26.4008;
 
6841
LOKI:
Q -2.66316e-07;1.33244;1.92791;-5.27306e-05;-0.986021;0.00581781;
Torque 0.000109171;3.09448;-2.17292;0.0144378;-0.0591123;-0.00784957;
MotorD 180;0;0.0727808;
 256.343;-0.000990038;1547.24;
 200.461;0;-1086.46;
 179.996;0;14.2595;
 123.005;0;-17.5326;
 235.995;0;26.2543;
 
6841
THOR:
Q 0;1.6728;2.12667;5.29303e-05;-1.12981;4.05244e-05;
Torque -8.33692e-06;1.88286;-2.01702;-0.0144594;-0.964447;-0.145175;
MotorD 180;0;-0.00555795;
 275.845;-0.019089;941.432;
 211.849;0;-1008.51;
 180.004;0;-14.2809;
 115.263;0;-276.55;
 244.73;0;437.855;
 
6880
FRIGG:
Q 5.32632e-07;1.33244;1.92791;-5.29303e-05;-0.986022;0.00581776;
Torque -0.000110226;3.09473;-2.17298;0.0145052;-0.0585304;-0.00778118;
MotorD 180;0;-0.0734841;
 256.343;-0.000976474;1547.36;
 200.461;0;-1086.49;
 179.996;0;14.3262;
 123.005;0;-17.355;
 235.995;0;26.0008;
 
6880
ODIN:
Q 0;1.33244;1.92791;5.33298e-05;-0.986021;0.00581794;
Torque 6.19595e-06;3.09472;-2.17294;-0.0145614;-0.0586308;-0.00784465;
MotorD 180;0;0.00413064;
 256.343;-0.000962721;1547.36;
 200.461;0;-1086.47;
 180.004;0;-14.3816;
 123.005;0;-17.357;
 235.995;0;26.0733;
 
6880
LOKI:
Q -2.66316e-07;1.33244;1.92791;-5.23311e-05;-0.986022;0.00581781;
Torque 0.000105681;3.0947;-2.17298;0.0143293;-0.0584115;-0.00775655;
MotorD 180;0;0.0704537;
 256.343;-0.000980495;1547.35;
 200.461;0;-1086.49;
 179.996;0;14.1524;
 123.005;0;-17.3247;
 235.995;0;25.9431;
 
6880
THOR:
Q 0;1.67279;2.1267;5.25309e-05;-1.12983;3.96811e-05;
Torque -7.84076e-06;1.8872;-2.02329;-0.014352;-0.951385;-0.143098;
MotorD 180;0;-0.00522717;
 275.844;-0.018831;943.601;
 211.851;0;-1011.65;
 180.004;0;-14.1748;
 115.262;0;-272.866;
 244.731;0;431.864;
 
6912
FRIGG:
Q 5.32632e-07;1.33244;1.92791;-5.25309e-05;-0.986023;0.00581776;
Torque -0.000109018;3.09495;-2.17307;0.014398;-0.057833;-0.00768873;
MotorD 180;0;-0.0726785;
 256.343;-0.000961627;1547.47;
 200.461;0;-1086.54;
 179.996;0;14.2203;
 123.005;0;-17.1481;
 235.995;0;25.6912;
 
6912
ODIN:
Q 0;1.33244;1.92791;5.29303e-05;-0.986022;0.00581794;
Torque 5.57806e-06;3.09494;-2.17301;-0.0144539;-0.0579316;-0.00775103;
MotorD 180;0;0.00371871;
 256.343;-0.000954371;1547.47;
 200.461;0;-1086.5;
 180.004;0;-14.2755;
 123.005;0;-17.15;
 235.995;0;25.7623;
 
6912
LOKI:
Q -2.66316e-07;1.33244;1.92791;-5.19316e-05;-0.986023;0.00581781;
Torque 0.00010449;3.09492;-2.17304;0.0142231;-0.0577134;-0.00766407;
MotorD 180;0;0.06966;
 256.343;-0.00096833;1547.46;
 200.461;0;-1086.52;
 179.996;0;14.0475;
 123.005;0;-17.1175;
 235.995;0;25.6331;
 
6913
THOR:
Q 0;1.67279;2.1267;5.25309e-05;-1.12983;3.96811e-05;
Torque -7.84076e-06;1.8872;-2.02329;-0.014352;-0.951385;-0.143098;
MotorD 180;0;-0.00522717;
 275.844;-0.018831;943.601;
 211.851;0;-1011.65;
 180.004;0;-14.1748;
 115.262;0;-272.866;
 244.731;0;431.864;
 
6955
FRIGG:
Q 5.32632e-07;1.33244;1.92791;-5.25309e-05;-0.986023;0.00581776;
Torque -0.000109018;3.09495;-2.17307;0.014398;-0.057833;-0.00768873;
MotorD 180;0;-0.0726785;
 256.343;-0.000961627;1547.47;
 200.461;0;-1086.54;
 179.996;0;14.2203;
 123.005;0;-17.1481;
 235.995;0;25.6912;
 
6955
ODIN:
Q 0;1.33244;1.92791;5.29303e-05;-0.986022;0.00581794;
Torque 5.57806e-06;3.09494;-2.17301;-0.0144539;-0.0579316;-0.00775103;
MotorD 180;0;0.00371871;
 256.343;-0.000954371;1547.47;
 200.461;0;-1086.5;
 180.004;0;-14.2755;
 123.005;0;-17.15;
 235.995;0;25.7623;
 
6955
LOKI:
Q -2.66316e-07;1.33244;1.92791;-5.19316e-05;-0.986023;0.00581781;
Torque 0.00010449;3.09492;-2.17304;0.0142231;-0.0577134;-0.00766407;
MotorD 180;0;0.06966;
 256.343;-0.00096833;1547.46;
 200.461;0;-1086.52;
 179.996;0;14.0475;
 123.005;0;-17.1175;
 235.995;0;25.6331;
 
6955
THOR:
Q 0;1.67277;2.12672;5.21314e-05;-1.12985;3.89265e-05;
Torque -7.60385e-06;1.89147;-2.02937;-0.0142457;-0.938486;-0.141049;
MotorD 180;0;-0.00506923;
 275.843;-0.0185689;945.737;
 211.852;0;-1014.68;
 180.004;0;-14.0698;
 115.261;0;-269.227;
 244.732;0;425.948;
 
6991
FRIGG:
Q 5.32632e-07;1.33244;1.92791;-5.21314e-05;-0.986024;0.00581772;
Torque -0.000109611;3.09517;-2.17314;0.0142909;-0.057175;-0.00760163;
MotorD 180;0;-0.0730742;
 256.343;-0.000948867;1547.58;
 200.461;0;-1086.57;
 179.996;0;14.1144;
 123.005;0;-16.9528;
 235.995;0;25.3991;
 
6991
ODIN:
Q 0;1.33244;1.92791;5.25309e-05;-0.986023;0.00581794;
Torque 5.27277e-06;3.09517;-2.17307;-0.014347;-0.0572693;-0.00766212;
MotorD 180;0;0.00351518;
 256.343;-0.000949135;1547.58;
 200.461;0;-1086.54;
 180.004;0;-14.1699;
 123.005;0;-16.9541;
 235.995;0;25.4676;
 
6992
LOKI:
Q -2.66316e-07;1.33244;1.92791;-5.15322e-05;-0.986024;0.00581781;
Torque 0.000105102;3.09514;-2.17314;0.0141184;-0.057015;-0.00757148;
MotorD 180;0;0.0700683;
 256.343;-0.000955574;1547.57;
 200.461;0;-1086.57;
 179.996;0;13.9441;
 123.005;0;-16.9103;
 235.995;0;25.323;
 
6992
THOR:
Q 0;1.67276;2.12675;5.17319e-05;-1.12986;3.82164e-05;
Torque -7.63659e-06;1.89569;-2.03539;-0.0141403;-0.925816;-0.139037;
MotorD 180;0;-0.00509106;
 275.842;-0.0183149;947.844;
 211.854;0;-1017.7;
 180.004;0;-13.9657;
 115.26;0;-265.652;
 244.733;0;420.138;
 
7027
FRIGG:
Q 5.32632e-07;1.33244;1.92791;-5.17319e-05;-0.986025;0.00581772;
Torque -0.000110888;3.09538;-2.1732;0.0141843;-0.056476;-0.00750878;
MotorD 180;0;-0.0739251;
 256.343;-0.000937009;1547.69;
 200.461;0;-1086.6;
 179.996;0;14.0092;
 123.005;0;-16.7455;
 235.995;0;25.0886;
 
7027
ODIN:
Q 0;1.33244;1.92791;5.21314e-05;-0.986024;0.00581794;
Torque 5.32324e-06;3.09539;-2.17313;-0.0142408;-0.056567;-0.00756789;
MotorD 180;0;0.00354882;
 256.343;-0.000942455;1547.69;
 200.461;0;-1086.57;
 180.004;0;-14.065;
 123.005;0;-16.7464;
 235.995;0;25.1551;
 
7027
LOKI:
Q -2.66316e-07;1.33244;1.92791;-5.11327e-05;-0.986025;0.00581781;
Torque 0.000106393;3.09535;-2.1732;0.0140146;-0.0563159;-0.00747865;
MotorD 180;0;0.070929;
 256.343;-0.000941675;1547.68;
 200.461;0;-1086.6;
 179.996;0;13.8416;
 123.005;0;-16.7029;
 235.995;0;25.0125;
 
7027
THOR:
Q 0;1.67274;2.12677;5.13324e-05;-1.12988;3.74174e-05;
Torque -7.83923e-06;1.89984;-2.04122;-0.0140359;-0.913312;-0.137055;
MotorD 180;0;-0.00522615;
 275.841;-0.0180652;949.918;
 211.855;0;-1020.61;
 180.004;0;-13.8626;
 115.259;0;-262.122;
 244.734;0;414.405;
 
7067
FRIGG:
Q 5.32632e-07;1.33244;1.92791;-5.13324e-05;-0.986026;0.00581781;
Torque -0.000111937;3.0956;-2.17326;0.0140788;-0.0558164;-0.00742117;
MotorD 180;0;-0.0746244;
 256.343;-0.000925592;1547.8;
 200.461;0;-1086.63;
 179.996;0;13.9049;
 123.005;0;-16.5499;
 235.995;0;24.7956;
 
7067
ODIN:
Q 0;1.33244;1.92791;5.17319e-05;-0.986026;0.00581794;
Torque 5.56484e-06;3.09561;-2.17323;-0.0141351;-0.0559057;-0.00747913;
MotorD 180;0;0.0037099;
 256.343;-0.000933189;1547.8;
 200.461;0;-1086.61;
 180.004;0;-13.9606;
 123.005;0;-16.5507;
 235.995;0;24.8609;
 
7067
LOKI:
Q -2.66316e-07;1.33244;1.92791;-5.07332e-05;-0.986026;0.00581776;
Torque 0.000107472;3.09557;-2.17326;0.0139114;-0.0556574;-0.00739148;
MotorD 180;0;0.0716482;
 256.343;-0.000928404;1547.79;
 200.461;0;-1086.63;
 179.996;0;13.7397;
 123.005;0;-16.5075;
 235.995;0;24.7202;
 
7067
THOR:
Q 0;1.67272;2.12679;5.0933e-05;-1.1299;3.65297e-05;
Torque -8.00576e-06;1.90393;-2.047;-0.0139321;-0.900945;-0.135096;
MotorD 180;0;-0.00533718;
 275.84;-0.0178224;951.963;
 211.856;0;-1023.5;
 180.004;0;-13.7601;
 115.258;0;-258.63;
 244.736;0;408.737;
 
7106
FRIGG:
Q 5.32632e-07;1.33244;1.92791;-5.0933e-05;-0.986027;0.00581776;
Torque -0.000112249;3.09582;-2.17332;0.0139744;-0.0551562;-0.00733367;
MotorD 180;0;-0.0748329;
 256.343;-0.00091434;1547.91;
 200.461;0;-1086.66;
 179.996;0;13.8018;
 123.005;0;-16.3539;
 235.995;0;24.5025;
 
7107
ODIN:
Q 0;1.33244;1.92791;5.13324e-05;-0.986027;0.0058179;
Torque 5.8147e-06;3.09583;-2.17329;-0.0140304;-0.055247;-0.00739094;
MotorD 180;0;0.00387647;
 256.343;-0.000920298;1547.91;
 200.461;0;-1086.65;
 180.004;0;-13.8572;
 123.005;0;-16.3558;
 235.995;0;24.5679;
 
7107
LOKI:
Q -2.66316e-07;1.33244;1.92791;-5.03337e-05;-0.986027;0.00581776;
Torque 0.000107806;3.09579;-2.17332;0.0138086;-0.0549989;-0.00730429;
MotorD 180;0;0.0718707;
 256.343;-0.000914749;1547.9;
 200.461;0;-1086.66;
 179.996;0;13.6381;
 123.005;0;-16.312;
 235.995;0;24.4279;
 
7107
THOR:
Q 0;1.67272;2.12679;5.0933e-05;-1.1299;3.65297e-05;
Torque -8.00576e-06;1.90393;-2.047;-0.0139321;-0.900945;-0.135096;
MotorD 180;0;-0.00533718;
 275.84;-0.0178224;951.963;
 211.856;0;-1023.5;
 180.004;0;-13.7601;
 115.258;0;-258.63;
 244.736;0;408.737;
 
7150
FRIGG:
Q 5.32632e-07;1.33244;1.92791;-5.0933e-05;-0.986027;0.00581776;
Torque -0.000112249;3.09582;-2.17332;0.0139744;-0.0551562;-0.00733367;
MotorD 180;0;-0.0748329;
 256.343;-0.00091434;1547.91;
 200.461;0;-1086.66;
 179.996;0;13.8018;
 123.005;0;-16.3539;
 235.995;0;24.5025;
 
7150
ODIN:
Q 0;1.33244;1.92791;5.13324e-05;-0.986027;0.0058179;
Torque 5.8147e-06;3.09583;-2.17329;-0.0140304;-0.055247;-0.00739094;
MotorD 180;0;0.00387647;
 256.343;-0.000920298;1547.91;
 200.461;0;-1086.65;
 180.004;0;-13.8572;
 123.005;0;-16.3558;
 235.995;0;24.5679;
 
7150
LOKI:
Q -2.66316e-07;1.33244;1.92791;-5.03337e-05;-0.986027;0.00581776;
Torque 0.000107806;3.09579;-2.17332;0.0138086;-0.0549989;-0.00730429;
MotorD 180;0;0.0718707;
 256.343;-0.000914749;1547.9;
 200.461;0;-1086.66;
 179.996;0;13.6381;
 123.005;0;-16.312;
 235.995;0;24.4279;
 
7150
THOR:
Q 0;1.67271;2.12681;5.05335e-05;-1.12992;3.58195e-05;
Torque -8.09483e-06;1.90799;-2.05266;-0.013829;-0.888746;-0.133166;
MotorD 180;0;-0.00539655;
 275.839;-0.0175969;953.996;
 211.857;0;-1026.33;
 180.004;0;-13.6583;
 115.257;0;-255.184;
 244.737;0;403.146;
 
7183
FRIGG:
Q 5.32632e-07;1.33244;1.92791;-5.05335e-05;-0.986028;0.00581776;
Torque -0.000111911;3.09601;-2.17338;0.0138711;-0.0544955;-0.00724595;
MotorD 180;0;-0.0746077;
 256.343;-0.000902445;1548.01;
 200.461;0;-1086.69;
 179.996;0;13.6998;
 123.005;0;-16.158;
 235.995;0;24.2091;
 
7184
ODIN:
Q 0;1.33244;1.92791;5.0933e-05;-0.986028;0.00581785;
Torque 5.93626e-06;3.09601;-2.17335;-0.0139264;-0.0545872;-0.0073024;
MotorD 180;0;0.00395751;
 256.343;-0.00090518;1548.01;
 200.461;0;-1086.68;
 180.004;0;-13.7545;
 123.005;0;-16.1606;
 235.995;0;24.2744;
 
7184
LOKI:
Q -2.66316e-07;1.33244;1.92791;-4.99343e-05;-0.986028;0.00581776;
Torque 0.000107506;3.09598;-2.17338;0.0137061;-0.0543384;-0.00721684;
MotorD 180;0;0.0716705;
 256.343;-0.000902349;1547.99;
 200.461;0;-1086.69;
 179.996;0;13.5369;
 123.005;0;-16.116;
 235.995;0;24.1347;
 
7184
THOR:
Q 0;1.67269;2.12683;5.0134e-05;-1.12994;3.51981e-05;
Torque -8.06407e-06;1.91198;-2.05819;-0.0137267;-0.876711;-0.131265;
MotorD 180;0;-0.00537605;
 275.838;-0.0173508;955.992;
 211.859;0;-1029.09;
 180.004;0;-13.5572;
 115.256;0;-251.783;
 244.738;0;397.633;
 
7218
FRIGG:
Q 5.32632e-07;1.33244;1.92791;-5.03337e-05;-0.986029;0.00581776;
Torque -0.000111299;3.09623;-2.17344;0.0137688;-0.0538368;-0.00715849;
MotorD 180;0;-0.0741995;
 256.343;-0.000889563;1548.11;
 200.461;0;-1086.72;
 179.996;0;13.5988;
 123.005;0;-15.9626;
 235.995;0;23.9165;
 
7218
ODIN:
Q 0;1.33244;1.92791;5.05335e-05;-0.986029;0.00581785;
Torque 5.92121e-06;3.09623;-2.17341;-0.0138234;-0.0539287;-0.00721423;
MotorD 180;0;0.00394747;
 256.343;-0.000891209;1548.11;
 200.461;0;-1086.71;
 180.004;0;-13.6527;
 123.005;0;-15.9657;
 235.995;0;23.9815;
 
7218
LOKI:
Q -2.66316e-07;1.33244;1.92791;-4.97345e-05;-0.986029;0.00581772;
Torque 0.000106913;3.0962;-2.17344;0.0136044;-0.0537194;-0.00713488;
MotorD 180;0;0.0712757;
 256.343;-0.000890542;1548.1;
 200.461;0;-1086.72;
 179.996;0;13.4365;
 123.005;0;-15.9323;
 235.995;0;23.8599;
 
7218
THOR:
Q 0;1.67268;2.12686;4.99343e-05;-1.12996;3.44436e-05;
Torque -7.93391e-06;1.91592;-2.0636;-0.0136249;-0.864898;-0.129399;
MotorD 180;0;-0.00528928;
 275.837;-0.0171226;957.96;
 211.86;0;-1031.8;
 180.004;0;-13.4567;
 115.255;0;-248.445;
 244.739;0;392.221;
 
7263
FRIGG:
Q 5.32632e-07;1.33244;1.92791;-4.99343e-05;-0.98603;0.00581781;
Torque -0.000110637;3.09642;-2.1735;0.0136671;-0.0532169;-0.00707624;
MotorD 180;0;-0.0737582;
 256.343;-0.000877241;1548.21;
 200.461;0;-1086.75;
 179.996;0;13.4984;
 123.005;0;-15.7787;
 235.995;0;23.6412;
 
7263
ODIN:
Q 0;1.33244;1.92791;5.0134e-05;-0.98603;0.00581794;
Torque 5.80578e-06;3.09642;-2.17347;-0.0137211;-0.0533089;-0.00713101;
MotorD 180;0;0.00387052;
 256.343;-0.000877878;1548.21;
 200.461;0;-1086.74;
 180.004;0;-13.5517;
 123.005;0;-15.7824;
 235.995;0;23.7057;
 
7263
LOKI:
Q -2.66316e-07;1.33244;1.92791;-4.93351e-05;-0.98603;0.00581776;
Torque 0.000106284;3.09638;-2.1735;0.0135034;-0.0530585;-0.00704731;
MotorD 180;0;0.0708561;
 256.343;-0.000879458;1548.19;
 200.461;0;-1086.75;
 179.996;0;13.3367;
 123.005;0;-15.7361;
 235.995;0;23.5665;
 
7263
THOR:
Q 0;1.67268;2.12686;4.99343e-05;-1.12996;3.44436e-05;
Torque -7.93391e-06;1.91592;-2.0636;-0.0136249;-0.864898;-0.129399;
MotorD 180;0;-0.00528928;
 275.837;-0.0171226;957.96;
 211.86;0;-1031.8;
 180.004;0;-13.4567;
 115.255;0;-248.445;
 244.739;0;392.221;
 
7298
FRIGG:
Q 5.32632e-07;1.33244;1.92791;-4.99343e-05;-0.98603;0.00581781;
Torque -0.000110637;3.09642;-2.1735;0.0136671;-0.0532169;-0.00707624;
MotorD 180;0;-0.0737582;
 256.343;-0.000877241;1548.21;
 200.461;0;-1086.75;
 179.996;0;13.4984;
 123.005;0;-15.7787;
 235.995;0;23.6412;
 
7298
ODIN:
Q 0;1.33244;1.92791;5.0134e-05;-0.98603;0.00581794;
Torque 5.80578e-06;3.09642;-2.17347;-0.0137211;-0.0533089;-0.00713101;
MotorD 180;0;0.00387052;
 256.343;-0.000877878;1548.21;
 200.461;0;-1086.74;
 180.004;0;-13.5517;
 123.005;0;-15.7824;
 235.995;0;23.7057;
 
7298
LOKI:
Q -2.66316e-07;1.33244;1.92791;-4.93351e-05;-0.98603;0.00581776;
Torque 0.000106284;3.09638;-2.1735;0.0135034;-0.0530585;-0.00704731;
MotorD 180;0;0.0708561;
 256.343;-0.000879458;1548.19;
 200.461;0;-1086.75;
 179.996;0;13.3367;
 123.005;0;-15.7361;
 235.995;0;23.5665;
 
7298
THOR:
Q 0;1.67266;2.12688;4.95348e-05;-1.12998;3.36446e-05;
Torque -7.81125e-06;1.91979;-2.06888;-0.013524;-0.853172;-0.12755;
MotorD 180;0;-0.0052075;
 275.837;-0.0168915;959.895;
 211.861;0;-1034.44;
 180.004;0;-13.3571;
 115.254;0;-245.128;
 244.74;0;386.851;
 
7341
FRIGG:
Q 5.32632e-07;1.33244;1.92791;-4.95348e-05;-0.986031;0.00581776;
Torque -0.000110231;3.09663;-2.17357;0.013566;-0.0525963;-0.00699369;
MotorD 180;0;-0.0734871;
 256.343;-0.000865023;1548.32;
 200.461;0;-1086.78;
 179.996;0;13.3985;
 123.005;0;-15.5947;
 235.995;0;23.3655;
 
7342
ODIN:
Q 0;1.33244;1.92791;4.97345e-05;-0.98603;0.00581785;
Torque 5.6664e-06;3.09663;-2.17353;-0.0136196;-0.0526879;-0.00704783;
MotorD 180;0;0.0037776;
 256.343;-0.000866429;1548.32;
 200.461;0;-1086.77;
 180.004;0;-13.4514;
 123.005;0;-15.5986;
 235.995;0;23.4295;
 
7342
LOKI:
Q -2.66316e-07;1.33244;1.92791;-4.89356e-05;-0.986031;0.00581776;
Torque 0.00010591;3.0966;-2.17357;0.0134033;-0.052438;-0.00696514;
MotorD 180;0;0.0706068;
 256.343;-0.00086804;1548.3;
 200.461;0;-1086.78;
 179.996;0;13.2379;
 123.005;0;-15.552;
 235.995;0;23.291;
 
7342
THOR:
Q 0;1.67265;2.1269;4.91353e-05;-1.12999;3.30676e-05;
Torque -7.69129e-06;1.92363;-2.07411;-0.0134238;-0.84167;-0.125737;
MotorD 180;0;-0.00512753;
 275.836;-0.0166679;961.816;
 211.862;0;-1037.05;
 180.004;0;-13.2581;
 115.253;0;-241.876;
 244.741;0;381.584;
 
7377
FRIGG:
Q 5.32632e-07;1.33244;1.92791;-4.91353e-05;-0.986032;0.00581772;
Torque -0.000110025;3.09682;-2.17363;0.0134656;-0.0519756;-0.00691132;
MotorD 180;0;-0.0733499;
 256.343;-0.000853545;1548.41;
 200.461;0;-1086.81;
 179.996;0;13.2994;
 123.005;0;-15.4106;
 235.995;0;23.0898;
 
7377
ODIN:
Q 0;1.33244;1.92791;4.95348e-05;-0.986031;0.00581794;
Torque 5.57649e-06;3.09682;-2.17359;-0.0135188;-0.0520672;-0.00696469;
MotorD 180;0;0.00371766;
 256.343;-0.000855087;1548.41;
 200.461;0;-1086.8;
 180.004;0;-13.3519;
 123.005;0;-15.4149;
 235.995;0;23.1534;
 
7377
LOKI:
Q -2.66316e-07;1.33244;1.92791;-4.85361e-05;-0.986032;0.00581781;
Torque 0.000105727;3.09679;-2.17363;0.0133041;-0.051817;-0.0068829;
MotorD 180;0;0.0704846;
 256.343;-0.000856663;1548.4;
 200.461;0;-1086.81;
 179.996;0;13.1398;
 123.005;0;-15.3676;
 235.995;0;23.0153;
 
7377
THOR:
Q 0;1.67263;2.12692;4.87358e-05;-1.13001;3.2313e-05;
Torque -7.64882e-06;1.92741;-2.07921;-0.0133245;-0.83034;-0.123953;
MotorD 180;0;-0.00509921;
 275.835;-0.0164419;963.704;
 211.863;0;-1039.6;
 180.004;0;-13.16;
 115.252;0;-238.671;
 244.742;0;376.396;
 
7418
FRIGG:
Q 5.32632e-07;1.33243;1.92791;-4.87358e-05;-0.986032;0.00581776;
Torque -0.000110006;3.09701;-2.17369;0.0133659;-0.0513543;-0.00682887;
MotorD 180;0;-0.0733371;
 256.343;-0.00084241;1548.5;
 200.461;0;-1086.84;
 179.996;0;13.2009;
 123.005;0;-15.2263;
 235.995;0;22.8139;
 
7418
ODIN:
Q 0;1.33243;1.92791;4.91353e-05;-0.986032;0.0058179;
Torque 5.53914e-06;3.09701;-2.17366;-0.0134187;-0.0514453;-0.00688138;
MotorD 180;0;0.00369276;
 256.343;-0.000844612;1548.5;
 200.461;0;-1086.83;
 180.004;0;-13.2531;
 123.004;0;-15.2308;
 235.995;0;22.8768;
 
7418
LOKI:
Q -2.66316e-07;1.33243;1.92791;-4.81366e-05;-0.986033;0.00581776;
Torque 0.000105735;3.09698;-2.17369;0.0132056;-0.0512357;-0.00680577;
MotorD 180;0;0.0704899;
 256.343;-0.000845005;1548.49;
 200.461;0;-1086.84;
 179.996;0;13.0426;
 123.004;0;-15.1952;
 235.996;0;22.7572;
 
7418
THOR:
Q 0;1.67262;2.12694;4.83364e-05;-1.13003;3.16916e-05;
Torque -7.60785e-06;1.93116;-2.08419;-0.0132258;-0.819076;-0.122182;
MotorD 180;0;-0.0050719;
 275.834;-0.0162247;965.578;
 211.864;0;-1042.09;
 180.004;0;-13.0626;
 115.251;0;-235.482;
 244.743;0;371.241;
 
7458
FRIGG:
Q 5.32632e-07;1.33243;1.92791;-4.83364e-05;-0.986033;0.00581781;
Torque -0.00010999;3.0972;-2.17375;0.0132669;-0.0507734;-0.0067518;
MotorD 180;0;-0.0733267;
 256.343;-0.000831699;1548.6;
 200.461;0;-1086.88;
 179.996;0;13.1031;
 123.004;0;-15.054;
 235.996;0;22.556;
 
7458
ODIN:
Q 0;1.33243;1.92791;4.87358e-05;-0.986033;0.00581794;
Torque 5.54563e-06;3.09723;-2.17372;-0.0133194;-0.0508636;-0.00680325;
MotorD 180;0;0.00369708;
 256.343;-0.000833835;1548.61;
 200.461;0;-1086.86;
 180.004;0;-13.1549;
 123.004;0;-15.0588;
 235.996;0;22.618;
 
7458
LOKI:
Q -2.66316e-07;1.33243;1.92791;-4.77372e-05;-0.986034;0.00581781;
Torque 0.000105743;3.09717;-2.17375;0.0131079;-0.0506147;-0.00672355;
MotorD 180;0;0.0704952;
 256.343;-0.000833807;1548.58;
 200.461;0;-1086.88;
 179.996;0;12.9461;
 123.004;0;-15.0109;
 235.996;0;22.4815;
 
7458
THOR:
Q 0;1.67262;2.12694;4.83364e-05;-1.13003;3.16916e-05;
Torque -7.60785e-06;1.93116;-2.08419;-0.0132258;-0.819076;-0.122182;
MotorD 180;0;-0.0050719;
 275.834;-0.0162247;965.578;
 211.864;0;-1042.09;
 180.004;0;-13.0626;
 115.251;0;-235.482;
 244.743;0;371.241;
 
7493
FRIGG:
Q 5.32632e-07;1.33243;1.92791;-4.83364e-05;-0.986033;0.00581781;
Torque -0.00010999;3.0972;-2.17375;0.0132669;-0.0507734;-0.0067518;
MotorD 180;0;-0.0733267;
 256.343;-0.000831699;1548.6;
 200.461;0;-1086.88;
 179.996;0;13.1031;
 123.004;0;-15.054;
 235.996;0;22.556;
 
7493
ODIN:
Q 0;1.33243;1.92791;4.87358e-05;-0.986033;0.00581794;
Torque 5.54563e-06;3.09723;-2.17372;-0.0133194;-0.0508636;-0.00680325;
MotorD 180;0;0.00369708;
 256.343;-0.000833835;1548.61;
 200.461;0;-1086.86;
 180.004;0;-13.1549;
 123.004;0;-15.0588;
 235.996;0;22.618;
 
7493
LOKI:
Q -2.66316e-07;1.33243;1.92791;-4.77372e-05;-0.986034;0.00581781;
Torque 0.000105743;3.09717;-2.17375;0.0131079;-0.0506147;-0.00672355;
MotorD 180;0;0.0704952;
 256.343;-0.000833807;1548.58;
 200.461;0;-1086.88;
 179.996;0;12.9461;
 123.004;0;-15.0109;
 235.996;0;22.4815;
 
7493
THOR:
Q 0;1.67261;2.12695;4.81366e-05;-1.13004;3.11146e-05;
Torque -7.58855e-06;1.93484;-2.08904;-0.013128;-0.808055;-0.12045;
MotorD 180;0;-0.00505903;
 275.833;-0.0160041;967.419;
 211.865;0;-1044.52;
 180.004;0;-12.9659;
 115.251;0;-232.363;
 244.744;0;366.197;
 
7527
FRIGG:
Q 5.32632e-07;1.33243;1.92791;-4.81366e-05;-0.986034;0.00581776;
Torque -0.000109948;3.09738;-2.17381;0.0131687;-0.0501511;-0.0066692;
MotorD 180;0;-0.0732989;
 256.343;-0.000820531;1548.69;
 200.461;0;-1086.91;
 179.996;0;13.0061;
 123.004;0;-14.8694;
 235.996;0;22.2796;
 
7528
ODIN:
Q 0;1.33243;1.92791;4.83364e-05;-0.986034;0.00581785;
Torque 5.56583e-06;3.09742;-2.17375;-0.0132208;-0.050242;-0.00671998;
MotorD 180;0;0.00371055;
 256.343;-0.000822873;1548.71;
 200.461;0;-1086.87;
 180.004;0;-13.0575;
 123.004;0;-14.8748;
 235.996;0;22.3415;
 
7528
LOKI:
Q -2.66316e-07;1.33243;1.92791;-4.75374e-05;-0.986035;0.00581776;
Torque 0.000105729;3.09735;-2.17381;0.0130109;-0.0500333;-0.00664642;
MotorD 180;0;0.070486;
 256.343;-0.000822398;1548.68;
 200.461;0;-1086.91;
 179.996;0;12.8503;
 123.004;0;-14.8384;
 235.996;0;22.2233;
 
7528
THOR:
Q 0;1.67259;2.12697;4.77372e-05;-1.13006;3.04044e-05;
Torque -7.57771e-06;1.93846;-2.09383;-0.0130308;-0.797119;-0.118735;
MotorD 180;0;-0.00505181;
 275.832;-0.0157896;969.23;
 211.867;0;-1046.92;
 180.004;0;-12.8699;
 115.25;0;-229.265;
 244.745;0;361.193;
 
7556
FRIGG:
Q 5.32632e-07;1.33243;1.92791;-4.77372e-05;-0.986035;0.00581772;
Torque -0.000109822;3.09757;-2.17387;0.0130712;-0.0495693;-0.00659201;
MotorD 180;0;-0.0732149;
 256.343;-0.000809783;1548.79;
 200.461;0;-1086.94;
 179.996;0;12.9098;
 123.004;0;-14.6968;
 235.996;0;22.0212;
 
7556
ODIN:
Q 0;1.33243;1.92791;4.79369e-05;-0.986035;0.00581794;
Torque 5.57493e-06;3.0976;-2.17381;-0.0131228;-0.0496595;-0.00664193;
MotorD 180;0;0.00371662;
 256.343;-0.000812098;1548.8;
 200.461;0;-1086.9;
 180.004;0;-12.9608;
 123.004;0;-14.7024;
 235.996;0;22.0824;
 
7556
LOKI:
Q -2.66316e-07;1.33243;1.92791;-4.7138e-05;-0.986035;0.00581776;
Torque 0.000105633;3.09754;-2.17384;0.0129145;-0.0494517;-0.00656945;
MotorD 180;0;0.0704221;
 256.343;-0.000811349;1548.77;
 200.461;0;-1086.92;
 179.996;0;12.7551;
 123.004;0;-14.6657;
 235.996;0;21.9651;
 
7556
THOR:
Q 0;1.67258;2.12699;4.73377e-05;-1.13008;2.98274e-05;
Torque -7.52703e-06;1.94205;-2.09856;-0.0129344;-0.786412;-0.117055;
MotorD 180;0;-0.00501802;
 275.832;-0.0155764;971.025;
 211.868;0;-1049.28;
 180.004;0;-12.7747;
 115.249;0;-226.233;
 244.746;0;356.294;
 
7597
FRIGG:
Q 5.32632e-07;1.33243;1.92791;-4.73377e-05;-0.986036;0.00581776;
Torque -0.000109648;3.09776;-2.1739;0.0129746;-0.0489878;-0.00651486;
MotorD 180;0;-0.0730984;
 256.343;-0.000798604;1548.88;
 200.461;0;-1086.95;
 179.996;0;12.8144;
 123.004;0;-14.5243;
 235.996;0;21.763;
 
7597
ODIN:
Q 0;1.33243;1.92791;4.77372e-05;-0.986036;0.00581785;
Torque 5.5674e-06;3.09776;-2.17387;-0.0130257;-0.0490776;-0.00656397;
MotorD 180;0;0.0037116;
 256.343;-0.000800614;1548.88;
 200.461;0;-1086.94;
 180.004;0;-12.8649;
 123.004;0;-14.5302;
 235.996;0;21.8235;
 
7597
LOKI:
Q -2.66316e-07;1.33243;1.92791;-4.67385e-05;-0.986036;0.00581772;
Torque 0.000105481;3.09773;-2.1739;0.0128188;-0.0488696;-0.00649222;
MotorD 180;0;0.0703206;
 256.343;-0.000800323;1548.86;
 200.461;0;-1086.95;
 179.996;0;12.6606;
 123.004;0;-14.4931;
 235.996;0;21.7066;
 
7597
THOR:
Q 0;1.67256;2.12701;4.69382e-05;-1.13009;2.9206e-05;
Torque -7.4663e-06;1.94558;-2.10311;-0.0128386;-0.77578;-0.115391;
MotorD 180;0;-0.00497753;
 275.831;-0.0153687;972.789;
 211.869;0;-1051.55;
 180.004;0;-12.6801;
 115.248;0;-223.22;
 244.747;0;351.432;
 
7637
FRIGG:
Q 5.32632e-07;1.33243;1.92791;-4.69382e-05;-0.986037;0.00581776;
Torque -0.000109451;3.09795;-2.17396;0.0128786;-0.0484454;-0.00644273;
MotorD 180;0;-0.0729676;
 256.343;-0.000787947;1548.97;
 200.461;0;-1086.98;
 179.996;0;12.7196;
 123.004;0;-14.3635;
 235.996;0;21.5221;
 
7637
ODIN:
Q 0;1.33243;1.92791;4.73377e-05;-0.986037;0.00581785;
Torque 5.53681e-06;3.09795;-2.17393;-0.0129293;-0.048535;-0.00649124;
MotorD 180;0;0.0036912;
 256.343;-0.000789944;1548.97;
 200.461;0;-1086.97;
 180.004;0;-12.7696;
 123.004;0;-14.3697;
 235.996;0;21.5822;
 
7637
LOKI:
Q -2.66316e-07;1.33243;1.92791;-4.6339e-05;-0.986037;0.00581781;
Torque 0.000105318;3.09791;-2.17396;0.0127238;-0.0483269;-0.00642044;
MotorD 180;0;0.0702118;
 256.343;-0.000790166;1548.96;
 200.461;0;-1086.98;
 179.996;0;12.5668;
 123.004;0;-14.3319;
 235.996;0;21.4658;
 
7637
THOR:
Q 0;1.67256;2.12701;4.69382e-05;-1.13009;2.9206e-05;
Torque -7.4663e-06;1.94558;-2.10311;-0.0128386;-0.77578;-0.115391;
MotorD 180;0;-0.00497753;
 275.831;-0.0153687;972.789;
 211.869;0;-1051.55;
 180.004;0;-12.6801;
 115.248;0;-223.22;
 244.747;0;351.432;
 
7669
FRIGG:
Q 5.32632e-07;1.33243;1.92791;-4.69382e-05;-0.986037;0.00581776;
Torque -0.000109451;3.09795;-2.17396;0.0128786;-0.0484454;-0.00644273;
MotorD 180;0;-0.0729676;
 256.343;-0.000787947;1548.97;
 200.461;0;-1086.98;
 179.996;0;12.7196;
 123.004;0;-14.3635;
 235.996;0;21.5221;
 
7669
ODIN:
Q 0;1.33243;1.92791;4.73377e-05;-0.986037;0.00581785;
Torque 5.53681e-06;3.09795;-2.17393;-0.0129293;-0.048535;-0.00649124;
MotorD 180;0;0.0036912;
 256.343;-0.000789944;1548.97;
 200.461;0;-1086.97;
 180.004;0;-12.7696;
 123.004;0;-14.3697;
 235.996;0;21.5822;
 
7669
LOKI:
Q -2.66316e-07;1.33243;1.92791;-4.6339e-05;-0.986037;0.00581781;
Torque 0.000105318;3.09791;-2.17396;0.0127238;-0.0483269;-0.00642044;
MotorD 180;0;0.0702118;
 256.343;-0.000790166;1548.96;
 200.461;0;-1086.98;
 179.996;0;12.5668;
 123.004;0;-14.3319;
 235.996;0;21.4658;
 
7669
THOR:
Q 0;1.67255;2.12703;4.65387e-05;-1.13011;2.86734e-05;
Torque -7.38646e-06;1.94908;-2.10766;-0.0127435;-0.7653;-0.113751;
MotorD 180;0;-0.00492431;
 275.83;-0.0151657;974.538;
 211.87;0;-1053.83;
 180.004;0;-12.5862;
 115.247;0;-220.249;
 244.748;0;346.64;
 
7713
FRIGG:
Q 5.32632e-07;1.33243;1.92791;-4.67385e-05;-0.986038;0.00581781;
Torque -0.000109267;3.09813;-2.17403;0.0127833;-0.0478631;-0.00636546;
MotorD 180;0;-0.0728443;
 256.343;-0.000777857;1549.07;
 200.461;0;-1087.01;
 179.996;0;12.6255;
 123.004;0;-14.1907;
 235.996;0;21.2634;
 
7713
ODIN:
Q 0;1.33243;1.92791;4.69382e-05;-0.986038;0.0058179;
Torque 5.50652e-06;3.09813;-2.17396;-0.0128336;-0.0479527;-0.00641321;
MotorD 180;0;0.00367101;
 256.343;-0.000778902;1549.07;
 200.461;0;-1086.98;
 180.004;0;-12.6752;
 123.004;0;-14.1973;
 235.996;0;21.3231;
 
7713
LOKI:
Q -2.66316e-07;1.33243;1.92791;-4.61393e-05;-0.986038;0.00581776;
Torque 0.000105153;3.0981;-2.17403;0.0126296;-0.0477443;-0.00634313;
MotorD 180;0;0.0701019;
 256.343;-0.000779192;1549.05;
 200.461;0;-1087.01;
 179.996;0;12.4737;
 123.004;0;-14.1591;
 235.996;0;21.207;
 
7713
THOR:
Q 0;1.67254;2.12704;4.6339e-05;-1.13013;2.80076e-05;
Torque -7.33005e-06;1.95251;-2.11208;-0.0126492;-0.754991;-0.11214;
MotorD 180;0;-0.0048867;
 275.829;-0.0149616;976.255;
 211.871;0;-1056.04;
 180.004;0;-12.4931;
 115.246;0;-217.327;
 244.749;0;341.926;
 
7740
FRIGG:
Q 5.32632e-07;1.33243;1.92791;-4.6339e-05;-0.986039;0.00581785;
Torque -0.000109139;3.09832;-2.17406;0.0126887;-0.0473201;-0.00629326;
MotorD 180;0;-0.0727596;
 256.343;-0.000767058;1549.16;
 200.461;0;-1087.03;
 179.996;0;12.5321;
 123.004;0;-14.0297;
 235.996;0;21.0222;
 
7740
ODIN:
Q 0;1.33243;1.92791;4.65387e-05;-0.986039;0.00581794;
Torque 5.47078e-06;3.09832;-2.17402;-0.0127386;-0.0474094;-0.0063404;
MotorD 180;0;0.00364719;
 256.343;-0.00076905;1549.16;
 200.461;0;-1087.01;
 180.004;0;-12.5813;
 123.004;0;-14.0366;
 235.996;0;21.0815;
 
7740
LOKI:
Q -2.66316e-07;1.33243;1.92791;-4.57398e-05;-0.986039;0.00581776;
Torque 0.000105058;3.09829;-2.17406;0.012536;-0.0472016;-0.00627136;
MotorD 180;0;0.070039;
 256.343;-0.000769206;1549.14;
 200.461;0;-1087.03;
 179.997;0;12.3813;
 123.004;0;-13.998;
 235.996;0;20.9662;
 
7740
THOR:
Q 0;1.67253;2.12706;4.59395e-05;-1.13014;2.74749e-05;
Torque -7.25631e-06;1.95591;-2.11639;-0.0125555;-0.744823;-0.110551;
MotorD 180;0;-0.00483754;
 275.829;-0.0147605;977.957;
 211.872;0;-1058.19;
 180.004;0;-12.4005;
 115.245;0;-214.443;
 244.75;0;337.278;
 
7773
FRIGG:
Q 5.32632e-07;1.33243;1.92791;-4.59395e-05;-0.98604;0.00581785;
Torque -0.000109011;3.09848;-2.17412;0.0125948;-0.0467768;-0.00622121;
MotorD 180;0;-0.0726743;
 256.343;-0.000757095;1549.24;
 200.461;0;-1087.06;
 179.996;0;12.4393;
 123.004;0;-13.8685;
 235.996;0;20.781;
 
7773
ODIN:
Q 0;1.33243;1.92791;4.6339e-05;-0.986039;0.00581794;
Torque 5.44683e-06;3.09848;-2.17409;-0.0126443;-0.0468667;-0.00626765;
MotorD 180;0;0.00363122;
 256.343;-0.000758505;1549.24;
 200.461;0;-1087.04;
 180.004;0;-12.4882;
 123.004;0;-13.876;
 235.996;0;20.84;
 
7773
LOKI:
Q -2.66316e-07;1.33243;1.92791;-4.53403e-05;-0.98604;0.00581776;
Torque 0.000104956;3.09845;-2.17412;0.0124432;-0.0466588;-0.00619935;
MotorD 180;0;0.0699706;
 256.343;-0.000758835;1549.22;
 200.461;0;-1087.06;
 179.997;0;12.2896;
 123.004;0;-13.837;
 235.996;0;20.7251;
 
7773
THOR:
Q 0;1.67251;2.12708;4.55401e-05;-1.13016;2.68979e-05;
Torque -7.19732e-06;1.95925;-2.12062;-0.0124626;-0.734747;-0.10898;
MotorD 180;0;-0.00479821;
 275.828;-0.0145609;979.627;
 211.873;0;-1060.31;
 180.003;0;-12.3088;
 115.245;0;-211.584;
 244.751;0;332.673;
 
7812
FRIGG:
Q 5.32632e-07;1.33243;1.92791;-4.55401e-05;-0.98604;0.00581785;
Torque -0.000108913;3.09866;-2.17418;0.0125016;-0.0462339;-0.00614921;
MotorD 180;0;-0.072609;
 256.343;-0.000746747;1549.33;
 200.461;0;-1087.09;
 179.997;0;12.3473;
 123.004;0;-13.7075;
 235.996;0;20.5399;
 
7812
ODIN:
Q 0;1.33243;1.92791;4.59395e-05;-0.98604;0.00581785;
Torque 5.42484e-06;3.09867;-2.17412;-0.0125507;-0.0463229;-0.00619477;
MotorD 180;0;0.00361656;
 256.343;-0.000749119;1549.33;
 200.461;0;-1087.06;
 180.004;0;-12.3957;
 123.004;0;-13.7151;
 235.996;0;20.5982;
 
7812
LOKI:
Q -2.66316e-07;1.33243;1.92791;-4.51406e-05;-0.986041;0.00581781;
Torque 0.000104884;3.09863;-2.17415;0.0123511;-0.0461156;-0.00612731;
MotorD 180;0;0.0699229;
 256.343;-0.000748766;1549.32;
 200.461;0;-1087.07;
 179.997;0;12.1986;
 123.004;0;-13.6758;
 235.996;0;20.4839;
 
7812
THOR:
Q 0;1.67251;2.12708;4.55401e-05;-1.13016;2.68979e-05;
Torque -7.19732e-06;1.95925;-2.12062;-0.0124626;-0.734747;-0.10898;
MotorD 180;0;-0.00479821;
 275.828;-0.0145609;979.627;
 211.873;0;-1060.31;
 180.003;0;-12.3088;
 115.245;0;-211.584;
 244.751;0;332.673;
 
7847
FRIGG:
Q 5.32632e-07;1.33243;1.92791;-4.55401e-05;-0.98604;0.00581785;
Torque -0.000108913;3.09866;-2.17418;0.0125016;-0.0462339;-0.00614921;
MotorD 180;0;-0.072609;
 256.343;-0.000746747;1549.33;
 200.461;0;-1087.09;
 179.997;0;12.3473;
 123.004;0;-13.7075;
 235.996;0;20.5399;
 
7847
ODIN:
Q 0;1.33243;1.92791;4.59395e-05;-0.98604;0.00581785;
Torque 5.42484e-06;3.09867;-2.17412;-0.0125507;-0.0463229;-0.00619477;
MotorD 180;0;0.00361656;
 256.343;-0.000749119;1549.33;
 200.461;0;-1087.06;
 180.004;0;-12.3957;
 123.004;0;-13.7151;
 235.996;0;20.5982;
 
7847
LOKI:
Q -2.66316e-07;1.33243;1.92791;-4.51406e-05;-0.986041;0.00581781;
Torque 0.000104884;3.09863;-2.17415;0.0123511;-0.0461156;-0.00612731;
MotorD 180;0;0.0699229;
 256.343;-0.000748766;1549.32;
 200.461;0;-1087.07;
 179.997;0;12.1986;
 123.004;0;-13.6758;
 235.996;0;20.4839;
 
7847
THOR:
Q 0;1.6725;2.12709;4.53403e-05;-1.13017;2.64097e-05;
Torque -7.13943e-06;1.96256;-2.12481;-0.0123703;-0.724895;-0.107443;
MotorD 180;0;-0.00475962;
 275.827;-0.0143683;981.282;
 211.873;0;-1062.4;
 180.003;0;-12.2176;
 115.244;0;-208.789;
 244.752;0;328.17;
 
7881
FRIGG:
Q 5.32632e-07;1.33243;1.92791;-4.53403e-05;-0.986041;0.00581776;
Torque -0.000108795;3.09882;-2.17421;0.0124091;-0.0456903;-0.00607691;
MotorD 180;0;-0.0725303;
 256.342;-0.000736986;1549.41;
 200.461;0;-1087.11;
 179.997;0;12.2559;
 123.004;0;-13.5463;
 235.996;0;20.2984;
 
7881
ODIN:
Q 0;1.33243;1.92791;4.55401e-05;-0.986041;0.00581785;
Torque 5.41365e-06;3.09882;-2.17418;-0.0124578;-0.0457792;-0.00612189;
MotorD 180;0;0.0036091;
 256.342;-0.000738596;1549.41;
 200.461;0;-1087.09;
 180.003;0;-12.304;
 123.004;0;-13.5542;
 235.996;0;20.3563;
 
7881
LOKI:
Q -2.66316e-07;1.33243;1.92791;-4.47411e-05;-0.986041;0.00581781;
Torque 0.000104793;3.09879;-2.17421;0.0122596;-0.0455719;-0.0060552;
MotorD 180;0;0.0698617;
 256.342;-0.000738606;1549.39;
 200.461;0;-1087.11;
 179.997;0;12.1083;
 123.004;0;-13.5145;
 235.996;0;20.2425;
 
7881
THOR:
Q 0;1.67249;2.12711;4.49408e-05;-1.13019;2.5877e-05;
Torque -7.09234e-06;1.96584;-2.12886;-0.0122788;-0.715136;-0.105924;
MotorD 180;0;-0.00472823;
 275.826;-0.0141762;982.921;
 211.874;0;-1064.43;
 180.003;0;-12.1272;
 115.243;0;-206.019;
 244.753;0;323.712;
 
7922
FRIGG:
Q 5.32632e-07;1.33243;1.92791;-4.49408e-05;-0.986042;0.00581785;
Torque -0.000108697;3.09898;-2.17427;0.0123173;-0.0451869;-0.00601018;
MotorD 180;0;-0.0724648;
 256.342;-0.000726771;1549.49;
 200.461;0;-1087.14;
 179.997;0;12.1652;
 123.004;0;-13.3969;
 235.996;0;20.0749;
 
7922
ODIN:
Q 0;1.33243;1.92791;4.53403e-05;-0.986042;0.00581785;
Torque 5.39893e-06;3.09901;-2.17421;-0.0123655;-0.0452751;-0.00605428;
MotorD 180;0;0.00359929;
 256.342;-0.000728859;1549.5;
 200.461;0;-1087.1;
 180.003;0;-12.2129;
 123.004;0;-13.4051;
 235.996;0;20.132;
 
7922
LOKI:
Q -2.66316e-07;1.33243;1.92791;-4.43416e-05;-0.986042;0.00581781;
Torque 0.000104722;3.09894;-2.17424;0.0121688;-0.0450682;-0.00598842;
MotorD 180;0;0.0698146;
 256.342;-0.000728849;1549.47;
 200.461;0;-1087.12;
 179.997;0;12.0186;
 123.004;0;-13.365;
 235.996;0;20.0188;
 
7922
THOR:
Q 0;1.67248;2.12712;4.45414e-05;-1.1302;2.53888e-05;
Torque -7.02071e-06;1.96906;-2.13286;-0.0121879;-0.70544;-0.104417;
MotorD 180;0;-0.00468048;
 275.826;-0.0139855;984.529;
 211.875;0;-1066.43;
 180.003;0;-12.0374;
 115.242;0;-203.265;
 244.754;0;319.283;
 
7957
FRIGG:
Q 5.32632e-07;1.33243;1.92791;-4.45414e-05;-0.986043;0.00581776;
Torque -0.000108579;3.09916;-2.1743;0.0122262;-0.0446425;-0.00593777;
MotorD 180;0;-0.072386;
 256.342;-0.00071752;1549.58;
 200.461;0;-1087.15;
 179.997;0;12.0752;
 123.004;0;-13.2355;
 235.996;0;19.833;
 
7957
ODIN:
Q 0;1.33243;1.92791;4.49408e-05;-0.986043;0.00581785;
Torque 5.38104e-06;3.09916;-2.17427;-0.012274;-0.0447314;-0.00598161;
MotorD 180;0;0.00358736;
 256.342;-0.000719235;1549.58;
 200.461;0;-1087.14;
 180.003;0;-12.1225;
 123.004;0;-13.2441;
 235.996;0;19.8903;
 
7957
LOKI:
Q -2.66316e-07;1.33243;1.92791;-4.41419e-05;-0.986043;0.00581776;
Torque 0.000104627;3.09913;-2.1743;0.0120787;-0.0445646;-0.00592166;
MotorD 180;0;0.069751;
 256.342;-0.000719002;1549.57;
 200.461;0;-1087.15;
 179.997;0;11.9296;
 123.004;0;-13.2156;
 235.996;0;19.7952;
 
7957
THOR:
Q 0;1.67247;2.12713;4.45414e-05;-1.1302;2.52113e-05;
Torque -6.99412e-06;1.96976;-2.13372;-0.0121675;-0.703353;-0.104091;
MotorD 180;0;-0.00466275;
 275.826;-0.0139585;984.88;
 211.875;0;-1066.86;
 180.003;0;-12.0173;
 115.242;0;-202.673;
 244.754;0;318.329;
 
7992
FRIGG:
Q 5.32632e-07;1.33243;1.92792;-4.43416e-05;-0.986044;0.00581785;
Torque -0.000108468;3.09932;-2.17433;0.0121356;-0.0441387;-0.00587099;
MotorD 180;0;-0.0723118;
 256.342;-0.000708068;1549.66;
 200.461;0;-1087.17;
 179.997;0;11.9858;
 123.004;0;-13.086;
 235.996;0;19.6093;
 
7992
ODIN:
Q 0;1.33243;1.92791;4.45414e-05;-0.986044;0.00581785;
Torque 5.36756e-06;3.09932;-2.1743;-0.0121831;-0.0442266;-0.00591393;
MotorD 180;0;0.00357837;
 256.342;-0.000709266;1549.66;
 200.461;0;-1087.15;
 180.003;0;-12.0327;
 123.004;0;-13.0947;
 235.996;0;19.6658;
 
7992
LOKI:
Q -2.66316e-07;1.33243;1.92792;-4.37424e-05;-0.986044;0.00581776;
Torque 0.000104548;3.09929;-2.17433;0.0119892;-0.04406;-0.00585477;
MotorD 180;0;0.069699;
 256.342;-0.000710077;1549.64;
 200.461;0;-1087.17;
 179.997;0;11.8411;
 123.004;0;-13.0659;
 235.996;0;19.5712;
 
7992
THOR:
Q 0;1.67246;2.12714;4.43416e-05;-1.13022;2.48118e-05;
Torque -6.96413e-06;1.97221;-2.13673;-0.0120976;-0.695985;-0.102946;
MotorD 180;0;-0.00464276;
 275.825;-0.0138002;986.106;
 211.876;0;-1068.36;
 180.003;0;-11.9483;
 115.241;0;-200.58;
 244.754;0;314.964;
 
8021
FRIGG:
Q 5.32632e-07;1.33243;1.92792;-4.43416e-05;-0.986044;0.00581785;
Torque -0.000108468;3.09932;-2.17433;0.0121356;-0.0441387;-0.00587099;
MotorD 180;0;-0.0723118;
 256.342;-0.000708068;1549.66;
 200.461;0;-1087.17;
 179.997;0;11.9858;
 123.004;0;-13.086;
 235.996;0;19.6093;
 
8021
ODIN:
Q 0;1.33243;1.92791;4.45414e-05;-0.986044;0.00581785;
Torque 5.36756e-06;3.09932;-2.1743;-0.0121831;-0.0442266;-0.00591393;
MotorD 180;0;0.00357837;
 256.342;-0.000709266;1549.66;
 200.461;0;-1087.15;
 180.003;0;-12.0327;
 123.004;0;-13.0947;
 235.996;0;19.6658;
 
8021
LOKI:
Q -2.66316e-07;1.33243;1.92792;-4.37424e-05;-0.986044;0.00581776;
Torque 0.000104548;3.09929;-2.17433;0.0119892;-0.04406;-0.00585477;
MotorD 180;0;0.069699;
 256.342;-0.000710077;1549.64;
 200.461;0;-1087.17;
 179.997;0;11.8411;
 123.004;0;-13.0659;
 235.996;0;19.5712;
 
8021
THOR:
Q 0;1.67245;2.12715;4.39422e-05;-1.13023;2.43235e-05;
Torque -6.9e-06;1.97537;-2.1406;-0.0120081;-0.68661;-0.101491;
MotorD 180;0;-0.0046;
 275.824;-0.013615;987.683;
 211.877;0;-1070.3;
 180.003;0;-11.8598;
 115.241;0;-197.916;
 244.755;0;310.684;
 
8054
FRIGG:
Q 5.32632e-07;1.33243;1.92792;-4.39422e-05;-0.986044;0.00581776;
Torque -0.000108362;3.09948;-2.17439;0.0120459;-0.0436345;-0.00580395;
MotorD 180;0;-0.0722412;
 256.342;-0.000698659;1549.74;
 200.461;0;-1087.2;
 179.997;0;11.8972;
 123.004;0;-12.9365;
 235.996;0;19.3853;
 
8054
ODIN:
Q 0;1.33243;1.92792;4.43416e-05;-0.986044;0.00581794;
Torque 5.34688e-06;3.09948;-2.17433;-0.012093;-0.0437225;-0.00584633;
MotorD 180;0;0.00356459;
 256.342;-0.000699833;1549.74;
 200.461;0;-1087.17;
 180.003;0;-11.9437;
 123.004;0;-12.9456;
 235.996;0;19.4415;
 
8054
LOKI:
Q -2.66316e-07;1.33243;1.92792;-4.33429e-05;-0.986044;0.00581776;
Torque 0.000104465;3.09944;-2.17439;0.0119004;-0.0435555;-0.00578808;
MotorD 180;0;0.0696431;
 256.342;-0.000700031;1549.72;
 200.461;0;-1087.2;
 179.997;0;11.7535;
 123.004;0;-12.9161;
 235.996;0;19.3473;
 
8054
THOR:
Q 0;1.67244;2.12717;4.35427e-05;-1.13024;2.38353e-05;
Torque -6.8425e-06;1.97846;-2.14435;-0.0119192;-0.677316;-0.10005;
MotorD 180;0;-0.00456167;
 275.824;-0.0134313;989.228;
 211.878;0;-1072.17;
 180.003;0;-11.772;
 115.24;0;-195.274;
 244.756;0;306.441;
 
8087
FRIGG:
Q 5.32632e-07;1.33242;1.92792;-4.35427e-05;-0.986045;0.00581781;
Torque -0.000108268;3.09963;-2.17442;0.0119567;-0.0431694;-0.00574213;
MotorD 180;0;-0.0721787;
 256.342;-0.000688974;1549.82;
 200.461;0;-1087.21;
 179.997;0;11.8091;
 123.004;0;-12.7986;
 235.996;0;19.1788;
 
8087
ODIN:
Q 0;1.33242;1.92792;4.39422e-05;-0.986045;0.00581785;
Torque 5.32558e-06;3.09963;-2.17439;-0.0120034;-0.0432175;-0.0057786;
MotorD 180;0;0.00355039;
 256.342;-0.000690868;1549.82;
 200.461;0;-1087.2;
 180.003;0;-11.8552;
 123.004;0;-12.7962;
 235.996;0;19.2168;
 
8087
LOKI:
Q -2.66316e-07;1.33242;1.92792;-4.31432e-05;-0.986045;0.00581776;
Torque 0.000104398;3.0996;-2.17442;0.0118122;-0.0430516;-0.00572107;
MotorD 180;0;0.0695988;
 256.342;-0.000690621;1549.8;
 200.461;0;-1087.21;
 179.997;0;11.6664;
 123.004;0;-12.7667;
 235.996;0;19.1234;
 
8087
THOR:
Q 0;1.67243;2.12718;4.33429e-05;-1.13026;2.3347e-05;
Torque -6.77263e-06;1.98148;-2.14797;-0.0118309;-0.668253;-0.0986447;
MotorD 180;0;-0.00451508;
 275.823;-0.0132517;990.742;
 211.879;0;-1073.99;
 180.003;0;-11.6849;
 115.239;0;-192.698;
 244.757;0;302.304;
 
8129
FRIGG:
Q 5.32632e-07;1.33242;1.92792;-4.33429e-05;-0.986046;0.00581781;
Torque -0.000108163;3.09979;-2.17449;0.0118683;-0.0426652;-0.00567528;
MotorD 180;0;-0.0721084;
 256.342;-0.000679873;1549.89;
 200.461;0;-1087.24;
 179.997;0;11.7217;
 123.004;0;-12.649;
 235.996;0;18.9548;
 
8129
ODIN:
Q 0;1.33242;1.92792;4.35427e-05;-0.986046;0.0058179;
Torque 5.30693e-06;3.09979;-2.17442;-0.0119146;-0.0427528;-0.00571646;
MotorD 180;0;0.00353795;
 256.342;-0.000681533;1549.89;
 200.461;0;-1087.21;
 180.003;0;-11.7675;
 123.004;0;-12.6586;
 235.996;0;19.0102;
 
8129
LOKI:
Q -2.66316e-07;1.33242;1.92792;-4.27437e-05;-0.986046;0.00581776;
Torque 0.000104319;3.09976;-2.17446;0.0117248;-0.0425465;-0.00565411;
MotorD 180;0;0.0695458;
 256.342;-0.000681372;1549.88;
 200.461;0;-1087.23;
 179.997;0;11.58;
 123.004;0;-12.6168;
 235.996;0;18.8992;
 
8129
THOR:
Q 0;1.67243;2.12718;4.33429e-05;-1.13026;2.3347e-05;
Torque -6.77263e-06;1.98148;-2.14797;-0.0118309;-0.668253;-0.0986447;
MotorD 180;0;-0.00451508;
 275.823;-0.0132517;990.742;
 211.879;0;-1073.99;
 180.003;0;-11.6849;
 115.239;0;-192.698;
 244.757;0;302.304;
 
8168
FRIGG:
Q 5.32632e-07;1.33242;1.92792;-4.33429e-05;-0.986046;0.00581781;
Torque -0.000108163;3.09979;-2.17449;0.0118683;-0.0426652;-0.00567528;
MotorD 180;0;-0.0721084;
 256.342;-0.000679873;1549.89;
 200.461;0;-1087.24;
 179.997;0;11.7217;
 123.004;0;-12.649;
 235.996;0;18.9548;
 
8168
ODIN:
Q 0;1.33242;1.92792;4.35427e-05;-0.986046;0.0058179;
Torque 5.30693e-06;3.09979;-2.17442;-0.0119146;-0.0427528;-0.00571646;
MotorD 180;0;0.00353795;
 256.342;-0.000681533;1549.89;
 200.461;0;-1087.21;
 180.003;0;-11.7675;
 123.004;0;-12.6586;
 235.996;0;19.0102;
 
8168
LOKI:
Q -2.66316e-07;1.33242;1.92792;-4.27437e-05;-0.986046;0.00581776;
Torque 0.000104319;3.09976;-2.17446;0.0117248;-0.0425465;-0.00565411;
MotorD 180;0;0.0695458;
 256.342;-0.000681372;1549.88;
 200.461;0;-1087.23;
 179.997;0;11.58;
 123.004;0;-12.6168;
 235.996;0;18.8992;
 
8168
THOR:
Q 0;1.67242;2.1272;4.29435e-05;-1.13027;2.29032e-05;
Torque -6.71101e-06;1.98451;-2.1516;-0.0117434;-0.65927;-0.0972538;
MotorD 180;0;-0.00447401;
 275.822;-0.0130755;992.257;
 211.879;0;-1075.8;
 180.003;0;-11.5984;
 115.238;0;-190.144;
 244.758;0;298.204;
 
8208
FRIGG:
Q 5.32632e-07;1.33242;1.92792;-4.29435e-05;-0.986047;0.00581776;
Torque -0.000108073;3.09994;-2.17452;0.0117805;-0.0421999;-0.00561343;
MotorD 180;0;-0.0720485;
 256.342;-0.00067086;1549.97;
 200.461;0;-1087.26;
 179.997;0;11.635;
 123.004;0;-12.511;
 235.996;0;18.7482;
 
8208
ODIN:
Q 0;1.33242;1.92792;4.33429e-05;-0.986046;0.00581785;
Torque 5.28952e-06;3.09994;-2.17445;-0.0118264;-0.0422475;-0.0056487;
MotorD 180;0;0.00352635;
 256.342;-0.000672313;1549.97;
 200.461;0;-1087.23;
 180.003;0;-11.6804;
 123.004;0;-12.5091;
 235.996;0;18.7854;
 
8208
LOKI:
Q -2.66316e-07;1.33242;1.92792;-4.2544e-05;-0.986047;0.00581785;
Torque 0.000104253;3.09991;-2.17452;0.0116379;-0.0420813;-0.00559246;
MotorD 180;0;0.0695022;
 256.342;-0.000672769;1549.96;
 200.461;0;-1087.26;
 179.997;0;11.4942;
 123.004;0;-12.4787;
 235.996;0;18.6926;
 
8208
THOR:
Q 0;1.6724;2.12721;4.27437e-05;-1.13028;2.24593e-05;
Torque -6.65268e-06;1.98748;-2.1551;-0.0116565;-0.650366;-0.0958774;
MotorD 180;0;-0.00443512;
 275.822;-0.0128984;993.739;
 211.88;0;-1077.55;
 180.003;0;-11.5125;
 115.238;0;-187.611;
 244.759;0;294.142;
 
8243
FRIGG:
Q 5.32632e-07;1.33242;1.92792;-4.27437e-05;-0.986047;0.00581785;
Torque -0.000107989;3.1001;-2.17455;0.0116933;-0.0416945;-0.00554624;
MotorD 180;0;-0.0719927;
 256.342;-0.000662063;1550.05;
 200.461;0;-1087.27;
 179.997;0;11.5489;
 123.004;0;-12.3612;
 235.996;0;18.5237;
 
8243
ODIN:
Q 0;1.33242;1.92792;4.29435e-05;-0.986047;0.00581785;
Torque 5.27216e-06;3.1001;-2.17452;-0.0117388;-0.0417821;-0.00558646;
MotorD 180;0;0.00351478;
 256.342;-0.000663597;1550.05;
 200.461;0;-1087.26;
 180.003;0;-11.5939;
 123.004;0;-12.3713;
 235.996;0;18.5784;
 
8243
LOKI:
Q -2.66316e-07;1.33242;1.92792;-4.21445e-05;-0.986047;0.00581776;
Torque 0.000104196;3.10007;-2.17455;0.0115517;-0.0416162;-0.00553083;
MotorD 180;0;0.0694638;
 256.342;-0.000663466;1550.03;
 200.461;0;-1087.27;
 179.997;0;11.4091;
 123.004;0;-12.3407;
 235.996;0;18.4861;
 
8243
THOR:
Q 0;1.67239;2.12722;4.23443e-05;-1.1303;2.20155e-05;
Torque -6.58807e-06;1.99038;-2.15861;-0.0115701;-0.641616;-0.0945251;
MotorD 180;0;-0.00439205;
 275.821;-0.0127266;995.191;
 211.881;0;-1079.3;
 180.003;0;-11.4273;
 115.237;0;-185.122;
 244.759;0;290.149;
 
8287
FRIGG:
Q 5.32632e-07;1.33242;1.92792;-4.23443e-05;-0.986048;0.00581785;
Torque -0.000107899;3.10026;-2.17458;0.0116068;-0.0412293;-0.0054846;
MotorD 180;0;-0.0719324;
 256.342;-0.000652828;1550.13;
 200.461;0;-1087.29;
 179.997;0;11.4635;
 123.004;0;-12.2231;
 235.996;0;18.3171;
 
8287
ODIN:
Q 0;1.33242;1.92792;4.2544e-05;-0.986048;0.0058179;
Torque 5.25783e-06;3.10026;-2.17455;-0.0116519;-0.0413166;-0.005524;
MotorD 180;0;0.00350522;
 256.342;-0.000654598;1550.13;
 200.461;0;-1087.27;
 180.003;0;-11.5081;
 123.004;0;-12.2335;
 235.996;0;18.3713;
 
8287
LOKI:
Q -2.66316e-07;1.33242;1.92792;-4.17451e-05;-0.986048;0.00581776;
Torque 0.000104132;3.10023;-2.17458;0.0114661;-0.0411506;-0.00546914;
MotorD 180;0;0.0694213;
 256.342;-0.000654764;1550.11;
 200.461;0;-1087.29;
 179.997;0;11.3246;
 123.004;0;-12.2026;
 235.996;0;18.2794;
 
8287
THOR:
Q 0;1.67238;2.12724;4.19448e-05;-1.13031;2.15272e-05;
Torque -6.51156e-06;1.99329;-2.16199;-0.0114844;-0.633017;-0.0931963;
MotorD 180;0;-0.00434104;
 275.82;-0.012563;996.645;
 211.882;0;-1081;
 180.003;0;-11.3426;
 115.236;0;-182.675;
 244.76;0;286.226;
 
8323
FRIGG:
Q 5.32632e-07;1.33242;1.92792;-4.19448e-05;-0.986049;0.00581781;
Torque -0.000107783;3.10038;-2.17464;0.0115208;-0.0407629;-0.00542259;
MotorD 180;0;-0.0718556;
 256.342;-0.000643819;1550.19;
 200.461;0;-1087.32;
 179.997;0;11.3786;
 123.004;0;-12.0848;
 235.996;0;18.1099;
 
8323
ODIN:
Q 0;1.33242;1.92792;4.23443e-05;-0.986049;0.00581785;
Torque 5.22326e-06;3.10041;-2.17458;-0.0115656;-0.0408498;-0.00546158;
MotorD 180;0;0.00348218;
 256.342;-0.000645505;1550.21;
 200.461;0;-1087.29;
 180.003;0;-11.4228;
 123.004;0;-12.0954;
 235.996;0;18.1638;
 
8324
LOKI:
Q -2.66316e-07;1.33242;1.92792;-4.15453e-05;-0.986049;0.00581776;
Torque 0.000104064;3.10038;-2.17464;0.0113811;-0.0406838;-0.0054073;
MotorD 180;0;0.0693759;
 256.342;-0.000645412;1550.19;
 200.461;0;-1087.32;
 179.997;0;11.2406;
 123.004;0;-12.064;
 235.996;0;18.0721;
 
8324
THOR:
Q 0;1.67238;2.12724;4.19448e-05;-1.13031;2.15272e-05;
Torque -6.51156e-06;1.99329;-2.16199;-0.0114844;-0.633017;-0.0931963;
MotorD 180;0;-0.00434104;
 275.82;-0.012563;996.645;
 211.882;0;-1081;
 180.003;0;-11.3426;
 115.236;0;-182.675;
 244.76;0;286.226;
 
8359
FRIGG:
Q 5.32632e-07;1.33242;1.92792;-4.19448e-05;-0.986049;0.00581781;
Torque -0.000107783;3.10038;-2.17464;0.0115208;-0.0407629;-0.00542259;
MotorD 180;0;-0.0718556;
 256.342;-0.000643819;1550.19;
 200.461;0;-1087.32;
 179.997;0;11.3786;
 123.004;0;-12.0848;
 235.996;0;18.1099;
 
8359
ODIN:
Q 0;1.33242;1.92792;4.23443e-05;-0.986049;0.00581785;
Torque 5.22326e-06;3.10041;-2.17458;-0.0115656;-0.0408498;-0.00546158;
MotorD 180;0;0.00348218;
 256.342;-0.000645505;1550.21;
 200.461;0;-1087.29;
 180.003;0;-11.4228;
 123.004;0;-12.0954;
 235.996;0;18.1638;
 
8359
LOKI:
Q -2.66316e-07;1.33242;1.92792;-4.15453e-05;-0.986049;0.00581776;
Torque 0.000104064;3.10038;-2.17464;0.0113811;-0.0406838;-0.0054073;
MotorD 180;0;0.0693759;
 256.342;-0.000645412;1550.19;
 200.461;0;-1087.32;
 179.997;0;11.2406;
 123.004;0;-12.064;
 235.996;0;18.0721;
 
8359
THOR:
Q 0;1.67237;2.12725;4.17451e-05;-1.13032;2.11277e-05;
Torque -6.46327e-06;1.99613;-2.1653;-0.0113995;-0.624513;-0.0918849;
MotorD 180;0;-0.00430884;
 275.82;-0.0123876;998.064;
 211.882;0;-1082.65;
 180.003;0;-11.2588;
 115.235;0;-180.254;
 244.761;0;282.348;
 
8398
FRIGG:
Q 5.32632e-07;1.33242;1.92792;-4.17451e-05;-0.98605;0.00581776;
Torque -0.000107749;3.10054;-2.17467;0.0114356;-0.040298;-0.0053608;
MotorD 180;0;-0.0718329;
 256.342;-0.000635785;1550.27;
 200.461;0;-1087.34;
 179.997;0;11.2945;
 123.004;0;-11.947;
 235.996;0;17.9034;
 
8398
ODIN:
Q 0;1.33242;1.92792;4.19448e-05;-0.986049;0.00581785;
Torque 5.2258e-06;3.10057;-2.17464;-0.0114801;-0.0403853;-0.00539926;
MotorD 180;0;0.00348387;
 256.342;-0.0006373;1550.29;
 200.461;0;-1087.32;
 180.003;0;-11.3383;
 123.004;0;-11.9579;
 235.996;0;17.9571;
 
8398
LOKI:
Q -2.66316e-07;1.33242;1.92792;-4.11458e-05;-0.98605;0.00581781;
Torque 0.000104029;3.10051;-2.17467;0.011297;-0.0402197;-0.00534578;
MotorD 180;0;0.0693529;
 256.342;-0.000637448;1550.25;
 200.461;0;-1087.34;
 179.997;0;11.1575;
 123.004;0;-11.9263;
 235.996;0;17.8661;
 
8398
THOR:
Q 0;1.67236;2.12726;4.13456e-05;-1.13034;2.07283e-05;
Torque -6.39466e-06;1.99894;-2.16856;-0.011315;-0.616149;-0.0905949;
MotorD 180;0;-0.00426311;
 275.819;-0.0122266;999.47;
 211.883;0;-1084.28;
 180.003;0;-11.1753;
 115.235;0;-177.873;
 244.762;0;278.534;
 
8441
FRIGG:
Q 5.32632e-07;1.33242;1.92792;-4.13456e-05;-0.98605;0.00581785;
Torque -0.000107657;3.10069;-2.1747;0.011351;-0.0398721;-0.00530421;
MotorD 180;0;-0.0717713;
 256.342;-0.000627727;1550.35;
 200.461;0;-1087.35;
 179.997;0;11.2109;
 123.003;0;-11.8207;
 235.997;0;17.7142;
 
8441
ODIN:
Q 0;1.33242;1.92792;4.17451e-05;-0.98605;0.00581785;
Torque 5.21099e-06;3.10069;-2.17467;-0.0113951;-0.0399188;-0.00533687;
MotorD 180;0;0.00347399;
 256.342;-0.000628999;1550.35;
 200.461;0;-1087.33;
 180.003;0;-11.2544;
 123.003;0;-11.8198;
 235.997;0;17.7497;
 
8441
LOKI:
Q -2.66316e-07;1.33242;1.92792;-4.09461e-05;-0.98605;0.00581776;
Torque 0.000103963;3.10066;-2.1747;0.0112132;-0.0397532;-0.00528376;
MotorD 180;0;0.0693087;
 256.342;-0.000628711;1550.33;
 200.461;0;-1087.35;
 179.997;0;11.0748;
 123.003;0;-11.788;
 235.997;0;17.6588;
 
8441
THOR:
Q 0;1.67235;2.12728;4.11458e-05;-1.13035;2.02844e-05;
Torque -6.33718e-06;2.00172;-2.17176;-0.0112313;-0.607878;-0.0893214;
MotorD 180;0;-0.00422479;
 275.819;-0.0120582;1000.86;
 211.884;0;-1085.88;
 180.003;0;-11.0927;
 115.234;0;-175.517;
 244.763;0;274.763;
 
8477
FRIGG:
Q 5.32632e-07;1.33242;1.92792;-4.11458e-05;-0.986051;0.00581776;
Torque -0.000107587;3.10082;-2.17473;0.011267;-0.039406;-0.00524244;
MotorD 180;0;-0.0717247;
 256.342;-0.000618861;1550.41;
 200.461;0;-1087.37;
 179.997;0;11.1279;
 123.003;0;-11.6823;
 235.997;0;17.5073;
 
8477
ODIN:
Q 0;1.33242;1.92792;4.13456e-05;-0.986051;0.00581785;
Torque 5.19185e-06;3.10085;-2.1747;-0.0113107;-0.0394926;-0.00527966;
MotorD 180;0;0.00346123;
 256.342;-0.000620489;1550.43;
 200.461;0;-1087.35;
 180.003;0;-11.1711;
 123.003;0;-11.6937;
 235.997;0;17.56;
 
8477
LOKI:
Q -2.66316e-07;1.33242;1.92792;-4.05466e-05;-0.986051;0.00581785;
Torque 0.00010392;3.10082;-2.17473;0.0111302;-0.0393275;-0.0052274;
MotorD 180;0;0.0692799;
 256.342;-0.000620659;1550.41;
 200.461;0;-1087.37;
 179.997;0;10.9928;
 123.003;0;-11.6616;
 235.997;0;17.4698;
 
8477
THOR:
Q 0;1.67234;2.12729;4.07464e-05;-1.13036;1.98406e-05;
Torque -6.26856e-06;2.00446;-2.17483;-0.0111482;-0.599673;-0.0880598;
MotorD 180;0;-0.00417904;
 275.818;-0.0118984;1002.23;
 211.885;0;-1087.41;
 180.003;0;-11.0105;
 115.233;0;-173.179;
 244.763;0;271.023;
 
8516
FRIGG:
Q 5.32632e-07;1.33242;1.92792;-4.07464e-05;-0.986052;0.00581785;
Torque -0.000107497;3.10098;-2.17476;0.0111836;-0.0389793;-0.00518575;
MotorD 180;0;-0.0716647;
 256.342;-0.00061103;1550.49;
 200.461;0;-1087.38;
 179.997;0;11.0455;
 123.003;0;-11.5558;
 235.997;0;17.3178;
 
8516
ODIN:
Q 0;1.33242;1.92792;4.11458e-05;-0.986051;0.00581781;
Torque 5.17823e-06;3.10098;-2.17473;-0.011227;-0.0390663;-0.00522263;
MotorD 180;0;0.00345215;
 256.342;-0.000612112;1550.49;
 200.461;0;-1087.36;
 180.003;0;-11.0884;
 123.003;0;-11.5675;
 235.997;0;17.3705;
 
8516
LOKI:
Q -2.66316e-07;1.33242;1.92792;-4.03469e-05;-0.986052;0.00581776;
Torque 0.000103858;3.10094;-2.17476;0.0110478;-0.0389011;-0.00517093;
MotorD 180;0;0.0692384;
 256.342;-0.000611999;1550.47;
 200.461;0;-1087.38;
 179.997;0;10.9114;
 123.003;0;-11.5351;
 235.997;0;17.2806;
 
8517
THOR:
Q 0;1.67234;2.12729;4.07464e-05;-1.13036;1.98406e-05;
Torque -6.26856e-06;2.00446;-2.17483;-0.0111482;-0.599673;-0.0880598;
MotorD 180;0;-0.00417904;
 275.818;-0.0118984;1002.23;
 211.885;0;-1087.41;
 180.003;0;-11.0105;
 115.233;0;-173.179;
 244.763;0;271.023;
 
8552
FRIGG:
Q 5.32632e-07;1.33242;1.92792;-4.07464e-05;-0.986052;0.00581785;
Torque -0.000107497;3.10098;-2.17476;0.0111836;-0.0389793;-0.00518575;
MotorD 180;0;-0.0716647;
 256.342;-0.00061103;1550.49;
 200.461;0;-1087.38;
 179.997;0;11.0455;
 123.003;0;-11.5558;
 235.997;0;17.3178;
 
8552
ODIN:
Q 0;1.33242;1.92792;4.11458e-05;-0.986051;0.00581781;
Torque 5.17823e-06;3.10098;-2.17473;-0.011227;-0.0390663;-0.00522263;
MotorD 180;0;0.00345215;
 256.342;-0.000612112;1550.49;
 200.461;0;-1087.36;
 180.003;0;-11.0884;
 123.003;0;-11.5675;
 235.997;0;17.3705;
 
8552
LOKI:
Q -2.66316e-07;1.33242;1.92792;-4.03469e-05;-0.986052;0.00581776;
Torque 0.000103858;3.10094;-2.17476;0.0110478;-0.0389011;-0.00517093;
MotorD 180;0;0.0692384;
 256.342;-0.000611999;1550.47;
 200.461;0;-1087.38;
 179.997;0;10.9114;
 123.003;0;-11.5351;
 235.997;0;17.2806;
 
8552
THOR:
Q 0;1.67233;2.1273;4.05466e-05;-1.13037;1.94411e-05;
Torque -6.21103e-06;2.00715;-2.1779;-0.0110656;-0.591631;-0.0868235;
MotorD 180;0;-0.00414068;
 275.817;-0.0117395;1003.57;
 211.885;0;-1088.95;
 180.003;0;-10.929;
 115.233;0;-170.887;
 244.764;0;267.358;
 
8592
FRIGG:
Q 5.32632e-07;1.33242;1.92792;-4.05466e-05;-0.986052;0.00581776;
Torque -0.000107429;3.1011;-2.17482;0.0111009;-0.0385526;-0.00512905;
MotorD 180;0;-0.0716192;
 256.342;-0.000602403;1550.55;
 200.461;0;-1087.41;
 179.997;0;10.9638;
 123.003;0;-11.4293;
 235.997;0;17.1282;
 
8592
ODIN:
Q 0;1.33242;1.92792;4.07464e-05;-0.986052;0.00581785;
Torque 5.15929e-06;3.10113;-2.17476;-0.0111439;-0.0385992;-0.00515996;
MotorD 180;0;0.00343953;
 256.342;-0.000603835;1550.57;
 200.461;0;-1087.38;
 180.003;0;-11.0063;
 123.003;0;-11.4294;
 235.997;0;17.1627;
 
8592
LOKI:
Q -2.66316e-07;1.33242;1.92792;-3.99474e-05;-0.986052;0.00581785;
Torque 0.000103819;3.1011;-2.17479;0.0109659;-0.0384744;-0.00511421;
MotorD 180;0;0.0692129;
 256.342;-0.000604078;1550.55;
 200.461;0;-1087.4;
 179.997;0;10.8305;
 123.003;0;-11.4085;
 235.997;0;17.091;
 
8592
THOR:
Q 0;1.67232;2.12731;4.01472e-05;-1.13039;1.90416e-05;
Torque -6.15025e-06;2.00983;-2.18091;-0.0109837;-0.583669;-0.0856011;
MotorD 180;0;-0.00410017;
 275.817;-0.0115807;1004.92;
 211.886;0;-1090.46;
 180.003;0;-10.8481;
 115.232;0;-168.617;
 244.765;0;263.73;
 
8630
FRIGG:
Q 5.32632e-07;1.33242;1.92792;-4.01472e-05;-0.986053;0.00581785;
Torque -0.000107369;3.10126;-2.17486;0.0110188;-0.0381262;-0.00507238;
MotorD 180;0;-0.0715793;
 256.342;-0.000594847;1550.63;
 200.462;0;-1087.43;
 179.997;0;10.8827;
 123.003;0;-11.3028;
 235.997;0;16.9388;
 
8630
ODIN:
Q 0;1.33242;1.92792;4.05466e-05;-0.986053;0.00581785;
Torque 5.14051e-06;3.10126;-2.17479;-0.0110613;-0.0381722;-0.00510284;
MotorD 180;0;0.00342701;
 256.342;-0.000596048;1550.63;
 200.461;0;-1087.4;
 180.003;0;-10.9248;
 123.003;0;-11.3029;
 235.997;0;16.9728;
 
8630
LOKI:
Q -2.66316e-07;1.33242;1.92792;-3.97477e-05;-0.986053;0.00581776;
Torque 0.000103779;3.10122;-2.17482;0.0108847;-0.0380477;-0.00505771;
MotorD 180;0;0.069186;
 256.342;-0.000595756;1550.61;
 200.461;0;-1087.41;
 179.997;0;10.7503;
 123.003;0;-11.2819;
 235.997;0;16.9016;
 
8630
THOR:
Q 0;1.67231;2.12732;3.99474e-05;-1.1304;1.87309e-05;
Torque -6.09022e-06;2.01246;-2.18386;-0.0109024;-0.575861;-0.0844025;
MotorD 180;0;-0.00406015;
 275.816;-0.0114286;1006.23;
 211.887;0;-1091.93;
 180.003;0;-10.7678;
 115.231;0;-166.391;
 244.765;0;260.172;
 
8669
FRIGG:
Q 5.32632e-07;1.33242;1.92792;-3.99474e-05;-0.986054;0.00581776;
Torque -0.000107299;3.10138;-2.17489;0.0109372;-0.0376991;-0.00501562;
MotorD 180;0;-0.0715324;
 256.342;-0.000586693;1550.69;
 200.462;0;-1087.44;
 179.997;0;10.8022;
 123.003;0;-11.1762;
 235.997;0;16.7491;
 
8669
ODIN:
Q 0;1.33242;1.92792;4.01472e-05;-0.986053;0.00581785;
Torque 5.13093e-06;3.10138;-2.17482;-0.0109795;-0.0377855;-0.00505109;
MotorD 180;0;0.00342062;
 256.342;-0.000588028;1550.69;
 200.461;0;-1087.41;
 180.003;0;-10.8439;
 123.003;0;-11.1885;
 235.997;0;16.8008;
 
8669
LOKI:
Q -2.66316e-07;1.33242;1.92792;-3.93482e-05;-0.986054;0.00581781;
Torque 0.000103733;3.10135;-2.17489;0.0108041;-0.0376203;-0.00500092;
MotorD 180;0;0.0691555;
 256.342;-0.000587994;1550.67;
 200.462;0;-1087.44;
 179.997;0;10.6707;
 123.003;0;-11.1552;
 235.997;0;16.7117;
 
8669
THOR:
Q 0;1.67231;2.12732;3.99474e-05;-1.1304;1.87309e-05;
Torque -6.09022e-06;2.01246;-2.18386;-0.0109024;-0.575861;-0.0844025;
MotorD 180;0;-0.00406015;
 275.816;-0.0114286;1006.23;
 211.887;0;-1091.93;
 180.003;0;-10.7678;
 115.231;0;-166.391;
 244.765;0;260.172;
 
8707
FRIGG:
Q 5.32632e-07;1.33242;1.92792;-3.99474e-05;-0.986054;0.00581776;
Torque -0.000107299;3.10138;-2.17489;0.0109372;-0.0376991;-0.00501562;
MotorD 180;0;-0.0715324;
 256.342;-0.000586693;1550.69;
 200.462;0;-1087.44;
 179.997;0;10.8022;
 123.003;0;-11.1762;
 235.997;0;16.7491;
 
8707
ODIN:
Q 0;1.33242;1.92792;4.01472e-05;-0.986053;0.00581785;
Torque 5.13093e-06;3.10138;-2.17482;-0.0109795;-0.0377855;-0.00505109;
MotorD 180;0;0.00342062;
 256.342;-0.000588028;1550.69;
 200.461;0;-1087.41;
 180.003;0;-10.8439;
 123.003;0;-11.1885;
 235.997;0;16.8008;
 
8707
LOKI:
Q -2.66316e-07;1.33242;1.92792;-3.93482e-05;-0.986054;0.00581781;
Torque 0.000103733;3.10135;-2.17489;0.0108041;-0.0376203;-0.00500092;
MotorD 180;0;0.0691555;
 256.342;-0.000587994;1550.67;
 200.462;0;-1087.44;
 179.997;0;10.6707;
 123.003;0;-11.1552;
 235.997;0;16.7117;
 
8707
THOR:
Q 0;1.6723;2.12733;3.95479e-05;-1.13041;1.81983e-05;
Torque -6.02008e-06;2.01505;-2.18669;-0.0108217;-0.568125;-0.0832167;
MotorD 180;0;-0.00401338;
 275.816;-0.0112757;1007.53;
 211.887;0;-1093.34;
 180.003;0;-10.6881;
 115.231;0;-164.185;
 244.766;0;256.648;
 
8746
FRIGG:
Q 5.32632e-07;1.33242;1.92792;-3.95479e-05;-0.986054;0.00581785;
Torque -0.000107229;3.10151;-2.17492;0.0108563;-0.0372721;-0.00495888;
MotorD 180;0;-0.0714862;
 256.342;-0.000578821;1550.75;
 200.462;0;-1087.46;
 179.997;0;10.7223;
 123.003;0;-11.0495;
 235.997;0;16.5594;
 
8746
ODIN:
Q 0;1.33242;1.92792;3.99474e-05;-0.986054;0.00581781;
Torque 5.11454e-06;3.10154;-2.17485;-0.0108982;-0.0373584;-0.00499375;
MotorD 180;0;0.00340969;
 256.342;-0.000580014;1550.77;
 200.462;0;-1087.43;
 180.003;0;-10.7637;
 123.003;0;-11.0621;
 235.997;0;16.6107;
 
8746
LOKI:
Q -2.66316e-07;1.33242;1.92792;-3.91485e-05;-0.986054;0.00581785;
Torque 0.000103687;3.10151;-2.17492;0.010724;-0.0371933;-0.00494437;
MotorD 180;0;0.0691247;
 256.342;-0.000580587;1550.75;
 200.462;0;-1087.46;
 179.997;0;10.5916;
 123.003;0;-11.0284;
 235.997;0;16.5222;
 
8746
THOR:
Q 0;1.67229;2.12734;3.93482e-05;-1.13042;1.80207e-05;
Torque -5.9572e-06;2.01761;-2.18952;-0.0107415;-0.560553;-0.0820557;
MotorD 180;0;-0.00397147;
 275.815;-0.011124;1008.8;
 211.888;0;-1094.76;
 180.003;0;-10.6089;
 115.23;0;-162.026;
 244.767;0;253.199;
 
8784
FRIGG:
Q 5.32632e-07;1.33242;1.92792;-3.93482e-05;-0.986055;0.00581785;
Torque -0.000107167;3.10163;-2.17495;0.010776;-0.0368845;-0.00490739;
MotorD 180;0;-0.0714448;
 256.342;-0.00057136;1550.81;
 200.462;0;-1087.47;
 179.997;0;10.6429;
 123.003;0;-10.9346;
 235.997;0;16.3872;
 
8784
ODIN:
Q 0;1.33242;1.92792;3.95479e-05;-0.986055;0.00581785;
Torque 5.09951e-06;3.10166;-2.17488;-0.0108175;-0.0369308;-0.00493656;
MotorD 180;0;0.00339967;
 256.342;-0.000572189;1550.83;
 200.462;0;-1087.44;
 180.003;0;-10.684;
 123.003;0;-10.9356;
 235.997;0;16.4206;
 
8784
LOKI:
Q -2.66316e-07;1.33242;1.92792;-3.8749e-05;-0.986055;0.00581776;
Torque 0.000103651;3.10163;-2.17495;0.0106446;-0.0368064;-0.00489296;
MotorD 180;0;0.0691006;
 256.342;-0.000572599;1550.82;
 200.462;0;-1087.47;
 179.997;0;10.5132;
 123.003;0;-10.9137;
 235.997;0;16.3503;
 
8784
THOR:
Q 0;1.67228;2.12735;3.89487e-05;-1.13043;1.75769e-05;
Torque -5.90123e-06;2.02014;-2.19228;-0.010662;-0.552977;-0.0808975;
MotorD 180;0;-0.00393415;
 275.815;-0.0109753;1010.07;
 211.888;0;-1096.14;
 180.003;0;-10.5304;
 115.229;0;-159.863;
 244.768;0;249.749;
 
8821
FRIGG:
Q 5.32632e-07;1.33242;1.92792;-3.89487e-05;-0.986055;0.00581776;
Torque -0.000107108;3.10179;-2.17498;0.0106962;-0.0364573;-0.00485063;
MotorD 180;0;-0.0714057;
 256.342;-0.000563888;1550.89;
 200.462;0;-1087.49;
 179.997;0;10.5642;
 123.003;0;-10.8079;
 235.997;0;16.1975;
 
8821
ODIN:
Q 0;1.33242;1.92792;3.93482e-05;-0.986055;0.00581785;
Torque 5.08465e-06;3.10179;-2.17491;-0.0107374;-0.0365433;-0.0048847;
MotorD 180;0;0.00338977;
 256.342;-0.000564566;1550.89;
 200.462;0;-1087.46;
 180.003;0;-10.6049;
 123.003;0;-10.8208;
 235.997;0;16.2483;
 
8821
LOKI:
Q -2.66316e-07;1.33242;1.92792;-3.85493e-05;-0.986056;0.00581785;
Torque 0.000103617;3.10176;-2.17498;0.0105658;-0.0363786;-0.00483631;
MotorD 180;0;0.0690779;
 256.342;-0.000564859;1550.88;
 200.462;0;-1087.49;
 179.997;0;10.4353;
 123.003;0;-10.7867;
 235.997;0;16.1604;
 
8821
THOR:
Q 0;1.67227;2.12737;3.8749e-05;-1.13044;1.72662e-05;
Torque -5.84255e-06;2.0226;-2.19498;-0.0105831;-0.545564;-0.0797642;
MotorD 180;0;-0.00389503;
 275.814;-0.0108276;1011.3;
 211.889;0;-1097.49;
 180.003;0;-10.4525;
 115.229;0;-157.747;
 244.768;0;246.374;
 
8861
FRIGG:
Q 5.32632e-07;1.33242;1.92792;-3.8749e-05;-0.986056;0.00581781;
Torque -0.000107057;3.10191;-2.17501;0.0106171;-0.0360695;-0.0047991;
MotorD 180;0;-0.0713712;
 256.342;-0.000555993;1550.96;
 200.462;0;-1087.5;
 179.997;0;10.486;
 123.003;0;-10.6929;
 235.997;0;16.0252;
 
8861
ODIN:
Q 0;1.33242;1.92792;3.89487e-05;-0.986056;0.00581785;
Torque 5.06468e-06;3.10191;-2.17494;-0.0106579;-0.0361555;-0.0048328;
MotorD 180;0;0.00337646;
 256.342;-0.000557258;1550.96;
 200.462;0;-1087.47;
 180.003;0;-10.5263;
 123.003;0;-10.706;
 235.997;0;16.0758;
 
8861
LOKI:
Q -2.66316e-07;1.33242;1.92792;-3.83495e-05;-0.986056;0.00581776;
Torque 0.000103591;3.10188;-2.17501;0.0104875;-0.0359914;-0.00478488;
MotorD 180;0;0.0690604;
 256.342;-0.000557313;1550.94;
 200.462;0;-1087.5;
 179.997;0;10.358;
 123.003;0;-10.6719;
 235.997;0;15.9884;
 
8861
THOR:
Q 0;1.67227;2.12737;3.8749e-05;-1.13044;1.72662e-05;
Torque -5.84255e-06;2.0226;-2.19498;-0.0105831;-0.545564;-0.0797642;
MotorD 180;0;-0.00389503;
 275.814;-0.0108276;1011.3;
 211.889;0;-1097.49;
 180.003;0;-10.4525;
 115.229;0;-157.747;
 244.768;0;246.374;
 
8899
FRIGG:
Q 5.32632e-07;1.33242;1.92792;-3.8749e-05;-0.986056;0.00581781;
Torque -0.000107057;3.10191;-2.17501;0.0106171;-0.0360695;-0.0047991;
MotorD 180;0;-0.0713712;
 256.342;-0.000555993;1550.96;
 200.462;0;-1087.5;
 179.997;0;10.486;
 123.003;0;-10.6929;
 235.997;0;16.0252;
 
8899
ODIN:
Q 0;1.33242;1.92792;3.89487e-05;-0.986056;0.00581785;
Torque 5.06468e-06;3.10191;-2.17494;-0.0106579;-0.0361555;-0.0048328;
MotorD 180;0;0.00337646;
 256.342;-0.000557258;1550.96;
 200.462;0;-1087.47;
 180.003;0;-10.5263;
 123.003;0;-10.706;
 235.997;0;16.0758;
 
8899
LOKI:
Q -2.66316e-07;1.33242;1.92792;-3.83495e-05;-0.986056;0.00581776;
Torque 0.000103591;3.10188;-2.17501;0.0104875;-0.0359914;-0.00478488;
MotorD 180;0;0.0690604;
 256.342;-0.000557313;1550.94;
 200.462;0;-1087.5;
 179.997;0;10.358;
 123.003;0;-10.6719;
 235.997;0;15.9884;
 
8899
THOR:
Q 0;1.67226;2.12738;3.85493e-05;-1.13046;1.68667e-05;
Torque -5.78274e-06;2.02507;-2.19763;-0.0105048;-0.538303;-0.0786538;
MotorD 180;0;-0.00385516;
 275.814;-0.0106832;1012.54;
 211.89;0;-1098.81;
 180.003;0;-10.3751;
 115.228;0;-155.675;
 244.769;0;243.068;
 
8939
FRIGG:
Q 5.32632e-07;1.33242;1.92792;-3.83495e-05;-0.986057;0.00581785;
Torque -0.000106989;3.10204;-2.17504;0.0105385;-0.0356816;-0.00474758;
MotorD 180;0;-0.071326;
 256.342;-0.000548913;1551.02;
 200.462;0;-1087.52;
 179.997;0;10.4084;
 123.003;0;-10.5779;
 235.997;0;15.853;
 
8939
ODIN:
Q 0;1.33242;1.92792;3.8749e-05;-0.986057;0.00581785;
Torque 5.05162e-06;3.10204;-2.17498;-0.010579;-0.0357276;-0.00477556;
MotorD 180;0;0.00336775;
 256.342;-0.000549892;1551.02;
 200.462;0;-1087.49;
 180.003;0;-10.4484;
 123.003;0;-10.5794;
 235.997;0;15.8856;
 
8939
LOKI:
Q -2.66316e-07;1.33242;1.92792;-3.795e-05;-0.986057;0.00581776;
Torque 0.000103549;3.102;-2.17504;0.0104098;-0.0356034;-0.00473352;
MotorD 180;0;0.0690324;
 256.342;-0.000549832;1551;
 200.462;0;-1087.52;
 179.997;0;10.2813;
 123.003;0;-10.5567;
 235.997;0;15.8162;
 
8939
THOR:
Q 0;1.67225;2.12739;3.81498e-05;-1.13047;1.65116e-05;
Torque -5.72063e-06;2.02751;-2.20027;-0.010427;-0.531043;-0.0775465;
MotorD 180;0;-0.00381375;
 275.813;-0.0105388;1013.75;
 211.89;0;-1100.14;
 180.003;0;-10.2983;
 115.228;0;-153.601;
 244.77;0;239.764;
 
8977
FRIGG:
Q 5.32632e-07;1.33242;1.92792;-3.81498e-05;-0.986057;0.00581776;
Torque -0.000106936;3.10216;-2.17507;0.0104606;-0.0352942;-0.00469611;
MotorD 180;0;-0.0712906;
 256.342;-0.000541413;1551.08;
 200.462;0;-1087.53;
 179.997;0;10.3314;
 123.003;0;-10.463;
 235.997;0;15.6809;
 
8977
ODIN:
Q 0;1.33242;1.92792;3.83495e-05;-0.986057;0.00581785;
Torque 5.04011e-06;3.10216;-2.17501;-0.0105007;-0.0353397;-0.00472345;
MotorD 180;0;0.00336007;
 256.342;-0.000542458;1551.08;
 200.462;0;-1087.5;
 180.003;0;-10.3711;
 123.003;0;-10.4646;
 235.997;0;15.7129;
 
8977
LOKI:
Q -2.66316e-07;1.33242;1.92792;-3.77503e-05;-0.986057;0.00581781;
Torque 0.000103515;3.10213;-2.17504;0.0103327;-0.0352156;-0.00468201;
MotorD 180;0;0.06901;
 256.342;-0.000542429;1551.06;
 200.462;0;-1087.52;
 179.997;0;10.2052;
 123.003;0;-10.4417;
 235.997;0;15.6439;
 
8977
THOR:
Q 0;1.67224;2.1274;3.795e-05;-1.13048;1.62453e-05;
Torque -5.6657e-06;2.02988;-2.20279;-0.0103498;-0.523939;-0.0764628;
MotorD 180;0;-0.00377713;
 275.812;-0.0104001;1014.94;
 211.891;0;-1101.39;
 180.003;0;-10.222;
 115.227;0;-151.572;
 244.77;0;236.531;
 
9015
FRIGG:
Q 5.32632e-07;1.33241;1.92792;-3.795e-05;-0.986058;0.00581776;
Torque -0.000106879;3.10229;-2.1751;0.0103832;-0.0349058;-0.00464452;
MotorD 180;0;-0.0712525;
 256.342;-0.000533952;1551.14;
 200.462;0;-1087.55;
 179.997;0;10.255;
 123.003;0;-10.3478;
 235.997;0;15.5084;
 
9015
ODIN:
Q 0;1.33241;1.92792;3.81498e-05;-0.986058;0.00581785;
Torque 5.02573e-06;3.10229;-2.17504;-0.010423;-0.0349912;-0.0046768;
MotorD 180;0;0.00335049;
 256.342;-0.000535161;1551.14;
 200.462;0;-1087.52;
 180.003;0;-10.2943;
 123.003;0;-10.3615;
 235.997;0;15.5579;
 
9015
LOKI:
Q -2.66316e-07;1.33241;1.92792;-3.73508e-05;-0.986058;0.00581785;
Torque 0.000103486;3.10226;-2.17507;0.0102562;-0.0348272;-0.00463041;
MotorD 180;0;0.0689909;
 256.342;-0.000535293;1551.13;
 200.462;0;-1087.53;
 179.997;0;10.1296;
 123.003;0;-10.3265;
 235.997;0;15.4714;
 
9015
THOR:
Q 0;1.67223;2.12741;3.75506e-05;-1.13049;1.58902e-05;
Torque -5.6009e-06;2.03225;-2.20531;-0.0102732;-0.516991;-0.0754025;
MotorD 180;0;-0.00373393;
 275.812;-0.0102604;1016.13;
 211.891;0;-1102.66;
 180.003;0;-10.1463;
 115.226;0;-149.588;
 244.771;0;233.368;
 
9049
FRIGG:
Q 5.32632e-07;1.33241;1.92792;-3.75506e-05;-0.986058;0.00581776;
Torque -0.000106824;3.10241;-2.1751;0.0103063;-0.0345576;-0.00459828;
MotorD 180;0;-0.0712159;
 256.342;-0.000527084;1551.21;
 200.462;0;-1087.55;
 179.997;0;10.1791;
 123.003;0;-10.2445;
 235.997;0;15.3537;
 
9049
ODIN:
Q 0;1.33241;1.92792;3.795e-05;-0.986058;0.00581785;
Torque 5.01141e-06;3.10241;-2.17507;-0.0103458;-0.0346028;-0.00462482;
MotorD 180;0;0.00334094;
 256.342;-0.000528267;1551.21;
 200.462;0;-1087.53;
 180.003;0;-10.2181;
 123.003;0;-10.2465;
 235.997;0;15.3852;
 
9049
LOKI:
Q -2.66316e-07;1.33241;1.92792;-3.71511e-05;-0.986058;0.00581785;
Torque 0.000103454;3.10238;-2.1751;0.0101802;-0.0344391;-0.00457905;
MotorD 180;0;0.0689695;
 256.342;-0.000528067;1551.19;
 200.462;0;-1087.55;
 179.997;0;10.0546;
 123.003;0;-10.2113;
 235.997;0;15.2991;
 
9049
THOR:
Q 0;1.67222;2.12741;3.73508e-05;-1.1305;1.55351e-05;
Torque -5.54647e-06;2.0346;-2.20777;-0.0101971;-0.510043;-0.0743452;
MotorD 180;0;-0.00369765;
 275.811;-0.0101235;1017.3;
 211.892;0;-1103.88;
 180.003;0;-10.0712;
 115.226;0;-147.602;
 244.771;0;230.208;
 
9080
FRIGG:
Q 5.32632e-07;1.33241;1.92792;-3.73508e-05;-0.986059;0.00581781;
Torque -0.00010678;3.1025;-2.17513;0.0102301;-0.0341693;-0.00454671;
MotorD 180;0;-0.0711868;
 256.342;-0.000519953;1551.25;
 200.462;0;-1087.57;
 179.997;0;10.1038;
 123.003;0;-10.1294;
 235.997;0;15.1813;
 
9080
ODIN:
Q 0;1.33241;1.92792;3.75506e-05;-0.986059;0.00581781;
Torque 4.99765e-06;3.10254;-2.1751;-0.0102692;-0.0342142;-0.00457282;
MotorD 180;0;0.00333177;
 256.342;-0.000521104;1551.27;
 200.462;0;-1087.55;
 180.003;0;-10.1425;
 123.003;0;-10.1315;
 235.997;0;15.2124;
 
9080
LOKI:
Q -2.66316e-07;1.33241;1.92792;-3.69514e-05;-0.986059;0.00581785;
Torque 0.000103434;3.1025;-2.17513;0.0101048;-0.0340903;-0.00453273;
MotorD 180;0;0.0689563;
 256.342;-0.000521084;1551.25;
 200.462;0;-1087.57;
 179.997;0;9.98005;
 123.003;0;-10.1078;
 235.997;0;15.1442;
 
9080
THOR:
Q 0;1.67222;2.12741;3.73508e-05;-1.1305;1.55351e-05;
Torque -5.54647e-06;2.0346;-2.20777;-0.0101971;-0.510043;-0.0743452;
MotorD 180;0;-0.00369765;
 275.811;-0.0101235;1017.3;
 211.892;0;-1103.88;
 180.003;0;-10.0712;
 115.226;0;-147.602;
 244.771;0;230.208;
 
9114
FRIGG:
Q 5.32632e-07;1.33241;1.92792;-3.73508e-05;-0.986059;0.00581781;
Torque -0.00010678;3.1025;-2.17513;0.0102301;-0.0341693;-0.00454671;
MotorD 180;0;-0.0711868;
 256.342;-0.000519953;1551.25;
 200.462;0;-1087.57;
 179.997;0;10.1038;
 123.003;0;-10.1294;
 235.997;0;15.1813;
 
9114
ODIN:
Q 0;1.33241;1.92792;3.75506e-05;-0.986059;0.00581781;
Torque 4.99765e-06;3.10254;-2.1751;-0.0102692;-0.0342142;-0.00457282;
MotorD 180;0;0.00333177;
 256.342;-0.000521104;1551.27;
 200.462;0;-1087.55;
 180.003;0;-10.1425;
 123.003;0;-10.1315;
 235.997;0;15.2124;
 
9114
LOKI:
Q -2.66316e-07;1.33241;1.92792;-3.69514e-05;-0.986059;0.00581785;
Torque 0.000103434;3.1025;-2.17513;0.0101048;-0.0340903;-0.00453273;
MotorD 180;0;0.0689563;
 256.342;-0.000521084;1551.25;
 200.462;0;-1087.57;
 179.997;0;9.98005;
 123.003;0;-10.1078;
 235.997;0;15.1442;
 
9114
THOR:
Q 0;1.67222;2.12742;3.71511e-05;-1.13051;1.52688e-05;
Torque -5.48675e-06;2.03687;-2.2101;-0.0101216;-0.503253;-0.0733115;
MotorD 180;0;-0.00365783;
 275.811;-0.00998841;1018.44;
 211.892;0;-1105.05;
 180.003;0;-9.99666;
 115.225;0;-145.662;
 244.772;0;227.119;
 
9151
FRIGG:
Q 5.32632e-07;1.33241;1.92792;-3.69514e-05;-0.986059;0.00581785;
Torque -0.000106727;3.10263;-2.17516;0.0101544;-0.0337804;-0.00449504;
MotorD 180;0;-0.0711514;
 256.342;-0.000513059;1551.31;
 200.462;0;-1087.58;
 179.997;0;10.029;
 123.003;0;-10.014;
 235.997;0;15.0085;
 
9151
ODIN:
Q 0;1.33241;1.92792;3.73508e-05;-0.986059;0.00581781;
Torque 4.98262e-06;3.10266;-2.17513;-0.0101932;-0.0338653;-0.00452611;
MotorD 180;0;0.00332175;
 256.342;-0.00051433;1551.33;
 200.462;0;-1087.56;
 180.003;0;-10.0674;
 123.003;0;-10.0282;
 235.997;0;15.0572;
 
9151
LOKI:
Q -2.66316e-07;1.33241;1.92792;-3.65519e-05;-0.98606;0.00581776;
Torque 0.000103404;3.10263;-2.17516;0.01003;-0.0337017;-0.00448111;
MotorD 180;0;0.0689363;
 256.342;-0.000514259;1551.32;
 200.462;0;-1087.58;
 179.997;0;9.90614;
 123.003;0;-9.99261;
 235.997;0;14.9716;
 
9151
THOR:
Q 0;1.67221;2.12743;3.67516e-05;-1.13052;1.49581e-05;
Torque -5.4301e-06;2.03915;-2.2125;-0.0100467;-0.496461;-0.0722801;
MotorD 180;0;-0.00362007;
 275.81;-0.00985487;1019.58;
 211.893;0;-1106.25;
 180.003;0;-9.92265;
 115.225;0;-143.719;
 244.773;0;224.03;
 
9190
FRIGG:
Q 5.32632e-07;1.33241;1.92792;-3.67516e-05;-0.98606;0.00581785;
Torque -0.000106684;3.10275;-2.17519;0.0100793;-0.0334318;-0.00444875;
MotorD 180;0;-0.0711228;
 256.342;-0.000506073;1551.38;
 200.462;0;-1087.6;
 179.997;0;9.95484;
 123.003;0;-9.91061;
 235.997;0;14.8537;
 
9190
ODIN:
Q 0;1.33241;1.92792;3.69514e-05;-0.98606;0.00581785;
Torque 4.97015e-06;3.10276;-2.17516;-0.0101178;-0.0334767;-0.0044741;
MotorD 180;0;0.00331343;
 256.342;-0.00050763;1551.38;
 200.462;0;-1087.58;
 180.003;0;-9.99285;
 123.003;0;-9.91316;
 235.997;0;14.8844;
 
9190
LOKI:
Q -2.66316e-07;1.33241;1.92792;-3.63521e-05;-0.98606;0.00581776;
Torque 0.000103384;3.10272;-2.17519;0.00995567;-0.033353;-0.00443481;
MotorD 180;0;0.0689227;
 256.342;-0.000507404;1551.36;
 200.462;0;-1087.6;
 179.997;0;9.83276;
 123.003;0;-9.88918;
 235.997;0;14.8167;
 
9190
THOR:
Q 0;1.6722;2.12744;3.65519e-05;-1.13053;1.4603e-05;
Torque -5.37017e-06;2.04137;-2.21477;-0.00997229;-0.489825;-0.071272;
MotorD 180;0;-0.00358012;
 275.81;-0.00972345;1020.69;
 211.893;0;-1107.39;
 180.003;0;-9.84918;
 115.224;0;-141.821;
 244.773;0;221.012;
 
9229
FRIGG:
Q 5.32632e-07;1.33241;1.92792;-3.65519e-05;-0.986061;0.00581785;
Torque -0.000106629;3.10288;-2.17522;0.0100047;-0.0330831;-0.00440245;
MotorD 180;0;-0.0710858;
 256.342;-0.000499674;1551.44;
 200.462;0;-1087.61;
 179.997;0;9.88121;
 123.003;0;-9.80718;
 235.997;0;14.6988;
 
9230
ODIN:
Q 0;1.33241;1.92792;3.67516e-05;-0.986061;0.00581785;
Torque 4.95188e-06;3.10288;-2.17519;-0.0100428;-0.0331279;-0.0044274;
MotorD 180;0;0.00330125;
 256.342;-0.000500508;1551.44;
 200.462;0;-1087.6;
 180.003;0;-9.91885;
 123.003;0;-9.80992;
 235.997;0;14.7293;
 
9230
LOKI:
Q -2.66316e-07;1.33241;1.92792;-3.59527e-05;-0.986061;0.00581776;
Torque 0.000103351;3.10285;-2.17522;0.00988194;-0.0330041;-0.00438868;
MotorD 180;0;0.0689007;
 256.342;-0.000500644;1551.42;
 200.462;0;-1087.61;
 179.997;0;9.75994;
 123.003;0;-9.78559;
 235.997;0;14.6619;
 
9230
THOR:
Q 0;1.6722;2.12744;3.65519e-05;-1.13053;1.4603e-05;
Torque -5.37017e-06;2.04137;-2.21477;-0.00997229;-0.489825;-0.071272;
MotorD 180;0;-0.00358012;
 275.81;-0.00972345;1020.69;
 211.893;0;-1107.39;
 180.003;0;-9.84918;
 115.224;0;-141.821;
 244.773;0;221.012;
 
9271
FRIGG:
Q 5.32632e-07;1.33241;1.92792;-3.65519e-05;-0.986061;0.00581785;
Torque -0.000106629;3.10288;-2.17522;0.0100047;-0.0330831;-0.00440245;
MotorD 180;0;-0.0710858;
 256.342;-0.000499674;1551.44;
 200.462;0;-1087.61;
 179.997;0;9.88121;
 123.003;0;-9.80718;
 235.997;0;14.6988;
 
9271
ODIN:
Q 0;1.33241;1.92792;3.67516e-05;-0.986061;0.00581785;
Torque 4.95188e-06;3.10288;-2.17519;-0.0100428;-0.0331279;-0.0044274;
MotorD 180;0;0.00330125;
 256.342;-0.000500508;1551.44;
 200.462;0;-1087.6;
 180.003;0;-9.91885;
 123.003;0;-9.80992;
 235.997;0;14.7293;
 
9271
LOKI:
Q -2.66316e-07;1.33241;1.92792;-3.59527e-05;-0.986061;0.00581776;
Torque 0.000103351;3.10285;-2.17522;0.00988194;-0.0330041;-0.00438868;
MotorD 180;0;0.0689007;
 256.342;-0.000500644;1551.42;
 200.462;0;-1087.61;
 179.997;0;9.75994;
 123.003;0;-9.78559;
 235.997;0;14.6619;
 
9271
THOR:
Q 0;1.67219;2.12745;3.61524e-05;-1.13054;1.43367e-05;
Torque -5.31792e-06;2.04359;-2.21705;-0.0098985;-0.483274;-0.0702779;
MotorD 180;0;-0.00354528;
 275.809;-0.0095913;1021.79;
 211.894;0;-1108.52;
 180.003;0;-9.7763;
 115.224;0;-139.947;
 244.774;0;218.034;
 
9310
FRIGG:
Q 5.32632e-07;1.33241;1.92792;-3.61524e-05;-0.986061;0.00581785;
Torque -0.000106591;3.10297;-2.17525;0.0099307;-0.0327339;-0.00435609;
MotorD 180;0;-0.0710606;
 256.342;-0.000492919;1551.49;
 200.462;0;-1087.63;
 179.997;0;9.8081;
 123.003;0;-9.70363;
 235.997;0;14.5437;
 
9310
ODIN:
Q 0;1.33241;1.92792;3.65519e-05;-0.986061;0.00581785;
Torque 4.9438e-06;3.10301;-2.17519;-0.00996853;-0.0327786;-0.00438064;
MotorD 180;0;0.00329586;
 256.342;-0.000493829;1551.5;
 200.462;0;-1087.6;
 180.003;0;-9.84546;
 123.003;0;-9.70655;
 235.997;0;14.5739;
 
9310
LOKI:
Q -2.66316e-07;1.33241;1.92792;-3.57529e-05;-0.986061;0.00581776;
Torque 0.000103336;3.10297;-2.17525;0.00980876;-0.0326554;-0.00434236;
MotorD 180;0;0.0688904;
 256.342;-0.000494262;1551.49;
 200.462;0;-1087.63;
 179.997;0;9.68767;
 123.003;0;-9.68215;
 235.997;0;14.507;
 
9310
THOR:
Q 0;1.67218;2.12746;3.59527e-05;-1.13055;1.40704e-05;
Torque -5.26229e-06;2.04577;-2.21926;-0.00982521;-0.476873;-0.0693062;
MotorD 180;0;-0.00350819;
 275.809;-0.00946432;1022.89;
 211.894;0;-1109.63;
 180.003;0;-9.70391;
 115.223;0;-138.116;
 244.775;0;215.123;
 
9355
FRIGG:
Q 5.32632e-07;1.33241;1.92792;-3.59527e-05;-0.986062;0.00581785;
Torque -0.000106543;3.1031;-2.17525;0.00985722;-0.0323849;-0.00430954;
MotorD 180;0;-0.0710285;
 256.342;-0.000486173;1551.55;
 200.462;0;-1087.63;
 179.997;0;9.73552;
 123.003;0;-9.6002;
 235.997;0;14.3886;
 
9355
ODIN:
Q 0;1.33241;1.92792;3.61524e-05;-0.986062;0.00581785;
Torque 4.92857e-06;3.1031;-2.17522;-0.00989472;-0.0324293;-0.00433387;
MotorD 180;0;0.00328571;
 256.342;-0.000487571;1551.55;
 200.462;0;-1087.61;
 180.003;0;-9.77256;
 123.003;0;-9.60314;
 235.997;0;14.4186;
 
9355
LOKI:
Q -2.66316e-07;1.33241;1.92792;-3.55532e-05;-0.986062;0.00581776;
Torque 0.000103313;3.10307;-2.17525;0.00973609;-0.0323062;-0.004296;
MotorD 180;0;0.0688753;
 256.342;-0.000487498;1551.53;
 200.462;0;-1087.63;
 179.997;0;9.61589;
 123.003;0;-9.5786;
 235.997;0;14.3519;
 
9355
THOR:
Q 0;1.67217;2.12747;3.57529e-05;-1.13056;1.37153e-05;
Torque -5.20861e-06;2.04793;-2.22141;-0.00975248;-0.470474;-0.0683371;
MotorD 180;0;-0.00347241;
 275.809;-0.00933794;1023.96;
 211.895;0;-1110.71;
 180.003;0;-9.63208;
 115.223;0;-136.285;
 244.775;0;212.215;
 
9395
FRIGG:
Q 5.32632e-07;1.33241;1.92792;-3.57529e-05;-0.986062;0.00581785;
Torque -0.000106501;3.10319;-2.17528;0.00978428;-0.0320352;-0.00426312;
MotorD 180;0;-0.071001;
 256.342;-0.000479781;1551.6;
 200.462;0;-1087.64;
 179.997;0;9.66348;
 123.003;0;-9.4965;
 235.997;0;14.2333;
 
9395
ODIN:
Q 0;1.33241;1.92792;3.59527e-05;-0.986062;0.00581785;
Torque 4.91458e-06;3.10322;-2.17525;-0.00982146;-0.0320798;-0.00428708;
MotorD 180;0;0.00327639;
 256.342;-0.000481072;1551.61;
 200.462;0;-1087.63;
 180.003;0;-9.70021;
 123.003;0;-9.4997;
 235.997;0;14.2631;
 
9395
LOKI:
Q -2.66316e-07;1.33241;1.92792;-3.51537e-05;-0.986062;0.00581776;
Torque 0.000103294;3.10319;-2.17528;0.00966399;-0.0319566;-0.00424957;
MotorD 180;0;0.0688626;
 256.342;-0.000481249;1551.6;
 200.462;0;-1087.64;
 179.997;0;9.54468;
 123.003;0;-9.4749;
 235.997;0;14.1966;
 
9395
THOR:
Q 0;1.67217;2.12747;3.57529e-05;-1.13056;1.37153e-05;
Torque -5.20861e-06;2.04793;-2.22141;-0.00975248;-0.470474;-0.0683371;
MotorD 180;0;-0.00347241;
 275.809;-0.00933794;1023.96;
 211.895;0;-1110.71;
 180.003;0;-9.63208;
 115.223;0;-136.285;
 244.775;0;212.215;
 
9427
FRIGG:
Q 5.32632e-07;1.33241;1.92792;-3.57529e-05;-0.986062;0.00581785;
Torque -0.000106501;3.10319;-2.17528;0.00978428;-0.0320352;-0.00426312;
MotorD 180;0;-0.071001;
 256.342;-0.000479781;1551.6;
 200.462;0;-1087.64;
 179.997;0;9.66348;
 123.003;0;-9.4965;
 235.997;0;14.2333;
 
9427
ODIN:
Q 0;1.33241;1.92792;3.59527e-05;-0.986062;0.00581785;
Torque 4.91458e-06;3.10322;-2.17525;-0.00982146;-0.0320798;-0.00428708;
MotorD 180;0;0.00327639;
 256.342;-0.000481072;1551.61;
 200.462;0;-1087.63;
 180.003;0;-9.70021;
 123.003;0;-9.4997;
 235.997;0;14.2631;
 
9427
LOKI:
Q -2.66316e-07;1.33241;1.92792;-3.51537e-05;-0.986062;0.00581776;
Torque 0.000103294;3.10319;-2.17528;0.00966399;-0.0319566;-0.00424957;
MotorD 180;0;0.0688626;
 256.342;-0.000481249;1551.6;
 200.462;0;-1087.64;
 179.997;0;9.54468;
 123.003;0;-9.4749;
 235.997;0;14.1966;
 
9427
THOR:
Q 0;1.67217;2.12748;3.53535e-05;-1.13057;1.34933e-05;
Torque -5.14901e-06;2.05007;-2.2235;-0.00968021;-0.464227;-0.0673904;
MotorD 180;0;-0.00343268;
 275.808;-0.00924344;1025.03;
 211.895;0;-1111.75;
 180.003;0;-9.56071;
 115.222;0;-134.497;
 244.776;0;209.375;
 
9472
FRIGG:
Q 5.32632e-07;1.33241;1.92792;-3.53535e-05;-0.986063;0.00581785;
Torque -0.000106425;3.10332;-2.17531;0.00971187;-0.0316856;-0.00421669;
MotorD 180;0;-0.0709497;
 256.341;-0.000473619;1551.66;
 200.462;0;-1087.66;
 179.997;0;9.59197;
 123.003;0;-9.39279;
 235.997;0;14.078;
 
9472
ODIN:
Q 0;1.33241;1.92792;3.57529e-05;-0.986063;0.00581785;
Torque 4.84987e-06;3.10332;-2.17528;-0.00974836;-0.0317678;-0.00424527;
MotorD 180;0;0.00323325;
 256.341;-0.00047456;1551.66;
 200.462;0;-1087.64;
 180.003;0;-9.62801;
 123.003;0;-9.40737;
 235.997;0;14.1243;
 
9472
LOKI:
Q -2.66316e-07;1.33241;1.92792;-3.4954e-05;-0.986063;0.00581785;
Torque 0.000103292;3.10329;-2.17531;0.00959196;-0.0316439;-0.00420809;
MotorD 180;0;0.0688613;
 256.341;-0.000477045;1551.64;
 200.462;0;-1087.66;
 179.997;0;9.47354;
 123.003;0;-9.38212;
 235.997;0;14.0578;
 
9472
THOR:
Q 0;1.67216;2.12748;3.51537e-05;-1.13058;1.31383e-05;
Torque -5.10288e-06;2.05214;-2.22559;-0.00960858;-0.457986;-0.0664471;
MotorD 180;0;-0.00340192;
 275.808;-0.0090924;1026.07;
 211.896;0;-1112.79;
 180.003;0;-9.48996;
 115.221;0;-132.709;
 244.776;0;206.539;
 
9508
FRIGG:
Q 5.32632e-07;1.33241;1.92792;-3.51537e-05;-0.986063;0.00581785;
Torque -0.000106436;3.10341;-2.17535;0.00964;-0.031376;-0.00417561;
MotorD 180;0;-0.0709574;
 256.341;-0.000467585;1551.71;
 200.462;0;-1087.67;
 179.997;0;9.52099;
 123.003;0;-9.30096;
 235.997;0;13.9405;
 
9508
ODIN:
Q 0;1.33241;1.92792;3.53535e-05;-0.986063;0.00581785;
Torque 4.89441e-06;3.10344;-2.17528;-0.00967652;-0.0314204;-0.00419878;
MotorD 180;0;0.00326294;
 256.341;-0.000468271;1551.72;
 200.462;0;-1087.64;
 180.003;0;-9.55705;
 123.003;0;-9.30453;
 235.997;0;13.9698;
 
9508
LOKI:
Q -2.66316e-07;1.33241;1.92792;-3.47543e-05;-0.986063;0.00581785;
Torque 0.00010327;3.10341;-2.17535;0.00952126;-0.0312972;-0.00416204;
MotorD 180;0;0.0688467;
 256.341;-0.00046842;1551.71;
 200.462;0;-1087.67;
 179.997;0;9.40372;
 123.003;0;-9.27931;
 235.997;0;13.9038;
 
9508
THOR:
Q 0;1.67215;2.12749;3.4954e-05;-1.13059;1.29163e-05;
Torque -5.05015e-06;2.0542;-2.22762;-0.00953745;-0.451902;-0.065527;
MotorD 180;0;-0.00336677;
 275.807;-0.00896899;1027.1;
 211.896;0;-1113.81;
 180.003;0;-9.41971;
 115.221;0;-130.967;
 244.777;0;203.775;
 
9536
FRIGG:
Q 5.32632e-07;1.33241;1.92792;-3.4954e-05;-0.986064;0.00581785;
Torque -0.000106393;3.10354;-2.17538;0.00956868;-0.0310262;-0.00412917;
MotorD 180;0;-0.070929;
 256.341;-0.000461089;1551.77;
 200.462;0;-1087.69;
 179.997;0;9.45055;
 123.003;0;-9.19722;
 235.997;0;13.7852;
 
9537
ODIN:
Q 0;1.33241;1.92792;3.51537e-05;-0.986064;0.00581781;
Torque 4.88138e-06;3.10354;-2.17531;-0.00960489;-0.0311105;-0.00415727;
MotorD 180;0;0.00325425;
 256.341;-0.000462036;1551.77;
 200.462;0;-1087.66;
 180.003;0;-9.48631;
 123.003;0;-9.21282;
 235.997;0;13.832;
 
9537
LOKI:
Q -2.66316e-07;1.33241;1.92792;-3.45545e-05;-0.986064;0.00581785;
Torque 0.000103251;3.1035;-2.17535;0.00945074;-0.0309875;-0.00412094;
MotorD 180;0;0.0688339;
 256.341;-0.000461906;1551.75;
 200.462;0;-1087.67;
 179.997;0;9.33407;
 123.003;0;-9.18744;
 235.997;0;13.7663;
 
9537
THOR:
Q 0;1.67214;2.1275;3.47543e-05;-1.1306;1.26944e-05;
Torque -4.9965e-06;2.05623;-2.22965;-0.00946683;-0.445893;-0.064619;
MotorD 180;0;-0.003331;
 275.807;-0.00884865;1028.12;
 211.897;0;-1114.82;
 180.003;0;-9.34996;
 115.22;0;-129.246;
 244.777;0;201.045;
 
9569
FRIGG:
Q 5.32632e-07;1.33241;1.92792;-3.45545e-05;-0.986064;0.00581781;
Torque -0.000106345;3.10363;-2.17538;0.00949791;-0.0307162;-0.00408782;
MotorD 180;0;-0.0708968;
 256.341;-0.000454619;1551.81;
 200.462;0;-1087.69;
 179.997;0;9.38065;
 123.003;0;-9.10536;
 235.997;0;13.6474;
 
9570
ODIN:
Q 0;1.33241;1.92792;3.4954e-05;-0.986064;0.00581781;
Torque 4.8648e-06;3.10366;-2.17534;-0.00953378;-0.0307604;-0.0041104;
MotorD 180;0;0.0032432;
 256.341;-0.000456113;1551.83;
 200.462;0;-1087.67;
 180.003;0;-9.41608;
 123.003;0;-9.1092;
 235.997;0;13.6763;
 
9570
LOKI:
Q -2.66316e-07;1.33241;1.92792;-3.4155e-05;-0.986064;0.00581785;
Torque 0.000103227;3.1036;-2.17538;0.00938072;-0.0306373;-0.00407444;
MotorD 180;0;0.0688178;
 256.341;-0.000455734;1551.8;
 200.462;0;-1087.69;
 179.997;0;9.26491;
 123.003;0;-9.08358;
 235.997;0;13.6107;
 
9570
THOR:
Q 0;1.67214;2.1275;3.47543e-05;-1.1306;1.26944e-05;
Torque -4.9965e-06;2.05623;-2.22965;-0.00946683;-0.445893;-0.064619;
MotorD 180;0;-0.003331;
 275.807;-0.00884865;1028.12;
 211.897;0;-1114.82;
 180.003;0;-9.34996;
 115.22;0;-129.246;
 244.777;0;201.045;
 
9601
FRIGG:
Q 5.32632e-07;1.33241;1.92792;-3.45545e-05;-0.986064;0.00581781;
Torque -0.000106345;3.10363;-2.17538;0.00949791;-0.0307162;-0.00408782;
MotorD 180;0;-0.0708968;
 256.341;-0.000454619;1551.81;
 200.462;0;-1087.69;
 179.997;0;9.38065;
 123.003;0;-9.10536;
 235.997;0;13.6474;
 
9602
ODIN:
Q 0;1.33241;1.92792;3.4954e-05;-0.986064;0.00581781;
Torque 4.8648e-06;3.10366;-2.17534;-0.00953378;-0.0307604;-0.0041104;
MotorD 180;0;0.0032432;
 256.341;-0.000456113;1551.83;
 200.462;0;-1087.67;
 180.003;0;-9.41608;
 123.003;0;-9.1092;
 235.997;0;13.6763;
 
9602
LOKI:
Q -2.66316e-07;1.33241;1.92792;-3.4155e-05;-0.986064;0.00581785;
Torque 0.000103227;3.1036;-2.17538;0.00938072;-0.0306373;-0.00407444;
MotorD 180;0;0.0688178;
 256.341;-0.000455734;1551.8;
 200.462;0;-1087.69;
 179.997;0;9.26491;
 123.003;0;-9.08358;
 235.997;0;13.6107;
 
9602
THOR:
Q 0;1.67213;2.12751;3.43548e-05;-1.13061;1.24725e-05;
Torque -4.9433e-06;2.05823;-2.23155;-0.00939675;-0.439964;-0.0637237;
MotorD 180;0;-0.00329553;
 275.806;-0.00873091;1029.12;
 211.897;0;-1115.77;
 180.003;0;-9.28074;
 115.22;0;-127.548;
 244.778;0;198.352;
 
9637
FRIGG:
Q 5.32632e-07;1.33241;1.92792;-3.43548e-05;-0.986065;0.00581776;
Torque -0.000106302;3.10372;-2.17541;0.00942763;-0.0304062;-0.00404667;
MotorD 180;0;-0.0708682;
 256.341;-0.000448572;1551.86;
 200.462;0;-1087.7;
 179.997;0;9.31124;
 123.003;0;-9.01339;
 235.997;0;13.5097;
 
9637
ODIN:
Q 0;1.33241;1.92792;3.45545e-05;-0.986065;0.00581785;
Torque 4.85246e-06;3.10376;-2.17537;-0.00946321;-0.0304506;-0.0040689;
MotorD 180;0;0.00323497;
 256.341;-0.000449811;1551.88;
 200.462;0;-1087.69;
 180.003;0;-9.34638;
 123.003;0;-9.0175;
 235.997;0;13.5385;
 
9637
LOKI:
Q -2.66316e-07;1.33241;1.92792;-3.39553e-05;-0.986065;0.00581785;
Torque 0.000103207;3.10372;-2.17541;0.00931123;-0.0303271;-0.00403347;
MotorD 180;0;0.0688049;
 256.341;-0.000449839;1551.86;
 200.462;0;-1087.7;
 179.997;0;9.19627;
 123.003;0;-8.99146;
 235.997;0;13.4731;
 
9637
THOR:
Q 0;1.67213;2.12751;3.4155e-05;-1.13061;1.22062e-05;
Torque -4.87974e-06;2.06023;-2.23346;-0.00932709;-0.434022;-0.0628286;
MotorD 180;0;-0.00325316;
 275.806;-0.00861775;1030.12;
 211.898;0;-1116.73;
 180.003;0;-9.21194;
 115.219;0;-125.844;
 244.778;0;195.654;
 
9668
FRIGG:
Q 5.32632e-07;1.33241;1.92792;-3.4155e-05;-0.986065;0.00581776;
Torque -0.00010625;3.10385;-2.17544;0.0093579;-0.0300956;-0.00400545;
MotorD 180;0;-0.0708336;
 256.341;-0.000443069;1551.92;
 200.462;0;-1087.72;
 179.997;0;9.24237;
 123.003;0;-8.92125;
 235.997;0;13.3718;
 
9669
ODIN:
Q 0;1.33241;1.92792;3.43548e-05;-0.986065;0.00581785;
Torque 4.833e-06;3.10385;-2.17537;-0.00939312;-0.0301398;-0.00402726;
MotorD 180;0;0.003222;
 256.341;-0.00044371;1551.92;
 200.462;0;-1087.69;
 180.003;0;-9.27716;
 123.003;0;-8.92553;
 235.997;0;13.4003;
 
9669
LOKI:
Q -2.66316e-07;1.33241;1.92792;-3.37556e-05;-0.986065;0.00581781;
Torque 0.000103182;3.10382;-2.17544;0.00924218;-0.0300168;-0.0039923;
MotorD 180;0;0.0687883;
 256.341;-0.00044396;1551.91;
 200.462;0;-1087.72;
 179.997;0;9.12808;
 123.003;0;-8.8994;
 235.997;0;13.3353;
 
9669
THOR:
Q 0;1.67212;2.12752;3.39553e-05;-1.13062;1.19398e-05;
Torque -4.84556e-06;2.06217;-2.23536;-0.00925814;-0.428262;-0.0619606;
MotorD 180;0;-0.00323038;
 275.805;-0.00849799;1031.08;
 211.898;0;-1117.68;
 180.003;0;-9.14384;
 115.219;0;-124.193;
 244.779;0;193.038;
 
9702
FRIGG:
Q 5.32632e-07;1.33241;1.92792;-3.39553e-05;-0.986066;0.00581785;
Torque -0.000106241;3.10394;-2.17544;0.00928866;-0.0297858;-0.00396415;
MotorD 180;0;-0.0708273;
 256.341;-0.000436473;1551.97;
 200.462;0;-1087.72;
 179.997;0;9.17399;
 123.003;0;-8.82947;
 235.997;0;13.2341;
 
9702
ODIN:
Q 0;1.33241;1.92792;3.4155e-05;-0.986066;0.00581785;
Torque 4.82981e-06;3.10394;-2.17541;-0.00932363;-0.0298299;-0.00398575;
MotorD 180;0;0.00321987;
 256.341;-0.000437878;1551.97;
 200.462;0;-1087.7;
 180.003;0;-9.20852;
 123.003;0;-8.83381;
 235.997;0;13.2624;
 
9702
LOKI:
Q -2.66316e-07;1.33241;1.92792;-3.35558e-05;-0.986066;0.00581776;
Torque 0.000103188;3.10391;-2.17544;0.00917381;-0.0297072;-0.0039512;
MotorD 180;0;0.0687917;
 256.341;-0.000437763;1551.95;
 200.462;0;-1087.72;
 179.997;0;9.06056;
 123.003;0;-8.80757;
 235.997;0;13.1978;
 
9702
THOR:
Q 0;1.67211;2.12753;3.35558e-05;-1.13063;1.17179e-05;
Torque -4.79503e-06;2.0641;-2.2372;-0.0091896;-0.422567;-0.0611029;
MotorD 180;0;-0.00319668;
 275.805;-0.00838478;1032.05;
 211.898;0;-1118.6;
 180.003;0;-9.07615;
 115.219;0;-122.56;
 244.779;0;190.452;
 
9736
FRIGG:
Q 5.32632e-07;1.33241;1.92792;-3.35558e-05;-0.986066;0.00581781;
Torque -0.000106203;3.10404;-2.17547;0.00921994;-0.0294754;-0.00392296;
MotorD 180;0;-0.0708017;
 256.341;-0.00043084;1552.02;
 200.462;0;-1087.73;
 179.997;0;9.10612;
 123.003;0;-8.7374;
 235.997;0;13.0962;
 
9736
ODIN:
Q 0;1.33241;1.92792;3.39553e-05;-0.986066;0.00581781;
Torque 4.81335e-06;3.10407;-2.17544;-0.0092546;-0.0295194;-0.00394436;
MotorD 180;0;0.0032089;
 256.341;-0.000432376;1552.03;
 200.462;0;-1087.72;
 180.003;0;-9.14034;
 123.003;0;-8.74181;
 235.997;0;13.1244;
 
9736
LOKI:
Q -2.66316e-07;1.33241;1.92792;-3.31564e-05;-0.986066;0.00581776;
Torque 0.000103175;3.104;-2.17547;0.00910585;-0.0293967;-0.00390999;
MotorD 180;0;0.0687833;
 256.341;-0.000432137;1552;
 200.462;0;-1087.73;
 179.997;0;8.99343;
 123.003;0;-8.71544;
 235.997;0;13.0599;
 
9736
THOR:
Q 0;1.67211;2.12754;3.33561e-05;-1.13064;1.14072e-05;
Torque -4.7406e-06;2.06613;-2.23911;-0.00911719;-0.41657;-0.0602007;
MotorD 180;0;-0.0031604;
 275.805;-0.00827492;1033.07;
 211.899;0;-1119.55;
 180.003;0;-9.00464;
 115.218;0;-120.84;
 244.78;0;187.73;
 
9770
FRIGG:
Q 5.32632e-07;1.33241;1.92792;-3.33561e-05;-0.986067;0.00581776;
Torque -0.000106166;3.10414;-2.17551;0.00915548;-0.0291881;-0.00388484;
MotorD 180;0;-0.0707773;
 256.341;-0.000426156;1552.07;
 200.462;0;-1087.76;
 179.997;0;9.04245;
 123.003;0;-8.65215;
 235.997;0;12.9686;
 
9770
ODIN:
Q 0;1.33241;1.92792;3.35558e-05;-0.986066;0.00581785;
Torque 4.79875e-06;3.10413;-2.17544;-0.00918714;-0.0292321;-0.00390585;
MotorD 180;0;0.00319917;
 256.341;-0.000426675;1552.06;
 200.462;0;-1087.72;
 180.003;0;-9.07372;
 123.003;0;-8.65678;
 235.997;0;12.9966;
 
9770
LOKI:
Q -2.66316e-07;1.33241;1.92792;-3.29566e-05;-0.986067;0.00581785;
Torque 0.000103165;3.1041;-2.17547;0.00903676;-0.0291097;-0.00387172;
MotorD 180;0;0.0687763;
 256.341;-0.000426467;1552.05;
 200.462;0;-1087.73;
 179.997;0;8.9252;
 123.003;0;-8.63043;
 235.997;0;12.9323;
 
9770
THOR:
Q 0;1.67211;2.12754;3.33561e-05;-1.13064;1.14072e-05;
Torque -4.74338e-06;2.06601;-2.23899;-0.00912153;-0.416945;-0.0602567;
MotorD 180;0;-0.00316225;
 275.805;-0.00827492;1033;
 211.899;0;-1119.49;
 180.003;0;-9.00892;
 115.218;0;-120.948;
 244.78;0;187.9;
 
9799
FRIGG:
Q 5.32632e-07;1.33241;1.92792;-3.33561e-05;-0.986067;0.00581781;
Torque -0.000106167;3.10413;-2.1755;0.00915171;-0.0291643;-0.00388167;
MotorD 180;0;-0.0707782;
 256.341;-0.000425254;1552.06;
 200.462;0;-1087.75;
 179.997;0;9.03873;
 123.003;0;-8.64512;
 235.997;0;12.9581;
 
9799
ODIN:
Q 0;1.33241;1.92792;3.35558e-05;-0.986066;0.0058179;
Torque 4.80281e-06;3.10416;-2.17544;-0.00918609;-0.0292084;-0.0039027;
MotorD 180;0;0.00320187;
 256.341;-0.000426474;1552.08;
 200.462;0;-1087.72;
 180.003;0;-9.07268;
 123.003;0;-8.64976;
 235.997;0;12.9861;
 
9799
LOKI:
Q -2.66316e-07;1.33241;1.92792;-3.29566e-05;-0.986067;0.00581785;
Torque 0.00010316;3.10413;-2.17547;0.00903839;-0.0290856;-0.0038685;
MotorD 180;0;0.0687732;
 256.341;-0.000426363;1552.06;
 200.462;0;-1087.73;
 179.997;0;8.9268;
 123.003;0;-8.62329;
 235.997;0;12.9216;
 
9799
THOR:
Q 0;1.6721;2.12754;3.31564e-05;-1.13065;1.11853e-05;
Torque -4.69817e-06;2.06788;-2.24077;-0.00905399;-0.411408;-0.059424;
MotorD 180;0;-0.00313212;
 275.804;-0.00816425;1033.94;
 211.899;0;-1120.38;
 180.003;0;-8.94222;
 115.218;0;-119.36;
 244.78;0;185.387;
 
9829
FRIGG:
Q 5.32632e-07;1.33241;1.92792;-3.31564e-05;-0.986067;0.00581776;
Torque -0.000106149;3.10422;-2.1755;0.00908399;-0.028854;-0.00384029;
MotorD 180;0;-0.0707657;
 256.341;-0.000419523;1552.11;
 200.462;0;-1087.75;
 179.997;0;8.97184;
 123.003;0;-8.55317;
 235.997;0;12.8202;
 
9829
ODIN:
Q 0;1.33241;1.92792;3.33561e-05;-0.986067;0.00581785;
Torque 4.79383e-06;3.10425;-2.17547;-0.00911808;-0.0288976;-0.00386106;
MotorD 180;0;0.00319589;
 256.341;-0.000420738;1552.13;
 200.462;0;-1087.73;
 180.003;0;-9.00551;
 123.003;0;-8.55777;
 235.997;0;12.8478;
 
9829
LOKI:
Q -2.66316e-07;1.33241;1.92792;-3.27569e-05;-0.986067;0.00581781;
Torque 0.000103161;3.10422;-2.1755;0.00897143;-0.0288153;-0.00383265;
MotorD 180;0;0.068774;
 256.341;-0.000420894;1552.11;
 200.462;0;-1087.75;
 179.997;0;8.86068;
 123.003;0;-8.5431;
 235.997;0;12.8016;
 
9829
THOR:
Q 0;1.67209;2.12755;3.29566e-05;-1.13066;1.10521e-05;
Torque -4.65113e-06;2.06975;-2.24249;-0.00898696;-0.405948;-0.0586035;
MotorD 180;0;-0.00310075;
 275.804;-0.00805521;1034.88;
 211.9;0;-1121.24;
 180.003;0;-8.87601;
 115.217;0;-117.794;
 244.781;0;182.909;
 
9870
FRIGG:
Q 5.32632e-07;1.33241;1.92792;-3.29566e-05;-0.986067;0.00581785;
Torque -0.000106118;3.10432;-2.17553;0.00901677;-0.028583;-0.00380435;
MotorD 180;0;-0.0707457;
 256.341;-0.000413986;1552.16;
 200.462;0;-1087.76;
 179.997;0;8.90545;
 123.002;0;-8.47277;
 235.997;0;12.6998;
 
9870
ODIN:
Q 0;1.33241;1.92792;3.31564e-05;-0.986067;0.00581785;
Torque 4.77867e-06;3.10435;-2.1755;-0.00905055;-0.0286267;-0.00382475;
MotorD 180;0;0.00318578;
 256.341;-0.000415368;1552.17;
 200.462;0;-1087.75;
 180.003;0;-8.93882;
 123.002;0;-8.47762;
 235.997;0;12.7273;
 
9870
LOKI:
Q -2.66316e-07;1.33241;1.92792;-3.25571e-05;-0.986068;0.00581776;
Torque 0.000103156;3.10432;-2.17553;0.00890494;-0.028504;-0.00379133;
MotorD 180;0;0.0687708;
 256.341;-0.000415425;1552.16;
 200.462;0;-1087.77;
 179.998;0;8.795;
 123.002;0;-8.45073;
 235.998;0;12.6633;
 
9870
THOR:
Q 0;1.67208;2.12756;3.27569e-05;-1.13067;1.08302e-05;
Torque -4.60214e-06;2.07157;-2.24415;-0.0089204;-0.400564;-0.0577949;
MotorD 180;0;-0.0030681;
 275.803;-0.00794794;1035.78;
 211.9;0;-1122.07;
 180.003;0;-8.81028;
 115.217;0;-116.249;
 244.781;0;180.465;
 
9908
FRIGG:
Q 5.32632e-07;1.33241;1.92792;-3.25571e-05;-0.986068;0.00581781;
Torque -0.000106073;3.10441;-2.17553;0.00895008;-0.0282721;-0.00376309;
MotorD 180;0;-0.0707153;
 256.341;-0.000408374;1552.2;
 200.462;0;-1087.76;
 179.998;0;8.83958;
 123.002;0;-8.38054;
 235.998;0;12.5618;
 
9908
ODIN:
Q 0;1.33241;1.92792;3.29566e-05;-0.986068;0.00581781;
Torque 4.7711e-06;3.10444;-2.1755;-0.00898358;-0.0283157;-0.0037831;
MotorD 180;0;0.00318073;
 256.341;-0.000409185;1552.22;
 200.462;0;-1087.75;
 180.003;0;-8.87268;
 123.002;0;-8.38559;
 235.998;0;12.589;
 
9908
LOKI:
Q -2.66316e-07;1.33241;1.92792;-3.21577e-05;-0.986068;0.00581785;
Torque 0.000103128;3.10441;-2.17553;0.00883899;-0.0282333;-0.00375543;
MotorD 180;0;0.0687523;
 256.341;-0.000409232;1552.2;
 200.462;0;-1087.76;
 179.998;0;8.72987;
 123.002;0;-8.37042;
 235.998;0;12.5431;
 
9908
THOR:
Q 0;1.67208;2.12756;3.27569e-05;-1.13067;1.08302e-05;
Torque -4.60214e-06;2.07157;-2.24415;-0.0089204;-0.400564;-0.0577949;
MotorD 180;0;-0.0030681;
 275.803;-0.00794794;1035.78;
 211.9;0;-1122.07;
 180.003;0;-8.81028;
 115.217;0;-116.249;
 244.781;0;180.465;
 
9951
FRIGG:
Q 5.32632e-07;1.33241;1.92792;-3.25571e-05;-0.986068;0.00581781;
Torque -0.000106073;3.10441;-2.17553;0.00895008;-0.0282721;-0.00376309;
MotorD 180;0;-0.0707153;
 256.341;-0.000408374;1552.2;
 200.462;0;-1087.76;
 179.998;0;8.83958;
 123.002;0;-8.38054;
 235.998;0;12.5618;
 
9951
ODIN:
Q 0;1.33241;1.92792;3.29566e-05;-0.986068;0.00581781;
Torque 4.7711e-06;3.10444;-2.1755;-0.00898358;-0.0283157;-0.0037831;
MotorD 180;0;0.00318073;
 256.341;-0.000409185;1552.22;
 200.462;0;-1087.75;
 180.003;0;-8.87268;
 123.002;0;-8.38559;
 235.998;0;12.589;
 
9951
LOKI:
Q -2.66316e-07;1.33241;1.92792;-3.21577e-05;-0.986068;0.00581785;
Torque 0.000103128;3.10441;-2.17553;0.00883899;-0.0282333;-0.00375543;
MotorD 180;0;0.0687523;
 256.341;-0.000409232;1552.2;
 200.462;0;-1087.76;
 179.998;0;8.72987;
 123.002;0;-8.37042;
 235.998;0;12.5431;
 
9951
THOR:
Q 0;1.67208;2.12756;3.23574e-05;-1.13067;1.06083e-05;
Torque -4.55591e-06;2.07338;-2.24581;-0.00885435;-0.395179;-0.056988;
MotorD 180;0;-0.00303727;
 275.803;-0.00784057;1036.69;
 211.9;0;-1122.9;
 180.002;0;-8.74504;
 115.216;0;-114.703;
 244.782;0;178.023;
 
9985
FRIGG:
Q 5.32632e-07;1.33241;1.92792;-3.23574e-05;-0.986068;0.00581776;
Torque -0.00010604;3.1045;-2.17556;0.00888385;-0.0280009;-0.00372693;
MotorD 180;0;-0.0706932;
 256.341;-0.000402974;1552.25;
 200.462;0;-1087.78;
 179.998;0;8.77417;
 123.002;0;-8.30018;
 235.998;0;12.4412;
 
9985
ODIN:
Q 0;1.33241;1.92792;3.25571e-05;-0.986068;0.00581785;
Torque 4.75868e-06;3.10454;-2.17553;-0.00891708;-0.0280447;-0.00374697;
MotorD 180;0;0.00317245;
 256.341;-0.000403884;1552.27;
 200.462;0;-1087.76;
 180.002;0;-8.807;
 123.002;0;-8.30529;
 235.998;0;12.4686;
 
9985
LOKI:
Q -2.66316e-07;1.33241;1.92792;-3.19579e-05;-0.986068;0.00581781;
Torque 0.000103118;3.1045;-2.17556;0.00877352;-0.0279223;-0.00371416;
MotorD 180;0;0.0687454;
 256.341;-0.000404043;1552.25;
 200.462;0;-1087.78;
 179.998;0;8.6652;
 123.002;0;-8.27818;
 235.998;0;12.405;
 
9985
THOR:
Q 0;1.67207;2.12757;3.21577e-05;-1.13068;1.03419e-05;
Torque -4.51092e-06;2.07516;-2.24746;-0.00878881;-0.389956;-0.0562047;
MotorD 180;0;-0.00300728;
 275.803;-0.00773662;1037.58;
 211.901;0;-1123.73;
 180.002;0;-8.68031;
 115.216;0;-113.203;
 244.782;0;175.653;
 
10026
FRIGG:
Q 5.32632e-07;1.33241;1.92792;-3.21577e-05;-0.986069;0.00581776;
Torque -0.000106018;3.1046;-2.17559;0.00881816;-0.0276897;-0.00368563;
MotorD 180;0;-0.0706784;
 256.341;-0.000397722;1552.3;
 200.462;0;-1087.8;
 179.998;0;8.70929;
 123.002;0;-8.20789;
 235.998;0;12.303;
 
10026
ODIN:
Q 0;1.33241;1.92792;3.23574e-05;-0.986069;0.00581785;
Torque 4.74587e-06;3.10463;-2.17553;-0.00885107;-0.0277735;-0.00371061;
MotorD 180;0;0.00316391;
 256.341;-0.000398444;1552.31;
 200.462;0;-1087.76;
 180.002;0;-8.74179;
 123.002;0;-8.22502;
 235.998;0;12.3479;
 
10026
LOKI:
Q -2.66316e-07;1.33241;1.92792;-3.17582e-05;-0.986069;0.00581776;
Torque 0.000103117;3.1046;-2.17559;0.00870849;-0.0276509;-0.00367816;
MotorD 180;0;0.0687448;
 256.341;-0.000398675;1552.3;
 200.462;0;-1087.8;
 179.998;0;8.60098;
 123.002;0;-8.19764;
 235.998;0;12.2845;
 
10026
THOR:
Q 0;1.67206;2.12757;3.19579e-05;-1.13069;1.02088e-05;
Torque -4.46341e-06;2.0769;-2.24906;-0.00872374;-0.384808;-0.0554329;
MotorD 180;0;-0.00297561;
 275.802;-0.00763256;1038.45;
 211.901;0;-1124.53;
 180.002;0;-8.61604;
 115.215;0;-111.725;
 244.783;0;173.318;
 
10061
FRIGG:
Q 5.32632e-07;1.33241;1.92792;-3.19579e-05;-0.986069;0.00581781;
Torque -0.000105985;3.10469;-2.17559;0.00875288;-0.0274184;-0.00364965;
MotorD 180;0;-0.0706568;
 256.341;-0.000392285;1552.35;
 200.462;0;-1087.8;
 179.998;0;8.64482;
 123.002;0;-8.12737;
 235.998;0;12.1825;
 
10061
ODIN:
Q 0;1.33241;1.92792;3.21577e-05;-0.986069;0.0058179;
Torque 4.73483e-06;3.10472;-2.17556;-0.00878555;-0.0274619;-0.00366887;
MotorD 180;0;0.00315655;
 256.341;-0.000393737;1552.36;
 200.462;0;-1087.78;
 180.002;0;-8.67709;
 123.002;0;-8.1328;
 235.998;0;12.2093;
 
10061
LOKI:
Q -2.66316e-07;1.33241;1.92792;-3.15585e-05;-0.986069;0.00581785;
Torque 0.000103106;3.10469;-2.17559;0.00864402;-0.0273798;-0.00364221;
MotorD 180;0;0.0687371;
 256.341;-0.000393498;1552.35;
 200.462;0;-1087.8;
 179.998;0;8.5373;
 123.002;0;-8.11723;
 235.998;0;12.1641;
 
10061
THOR:
Q 0;1.67206;2.12758;3.17582e-05;-1.1307;9.8537e-06;
Torque -4.42235e-06;2.07865;-2.2506;-0.00865917;-0.379662;-0.0546633;
MotorD 180;0;-0.00294823;
 275.802;-0.00753009;1039.33;
 211.901;0;-1125.3;
 180.002;0;-8.55226;
 115.215;0;-110.247;
 244.783;0;170.984;
 
10099
FRIGG:
Q 5.32632e-07;1.33241;1.92792;-3.17582e-05;-0.98607;0.00581785;
Torque -0.000105961;3.10478;-2.17562;0.00868812;-0.0271467;-0.00361342;
MotorD 180;0;-0.0706409;
 256.341;-0.000387336;1552.39;
 200.462;0;-1087.81;
 179.998;0;8.58086;
 123.002;0;-8.04688;
 235.998;0;12.0618;
 
10099
ODIN:
Q 0;1.33241;1.92792;3.19579e-05;-0.98607;0.00581785;
Torque 4.72035e-06;3.10482;-2.17556;-0.00872049;-0.0271905;-0.00363268;
MotorD 180;0;0.0031469;
 256.341;-0.000388205;1552.41;
 200.462;0;-1087.78;
 180.002;0;-8.61283;
 123.002;0;-8.05239;
 235.998;0;12.0887;
 
10099
LOKI:
Q -2.66316e-07;1.33241;1.92792;-3.13587e-05;-0.98607;0.00581776;
Torque 0.000103104;3.10475;-2.17562;0.00857999;-0.0271081;-0.00360617;
MotorD 180;0;0.0687362;
 256.341;-0.000388318;1552.38;
 200.462;0;-1087.81;
 179.998;0;8.47406;
 123.002;0;-8.03661;
 235.998;0;12.0435;
 
10099
THOR:
Q 0;1.67206;2.12758;3.17582e-05;-1.1307;9.8537e-06;
Torque -4.42235e-06;2.07865;-2.2506;-0.00865917;-0.379662;-0.0546633;
MotorD 180;0;-0.00294823;
 275.802;-0.00753009;1039.33;
 211.901;0;-1125.3;
 180.002;0;-8.55226;
 115.215;0;-110.247;
 244.783;0;170.984;
 
10141
FRIGG:
Q 5.32632e-07;1.33241;1.92792;-3.17582e-05;-0.98607;0.00581785;
Torque -0.000105961;3.10478;-2.17562;0.00868812;-0.0271467;-0.00361342;
MotorD 180;0;-0.0706409;
 256.341;-0.000387336;1552.39;
 200.462;0;-1087.81;
 179.998;0;8.58086;
 123.002;0;-8.04688;
 235.998;0;12.0618;
 
10141
ODIN:
Q 0;1.33241;1.92792;3.19579e-05;-0.98607;0.00581785;
Torque 4.72035e-06;3.10482;-2.17556;-0.00872049;-0.0271905;-0.00363268;
MotorD 180;0;0.0031469;
 256.341;-0.000388205;1552.41;
 200.462;0;-1087.78;
 180.002;0;-8.61283;
 123.002;0;-8.05239;
 235.998;0;12.0887;
 
10141
LOKI:
Q -2.66316e-07;1.33241;1.92792;-3.13587e-05;-0.98607;0.00581776;
Torque 0.000103104;3.10475;-2.17562;0.00857999;-0.0271081;-0.00360617;
MotorD 180;0;0.0687362;
 256.341;-0.000388318;1552.38;
 200.462;0;-1087.81;
 179.998;0;8.47406;
 123.002;0;-8.03661;
 235.998;0;12.0435;
 
10141
THOR:
Q 0;1.67205;2.12759;3.15585e-05;-1.13071;9.76492e-06;
Torque -4.38054e-06;2.08034;-2.25213;-0.00859507;-0.374673;-0.0539164;
MotorD 180;0;-0.00292036;
 275.801;-0.0074287;1040.17;
 211.902;0;-1126.07;
 180.002;0;-8.48896;
 115.214;0;-108.814;
 244.784;0;168.721;
 
10180
FRIGG:
Q 5.32632e-07;1.3324;1.92792;-3.13587e-05;-0.98607;0.00581781;
Torque -0.00010594;3.10488;-2.17562;0.00862388;-0.0268757;-0.00357747;
MotorD 180;0;-0.0706267;
 256.341;-0.000381912;1552.44;
 200.462;0;-1087.81;
 179.998;0;8.51742;
 123.002;0;-7.96647;
 235.998;0;11.9414;
 
10180
ODIN:
Q 0;1.3324;1.92792;3.17582e-05;-0.98607;0.00581781;
Torque 4.71279e-06;3.10488;-2.17559;-0.00865596;-0.0269187;-0.00359626;
MotorD 180;0;0.00314186;
 256.341;-0.000382965;1552.44;
 200.462;0;-1087.79;
 180.002;0;-8.5491;
 123.002;0;-7.97198;
 235.998;0;11.9678;
 
10180
LOKI:
Q -2.66316e-07;1.33241;1.92792;-3.09592e-05;-0.98607;0.00581785;
Torque 0.000103099;3.10485;-2.17562;0.00851643;-0.0268367;-0.00356998;
MotorD 180;0;0.068733;
 256.341;-0.000382775;1552.42;
 200.462;0;-1087.81;
 179.998;0;8.41129;
 123.002;0;-7.95619;
 235.998;0;11.9228;
 
10180
THOR:
Q 0;1.67204;2.12759;3.1159e-05;-1.13071;9.49861e-06;
Torque -4.33513e-06;2.08203;-2.25361;-0.00853141;-0.369677;-0.05317;
MotorD 180;0;-0.00289009;
 275.801;-0.00733112;1041.01;
 211.902;0;-1126.8;
 180.002;0;-8.42609;
 115.214;0;-107.379;
 244.784;0;166.456;
 
10216
FRIGG:
Q 5.32632e-07;1.3324;1.92792;-3.1159e-05;-0.986071;0.00581776;
Torque -0.000105904;3.10494;-2.17565;0.00856007;-0.0266036;-0.0035412;
MotorD 180;0;-0.0706024;
 256.341;-0.000377131;1552.47;
 200.462;0;-1087.83;
 179.998;0;8.45439;
 123.002;0;-7.88585;
 235.998;0;11.8205;
 
10216
ODIN:
Q 0;1.3324;1.92792;3.15585e-05;-0.98607;0.00581785;
Torque 4.70146e-06;3.10497;-2.17562;-0.00859188;-0.0266469;-0.00355983;
MotorD 180;0;0.0031343;
 256.341;-0.000377919;1552.49;
 200.462;0;-1087.81;
 180.002;0;-8.48581;
 123.002;0;-7.89155;
 235.998;0;11.8469;
 
10216
LOKI:
Q -2.66316e-07;1.3324;1.92792;-3.07595e-05;-0.986071;0.00581781;
Torque 0.000103086;3.10494;-2.17565;0.00845333;-0.0265649;-0.00353394;
MotorD 180;0;0.068724;
 256.341;-0.000377873;1552.47;
 200.462;0;-1087.83;
 179.998;0;8.34897;
 123.002;0;-7.87555;
 235.998;0;11.8021;
 
10216
THOR:
Q 0;1.67204;2.1276;3.09592e-05;-1.13072;9.36545e-06;
Torque -4.29518e-06;2.08371;-2.25508;-0.00846828;-0.364767;-0.0524369;
MotorD 180;0;-0.00286346;
 275.801;-0.00723145;1041.86;
 211.902;0;-1127.54;
 180.002;0;-8.36373;
 115.214;0;-105.967;
 244.785;0;164.231;
 
10254
FRIGG:
Q 5.32632e-07;1.3324;1.92792;-3.09592e-05;-0.986071;0.00581781;
Torque -0.000105888;3.10503;-2.17565;0.00849676;-0.026372;-0.00351051;
MotorD 180;0;-0.0705923;
 256.341;-0.000371776;1552.52;
 200.462;0;-1087.83;
 179.998;0;8.39186;
 123.002;0;-7.81713;
 235.998;0;11.7177;
 
10254
ODIN:
Q 0;1.3324;1.92792;3.1159e-05;-0.986071;0.0058179;
Torque 4.6908e-06;3.10507;-2.17562;-0.00852828;-0.0264152;-0.00352873;
MotorD 180;0;0.0031272;
 256.341;-0.000372595;1552.53;
 200.462;0;-1087.81;
 180.002;0;-8.423;
 123.002;0;-7.823;
 235.998;0;11.7438;
 
10254
LOKI:
Q -2.66316e-07;1.3324;1.92792;-3.05598e-05;-0.986071;0.00581776;
Torque 0.00010309;3.10503;-2.17565;0.00839072;-0.0262931;-0.00349789;
MotorD 180;0;0.0687269;
 256.341;-0.000372662;1552.52;
 200.462;0;-1087.83;
 179.998;0;8.28713;
 123.002;0;-7.79492;
 235.998;0;11.6815;
 
10254
THOR:
Q 0;1.67203;2.1276;3.07595e-05;-1.13073;9.27668e-06;
Torque -4.25086e-06;2.08538;-2.25652;-0.00840357;-0.359775;-0.0516917;
MotorD 180;0;-0.00283391;
 275.8;-0.00713595;1042.69;
 211.903;0;-1128.26;
 180.002;0;-8.29982;
 115.213;0;-104.532;
 244.785;0;161.967;
 
10290
FRIGG:
Q 5.32632e-07;1.3324;1.92792;-3.07595e-05;-0.986071;0.00581785;
Torque -0.00010586;3.10513;-2.17568;0.00843188;-0.0261005;-0.0034743;
MotorD 180;0;-0.0705736;
 256.341;-0.000366736;1552.56;
 200.462;0;-1087.84;
 179.998;0;8.32778;
 123.002;0;-7.73667;
 235.998;0;11.597;
 
10290
ODIN:
Q 0;1.3324;1.92792;3.09592e-05;-0.986071;0.00581785;
Torque 4.67483e-06;3.10517;-2.17565;-0.00846311;-0.0261433;-0.00349249;
MotorD 180;0;0.00311655;
 256.341;-0.0003683;1552.59;
 200.462;0;-1087.83;
 180.002;0;-8.35862;
 123.002;0;-7.74244;
 235.998;0;11.623;
 
10290
LOKI:
Q -2.66316e-07;1.3324;1.92792;-3.036e-05;-0.986071;0.00581781;
Torque 0.000103085;3.1051;-2.17568;0.00832856;-0.026021;-0.0034618;
MotorD 180;0;0.0687235;
 256.341;-0.000368065;1552.55;
 200.462;0;-1087.84;
 179.998;0;8.22574;
 123.002;0;-7.7142;
 235.998;0;11.5606;
 
10290
THOR:
Q 0;1.67203;2.1276;3.07595e-05;-1.13073;9.27668e-06;
Torque -4.25228e-06;2.08533;-2.2565;-0.00840557;-0.359931;-0.0517149;
MotorD 180;0;-0.00283485;
 275.8;-0.00713595;1042.67;
 211.903;0;-1128.25;
 180.002;0;-8.3018;
 115.213;0;-104.577;
 244.785;0;162.038;
 
10333
FRIGG:
Q 5.32632e-07;1.3324;1.92792;-3.07595e-05;-0.986071;0.00581785;
Torque -0.000105861;3.10513;-2.17568;0.00843389;-0.0261001;-0.00347425;
MotorD 180;0;-0.0705742;
 256.341;-0.000366736;1552.56;
 200.462;0;-1087.84;
 179.998;0;8.32977;
 123.002;0;-7.73656;
 235.998;0;11.5968;
 
10333
ODIN:
Q 0;1.3324;1.92792;3.09592e-05;-0.986071;0.00581785;
Torque 4.67559e-06;3.10516;-2.17565;-0.00846512;-0.0261431;-0.00349246;
MotorD 180;0;0.00311706;
 256.341;-0.0003683;1552.58;
 200.462;0;-1087.83;
 180.002;0;-8.36061;
 123.002;0;-7.74236;
 235.998;0;11.6229;
 
10333
LOKI:
Q -2.66316e-07;1.3324;1.92792;-3.036e-05;-0.986071;0.00581781;
Torque 0.000103085;3.1051;-2.17568;0.00832856;-0.026021;-0.0034618;
MotorD 180;0;0.0687235;
 256.341;-0.000368065;1552.55;
 200.462;0;-1087.84;
 179.998;0;8.22574;
 123.002;0;-7.7142;
 235.998;0;11.5606;
 
10333
THOR:
Q 0;1.67203;2.12761;3.05598e-05;-1.13074;9.01036e-06;
Torque -4.21347e-06;2.08696;-2.25791;-0.00834335;-0.355176;-0.0510056;
MotorD 180;0;-0.00280898;
 275.8;-0.00703961;1043.48;
 211.903;0;-1128.95;
 180.002;0;-8.24035;
 115.213;0;-103.21;
 244.786;0;159.883;
 
10375
FRIGG:
Q 5.32632e-07;1.3324;1.92792;-3.05598e-05;-0.986072;0.00581785;
Torque -0.000105842;3.10522;-2.17568;0.0083715;-0.0258281;-0.00343818;
MotorD 180;0;-0.0705611;
 256.341;-0.000361879;1552.61;
 200.462;0;-1087.84;
 179.998;0;8.26815;
 123.002;0;-7.65587;
 235.998;0;11.4761;
 
10375
ODIN:
Q 0;1.3324;1.92792;3.07595e-05;-0.986072;0.00581785;
Torque 4.66655e-06;3.10522;-2.17565;-0.00840246;-0.0258711;-0.003456;
MotorD 180;0;0.00311103;
 256.341;-0.00036297;1552.61;
 200.462;0;-1087.83;
 180.002;0;-8.29872;
 123.002;0;-7.66189;
 235.998;0;11.5019;
 
10375
LOKI:
Q -2.66316e-07;1.3324;1.92792;-3.01603e-05;-0.986072;0.00581785;
Torque 0.000103086;3.10519;-2.17568;0.00826685;-0.0257891;-0.00343107;
MotorD 180;0;0.0687241;
 256.341;-0.000362692;1552.6;
 200.462;0;-1087.84;
 179.998;0;8.16479;
 123.002;0;-7.64536;
 235.998;0;11.4577;
 
10375
THOR:
Q 0;1.67202;2.12761;3.036e-05;-1.13074;8.83282e-06;
Torque -4.17318e-06;2.08855;-2.25932;-0.00828159;-0.350497;-0.0503079;
MotorD 180;0;-0.00278212;
 275.8;-0.00694588;1044.28;
 211.903;0;-1129.66;
 180.002;0;-8.17935;
 115.212;0;-101.865;
 244.786;0;157.763;
 
10407
FRIGG:
Q 5.32632e-07;1.3324;1.92792;-3.036e-05;-0.986072;0.00581776;
Torque -0.000105814;3.10528;-2.17571;0.00830954;-0.0255958;-0.0034074;
MotorD 180;0;-0.0705424;
 256.341;-0.000357263;1552.64;
 200.462;0;-1087.86;
 179.998;0;8.20695;
 123.002;0;-7.58691;
 235.998;0;11.3729;
 
10407
ODIN:
Q 0;1.3324;1.92792;3.05598e-05;-0.986072;0.00581785;
Torque 4.65585e-06;3.10532;-2.17568;-0.00834025;-0.0256387;-0.00342501;
MotorD 180;0;0.0031039;
 256.341;-0.000358202;1552.66;
 200.462;0;-1087.84;
 180.002;0;-8.23729;
 123.002;0;-7.59302;
 235.998;0;11.3986;
 
10407
LOKI:
Q -2.66316e-07;1.3324;1.92792;-2.99606e-05;-0.986072;0.00581781;
Torque 0.000103077;3.10528;-2.17571;0.00820563;-0.0255167;-0.00339475;
MotorD 180;0;0.0687183;
 256.341;-0.000358088;1552.64;
 200.462;0;-1087.86;
 179.998;0;8.10433;
 123.002;0;-7.56467;
 235.998;0;11.3366;
 
10407
THOR:
Q 0;1.67201;2.12762;3.01603e-05;-1.13075;8.74405e-06;
Torque -4.13067e-06;2.09014;-2.26068;-0.00822023;-0.345813;-0.0496107;
MotorD 180;0;-0.00275378;
 275.799;-0.00685523;1045.07;
 211.904;0;-1130.34;
 180.002;0;-8.11874;
 115.212;0;-100.517;
 244.786;0;155.64;
 
10447
FRIGG:
Q 5.32632e-07;1.3324;1.92792;-3.01603e-05;-0.986072;0.00581781;
Torque -0.000105784;3.10538;-2.17571;0.00824807;-0.0253231;-0.00337103;
MotorD 180;0;-0.0705224;
 256.341;-0.000352573;1552.69;
 200.462;0;-1087.86;
 179.998;0;8.14624;
 123.002;0;-7.50612;
 235.998;0;11.2517;
 
10447
ODIN:
Q 0;1.3324;1.92792;3.036e-05;-0.986072;0.0058179;
Torque 4.639e-06;3.10541;-2.17568;-0.00827847;-0.0253658;-0.00338843;
MotorD 180;0;0.00309266;
 256.341;-0.000353455;1552.71;
 200.462;0;-1087.84;
 180.002;0;-8.17626;
 123.002;0;-7.51227;
 235.998;0;11.2772;
 
10447
LOKI:
Q -2.66316e-07;1.3324;1.92792;-2.97608e-05;-0.986073;0.00581785;
Torque 0.000103073;3.10535;-2.17571;0.00814479;-0.0252843;-0.00336396;
MotorD 180;0;0.0687154;
 256.341;-0.00035331;1552.67;
 200.462;0;-1087.86;
 179.998;0;8.04424;
 123.002;0;-7.49569;
 235.998;0;11.2334;
 
10447
THOR:
Q 0;1.67201;2.12762;2.99606e-05;-1.13075;8.65527e-06;
Torque -4.11203e-06;2.09097;-2.26134;-0.00818806;-0.343196;-0.0492203;
MotorD 180;0;-0.00274136;
 275.799;-0.006811;1045.48;
 211.904;0;-1130.67;
 180.002;0;-8.08697;
 115.212;0;-99.7651;
 244.787;0;154.454;
 
10491
FRIGG:
Q 5.32632e-07;1.3324;1.92792;-2.99606e-05;-0.986073;0.00581776;
Torque -0.00010578;3.10541;-2.17574;0.00821336;-0.0251913;-0.00335346;
MotorD 180;0;-0.0705202;
 256.341;-0.00035033;1552.7;
 200.462;0;-1087.87;
 179.998;0;8.11196;
 123.002;0;-7.46708;
 235.998;0;11.1931;
 
10491
ODIN:
Q 0;1.3324;1.92792;3.01603e-05;-0.986073;0.00581785;
Torque 4.64135e-06;3.10545;-2.17568;-0.00824755;-0.0252347;-0.00337097;
MotorD 180;0;0.00309424;
 256.341;-0.000351622;1552.73;
 200.462;0;-1087.84;
 180.002;0;-8.14573;
 123.002;0;-7.47344;
 235.998;0;11.219;
 
10491
LOKI:
Q -2.66316e-07;1.3324;1.92792;-2.95611e-05;-0.986073;0.00581781;
Torque 0.000103073;3.10542;-2.17571;0.00811194;-0.0251526;-0.00334639;
MotorD 180;0;0.0687155;
 256.341;-0.000351348;1552.71;
 200.462;0;-1087.86;
 179.998;0;8.01179;
 123.002;0;-7.45667;
 235.998;0;11.1749;
 
10491
THOR:
Q 0;1.67201;2.12762;2.99606e-05;-1.13076;8.47773e-06;
Torque -4.095e-06;2.09171;-2.26197;-0.00815939;-0.341295;-0.0489375;
MotorD 180;0;-0.00273;
 275.799;-0.00676288;1045.85;
 211.904;0;-1130.98;
 180.002;0;-8.05866;
 115.212;0;-99.2179;
 244.787;0;153.593;
 
10519
FRIGG:
Q 5.32632e-07;1.3324;1.92792;-2.97608e-05;-0.986073;0.00581785;
Torque -0.000105773;3.10544;-2.17574;0.00818707;-0.0250914;-0.00334033;
MotorD 180;0;-0.0705154;
 256.341;-0.000347959;1552.72;
 200.462;0;-1087.87;
 179.998;0;8.086;
 123.002;0;-7.43736;
 235.998;0;11.1488;
 
10520
ODIN:
Q 0;1.3324;1.92792;3.01603e-05;-0.986073;0.00581785;
Torque 4.63807e-06;3.10547;-2.17571;-0.00821723;-0.0251341;-0.00335735;
MotorD 180;0;0.00309205;
 256.341;-0.000348535;1552.74;
 200.462;0;-1087.86;
 180.002;0;-8.11579;
 123.002;0;-7.44373;
 235.998;0;11.1741;
 
10520
LOKI:
Q -2.66316e-07;1.3324;1.92792;-2.95611e-05;-0.986073;0.00581785;
Torque 0.000103075;3.10544;-2.17574;0.00808447;-0.025052;-0.00333317;
MotorD 180;0;0.0687167;
 256.341;-0.000348742;1552.72;
 200.462;0;-1087.87;
 179.998;0;7.98466;
 123.002;0;-7.42675;
 235.998;0;11.1303;
 
10520
THOR:
Q 0;1.672;2.12763;2.95611e-05;-1.13076;8.2558e-06;
Torque -4.05552e-06;2.09324;-2.26326;-0.00809898;-0.336772;-0.048265;
MotorD 180;0;-0.00270368;
 275.799;-0.00667291;1046.62;
 211.904;0;-1131.63;
 180.002;0;-7.99899;
 115.211;0;-97.9164;
 244.787;0;151.544;
 
10555
FRIGG:
Q 5.32632e-07;1.3324;1.92792;-2.95611e-05;-0.986073;0.00581776;
Torque -0.000105748;3.10553;-2.17574;0.00812651;-0.0248589;-0.00330933;
MotorD 180;0;-0.0704989;
 256.341;-0.000342806;1552.77;
 200.462;0;-1087.87;
 179.998;0;8.02619;
 123.002;0;-7.36848;
 235.998;0;11.0455;
 
10555
ODIN:
Q 0;1.3324;1.92792;2.99606e-05;-0.986073;0.00581785;
Torque 4.62677e-06;3.10557;-2.17571;-0.00815641;-0.0249016;-0.00332636;
MotorD 180;0;0.00308451;
 256.341;-0.000343865;1552.78;
 200.462;0;-1087.86;
 180.002;0;-8.05571;
 123.002;0;-7.37485;
 235.998;0;11.0708;
 
10555
LOKI:
Q -2.66316e-07;1.3324;1.92792;-2.91616e-05;-0.986073;0.00581785;
Torque 0.00010307;3.10553;-2.17574;0.00802456;-0.0247795;-0.00329685;
MotorD 180;0;0.0687136;
 256.341;-0.000344207;1552.77;
 200.462;0;-1087.87;
 179.998;0;7.9255;
 123.002;0;-7.34603;
 235.998;0;11.0092;
 
10555
THOR:
Q 0;1.672;2.12764;2.93614e-05;-1.13077;8.03387e-06;
Torque -4.01864e-06;2.09473;-2.26455;-0.00803903;-0.332329;-0.0476045;
MotorD 180;0;-0.00267909;
 275.798;-0.00658292;1047.37;
 211.905;0;-1132.27;
 180.002;0;-7.93979;
 115.211;0;-96.6377;
 244.788;0;149.532;
 
10591
FRIGG:
Q 5.32632e-07;1.3324;1.92792;-2.93614e-05;-0.986074;0.00581785;
Torque -0.000105725;3.1056;-2.17577;0.00806636;-0.0245861;-0.00327315;
MotorD 180;0;-0.0704834;
 256.341;-0.000338865;1552.8;
 200.462;0;-1087.89;
 179.998;0;7.96677;
 123.002;0;-7.28753;
 235.998;0;10.9244;
 
10591
ODIN:
Q 0;1.3324;1.92792;2.95611e-05;-0.986074;0.00581785;
Torque 4.61335e-06;3.10563;-2.17571;-0.00809601;-0.024629;-0.00328981;
MotorD 180;0;0.00307557;
 256.341;-0.000339303;1552.81;
 200.462;0;-1087.86;
 180.002;0;-7.99606;
 123.002;0;-7.29417;
 235.998;0;10.9495;
 
10591
LOKI:
Q -2.66316e-07;1.3324;1.92792;-2.89619e-05;-0.986074;0.00581776;
Torque 0.000103068;3.1056;-2.17578;0.00796516;-0.0245472;-0.00326606;
MotorD 180;0;0.0687121;
 256.341;-0.000339413;1552.8;
 200.462;0;-1087.89;
 179.998;0;7.86682;
 123.002;0;-7.27708;
 235.998;0;10.906;
 
10591
THOR:
Q 0;1.67199;2.12764;2.91616e-05;-1.13078;7.90071e-06;
Torque -3.98153e-06;2.09623;-2.26577;-0.00797952;-0.327884;-0.0469452;
MotorD 180;0;-0.00265435;
 275.798;-0.00649489;1048.12;
 211.905;0;-1132.89;
 180.002;0;-7.88101;
 115.211;0;-95.3578;
 244.788;0;147.519;
 
10630
FRIGG:
Q 5.32632e-07;1.3324;1.92792;-2.91616e-05;-0.986074;0.00581776;
Torque -0.000105708;3.10569;-2.17577;0.00800672;-0.0243535;-0.00324214;
MotorD 180;0;-0.070472;
 256.341;-0.000333826;1552.84;
 200.462;0;-1087.89;
 179.998;0;7.90787;
 123.002;0;-7.21863;
 235.998;0;10.821;
 
10630
ODIN:
Q 0;1.3324;1.92792;2.93614e-05;-0.986074;0.00581785;
Torque 4.60707e-06;3.10572;-2.17574;-0.00803609;-0.0243962;-0.00325877;
MotorD 180;0;0.00307138;
 256.341;-0.000334814;1552.86;
 200.462;0;-1087.87;
 180.002;0;-7.93688;
 123.002;0;-7.2252;
 235.998;0;10.8461;
 
10630
LOKI:
Q -2.66316e-07;1.3324;1.92792;-2.87621e-05;-0.986074;0.00581781;
Torque 0.000103066;3.10566;-2.17577;0.00790614;-0.0243147;-0.00323525;
MotorD 180;0;0.0687106;
 256.341;-0.000335024;1552.83;
 200.462;0;-1087.89;
 179.998;0;7.80853;
 123.002;0;-7.20808;
 235.998;0;10.8028;
 
10630
THOR:
Q 0;1.67199;2.12764;2.91616e-05;-1.13078;7.90071e-06;
Torque -3.98153e-06;2.09623;-2.26577;-0.00797952;-0.327884;-0.0469452;
MotorD 180;0;-0.00265435;
 275.798;-0.00649489;1048.12;
 211.905;0;-1132.89;
 180.002;0;-7.88101;
 115.211;0;-95.3578;
 244.788;0;147.519;
 
10667
FRIGG:
Q 5.32632e-07;1.3324;1.92792;-2.91616e-05;-0.986074;0.00581776;
Torque -0.000105708;3.10569;-2.17577;0.00800672;-0.0243535;-0.00324214;
MotorD 180;0;-0.070472;
 256.341;-0.000333826;1552.84;
 200.462;0;-1087.89;
 179.998;0;7.90787;
 123.002;0;-7.21863;
 235.998;0;10.821;
 
10667
ODIN:
Q 0;1.3324;1.92792;2.93614e-05;-0.986074;0.00581785;
Torque 4.60707e-06;3.10572;-2.17574;-0.00803609;-0.0243962;-0.00325877;
MotorD 180;0;0.00307138;
 256.341;-0.000334814;1552.86;
 200.462;0;-1087.87;
 180.002;0;-7.93688;
 123.002;0;-7.2252;
 235.998;0;10.8461;
 
10667
LOKI:
Q -2.66316e-07;1.3324;1.92792;-2.87621e-05;-0.986074;0.00581781;
Torque 0.000103066;3.10566;-2.17577;0.00790614;-0.0243147;-0.00323525;
MotorD 180;0;0.0687106;
 256.341;-0.000335024;1552.83;
 200.462;0;-1087.89;
 179.998;0;7.80853;
 123.002;0;-7.20808;
 235.998;0;10.8028;
 
10667
THOR:
Q 0;1.67198;2.12764;2.89619e-05;-1.13078;7.81194e-06;
Torque -3.94465e-06;2.0977;-2.267;-0.00792045;-0.323597;-0.0463083;
MotorD 180;0;-0.00262977;
 275.798;-0.00640752;1048.85;
 211.905;0;-1133.5;
 180.002;0;-7.82266;
 115.21;0;-94.1241;
 244.788;0;145.578;
 
10708
FRIGG:
Q 5.32632e-07;1.3324;1.92792;-2.89619e-05;-0.986074;0.00581781;
Torque -0.000105685;3.10575;-2.17581;0.0079475;-0.0241206;-0.00321129;
MotorD 180;0;-0.070457;
 256.341;-0.000329784;1552.88;
 200.462;0;-1087.9;
 179.998;0;7.84938;
 123.002;0;-7.14952;
 235.998;0;10.7176;
 
10709
ODIN:
Q 0;1.3324;1.92792;2.91616e-05;-0.986074;0.00581781;
Torque 4.59525e-06;3.10578;-2.17574;-0.00797662;-0.0241634;-0.00322755;
MotorD 180;0;0.0030635;
 256.341;-0.000330163;1552.89;
 200.462;0;-1087.87;
 180.002;0;-7.87814;
 123.002;0;-7.15634;
 235.998;0;10.7425;
 
10709
LOKI:
Q -2.66316e-07;1.3324;1.92792;-2.85624e-05;-0.986074;0.00581785;
Torque 0.000103063;3.10575;-2.17577;0.00784757;-0.0240818;-0.0032042;
MotorD 180;0;0.0687089;
 256.341;-0.000330112;1552.88;
 200.462;0;-1087.89;
 179.998;0;7.75069;
 123.002;0;-7.13909;
 235.998;0;10.6993;
 
10709
THOR:
Q 0;1.67198;2.12765;2.87621e-05;-1.13079;7.67878e-06;
Torque -3.90842e-06;2.09917;-2.26823;-0.00786179;-0.319307;-0.0456722;
MotorD 180;0;-0.00260561;
 275.797;-0.00632249;1049.58;
 211.905;0;-1134.12;
 180.002;0;-7.76473;
 115.21;0;-92.8885;
 244.789;0;143.635;
 
10747
FRIGG:
Q 5.32632e-07;1.3324;1.92792;-2.87621e-05;-0.986075;0.00581785;
Torque -0.000105663;3.10585;-2.17581;0.0078887;-0.0238879;-0.00318025;
MotorD 180;0;-0.0704419;
 256.341;-0.000325043;1552.92;
 200.462;0;-1087.9;
 179.998;0;7.79131;
 123.002;0;-7.08056;
 235.998;0;10.6142;
 
10747
ODIN:
Q 0;1.3324;1.92792;2.89619e-05;-0.986075;0.00581785;
Torque 4.58371e-06;3.10585;-2.17577;-0.00791754;-0.0239304;-0.00319629;
MotorD 180;0;0.0030558;
 256.341;-0.000326314;1552.92;
 200.462;0;-1087.89;
 180.002;0;-7.8198;
 123.002;0;-7.08741;
 235.998;0;10.6388;
 
10747
LOKI:
Q -2.66316e-07;1.3324;1.92792;-2.83627e-05;-0.986075;0.00581776;
Torque 0.000103061;3.10581;-2.17581;0.00778943;-0.0238489;-0.00317334;
MotorD 180;0;0.0687071;
 256.341;-0.000326105;1552.91;
 200.462;0;-1087.9;
 179.998;0;7.69326;
 123.002;0;-7.06997;
 235.998;0;10.5959;
 
10747
THOR:
Q 0;1.67197;2.12765;2.85624e-05;-1.1308;7.45685e-06;
Torque -3.87429e-06;2.1006;-2.2694;-0.0078036;-0.315099;-0.0450484;
MotorD 180;0;-0.00258286;
 275.797;-0.00623797;1050.3;
 211.906;0;-1134.7;
 180.002;0;-7.70726;
 115.209;0;-91.6763;
 244.789;0;141.73;
 
10784
FRIGG:
Q 5.32632e-07;1.3324;1.92792;-2.85624e-05;-0.986075;0.00581785;
Torque -0.000105647;3.10591;-2.17581;0.00783035;-0.023695;-0.00315453;
MotorD 180;0;-0.0704315;
 256.341;-0.000320599;1552.95;
 200.462;0;-1087.9;
 179.998;0;7.73368;
 123.002;0;-7.02341;
 235.998;0;10.5285;
 
10784
ODIN:
Q 0;1.3324;1.92792;2.87621e-05;-0.986075;0.00581785;
Torque 4.57568e-06;3.10594;-2.17577;-0.00785895;-0.0237376;-0.00317058;
MotorD 180;0;0.00305045;
 256.341;-0.000321427;1552.97;
 200.462;0;-1087.89;
 180.002;0;-7.76193;
 123.002;0;-7.03027;
 235.998;0;10.5531;
 
10784
LOKI:
Q -2.66316e-07;1.3324;1.92792;-2.81629e-05;-0.986075;0.00581781;
Torque 0.000103064;3.10591;-2.17581;0.00773173;-0.023616;-0.00314247;
MotorD 180;0;0.0687091;
 256.341;-0.000321619;1552.95;
 200.462;0;-1087.9;
 179.998;0;7.63628;
 123.002;0;-7.00085;
 235.998;0;10.4925;
 
10784
THOR:
Q 0;1.67197;2.12766;2.83627e-05;-1.1308;7.36808e-06;
Torque -3.8401e-06;2.10201;-2.27051;-0.00774583;-0.310968;-0.0444361;
MotorD 180;0;-0.00256006;
 275.797;-0.00615498;1051;
 211.906;0;-1135.25;
 180.002;0;-7.6502;
 115.209;0;-90.4864;
 244.79;0;139.86;
 
10824
FRIGG:
Q 5.32632e-07;1.3324;1.92792;-2.83627e-05;-0.986075;0.00581776;
Torque -0.000105629;3.10597;-2.17584;0.00777242;-0.023462;-0.00312366;
MotorD 180;0;-0.0704192;
 256.341;-0.000316843;1552.99;
 200.462;0;-1087.92;
 179.998;0;7.67646;
 123.002;0;-6.95427;
 235.998;0;10.425;
 
10824
ODIN:
Q 0;1.3324;1.92792;2.85624e-05;-0.986075;0.00581785;
Torque 4.56325e-06;3.106;-2.1758;-0.00780075;-0.0235043;-0.00313927;
MotorD 180;0;0.00304217;
 256.341;-0.000317538;1553;
 200.462;0;-1087.9;
 180.002;0;-7.70444;
 123.002;0;-6.96124;
 235.998;0;10.4493;
 
10824
LOKI:
Q -2.66316e-07;1.3324;1.92792;-2.79632e-05;-0.986075;0.00581781;
Torque 0.000103067;3.10597;-2.17584;0.00767443;-0.0234227;-0.0031167;
MotorD 180;0;0.0687115;
 256.341;-0.000317452;1552.99;
 200.462;0;-1087.92;
 179.998;0;7.57968;
 123.002;0;-6.94357;
 235.998;0;10.4066;
 
10824
THOR:
Q 0;1.67197;2.12766;2.83627e-05;-1.1308;7.36808e-06;
Torque -3.8401e-06;2.10201;-2.27051;-0.00774583;-0.310968;-0.0444361;
MotorD 180;0;-0.00256006;
 275.797;-0.00615498;1051;
 211.906;0;-1135.25;
 180.002;0;-7.6502;
 115.209;0;-90.4864;
 244.79;0;139.86;
 
10855
FRIGG:
Q 5.32632e-07;1.3324;1.92792;-2.83627e-05;-0.986075;0.00581776;
Torque -0.000105629;3.10597;-2.17584;0.00777242;-0.023462;-0.00312366;
MotorD 180;0;-0.0704192;
 256.341;-0.000316843;1552.99;
 200.462;0;-1087.92;
 179.998;0;7.67646;
 123.002;0;-6.95427;
 235.998;0;10.425;
 
10856
ODIN:
Q 0;1.3324;1.92792;2.85624e-05;-0.986075;0.00581785;
Torque 4.56325e-06;3.106;-2.1758;-0.00780075;-0.0235043;-0.00313927;
MotorD 180;0;0.00304217;
 256.341;-0.000317538;1553;
 200.462;0;-1087.9;
 180.002;0;-7.70444;
 123.002;0;-6.96124;
 235.998;0;10.4493;
 
10856
LOKI:
Q -2.66316e-07;1.3324;1.92792;-2.79632e-05;-0.986075;0.00581781;
Torque 0.000103067;3.10597;-2.17584;0.00767443;-0.0234227;-0.0031167;
MotorD 180;0;0.0687115;
 256.341;-0.000317452;1552.99;
 200.462;0;-1087.92;
 179.998;0;7.57968;
 123.002;0;-6.94357;
 235.998;0;10.4066;
 
10856
THOR:
Q 0;1.67196;2.12766;2.81629e-05;-1.13081;7.27931e-06;
Torque -3.80599e-06;2.10341;-2.27167;-0.00768849;-0.306835;-0.043825;
MotorD 180;0;-0.00253733;
 275.796;-0.00607232;1051.71;
 211.906;0;-1135.84;
 180.002;0;-7.59357;
 115.209;0;-89.2955;
 244.79;0;137.99;
 
10897
FRIGG:
Q 5.32632e-07;1.3324;1.92792;-2.81629e-05;-0.986076;0.00581785;
Torque -0.00010561;3.10606;-2.17584;0.00771493;-0.0232288;-0.00309256;
MotorD 180;0;-0.0704064;
 256.341;-0.000312173;1553.03;
 200.462;0;-1087.92;
 179.998;0;7.61968;
 123.002;0;-6.88516;
 235.998;0;10.3213;
 
10897
ODIN:
Q 0;1.3324;1.92792;2.83627e-05;-0.986076;0.00581785;
Torque 4.55566e-06;3.10607;-2.1758;-0.00774303;-0.0232713;-0.00310821;
MotorD 180;0;0.00303711;
 256.341;-0.00031335;1553.03;
 200.462;0;-1087.9;
 180.002;0;-7.64743;
 123.002;0;-6.89221;
 235.998;0;10.3458;
 
10897
LOKI:
Q -2.66316e-07;1.3324;1.92792;-2.77635e-05;-0.986076;0.00581785;
Torque 0.000103064;3.10603;-2.17584;0.0076176;-0.0231899;-0.00308585;
MotorD 180;0;0.0687093;
 256.341;-0.000313184;1553.02;
 200.462;0;-1087.92;
 179.998;0;7.52355;
 123.002;0;-6.87451;
 235.998;0;10.3032;
 
10897
THOR:
Q 0;1.67196;2.12767;2.79632e-05;-1.13082;7.10176e-06;
Torque -3.77083e-06;2.10479;-2.27278;-0.00763153;-0.302857;-0.0432355;
MotorD 180;0;-0.00251389;
 275.796;-0.00599309;1052.39;
 211.906;0;-1136.39;
 180.002;0;-7.53731;
 115.208;0;-88.1497;
 244.79;0;136.189;
 
10934
FRIGG:
Q 5.32632e-07;1.3324;1.92792;-2.79632e-05;-0.986076;0.00581785;
Torque -0.000105586;3.10613;-2.17587;0.00765785;-0.0230354;-0.00306697;
MotorD 180;0;-0.0703909;
 256.341;-0.000308261;1553.06;
 200.462;0;-1087.93;
 179.998;0;7.56331;
 123.002;0;-6.82776;
 235.998;0;10.2355;
 
10934
ODIN:
Q 0;1.3324;1.92792;2.81629e-05;-0.986076;0.00581785;
Torque 4.5449e-06;3.10616;-2.1758;-0.00768571;-0.0230379;-0.00307691;
MotorD 180;0;0.00302993;
 256.341;-0.000308816;1553.08;
 200.462;0;-1087.9;
 180.002;0;-7.59083;
 123.002;0;-6.82318;
 235.998;0;10.242;
 
10934
LOKI:
Q -2.66316e-07;1.3324;1.92792;-2.75637e-05;-0.986076;0.00581776;
Torque 0.000103061;3.10613;-2.17587;0.00756114;-0.0229562;-0.00305489;
MotorD 180;0;0.0687071;
 256.341;-0.000309028;1553.06;
 200.462;0;-1087.93;
 179.998;0;7.4678;
 123.002;0;-6.80515;
 235.998;0;10.1995;
 
10934
THOR:
Q 0;1.67195;2.12767;2.77635e-05;-1.13082;6.9686e-06;
Torque -3.74037e-06;2.10616;-2.27382;-0.00757506;-0.298806;-0.0426376;
MotorD 180;0;-0.00249358;
 275.796;-0.00591146;1053.08;
 211.907;0;-1136.91;
 180.002;0;-7.48154;
 115.208;0;-86.9814;
 244.791;0;134.357;
 
10968
FRIGG:
Q 5.32632e-07;1.3324;1.92792;-2.77635e-05;-0.986076;0.00581776;
Torque -0.000105574;3.10619;-2.17587;0.00760122;-0.0228024;-0.0030359;
MotorD 180;0;-0.0703828;
 256.341;-0.000304022;1553.09;
 200.462;0;-1087.93;
 179.998;0;7.50738;
 123.002;0;-6.75871;
 235.998;0;10.1319;
 
10968
ODIN:
Q 0;1.3324;1.92792;2.79632e-05;-0.986076;0.00581785;
Torque 4.53624e-06;3.10622;-2.17583;-0.00762882;-0.0228446;-0.00305113;
MotorD 180;0;0.00302416;
 256.341;-0.000304824;1553.11;
 200.462;0;-1087.92;
 180.002;0;-7.53464;
 123.002;0;-6.7659;
 235.998;0;10.1561;
 
10968
LOKI:
Q -2.66316e-07;1.3324;1.92792;-2.7364e-05;-0.986076;0.00581776;
Torque 0.000103065;3.10619;-2.17587;0.00750515;-0.0227633;-0.00302916;
MotorD 180;0;0.0687102;
 256.341;-0.000304834;1553.09;
 200.462;0;-1087.93;
 179.998;0;7.41249;
 123.002;0;-6.74799;
 235.998;0;10.1137;
 
10968
THOR:
Q 0;1.67195;2.12767;2.77635e-05;-1.13082;6.9686e-06;
Torque -3.74037e-06;2.10616;-2.27382;-0.00757506;-0.298806;-0.0426376;
MotorD 180;0;-0.00249358;
 275.796;-0.00591146;1053.08;
 211.907;0;-1136.91;
 180.002;0;-7.48154;
 115.208;0;-86.9814;
 244.791;0;134.357;
 
11010
FRIGG:
Q 5.32632e-07;1.3324;1.92792;-2.77635e-05;-0.986076;0.00581776;
Torque -0.000105574;3.10619;-2.17587;0.00760122;-0.0228024;-0.0030359;
MotorD 180;0;-0.0703828;
 256.341;-0.000304022;1553.09;
 200.462;0;-1087.93;
 179.998;0;7.50738;
 123.002;0;-6.75871;
 235.998;0;10.1319;
 
11010
ODIN:
Q 0;1.3324;1.92792;2.79632e-05;-0.986076;0.00581785;
Torque 4.53624e-06;3.10622;-2.17583;-0.00762882;-0.0228446;-0.00305113;
MotorD 180;0;0.00302416;
 256.341;-0.000304824;1553.11;
 200.462;0;-1087.92;
 180.002;0;-7.53464;
 123.002;0;-6.7659;
 235.998;0;10.1561;
 
11010
LOKI:
Q -2.66316e-07;1.3324;1.92792;-2.7364e-05;-0.986076;0.00581776;
Torque 0.000103065;3.10619;-2.17587;0.00750515;-0.0227633;-0.00302916;
MotorD 180;0;0.0687102;
 256.341;-0.000304834;1553.09;
 200.462;0;-1087.93;
 179.998;0;7.41249;
 123.002;0;-6.74799;
 235.998;0;10.1137;
 
11010
THOR:
Q 0;1.67195;2.12768;2.75637e-05;-1.13083;6.74667e-06;
Torque -3.70824e-06;2.10751;-2.27487;-0.00751897;-0.294908;-0.0420613;
MotorD 180;0;-0.00247216;
 275.795;-0.00583344;1053.75;
 211.907;0;-1137.43;
 180.002;0;-7.42615;
 115.208;0;-85.8579;
 244.791;0;132.593;
 
11049
FRIGG:
Q 5.32632e-07;1.3324;1.92792;-2.75637e-05;-0.986077;0.00581776;
Torque -0.000105555;3.10625;-2.17587;0.00754498;-0.0226089;-0.0030103;
MotorD 180;0;-0.0703701;
 256.341;-0.000300258;1553.13;
 200.462;0;-1087.93;
 179.998;0;7.45183;
 123.002;0;-6.70127;
 235.998;0;10.046;
 
11049
ODIN:
Q 0;1.3324;1.92792;2.77635e-05;-0.986077;0.0058179;
Torque 4.52644e-06;3.10628;-2.17583;-0.00757234;-0.022611;-0.00301979;
MotorD 180;0;0.00301762;
 256.341;-0.000300662;1553.14;
 200.462;0;-1087.92;
 180.002;0;-7.47886;
 123.002;0;-6.69678;
 235.998;0;10.0521;
 
11049
LOKI:
Q -2.66316e-07;1.3324;1.92792;-2.71642e-05;-0.986077;0.00581785;
Torque 0.000103068;3.10625;-2.17587;0.00744953;-0.0225297;-0.00299821;
MotorD 180;0;0.0687117;
 256.341;-0.00030059;1553.13;
 200.462;0;-1087.93;
 179.998;0;7.35756;
 123.002;0;-6.67866;
 235.998;0;10.01;
 
11049
THOR:
Q 0;1.67194;2.12768;2.7364e-05;-1.13083;6.74667e-06;
Torque -3.67637e-06;2.10882;-2.27591;-0.00746329;-0.29101;-0.0414859;
MotorD 180;0;-0.00245091;
 275.795;-0.00575633;1054.41;
 211.907;0;-1137.96;
 180.002;0;-7.37115;
 115.207;0;-84.7336;
 244.791;0;130.829;
 
11087
FRIGG:
Q 5.32632e-07;1.3324;1.92792;-2.7364e-05;-0.986077;0.00581781;
Torque -0.00010554;3.10635;-2.1759;0.00748915;-0.0223754;-0.00297915;
MotorD 180;0;-0.0703597;
 256.341;-0.000296314;1553.17;
 200.462;0;-1087.95;
 179.998;0;7.39669;
 123.002;0;-6.63208;
 235.998;0;9.94225;
 
11087
ODIN:
Q 0;1.3324;1.92792;2.75637e-05;-0.986077;0.00581781;
Torque 4.5153e-06;3.10635;-2.17583;-0.00751626;-0.0224174;-0.00299398;
MotorD 180;0;0.0030102;
 256.341;-0.000296853;1553.17;
 200.462;0;-1087.92;
 180.002;0;-7.42347;
 123.002;0;-6.63942;
 235.998;0;9.96606;
 
11087
LOKI:
Q -2.66316e-07;1.3324;1.92792;-2.69645e-05;-0.986077;0.00581785;
Torque 0.000103069;3.10631;-2.1759;0.00739434;-0.0223358;-0.00297235;
MotorD 180;0;0.0687124;
 256.341;-0.000296962;1553.16;
 200.462;0;-1087.95;
 179.998;0;7.30306;
 123.002;0;-6.62122;
 235.998;0;9.92383;
 
11087
THOR:
Q 0;1.67194;2.12768;2.71642e-05;-1.13084;6.48036e-06;
Torque -3.64509e-06;2.11013;-2.27696;-0.00740803;-0.28719;-0.0409223;
MotorD 180;0;-0.00243006;
 275.795;-0.00567933;1055.06;
 211.907;0;-1138.48;
 180.002;0;-7.31658;
 115.207;0;-83.6322;
 244.792;0;129.101;
 
11129
FRIGG:
Q 5.32632e-07;1.3324;1.92792;-2.71642e-05;-0.986077;0.00581785;
Torque -0.000105519;3.10641;-2.1759;0.00743372;-0.0221819;-0.00295336;
MotorD 180;0;-0.0703463;
 256.341;-0.00029199;1553.2;
 200.462;0;-1087.95;
 179.998;0;7.34195;
 123.002;0;-6.57476;
 235.998;0;9.85627;
 
11129
ODIN:
Q 0;1.3324;1.92792;2.7364e-05;-0.986077;0.00581785;
Torque 4.49947e-06;3.10644;-2.17587;-0.00746057;-0.0222236;-0.00296794;
MotorD 180;0;0.00299965;
 256.341;-0.000293216;1553.22;
 200.462;0;-1087.93;
 180.002;0;-7.36847;
 123.002;0;-6.58212;
 235.998;0;9.87984;
 
11129
LOKI:
Q -2.66316e-07;1.3324;1.92792;-2.67648e-05;-0.986077;0.00581776;
Torque 0.000103073;3.10638;-2.1759;0.00733955;-0.0221421;-0.00294672;
MotorD 180;0;0.0687155;
 256.341;-0.00029292;1553.19;
 200.462;0;-1087.95;
 179.998;0;7.24894;
 123.002;0;-6.5637;
 235.998;0;9.83783;
 
11129
THOR:
Q 0;1.67193;2.12769;2.69645e-05;-1.13085;6.3472e-06;
Torque -3.61478e-06;2.11141;-2.27794;-0.0073532;-0.283451;-0.0403705;
MotorD 180;0;-0.00240985;
 275.795;-0.00560232;1055.7;
 211.907;0;-1138.97;
 180.002;0;-7.26242;
 115.207;0;-82.5539;
 244.792;0;127.41;
 
11166
FRIGG:
Q 5.32632e-07;1.3324;1.92792;-2.69645e-05;-0.986078;0.00581785;
Torque -0.000105505;3.10647;-2.1759;0.00737877;-0.0219881;-0.00292771;
MotorD 180;0;-0.0703369;
 256.341;-0.000288003;1553.24;
 200.462;0;-1087.95;
 179.998;0;7.28767;
 123.002;0;-6.51722;
 235.998;0;9.77023;
 
11166
ODIN:
Q 0;1.3324;1.92792;2.71642e-05;-0.986078;0.00581785;
Torque 4.49829e-06;3.1065;-2.17587;-0.00740541;-0.02203;-0.00294213;
MotorD 180;0;0.00299886;
 256.341;-0.000288773;1553.25;
 200.462;0;-1087.93;
 180.002;0;-7.31398;
 123.002;0;-6.52474;
 235.998;0;9.79377;
 
11166
LOKI:
Q -2.66316e-07;1.3324;1.92792;-2.6565e-05;-0.986078;0.00581776;
Torque 0.000103071;3.10647;-2.1759;0.00728519;-0.0219089;-0.00291562;
MotorD 180;0;0.0687138;
 256.341;-0.000289202;1553.24;
 200.462;0;-1087.95;
 179.998;0;7.19525;
 123.002;0;-6.49461;
 235.998;0;9.73418;
 
11166
THOR:
Q 0;1.67193;2.12769;2.67648e-05;-1.13085;6.25843e-06;
Torque -3.58528e-06;2.11269;-2.27893;-0.00729874;-0.279708;-0.0398192;
MotorD 180;0;-0.00239019;
 275.794;-0.00552913;1056.34;
 211.908;0;-1139.46;
 180.002;0;-7.20863;
 115.206;0;-81.4737;
 244.792;0;125.717;
 
11210
FRIGG:
Q 5.32632e-07;1.3324;1.92792;-2.67648e-05;-0.986078;0.00581776;
Torque -0.000105486;3.10653;-2.17593;0.00732417;-0.0217542;-0.00289652;
MotorD 180;0;-0.070324;
 256.341;-0.000284685;1553.27;
 200.462;0;-1087.96;
 179.998;0;7.23375;
 123.002;0;-6.44793;
 235.998;0;9.66629;
 
11210
ODIN:
Q 0;1.3324;1.92792;2.69645e-05;-0.986078;0.00581785;
Torque 4.48654e-06;3.10657;-2.1759;-0.00735057;-0.0217963;-0.00291078;
MotorD 180;0;0.00299103;
 256.341;-0.000285447;1553.28;
 200.462;0;-1087.95;
 180.002;0;-7.25982;
 123.002;0;-6.45562;
 235.998;0;9.68981;
 
11210
LOKI:
Q -2.66316e-07;1.3324;1.92792;-2.63653e-05;-0.986078;0.00581781;
Torque 0.000103076;3.10653;-2.17593;0.00723115;-0.0217152;-0.00288999;
MotorD 180;0;0.0687174;
 256.341;-0.000285757;1553.27;
 200.462;0;-1087.96;
 179.998;0;7.14188;
 123.002;0;-6.43711;
 235.998;0;9.6482;
 
11210
THOR:
Q 0;1.67193;2.12769;2.67648e-05;-1.13085;6.25843e-06;
Torque -3.58528e-06;2.11269;-2.27893;-0.00729874;-0.279708;-0.0398192;
MotorD 180;0;-0.00239019;
 275.794;-0.00552913;1056.34;
 211.908;0;-1139.46;
 180.002;0;-7.20863;
 115.206;0;-81.4737;
 244.792;0;125.717;
 
11251
FRIGG:
Q 5.32632e-07;1.3324;1.92792;-2.67648e-05;-0.986078;0.00581776;
Torque -0.000105486;3.10653;-2.17593;0.00732417;-0.0217542;-0.00289652;
MotorD 180;0;-0.070324;
 256.341;-0.000284685;1553.27;
 200.462;0;-1087.96;
 179.998;0;7.23375;
 123.002;0;-6.44793;
 235.998;0;9.66629;
 
11251
ODIN:
Q 0;1.3324;1.92792;2.69645e-05;-0.986078;0.00581785;
Torque 4.48654e-06;3.10657;-2.1759;-0.00735057;-0.0217963;-0.00291078;
MotorD 180;0;0.00299103;
 256.341;-0.000285447;1553.28;
 200.462;0;-1087.95;
 180.002;0;-7.25982;
 123.002;0;-6.45562;
 235.998;0;9.68981;
 
11251
LOKI:
Q -2.66316e-07;1.3324;1.92792;-2.63653e-05;-0.986078;0.00581781;
Torque 0.000103076;3.10653;-2.17593;0.00723115;-0.0217152;-0.00288999;
MotorD 180;0;0.0687174;
 256.341;-0.000285757;1553.27;
 200.462;0;-1087.96;
 179.998;0;7.14188;
 123.002;0;-6.43711;
 235.998;0;9.6482;
 
11251
THOR:
Q 0;1.67192;2.12769;2.6565e-05;-1.13086;6.08088e-06;
Torque -3.55877e-06;2.11394;-2.27985;-0.0072447;-0.276046;-0.0392799;
MotorD 180;0;-0.00237252;
 275.794;-0.00545569;1056.97;
 211.908;0;-1139.92;
 180.002;0;-7.15525;
 115.206;0;-80.4173;
 244.793;0;124.062;
 
11280
FRIGG:
Q 5.32632e-07;1.3324;1.92792;-2.6565e-05;-0.986078;0.00581776;
Torque -0.000105475;3.1066;-2.17593;0.00727001;-0.0215601;-0.00287065;
MotorD 180;0;-0.0703165;
 256.341;-0.000280436;1553.3;
 200.462;0;-1087.96;
 179.998;0;7.18026;
 123.002;0;-6.39043;
 235.998;0;9.58004;
 
11280
ODIN:
Q 0;1.3324;1.92792;2.67648e-05;-0.986078;0.00581785;
Torque 4.48227e-06;3.10663;-2.1759;-0.00729616;-0.0216026;-0.00288495;
MotorD 180;0;0.00298818;
 256.341;-0.000281099;1553.31;
 200.462;0;-1087.95;
 180.002;0;-7.20608;
 123.002;0;-6.39821;
 235.998;0;9.60371;
 
11280
LOKI:
Q -2.66316e-07;1.3324;1.92792;-2.61656e-05;-0.986078;0.00581781;
Torque 0.000103074;3.1066;-2.17593;0.00717759;-0.021521;-0.00286409;
MotorD 180;0;0.0687158;
 256.341;-0.000281554;1553.3;
 200.462;0;-1087.96;
 179.998;0;7.08898;
 123.002;0;-6.37957;
 235.998;0;9.5619;
 
11280
THOR:
Q 0;1.67192;2.1277;2.63653e-05;-1.13086;6.08088e-06;
Torque -3.52661e-06;2.11519;-2.28077;-0.00719108;-0.272463;-0.038752;
MotorD 180;0;-0.00235107;
 275.794;-0.0053819;1057.59;
 211.908;0;-1140.38;
 180.002;0;-7.1023;
 115.206;0;-79.3833;
 244.793;0;122.441;
 
11317
FRIGG:
Q 5.32632e-07;1.3324;1.92792;-2.63653e-05;-0.986079;0.00581781;
Torque -0.000105462;3.10666;-2.17593;0.00721622;-0.0213661;-0.00284497;
MotorD 180;0;-0.0703079;
 256.341;-0.000276754;1553.33;
 200.462;0;-1087.96;
 179.998;0;7.12714;
 123.002;0;-6.33283;
 235.998;0;9.4939;
 
11317
ODIN:
Q 0;1.3324;1.92792;2.6565e-05;-0.986079;0.00581781;
Torque 4.46972e-06;3.10669;-2.1759;-0.00724213;-0.0214083;-0.00285905;
MotorD 180;0;0.00297982;
 256.341;-0.000277538;1553.35;
 200.462;0;-1087.95;
 180.002;0;-7.15272;
 123.002;0;-6.34064;
 235.998;0;9.51736;
 
11317
LOKI:
Q -2.66316e-07;1.3324;1.92792;-2.59658e-05;-0.986079;0.00581781;
Torque 0.00010308;3.10666;-2.17593;0.00712443;-0.0213271;-0.00283843;
MotorD 180;0;0.0687197;
 256.341;-0.000277534;1553.33;
 200.462;0;-1087.96;
 179.998;0;7.03647;
 123.002;0;-6.32202;
 235.998;0;9.47584;
 
11317
THOR:
Q 0;1.67191;2.1277;2.61656e-05;-1.13087;5.94773e-06;
Torque -3.50752e-06;2.11609;-2.28144;-0.00715185;-0.269861;-0.0383688;
MotorD 180;0;-0.00233835;
 275.794;-0.00533032;1058.04;
 211.908;0;-1140.72;
 180.002;0;-7.06356;
 115.206;0;-78.6324;
 244.793;0;121.264;
 
11354
FRIGG:
Q 5.32632e-07;1.3324;1.92792;-2.61656e-05;-0.986079;0.00581785;
Torque -0.000105448;3.10669;-2.17596;0.00717905;-0.0212505;-0.00282955;
MotorD 180;0;-0.0702987;
 256.341;-0.000274833;1553.34;
 200.462;0;-1087.98;
 179.998;0;7.09042;
 123.002;0;-6.29858;
 235.998;0;9.44253;
 
11354
ODIN:
Q 0;1.3324;1.92792;2.63653e-05;-0.986079;0.00581785;
Torque 4.46476e-06;3.10672;-2.1759;-0.00720479;-0.021293;-0.00284348;
MotorD 180;0;0.00297651;
 256.341;-0.000275024;1553.36;
 200.462;0;-1087.95;
 180.002;0;-7.11584;
 123.002;0;-6.30658;
 235.998;0;9.466;
 
11354
LOKI:
Q -2.66316e-07;1.3324;1.92792;-2.57661e-05;-0.986079;0.00581776;
Torque 0.000103081;3.10669;-2.17596;0.0070847;-0.0212117;-0.00282304;
MotorD 180;0;0.0687204;
 256.341;-0.00027513;1553.34;
 200.462;0;-1087.98;
 179.998;0;6.99723;
 123.002;0;-6.28781;
 235.998;0;9.42453;
 
11354
THOR:
Q 0;1.67191;2.1277;2.61656e-05;-1.13087;5.90334e-06;
Torque -3.49968e-06;2.1164;-2.28169;-0.00713784;-0.268877;-0.0382249;
MotorD 180;0;-0.00233312;
 275.794;-0.00530996;1058.2;
 211.908;0;-1140.84;
 180.002;0;-7.04972;
 115.206;0;-78.3482;
 244.793;0;120.82;
 
11399
FRIGG:
Q 5.32632e-07;1.3324;1.92792;-2.61656e-05;-0.986079;0.00581781;
Torque -0.000105445;3.10672;-2.17596;0.00716286;-0.0211721;-0.00281911;
MotorD 180;0;-0.0702969;
 256.341;-0.00027325;1553.36;
 200.462;0;-1087.98;
 179.998;0;7.07443;
 123.002;0;-6.27535;
 235.998;0;9.40769;
 
11399
ODIN:
Q 0;1.3324;1.92792;2.63653e-05;-0.986079;0.0058179;
Torque 4.4624e-06;3.10675;-2.17593;-0.00718854;-0.0212144;-0.00283301;
MotorD 180;0;0.00297494;
 256.341;-0.000273763;1553.38;
 200.462;0;-1087.96;
 180.002;0;-7.09979;
 123.002;0;-6.2833;
 235.998;0;9.43108;
 
11399
LOKI:
Q -2.66316e-07;1.3324;1.92792;-2.57661e-05;-0.986079;0.00581785;
Torque 0.000103079;3.10672;-2.17596;0.00707166;-0.0211333;-0.00281259;
MotorD 180;0;0.0687195;
 256.341;-0.00027396;1553.36;
 200.462;0;-1087.98;
 179.998;0;6.98435;
 123.002;0;-6.26459;
 235.998;0;9.38969;
 
11399
THOR:
Q 0;1.67191;2.12771;2.59658e-05;-1.13087;5.77018e-06;
Torque -3.47281e-06;2.11762;-2.28261;-0.00708499;-0.265372;-0.0377094;
MotorD 180;0;-0.00231521;
 275.793;-0.00523962;1058.81;
 211.909;0;-1141.31;
 180.002;0;-6.99752;
 115.205;0;-77.3362;
 244.794;0;119.236;
 
11433
FRIGG:
Q 5.32632e-07;1.3324;1.92792;-2.59658e-05;-0.986079;0.00581785;
Torque -0.000105428;3.10678;-2.17596;0.00710988;-0.0209782;-0.00279345;
MotorD 180;0;-0.0702853;
 256.341;-0.000269377;1553.39;
 200.462;0;-1087.98;
 179.998;0;7.02211;
 123.002;0;-6.2178;
 235.998;0;9.32164;
 
11433
ODIN:
Q 0;1.3324;1.92792;2.61656e-05;-0.986079;0.00581785;
Torque 4.45253e-06;3.10682;-2.17593;-0.00713532;-0.02102;-0.00280708;
MotorD 180;0;0.00296835;
 256.341;-0.000269994;1553.41;
 200.462;0;-1087.96;
 180.002;0;-7.04723;
 123.002;0;-6.22569;
 235.998;0;9.34467;
 
11433
LOKI:
Q -2.66316e-07;1.3324;1.92792;-2.55663e-05;-0.986079;0.00581785;
Torque 0.000103082;3.10678;-2.17596;0.00701924;-0.0209389;-0.00278687;
MotorD 180;0;0.0687214;
 256.341;-0.00027025;1553.39;
 200.462;0;-1087.98;
 179.998;0;6.93258;
 123.002;0;-6.2069;
 235.998;0;9.30342;
 
11433
THOR:
Q 0.00278993;1.67301;2.12378;2.67648e-05;-1.13894;0.00864897;
Torque 5.76419;6.45362;-5.40964;-0.00245969;-6.43575;3.78667;
MotorD 180.16;5.48439;3842.79;
 275.857;2.85097;3226.81;
 211.684;0;-2704.82;
 180.002;0;-2.42932;
 114;0;-4487.31;
 244.513;16.3547;279.907;
 
11465
FRIGG:
Q 3.96811e-05;1.3324;1.92792;-2.23706e-05;-0.98608;0.00581426;
Torque -0.0221645;3.10767;-2.17687;0.00476346;-0.0189203;0.000972272;
MotorD 180.002;0;-14.7764;
 256.341;-0.00116448;1553.83;
 200.462;0;-1088.44;
 179.998;0;4.70465;
 123.002;0;-7.54768;
 235.999;0;6.46738;
 
11465
ODIN:
Q 3.72843e-05;1.33239;1.92793;2.77635e-05;-0.986081;0.00581421;
Torque -0.0199968;3.11036;-2.17959;-0.00827768;-0.0165732;0.00126544;
MotorD 180.002;0;-13.3312;
 256.34;-0.00483286;1555.18;
 200.462;0;-1089.79;
 180.002;0;-8.17549;
 123.002;0;-6.84125;
 235.999;0;5.43521;
 
11465
LOKI:
Q 3.59527e-05;1.3324;1.92792;-2.43679e-05;-0.986079;0.00581412;
Torque -0.0188767;3.10602;-2.17508;0.00644079;-0.0204603;0.000795714;
MotorD 180.002;0;-12.5845;
 256.341;0.000627732;1553.01;
 200.462;0;-1087.54;
 179.998;0;6.36127;
 123.002;0;-8.01995;
 235.998;0;7.13583;
 
11465
THOR:
Q 0.00905848;1.6769;2.117;1.25834e-05;-1.15555;0.0260043;
Torque 4.96733;5.69381;-5.01357;0.00763476;-3.19301;1.7834;
MotorD 180.519;8.52817;3311.55;
 276.08;5.75323;2846.9;
 211.295;0;-2506.78;
 180.001;0;7.5405;
 111.557;0;-2173.38;
 243.973;22.2001;191.815;
 
11504
FRIGG:
Q 4.36758e-05;1.3324;1.92792;-2.15716e-05;-0.98608;0.00581355;
Torque -0.00875742;3.10681;-2.17595;0.00622421;-0.0200881;-0.000903678;
MotorD 180.003;0;-5.83828;
 256.341;0.000546499;1553.4;
 200.462;0;-1087.97;
 179.998;0;6.14737;
 123.002;0;-6.93801;
 235.999;0;7.94209;
 
11504
ODIN:
Q 4.02137e-05;1.33239;1.92793;2.81629e-05;-0.986082;0.00581359;
Torque -0.00808827;3.10769;-2.17692;-0.00778753;-0.0192686;-0.0009369;
MotorD 180.002;0;-5.39218;
 256.34;0.00107758;1553.84;
 200.462;0;-1088.46;
 180.002;0;-7.69139;
 123.002;0;-6.61604;
 235.999;0;7.65704;
 
11504
LOKI:
Q 3.80832e-05;1.3324;1.92792;-2.39684e-05;-0.986079;0.00581359;
Torque -0.00753721;3.10701;-2.17603;0.00629888;-0.0200859;-0.0010936;
MotorD 180.002;0;-5.02481;
 256.341;-0.00107239;1553.51;
 200.462;0;-1088.02;
 179.998;0;6.22112;
 123.002;0;-6.83165;
 235.999;0;8.04676;
 
11504
THOR:
Q 0.00905848;1.6769;2.117;1.25834e-05;-1.15555;0.0260043;
Torque 4.96733;5.69381;-5.01357;0.00763476;-3.19301;1.7834;
MotorD 180.519;8.52817;3311.55;
 276.08;5.75323;2846.9;
 211.295;0;-2506.78;
 180.001;0;7.5405;
 111.557;0;-2173.38;
 243.973;22.2001;191.815;
 
11540
FRIGG:
Q 4.36758e-05;1.3324;1.92792;-2.15716e-05;-0.98608;0.00581355;
Torque -0.00875742;3.10681;-2.17595;0.00622421;-0.0200881;-0.000903678;
MotorD 180.003;0;-5.83828;
 256.341;0.000546499;1553.4;
 200.462;0;-1087.97;
 179.998;0;6.14737;
 123.002;0;-6.93801;
 235.999;0;7.94209;
 
11540
ODIN:
Q 4.02137e-05;1.33239;1.92793;2.81629e-05;-0.986082;0.00581359;
Torque -0.00808827;3.10769;-2.17692;-0.00778753;-0.0192686;-0.0009369;
MotorD 180.002;0;-5.39218;
 256.34;0.00107758;1553.84;
 200.462;0;-1088.46;
 180.002;0;-7.69139;
 123.002;0;-6.61604;
 235.999;0;7.65704;
 
11540
LOKI:
Q 3.80832e-05;1.3324;1.92792;-2.39684e-05;-0.986079;0.00581359;
Torque -0.00753721;3.10701;-2.17603;0.00629888;-0.0200859;-0.0010936;
MotorD 180.002;0;-5.02481;
 256.341;-0.00107239;1553.51;
 200.462;0;-1088.02;
 179.998;0;6.22112;
 123.002;0;-6.83165;
 235.999;0;8.04676;
 
11540
THOR:
Q 0.0174853;1.68281;2.10942;-6.59132e-06;-1.17564;0.0464296;
Torque 4.42542;5.22232;-4.85909;0.0137763;-1.81163;1.14487;
MotorD 181.002;10.5981;2950.28;
 276.418;7.55418;2611.16;
 210.861;0;-2429.55;
 179.999;0;13.6063;
 108.65;0;-1307.01;
 243.369;24.1746;34.9372;
 
11582
FRIGG:
Q 3.56864e-05;1.3324;1.92792;-2.23706e-05;-0.98608;0.00581386;
Torque -0.00388383;3.10633;-2.1754;0.00694821;-0.0205755;-0.001529;
MotorD 180.002;0;-2.58922;
 256.341;0.00102539;1553.17;
 200.462;0;-1087.7;
 179.998;0;6.86243;
 123.002;0;-6.7711;
 235.999;0;8.46999;
 
11582
ODIN:
Q 3.35558e-05;1.33239;1.92792;2.79632e-05;-0.986081;0.00581404;
Torque -0.00470544;3.10538;-2.17441;-0.00766873;-0.0214464;-0.00175796;
MotorD 180.002;0;-3.13696;
 256.341;0.00413015;1552.69;
 200.462;0;-1087.21;
 180.002;0;-7.57406;
 123.002;0;-6.96645;
 235.999;0;8.91975;
 
11582
LOKI:
Q 3.22242e-05;1.3324;1.92792;-2.31695e-05;-0.98608;0.00581404;
Torque -0.00498354;3.10758;-2.17658;0.00589068;-0.019549;-0.00154863;
MotorD 180.002;0;-3.32236;
 256.341;-0.00154374;1553.79;
 200.462;0;-1088.29;
 179.998;0;5.81795;
 123.002;0;-6.38001;
 235.999;0;8.10071;
 
11582
THOR:
Q 0.0274886;1.68995;2.10143;-2.49671e-05;-1.19716;0.067849;
Torque 4.00351;4.92367;-4.7524;0.0178129;-1.2273;0.977886;
MotorD 181.575;12.2097;2669;
 276.827;8.69494;2461.84;
 210.403;0;-2376.2;
 179.998;0;17.593;
 105.576;0;-997.825;
 242.761;24.7624;-88.7146;
 
11620
FRIGG:
Q 2.63653e-05;1.3324;1.92792;-2.33692e-05;-0.98608;0.00581448;
Torque -0.00188582;3.10633;-2.17528;0.00708689;-0.020592;-0.00178705;
MotorD 180.002;0;-1.25721;
 256.341;0.000663375;1553.16;
 200.462;0;-1087.64;
 179.998;0;6.9994;
 123.002;0;-6.63387;
 235.999;0;8.61948;
 
11620
ODIN:
Q 2.66316e-05;1.3324;1.92792;2.77635e-05;-0.98608;0.00581457;
Torque -0.00323822;3.10479;-2.17366;-0.00755147;-0.0220281;-0.00202913;
MotorD 180.002;0;-2.15881;
 256.341;0.00346712;1552.4;
 200.462;0;-1086.83;
 180.002;0;-7.45824;
 123.002;0;-7.03124;
 235.998;0;9.28583;
 
11620
LOKI:
Q 2.63653e-05;1.3324;1.92792;-2.23706e-05;-0.986081;0.00581457;
Torque -0.00386287;3.10771;-2.17669;0.00580458;-0.0193134;-0.00167823;
MotorD 180.002;0;-2.57525;
 256.341;-0.00117512;1553.85;
 200.462;0;-1088.35;
 179.998;0;5.73292;
 123.002;0;-6.22075;
 235.999;0;8.08545;
 
11620
THOR:
Q 0.038766;1.69792;2.0931;-4.11458e-05;-1.21922;0.0895124;
Torque 3.65349;4.71543;-4.65965;0.0205422;-1.01651;0.9747;
MotorD 182.221;13.5467;2435.66;
 277.283;9.49034;2357.72;
 209.926;0;-2329.83;
 179.997;0;20.2886;
 102.451;0;-917.984;
 242.163;24.8375;-165.016;
 
11651
FRIGG:
Q 1.86421e-05;1.3324;1.92792;-2.39684e-05;-0.98608;0.00581492;
Torque -0.000931487;3.10657;-2.17551;0.00689686;-0.0203154;-0.00193889;
MotorD 180.001;0;-0.620992;
 256.341;1.57441e-05;1553.28;
 200.462;0;-1087.75;
 179.998;0;6.81172;
 123.002;0;-6.44706;
 235.998;0;8.60138;
 
11651
ODIN:
Q 2.05063e-05;1.3324;1.92792;2.7364e-05;-0.986079;0.0058151;
Torque -0.00198701;3.10548;-2.17426;-0.00737662;-0.021366;-0.00208208;
MotorD 180.001;0;-1.32467;
 256.341;0.00111582;1552.74;
 200.462;0;-1087.13;
 180.002;0;-7.28555;
 123.002;0;-6.75663;
 235.998;0;9.07005;
 
11651
LOKI:
Q 2.1039e-05;1.33239;1.92792;-2.19711e-05;-0.986081;0.00581501;
Torque -0.00248958;3.10759;-2.1765;0.00600455;-0.0193359;-0.00179589;
MotorD 180.001;0;-1.65972;
 256.341;-0.000520372;1553.79;
 200.462;0;-1088.25;
 179.998;0;5.93042;
 123.002;0;-6.16372;
 235.999;0;8.15916;
 
11651
THOR:
Q 0.0511231;1.70649;2.08449;-5.43285e-05;-1.24143;0.111151;
Torque 3.35165;4.55229;-4.57355;0.0224512;-0.971626;1.02042;
MotorD 182.929;14.6996;2234.44;
 277.775;10.1135;2276.15;
 209.432;0;-2286.77;
 179.996;0;22.174;
 99.3185;0;-926.761;
 241.576;24.7421;-207.039;
 
11688
FRIGG:
Q 1.27832e-05;1.3324;1.92792;-2.41682e-05;-0.98608;0.00581541;
Torque -0.000449816;3.10695;-2.1758;0.00660818;-0.0199031;-0.00202007;
MotorD 180.001;0;-0.299877;
 256.341;-0.000521142;1553.47;
 200.462;0;-1087.9;
 179.998;0;6.52659;
 123.002;0;-6.24926;
 235.998;0;8.49378;
 
11688
ODIN:
Q 1.49137e-05;1.3324;1.92792;2.69645e-05;-0.98608;0.00581546;
Torque -0.000858432;3.1066;-2.17542;-0.00719233;-0.0202549;-0.00205357;
MotorD 180.001;0;-0.572288;
 256.341;-0.00103442;1553.3;
 200.462;0;-1087.71;
 180.002;0;-7.10354;
 123.002;0;-6.36095;
 235.998;0;8.64269;
 
11688
LOKI:
Q 1.57127e-05;1.33239;1.92792;-2.19711e-05;-0.986081;0.0058155;
Torque -0.00103096;3.10734;-2.1762;0.00628254;-0.0194768;-0.00192627;
MotorD 180.001;0;-0.687305;
 256.341;2.26699e-05;1553.67;
 200.462;0;-1088.1;
 179.998;0;6.20498;
 123.002;0;-6.14347;
 235.998;0;8.28377;
 
11688
THOR:
Q 0.0511231;1.70649;2.08449;-5.43285e-05;-1.24143;0.111151;
Torque 3.35165;4.55229;-4.57355;0.0224512;-0.971626;1.02042;
MotorD 182.929;14.6996;2234.44;
 277.775;10.1135;2276.15;
 209.432;0;-2286.77;
 179.996;0;22.174;
 99.3185;0;-926.761;
 241.576;24.7421;-207.039;
 
11730
FRIGG:
Q 1.27832e-05;1.3324;1.92792;-2.41682e-05;-0.98608;0.00581541;
Torque -0.000449816;3.10695;-2.1758;0.00660818;-0.0199031;-0.00202007;
MotorD 180.001;0;-0.299877;
 256.341;-0.000521142;1553.47;
 200.462;0;-1087.9;
 179.998;0;6.52659;
 123.002;0;-6.24926;
 235.998;0;8.49378;
 
11730
ODIN:
Q 1.49137e-05;1.3324;1.92792;2.69645e-05;-0.98608;0.00581546;
Torque -0.000858432;3.1066;-2.17542;-0.00719233;-0.0202549;-0.00205357;
MotorD 180.001;0;-0.572288;
 256.341;-0.00103442;1553.3;
 200.462;0;-1087.71;
 180.002;0;-7.10354;
 123.002;0;-6.36095;
 235.998;0;8.64269;
 
11730
LOKI:
Q 1.57127e-05;1.33239;1.92792;-2.19711e-05;-0.986081;0.0058155;
Torque -0.00103096;3.10734;-2.1762;0.00628254;-0.0194768;-0.00192627;
MotorD 180.001;0;-0.687305;
 256.341;2.26699e-05;1553.67;
 200.462;0;-1088.1;
 179.998;0;6.20498;
 123.002;0;-6.14347;
 235.998;0;8.28377;
 
11730
THOR:
Q 0.0644173;1.71556;2.07559;-6.47148e-05;-1.26362;0.132679;
Torque 3.08794;4.41554;-4.49348;0.0237672;-1.00298;1.07571;
MotorD 183.691;15.7069;2058.62;
 278.294;10.6359;2207.77;
 208.923;0;-2246.74;
 179.995;0;23.4738;
 96.197;0;-969.09;
 240.997;24.5994;-226.139;
 
11771
FRIGG:
Q 8.52212e-06;1.3324;1.92792;-2.37687e-05;-0.986081;0.00581581;
Torque -0.000128051;3.1072;-2.17604;0.00639147;-0.0195742;-0.00206771;
MotorD 180;0;-0.0853675;
 256.341;-0.000757195;1553.6;
 200.462;0;-1088.02;
 179.998;0;6.31257;
 123.002;0;-6.10097;
 235.998;0;8.39843;
 
11771
ODIN:
Q 1.012e-05;1.3324;1.92792;2.6565e-05;-0.98608;0.00581581;
Torque 1.70228e-05;3.1075;-2.1763;-0.00704199;-0.0193537;-0.00203331;
MotorD 180.001;0;0.0113485;
 256.341;-0.00200406;1553.75;
 200.462;0;-1088.15;
 180.002;0;-6.95505;
 123.002;0;-6.03842;
 235.998;0;8.29765;
 
11771
LOKI:
Q 1.06526e-05;1.33239;1.92792;-2.23706e-05;-0.986081;0.00581581;
Torque 0.000130969;3.10718;-2.176;0.00647111;-0.0195574;-0.00204204;
MotorD 180.001;0;0.0873126;
 256.341;0.000265806;1553.59;
 200.462;0;-1088;
 179.998;0;6.39122;
 123.002;0;-6.10902;
 235.998;0;8.37795;
 
11771
THOR:
Q 0.0785337;1.72505;2.06644;-7.2904e-05;-1.28571;0.154078;
Torque 2.85652;4.2974;-4.41885;0.0245748;-1.06609;1.12976;
MotorD 184.5;16.5909;1904.34;
 278.838;11.0871;2148.7;
 208.398;0;-2209.42;
 179.994;0;24.2714;
 93.0921;0;-1022.49;
 240.424;24.4495;-232.794;
 
11795
FRIGG:
Q 5.32632e-06;1.3324;1.92792;-2.33692e-05;-0.986081;0.00581612;
Torque 0.000443559;3.10736;-2.17618;0.00632084;-0.0193421;-0.0021237;
MotorD 180;0;0.295706;
 256.341;-0.000703143;1553.68;
 200.462;0;-1088.09;
 179.998;0;6.2428;
 123.002;0;-5.98392;
 235.998;0;8.34359;
 
11795
ODIN:
Q 5.85895e-06;1.3324;1.92792;2.59658e-05;-0.986081;0.00581617;
Torque 0.00083696;3.10787;-2.17666;-0.00693208;-0.0188963;-0.00207842;
MotorD 180;0;0.557974;
 256.341;-0.00179361;1553.94;
 200.462;0;-1088.33;
 180.002;0;-6.8465;
 123.002;0;-5.84396;
 235.998;0;8.15332;
 
11795
LOKI:
Q 5.85895e-06;1.33239;1.92792;-2.25703e-05;-0.986082;0.00581608;
Torque 0.00106803;3.10714;-2.1759;0.00651809;-0.0195039;-0.00215241;
MotorD 180;0;0.712021;
 256.341;0.00021809;1553.57;
 200.462;0;-1087.95;
 179.998;0;6.43762;
 123.002;0;-6.0279;
 235.998;0;8.41946;
 
11795
THOR:
Q 0.0933728;1.73476;2.05691;-7.86964e-05;-1.30768;0.175349;
Torque 2.65254;3.10029;-4.16321;0.0249975;-1.17514;1.17391;
MotorD 185.35;17.37;1768.36;
 279.395;10.7038;1550.15;
 207.852;0;-2081.61;
 179.994;0;24.6889;
 90.0054;0;-1087.41;
 239.854;24.3086;-216.938;
 
11835
FRIGG:
Q 2.39684e-06;1.3324;1.92792;-2.31695e-05;-0.986082;0.00581639;
Torque 0.0013852;3.10753;-2.17627;0.00664953;-0.0190737;-0.00210926;
MotorD 180;0;0.923465;
 256.341;-0.000719506;1553.77;
 200.462;0;-1088.14;
 179.998;0;6.56743;
 123.002;0;-5.89253;
 235.998;0;8.23615;
 
11835
ODIN:
Q 2.13053e-06;1.3324;1.92792;2.55663e-05;-0.986082;0.00581643;
Torque 0.00143806;3.10681;-2.1756;-0.00683811;-0.0196217;-0.00225488;
MotorD 180;0;0.95871;
 256.341;0.000667454;1553.4;
 200.462;0;-1087.8;
 180.002;0;-6.75369;
 123.002;0;-6.01458;
 235.998;0;8.52;
 
11835
LOKI:
Q 2.13053e-06;1.3324;1.92792;-2.277e-05;-0.986082;0.00581643;
Torque 0.00127505;3.10709;-2.1758;0.00615054;-0.019473;-0.00228713;
MotorD 180;0;0.850031;
 256.341;0.000240983;1553.55;
 200.462;0;-1087.9;
 179.998;0;6.07461;
 123.002;0;-5.94158;
 235.998;0;8.48283;
 
11835
THOR:
Q 0.108849;1.74302;2.04567;-8.28909e-05;-1.32929;0.196504;
Torque 2.47271;2.1652;-3.52681;0.0251328;-1.58099;1.17333;
MotorD 186.237;18.0569;1648.47;
 279.868;8.2314;1082.6;
 207.208;0;-1763.4;
 179.994;0;24.8226;
 86.9493;0;-1237.4;
 239.274;24.1801;-66.2981;
 
11869
FRIGG:
Q -1.33158e-06;1.33239;1.92792;-2.37687e-05;-0.986082;0.00581652;
Torque 0.00249113;3.10764;-2.17637;0.00686982;-0.0188621;-0.00219383;
MotorD 180;0;1.66075;
 256.341;-0.000621652;1553.82;
 200.462;0;-1088.18;
 179.998;0;6.78501;
 123.002;0;-5.76717;
 235.998;0;8.20476;
 
11870
ODIN:
Q -7.98948e-07;1.3324;1.92792;2.51669e-05;-0.986081;0.0058167;
Torque 0.00194526;3.10567;-2.17427;-0.00676786;-0.020679;-0.00247212;
MotorD 180;0;1.29684;
 256.341;0.00204983;1552.83;
 200.462;0;-1087.14;
 180.002;0;-6.6843;
 123.002;0;-6.28547;
 235.998;0;9.03227;
 
11870
LOKI:
Q -2.66316e-07;1.3324;1.92792;-2.21708e-05;-0.986082;0.0058167;
Torque 0.00116239;3.10708;-2.17574;0.00588534;-0.0193795;-0.00230427;
MotorD 180;0;0.774924;
 256.341;0.000149186;1553.54;
 200.462;0;-1087.87;
 179.998;0;5.81268;
 123.002;0;-5.89745;
 235.998;0;8.45775;
 
11870
THOR:
Q 0.108849;1.74302;2.04567;-8.28909e-05;-1.32929;0.196504;
Torque 2.47271;2.1652;-3.52681;0.0251328;-1.58099;1.17333;
MotorD 186.237;18.0569;1648.47;
 279.868;8.2314;1082.6;
 207.208;0;-1763.4;
 179.994;0;24.8226;
 86.9493;0;-1237.4;
 239.274;24.1801;-66.2981;
 
11902
FRIGG:
Q -1.33158e-06;1.33239;1.92792;-2.37687e-05;-0.986082;0.00581652;
Torque 0.00249113;3.10764;-2.17637;0.00686982;-0.0188621;-0.00219383;
MotorD 180;0;1.66075;
 256.341;-0.000621652;1553.82;
 200.462;0;-1088.18;
 179.998;0;6.78501;
 123.002;0;-5.76717;
 235.998;0;8.20476;
 
11902
ODIN:
Q -7.98948e-07;1.3324;1.92792;2.51669e-05;-0.986081;0.0058167;
Torque 0.00194526;3.10567;-2.17427;-0.00676786;-0.020679;-0.00247212;
MotorD 180;0;1.29684;
 256.341;0.00204983;1552.83;
 200.462;0;-1087.14;
 180.002;0;-6.6843;
 123.002;0;-6.28547;
 235.998;0;9.03227;
 
11902
LOKI:
Q -2.66316e-07;1.3324;1.92792;-2.21708e-05;-0.986082;0.0058167;
Torque 0.00116239;3.10708;-2.17574;0.00588534;-0.0193795;-0.00230427;
MotorD 180;0;0.774924;
 256.341;0.000149186;1553.54;
 200.462;0;-1087.87;
 179.998;0;5.81268;
 123.002;0;-5.89745;
 235.998;0;8.45775;
 
11902
THOR:
Q 0.124887;1.74909;2.03256;-8.54875e-05;-1.35016;0.217552;
Torque 2.31429;1.77858;-3.09607;0.025088;0.726018;1.52857;
MotorD 187.156;18.662;1542.86;
 280.215;5.84065;889.288;
 206.457;0;-1548.04;
 179.993;0;24.7782;
 83.9442;0;-580.31;
 238.661;24.0658;-1118.1;
 
11935
FRIGG:
Q -4.26106e-06;1.33239;1.92792;-2.39684e-05;-0.986082;0.00581688;
Torque 0.00274575;3.10752;-2.17621;0.00665408;-0.0188891;-0.00230794;
MotorD 180;0;1.8305;
 256.341;-0.000209624;1553.76;
 200.462;0;-1088.11;
 179.998;0;6.57193;
 123.002;0;-5.71377;
 235.998;0;8.27815;
 
11935
ODIN:
Q -3.46211e-06;1.3324;1.92792;2.49671e-05;-0.986081;0.00581688;
Torque 0.00230735;3.1063;-2.17479;-0.00673458;-0.0201376;-0.00246798;
MotorD 180;0;1.53823;
 256.341;0.00028523;1553.15;
 200.462;0;-1087.4;
 180.002;0;-6.65144;
 123.002;0;-6.08727;
 235.998;0;8.82947;
 
11936
LOKI:
Q -1.86421e-06;1.3324;1.92792;-2.19711e-05;-0.986082;0.00581688;
Torque 0.00174509;3.10729;-2.17589;0.00605231;-0.0190823;-0.00228233;
MotorD 180;0;1.16339;
 256.341;-0.000256388;1553.65;
 200.462;0;-1087.95;
 179.998;0;5.97759;
 123.002;0;-5.79957;
 235.998;0;8.33549;
 
11936
THOR:
Q 0.14142;1.75311;2.01923;-8.66859e-05;-1.3677;0.238507;
Torque 2.17456;1.94493;-3.34885;0.0243094;4.1501;2.02663;
MotorD 188.103;19.1957;1449.71;
 280.446;3.44863;972.465;
 205.693;0;-1674.43;
 179.993;0;24.0093;
 81.1385;0;411.169;
 237.865;23.9662;-2662.98;
 
11972
FRIGG:
Q -6.39159e-06;1.33239;1.92792;-2.3569e-05;-0.986083;0.00581705;
Torque 0.00258912;3.10735;-2.17597;0.006326;-0.0189547;-0.00239255;
MotorD 180;0;1.72608;
 256.341;0.000121253;1553.68;
 200.462;0;-1087.98;
 179.998;0;6.2479;
 123.002;0;-5.69105;
 235.998;0;8.34944;
 
11972
ODIN:
Q -5.32632e-06;1.3324;1.92792;2.45677e-05;-0.986081;0.00581705;
Torque 0.0025675;3.10748;-2.17595;-0.00670677;-0.0189986;-0.00237194;
MotorD 180;0;1.71166;
 256.341;-0.00165852;1553.74;
 200.462;0;-1087.97;
 180.002;0;-6.62397;
 123.002;0;-5.71878;
 235.998;0;8.35426;
 
11972
LOKI:
Q -4.26106e-06;1.33239;1.92792;-2.19711e-05;-0.986082;0.00581705;
Torque 0.00256603;3.10756;-2.17613;0.00632577;-0.0187391;-0.00226984;
MotorD 180;0;1.71069;
 256.341;-0.000580451;1553.78;
 200.462;0;-1088.07;
 179.998;0;6.24767;
 123.002;0;-5.67938;
 235.998;0;8.20142;
 
11972
THOR:
Q 0.15839;1.75513;2.00694;-8.58869e-05;-1.37919;0.259382;
Torque 2.05099;2.48183;-3.64785;0.0228106;3.28134;1.94636;
MotorD 189.075;19.6678;1367.33;
 280.561;1.38264;1240.91;
 204.989;0;-1823.92;
 179.993;0;22.529;
 78.6859;0;133.998;
 236.73;23.8808;-2296.62;
 
12011
FRIGG:
Q -7.19053e-06;1.33239;1.92792;-2.29698e-05;-0.986083;0.00581723;
Torque 0.00229349;3.10719;-2.17576;0.00597925;-0.0189923;-0.00245122;
MotorD 180;0;1.529;
 256.341;0.000314423;1553.59;
 200.462;0;-1087.88;
 179.998;0;5.90543;
 123.002;0;-5.67241;
 235.998;0;8.39598;
 
12011
ODIN:
Q -6.92422e-06;1.3324;1.92792;2.43679e-05;-0.986082;0.00581723;
Torque 0.00278959;3.10883;-2.17728;-0.00667568;-0.017682;-0.00224529;
MotorD 180;0;1.85973;
 256.341;-0.0030652;1554.41;
 200.462;0;-1088.64;
 180.002;0;-6.59326;
 123.002;0;-5.30151;
 235.998;0;7.79627;
 
12011
LOKI:
Q -6.6579e-06;1.33239;1.92792;-2.25703e-05;-0.986083;0.00581714;
Torque 0.00343914;3.10785;-2.17637;0.0066146;-0.0183825;-0.00226701;
MotorD 180;0;2.29276;
 256.341;-0.00076644;1553.92;
 200.462;0;-1088.19;
 179.998;0;6.53294;
 123.002;0;-5.54889;
 235.998;0;8.06778;
 
12011
THOR:
Q 0.175723;1.75571;1.99547;-8.34901e-05;-1.38583;0.280043;
Torque 1.98629;2.97464;-3.84935;0.0224041;1.01778;-0.900893;
MotorD 190.068;19.9149;1324.2;
 280.595;0.142805;1487.32;
 204.332;0;-1924.67;
 179.994;0;22.1275;
 76.53;0;877.452;
 235.334;22.7509;123.541;
 
12050
FRIGG:
Q -7.45685e-06;1.33239;1.92792;-2.23706e-05;-0.986083;0.00581732;
Torque 0.00189718;3.10704;-2.17556;0.0058503;-0.0190218;-0.00246288;
MotorD 180;0;1.26478;
 256.341;0.000463337;1553.52;
 200.462;0;-1087.78;
 179.998;0;5.77808;
 123.002;0;-5.67683;
 235.998;0;8.41336;
 
12050
ODIN:
Q -8.2558e-06;1.33239;1.92792;2.43679e-05;-0.986083;0.00581736;
Torque 0.00261259;3.10937;-2.17784;-0.00666713;-0.0170618;-0.00220026;
MotorD 180;0;1.74173;
 256.34;-0.00275141;1554.68;
 200.462;0;-1088.92;
 180.002;0;-6.58482;
 123.002;0;-5.09683;
 235.998;0;7.54156;
 
12050
LOKI:
Q -9.05475e-06;1.33239;1.92792;-2.29698e-05;-0.986083;0.00581723;
Torque 0.00362;3.10808;-2.17657;0.0066753;-0.0181036;-0.00228857;
MotorD 179.999;0;2.41333;
 256.341;-0.000909728;1554.04;
 200.462;0;-1088.29;
 179.998;0;6.59289;
 123.002;0;-5.43359;
 235.998;0;7.97645;
 
12050
THOR:
Q 0.175723;1.75571;1.99547;-8.34901e-05;-1.38583;0.280043;
Torque 1.98629;2.97464;-3.84935;0.0224041;1.01778;-0.900893;
MotorD 190.068;19.9149;1324.2;
 280.595;0.142805;1487.32;
 204.332;0;-1924.67;
 179.994;0;22.1275;
 76.53;0;877.452;
 235.334;22.7509;123.541;
 
12081
FRIGG:
Q -7.45685e-06;1.33239;1.92792;-2.23706e-05;-0.986083;0.00581732;
Torque 0.00189718;3.10704;-2.17556;0.0058503;-0.0190218;-0.00246288;
MotorD 180;0;1.26478;
 256.341;0.000463337;1553.52;
 200.462;0;-1087.78;
 179.998;0;5.77808;
 123.002;0;-5.67683;
 235.998;0;8.41336;
 
12081
ODIN:
Q -8.2558e-06;1.33239;1.92792;2.43679e-05;-0.986083;0.00581736;
Torque 0.00261259;3.10937;-2.17784;-0.00666713;-0.0170618;-0.00220026;
MotorD 180;0;1.74173;
 256.34;-0.00275141;1554.68;
 200.462;0;-1088.92;
 180.002;0;-6.58482;
 123.002;0;-5.09683;
 235.998;0;7.54156;
 
12081
LOKI:
Q -9.05475e-06;1.33239;1.92792;-2.29698e-05;-0.986083;0.00581723;
Torque 0.00362;3.10808;-2.17657;0.0066753;-0.0181036;-0.00228857;
MotorD 179.999;0;2.41333;
 256.341;-0.000909728;1554.04;
 200.462;0;-1088.29;
 179.998;0;6.59289;
 123.002;0;-5.43359;
 235.998;0;7.97645;
 
12081
THOR:
Q 0.19279;1.75575;1.9847;-8.4289e-05;-1.38941;0.296729;
Torque 2.1743;3.02793;-4.05727;0.0246001;-0.356776;-2.19863;
MotorD 191.046;19.1968;1449.53;
 280.597;0.0209376;1513.96;
 203.715;0;-2028.64;
 179.994;0;24.2964;
 74.8908;0;1089.32;
 234.105;15.4839;1353.6;
 
12121
FRIGG:
Q -5.85895e-06;1.3324;1.92792;-2.17713e-05;-0.986083;0.00581745;
Torque 0.000134708;3.107;-2.17544;0.00583003;-0.0189279;-0.00223808;
MotorD 180;0;0.0898056;
 256.341;0.00030088;1553.5;
 200.462;0;-1087.72;
 179.998;0;5.75806;
 123.002;0;-5.76697;
 235.998;0;8.25373;
 
12122
ODIN:
Q -7.19053e-06;1.33239;1.92793;2.41682e-05;-0.986084;0.00581741;
Torque 0.000708537;3.10915;-2.17764;-0.0066956;-0.0170173;-0.00199357;
MotorD 180;0;0.472358;
 256.34;-0.00134438;1554.57;
 200.462;0;-1088.82;
 180.002;0;-6.61294;
 123.002;0;-5.19517;
 235.998;0;7.41024;
 
12122
LOKI:
Q -9.32106e-06;1.33239;1.92792;-2.31695e-05;-0.986084;0.00581723;
Torque 0.00172478;3.10825;-2.17672;0.00645991;-0.0177337;-0.00208801;
MotorD 179.999;0;1.14985;
 256.34;-0.000742727;1554.13;
 200.462;0;-1088.36;
 179.998;0;6.38015;
 123.002;0;-5.40804;
 235.998;0;7.72805;
 
12122
THOR:
Q 0.209286;1.75582;1.97455;-8.58869e-05;-1.39117;0.307153;
Torque 2.30442;2.8197;-2.8166;0.0246198;-1.38992;-1.44382;
MotorD 191.991;18.6997;1536.28;
 280.601;0.379464;1409.85;
 203.133;0;-1408.3;
 179.993;0;24.3158;
 73.8941;0;287.337;
 233.31;9.03763;1316.91;
 
12164
FRIGG:
Q -3.72843e-06;1.3324;1.92792;-2.15716e-05;-0.986083;0.00581728;
Torque 0.000109429;3.10769;-2.17608;0.00614286;-0.0181781;-0.0020099;
MotorD 180;0;0.0729529;
 256.341;-0.00089697;1553.85;
 200.462;0;-1088.04;
 179.998;0;6.06702;
 123.002;0;-5.61601;
 235.998;0;7.84923;
 
12164
ODIN:
Q -5.06001e-06;1.33239;1.92792;2.41682e-05;-0.986084;0.00581723;
Torque 0.000313167;3.10772;-2.17615;-0.00652539;-0.0180882;-0.00202631;
MotorD 180;0;0.208778;
 256.34;0.00137545;1553.86;
 200.462;0;-1088.08;
 180.002;0;-6.44483;
 123.002;0;-5.5736;
 235.999;0;7.82505;
 
12164
LOKI:
Q -7.19053e-06;1.33239;1.92792;-2.277e-05;-0.986084;0.00581719;
Torque 0.000493844;3.10762;-2.17608;0.00597668;-0.0181543;-0.00208629;
MotorD 180;0;0.32923;
 256.34;0.000461646;1553.81;
 200.462;0;-1088.04;
 179.998;0;5.9029;
 123.002;0;-5.56477;
 235.998;0;7.88288;
 
12164
THOR:
Q 0.22554;1.75676;1.96631;-8.64862e-05;-1.39144;0.313005;
Torque 2.32555;1.88683;-1.91634;0.0242151;-2.25229;-0.635272;
MotorD 192.923;18.619;1550.37;
 280.655;1.67826;943.413;
 202.661;0;-958.172;
 179.993;0;23.9161;
 73.3756;0;-481.253;
 232.823;4.91165;1187.11;
 
12200
FRIGG:
Q -3.19579e-06;1.33239;1.92792;-2.19711e-05;-0.986083;0.0058171;
Torque 0.00101175;3.10834;-2.1767;0.00646341;-0.0175082;-0.00193656;
MotorD 180;0;0.674502;
 256.341;-0.00152464;1554.17;
 200.462;0;-1088.35;
 179.998;0;6.38362;
 123.002;0;-5.40864;
 235.998;0;7.56037;
 
12200
ODIN:
Q -3.99474e-06;1.33239;1.92792;2.37687e-05;-0.986084;0.0058171;
Torque 0.000806501;3.10632;-2.17464;-0.00634705;-0.0192616;-0.00220593;
MotorD 180;0;0.537667;
 256.34;0.00300956;1553.16;
 200.462;0;-1087.32;
 180.002;0;-6.26869;
 123.002;0;-5.90841;
 235.999;0;8.35945;
 
12200
LOKI:
Q -4.79369e-06;1.33239;1.92792;-2.19711e-05;-0.986084;0.00581714;
Torque 9.07367e-05;3.1071;-2.17549;0.00557731;-0.0185277;-0.00216584;
MotorD 180;0;0.0604911;
 256.341;0.00109472;1553.55;
 200.462;0;-1087.75;
 179.998;0;5.50846;
 123.002;0;-5.65889;
 235.998;0;8.06537;
 
12200
THOR:
Q 0.22554;1.75676;1.96631;-8.64862e-05;-1.39144;0.313005;
Torque 2.32555;1.88683;-1.91634;0.0242151;-2.25229;-0.635272;
MotorD 192.923;18.619;1550.37;
 280.655;1.67826;943.413;
 202.661;0;-958.172;
 179.993;0;23.9161;
 73.3756;0;-481.253;
 232.823;4.91165;1187.11;
 
12239
FRIGG:
Q -3.99474e-06;1.33239;1.92792;-2.25703e-05;-0.986084;0.00581714;
Torque 0.00201751;3.10861;-2.17696;0.0066185;-0.0171485;-0.00198892;
MotorD 180;0;1.34501;
 256.34;-0.00136311;1554.31;
 200.462;0;-1088.48;
 179.998;0;6.53679;
 123.002;0;-5.24633;
 235.999;0;7.45624;
 
12239
ODIN:
Q -3.99474e-06;1.3324;1.92792;2.33692e-05;-0.986083;0.00581719;
Torque 0.00150913;3.10555;-2.17378;-0.00623783;-0.019924;-0.00238189;
MotorD 180;0;1.00609;
 256.341;0.00301291;1552.77;
 200.462;0;-1086.89;
 180.002;0;-6.16082;
 123.002;0;-6.05599;
 235.998;0;8.70253;
 
12239
LOKI:
Q -3.19579e-06;1.33239;1.92792;-2.11721e-05;-0.986084;0.00581719;
Torque 0.000270845;3.10692;-2.17526;0.00538771;-0.018625;-0.00223154;
MotorD 180;0;0.180563;
 256.341;0.000939577;1553.46;
 200.462;0;-1087.63;
 179.998;0;5.32119;
 123.002;0;-5.65842;
 235.998;0;8.13791;
 
12239
THOR:
Q 0.241869;1.75861;1.96001;-8.64862e-05;-1.39144;0.316153;
Torque 2.27146;1.00458;-1.28478;0.0238967;-2.11528;-0.0551956;
MotorD 193.858;18.8256;1514.31;
 280.761;2.40851;502.29;
 202.301;0;-642.388;
 179.993;0;23.6017;
 73.1048;0;-752.773;
 232.552;2.61406;814.101;
 
12282
FRIGG:
Q -3.99474e-06;1.33239;1.92792;-2.25703e-05;-0.986084;0.00581714;
Torque 0.00201751;3.10861;-2.17696;0.0066185;-0.0171485;-0.00198892;
MotorD 180;0;1.34501;
 256.34;-0.00136311;1554.31;
 200.462;0;-1088.48;
 179.998;0;6.53679;
 123.002;0;-5.24633;
 235.999;0;7.45624;
 
12283
ODIN:
Q -3.99474e-06;1.3324;1.92792;2.33692e-05;-0.986083;0.00581719;
Torque 0.00150913;3.10555;-2.17378;-0.00623783;-0.019924;-0.00238189;
MotorD 180;0;1.00609;
 256.341;0.00301291;1552.77;
 200.462;0;-1086.89;
 180.002;0;-6.16082;
 123.002;0;-6.05599;
 235.998;0;8.70253;
 
12283
LOKI:
Q -3.19579e-06;1.33239;1.92792;-2.11721e-05;-0.986084;0.00581719;
Torque 0.000270845;3.10692;-2.17526;0.00538771;-0.018625;-0.00223154;
MotorD 180;0;0.180563;
 256.341;0.000939577;1553.46;
 200.462;0;-1087.63;
 179.998;0;5.32119;
 123.002;0;-5.65842;
 235.998;0;8.13791;
 
12283
THOR:
Q 0.258443;1.76077;1.95533;-8.60867e-05;-1.39143;0.317794;
Torque 2.18334;0.399443;-0.891916;0.0237203;-2.02492;0.31816;
MotorD 194.808;19.1622;1455.56;
 280.885;2.44846;199.722;
 202.032;0;-445.958;
 179.993;0;23.4275;
 72.9644;0;-926.725;
 232.411;0;573.214;
 
12319
FRIGG:
Q -5.59264e-06;1.33239;1.92792;-2.29698e-05;-0.986085;0.00581714;
Torque 0.00241874;3.10843;-2.17675;0.00645164;-0.0172169;-0.00210953;
MotorD 180;0;1.61249;
 256.34;-0.000585958;1554.21;
 200.462;0;-1088.38;
 179.998;0;6.37199;
 123.002;0;-5.20467;
 235.999;0;7.54859;
 
12319
ODIN:
Q -5.06001e-06;1.3324;1.92792;2.29698e-05;-0.986082;0.00581719;
Torque 0.00197985;3.10607;-2.17419;-0.00622443;-0.0194637;-0.00240591;
MotorD 180;0;1.3199;
 256.341;0.00109497;1553.03;
 200.462;0;-1087.1;
 180.002;0;-6.14758;
 123.002;0;-5.87215;
 235.998;0;8.54537;
 
12319
LOKI:
Q -2.92948e-06;1.33239;1.92792;-2.05729e-05;-0.986084;0.00581719;
Torque 0.000952;3.1072;-2.17547;0.00551969;-0.0182923;-0.00222437;
MotorD 180;0;0.634667;
 256.341;0.000167719;1553.6;
 200.462;0;-1087.74;
 179.998;0;5.45155;
 123.002;0;-5.53915;
 235.998;0;8.01067;
 
12319
THOR:
Q 0.275339;1.76275;1.95196;-8.56872e-05;-1.39141;0.318619;
Torque 2.08227;0.0846167;-0.706627;0.0237022;-1.97763;0.53852;
MotorD 195.776;19.5483;1388.18;
 280.998;0;42.3083;
 201.839;0;-353.314;
 179.993;0;23.4096;
 72.8946;0;-1031.63;
 232.339;0;433.278;
 
12360
FRIGG:
Q -6.6579e-06;1.33239;1.92792;-2.277e-05;-0.986085;0.00581732;
Torque 0.00235839;3.10805;-2.17633;0.00612585;-0.0174572;-0.00222917;
MotorD 180;0;1.57226;
 256.34;0.000193924;1554.03;
 200.462;0;-1088.16;
 179.998;0;6.05022;
 123.002;0;-5.22719;
 235.999;0;7.70404;
 
12360
ODIN:
Q -6.12527e-06;1.3324;1.92792;2.277e-05;-0.986083;0.00581732;
Torque 0.00226422;3.10729;-2.17539;-0.00624751;-0.018344;-0.00232683;
MotorD 180;0;1.50948;
 256.341;-0.00116911;1553.64;
 200.462;0;-1087.69;
 180.002;0;-6.17038;
 123.002;0;-5.50137;
 235.998;0;8.08674;
 
12360
LOKI:
Q -3.72843e-06;1.33239;1.92792;-2.03732e-05;-0.986084;0.00581732;
Torque 0.00189842;3.10767;-2.1759;0.00580494;-0.0178217;-0.00220442;
MotorD 180;0;1.26561;
 256.341;-0.000606746;1553.83;
 200.462;0;-1087.95;
 179.998;0;5.73328;
 123.002;0;-5.37594;
 235.998;0;7.82529;
 
12360
THOR:
Q 0.292275;1.76423;1.94971;-8.26912e-05;-1.39139;0.318878;
Torque -1.95231;0.0278278;-0.713135;0.0184247;-1.86943;0.944172;
MotorD 196.746;18.9281;-1301.54;
 281.083;0;13.9139;
 201.71;0;-356.568;
 179.994;0;18.1972;
 72.8735;0;-1216.92;
 232.315;0;167.843;
 
12397
FRIGG:
Q -2.13053e-05;1.33239;1.92792;-2.29698e-05;-0.986085;0.00581865;
Torque 0.0229365;3.10743;-2.17566;0.00702854;-0.0188615;-0.00545293;
MotorD 179.999;0;15.291;
 256.34;0.00107803;1553.71;
 200.462;0;-1087.83;
 179.998;0;6.94177;
 123.001;0;-3.95633;
 235.998;0;10.0152;
 
12397
ODIN:
Q -2.07727e-05;1.3324;1.92792;2.19711e-05;-0.986083;0.00581865;
Torque 0.0230622;3.10837;-2.17649;-0.00517733;-0.0182118;-0.00535414;
MotorD 179.999;0;15.3748;
 256.341;-0.00237233;1554.18;
 200.462;0;-1088.24;
 180.002;0;-5.11341;
 123.002;0;-3.77059;
 235.998;0;9.71963;
 
12397
LOKI:
Q -1.94411e-05;1.33239;1.92792;-2.15716e-05;-0.986084;0.00581856;
Torque 0.0234202;3.10838;-2.17659;0.00719146;-0.0180449;-0.00527188;
MotorD 179.999;0;15.6134;
 256.341;-0.00148421;1554.19;
 200.462;0;-1088.3;
 179.998;0;7.10268;
 123.001;0;-3.75446;
 235.998;0;9.61211;
 
12397
THOR:
Q 0.307868;1.76509;1.9484;-7.13061e-05;-1.39137;0.318889;
Torque -4.98114;0.19024;-0.887379;0.0109735;-1.86178;0.990202;
MotorD 197.64;16.6722;-3320.76;
 281.132;0;95.1198;
 201.635;0;-443.69;
 179.995;0;10.838;
 72.8736;0;-1239.66;
 232.313;0;139.438;
 
12430
FRIGG:
Q -5.1399e-05;1.33239;1.92792;-2.41682e-05;-0.986084;0.00582167;
Torque 0.0314964;3.10714;-2.17529;0.0074968;-0.0195625;-0.00707876;
MotorD 179.997;0;20.9976;
 256.341;0.00113764;1553.57;
 200.462;0;-1087.64;
 179.998;0;7.40425;
 123.001;0;-3.31274;
 235.998;0;11.178;
 
12430
ODIN:
Q -5.1399e-05;1.33239;1.92792;2.03732e-05;-0.986084;0.00582158;
Torque 0.0317488;3.10896;-2.17707;-0.00456968;-0.0180096;-0.00686442;
MotorD 179.997;0;21.1659;
 256.341;-0.00239836;1554.48;
 200.462;0;-1088.54;
 180.002;0;-4.51326;
 123.001;0;-2.85666;
 235.998;0;10.4838;
 
12430
LOKI:
Q -5.1399e-05;1.33239;1.92792;-2.3569e-05;-0.986085;0.00582158;
Torque 0.032593;3.1088;-2.17697;0.00790027;-0.0180379;-0.00682802;
MotorD 179.997;0;21.7287;
 256.34;-0.00154;1554.4;
 200.462;0;-1088.48;
 179.998;0;7.80274;
 123.001;0;-2.88734;
 235.998;0;10.474;
 
12430
THOR:
Q 0.307868;1.76509;1.9484;-7.13061e-05;-1.39137;0.318889;
Torque -4.98114;0.19024;-0.887379;0.0109735;-1.86178;0.990202;
MotorD 197.64;16.6722;-3320.76;
 281.132;0;95.1198;
 201.635;0;-443.69;
 179.995;0;10.838;
 72.8736;0;-1239.66;
 232.313;0;139.438;
 
12472
FRIGG:
Q -5.1399e-05;1.33239;1.92792;-2.41682e-05;-0.986084;0.00582167;
Torque 0.0314964;3.10714;-2.17529;0.0074968;-0.0195625;-0.00707876;
MotorD 179.997;0;20.9976;
 256.341;0.00113764;1553.57;
 200.462;0;-1087.64;
 179.998;0;7.40425;
 123.001;0;-3.31274;
 235.998;0;11.178;
 
12472
ODIN:
Q -5.1399e-05;1.33239;1.92792;2.03732e-05;-0.986084;0.00582158;
Torque 0.0317488;3.10896;-2.17707;-0.00456968;-0.0180096;-0.00686442;
MotorD 179.997;0;21.1659;
 256.341;-0.00239836;1554.48;
 200.462;0;-1088.54;
 180.002;0;-4.51326;
 123.001;0;-2.85666;
 235.998;0;10.4838;
 
12472
LOKI:
Q -5.1399e-05;1.33239;1.92792;-2.3569e-05;-0.986085;0.00582158;
Torque 0.032593;3.1088;-2.17697;0.00790027;-0.0180379;-0.00682802;
MotorD 179.997;0;21.7287;
 256.34;-0.00154;1554.4;
 200.462;0;-1088.48;
 179.998;0;7.80274;
 123.001;0;-2.88734;
 235.998;0;10.474;
 
12472
THOR:
Q 0.320947;1.76532;1.94791;-5.45282e-05;-1.39136;0.318865;
Torque -6.75103;0.44003;-1.23786;0.00370798;-1.83538;1.02744;
MotorD 198.389;0;-4500.69;
 281.145;0;220.015;
 201.607;0;-618.928;
 179.996;0;3.6622;
 72.8763;0;-1250.57;
 232.315;0;108.969;
 
12512
FRIGG:
Q -7.56338e-05;1.33239;1.92792;-2.51669e-05;-0.986084;0.00582416;
Torque 0.0314905;3.10712;-2.17525;0.00745173;-0.0195566;-0.00739518;
MotorD 179.996;0;20.9937;
 256.341;0.000745537;1553.56;
 200.462;0;-1087.62;
 179.998;0;7.35973;
 123.001;0;-3.13476;
 235.998;0;11.3516;
 
12512
ODIN:
Q -7.61664e-05;1.33239;1.92792;1.87753e-05;-0.986085;0.00582424;
Torque 0.0319304;3.1095;-2.17753;-0.00438211;-0.017571;-0.00710324;
MotorD 179.996;0;21.2869;
 256.34;-0.00243724;1554.75;
 200.462;0;-1088.77;
 180.001;0;-4.32801;
 123.001;0;-2.56153;
 235.998;0;10.454;
 
12512
LOKI:
Q -7.72317e-05;1.33239;1.92792;-2.55663e-05;-0.986085;0.00582411;
Torque 0.0329954;3.10888;-2.17704;0.00815209;-0.0179599;-0.00710156;
MotorD 179.996;0;21.9969;
 256.34;-0.00114195;1554.44;
 200.462;0;-1088.52;
 179.998;0;8.05145;
 123.001;0;-2.70649;
 235.998;0;10.5971;
 
12512
THOR:
Q 0.330826;1.76522;1.94792;-3.4954e-05;-1.39139;0.318826;
Torque -7.40169;0.621143;-1.32762;-0.00276999;-1.76607;1.06182;
MotorD 198.955;0;-4934.46;
 281.14;0;310.571;
 201.608;0;-663.808;
 179.997;0;-2.73579;
 72.8784;0;-1244;
 232.319;0;64.1977;
 
12543
FRIGG:
Q -8.68191e-05;1.33239;1.92792;-2.55663e-05;-0.986084;0.00582584;
Torque 0.0263063;3.10733;-2.17537;0.00717984;-0.0191727;-0.0068173;
MotorD 179.995;0;17.5375;
 256.341;0.000103227;1553.66;
 200.462;0;-1087.68;
 179.998;0;7.0912;
 123.001;0;-3.31362;
 235.998;0;10.8884;
 
12543
ODIN:
Q -8.81506e-05;1.33239;1.92793;1.77766e-05;-0.986086;0.00582566;
Torque 0.0270739;3.10996;-2.17808;-0.00444088;-0.0167943;-0.00649233;
MotorD 179.995;0;18.0492;
 256.34;-0.00209209;1554.98;
 200.462;0;-1089.04;
 180.001;0;-4.38605;
 123.001;0;-2.61327;
 235.998;0;9.82696;
 
12543
LOKI:
Q -9.05475e-05;1.33239;1.92792;-2.69645e-05;-0.986086;0.00582566;
Torque 0.028351;3.10877;-2.17692;0.00800473;-0.017767;-0.00662402;
MotorD 179.995;0;18.9007;
 256.34;-0.000494757;1554.38;
 200.462;0;-1088.46;
 179.998;0;7.9059;
 123.001;0;-2.90034;
 235.998;0;10.2604;
 
12543
THOR:
Q 0.337321;1.76485;1.94798;-1.47805e-05;-1.39142;0.318784;
Torque -7.13486;0.872857;-1.35194;-0.00817717;-1.73163;1.08237;
MotorD 199.327;0;-4756.57;
 281.118;0;436.428;
 201.611;0;-675.97;
 179.999;0;-8.07622;
 72.8801;0;-1242.66;
 232.325;0;40.028;
 
12588
FRIGG:
Q -8.65527e-05;1.33239;1.92792;-2.55663e-05;-0.986085;0.00582611;
Torque 0.0210167;3.10807;-2.17607;0.00718322;-0.0182003;-0.00599097;
MotorD 179.995;0;14.0112;
 256.341;-0.00106199;1554.03;
 200.462;0;-1088.04;
 179.998;0;7.09454;
 123.001;0;-3.41254;
 235.998;0;10.0692;
 
12588
ODIN:
Q -8.84169e-05;1.33239;1.92793;1.71774e-05;-0.986087;0.00582615;
Torque 0.0216336;3.1089;-2.17695;-0.00447445;-0.017385;-0.00589445;
MotorD 179.995;0;14.4224;
 256.34;0.000297515;1554.45;
 200.462;0;-1088.47;
 180.001;0;-4.41921;
 123.001;0;-3.16419;
 235.998;0;9.71358;
 
12588
LOKI:
Q -9.10801e-05;1.33239;1.92792;-2.71642e-05;-0.986086;0.00582611;
Torque 0.0221936;3.10812;-2.17621;0.00742859;-0.0180479;-0.00601756;
MotorD 179.995;0;14.7957;
 256.34;0.000675286;1554.06;
 200.462;0;-1088.11;
 179.998;0;7.33688;
 123.001;0;-3.3413;
 235.998;0;10.0275;
 
12588
THOR:
Q 0.340563;1.76432;1.9481;4.19448e-06;-1.39146;0.318749;
Torque -6.15881;1.05494;-1.46325;-0.012072;-1.70222;1.08997;
MotorD 199.513;0;-4105.87;
 281.088;0;527.471;
 201.618;0;-731.627;
 180;0;-11.923;
 72.881;0;-1235.99;
 232.33;0;24.915;
 
12627
FRIGG:
Q -7.82969e-05;1.33239;1.92792;-2.55663e-05;-0.986085;0.00582566;
Torque 0.0137792;3.10862;-2.17662;0.00698932;-0.0173109;-0.00489522;
MotorD 179.996;0;9.18615;
 256.34;-0.00149531;1554.31;
 200.462;0;-1088.31;
 179.998;0;6.90304;
 123.001;0;-3.69187;
 235.998;0;9.13099;
 
12627
ODIN:
Q -7.98948e-05;1.33239;1.92792;1.69777e-05;-0.986086;0.00582566;
Torque 0.0141949;3.10804;-2.17597;-0.00469059;-0.017816;-0.00497644;
MotorD 179.995;0;9.46328;
 256.34;0.00151432;1554.02;
 200.462;0;-1087.98;
 180.001;0;-4.63268;
 123.001;0;-3.83382;
 235.998;0;9.3632;
 
12627
LOKI:
Q -8.20254e-05;1.33239;1.92792;-2.6565e-05;-0.986086;0.00582566;
Torque 0.0140902;3.10767;-2.1757;0.00680075;-0.0180529;-0.00503471;
MotorD 179.995;0;9.39346;
 256.34;0.00111376;1553.83;
 200.462;0;-1087.85;
 179.998;0;6.71679;
 123.001;0;-3.8892;
 235.998;0;9.48333;
 
12627
THOR:
Q 0.340563;1.76432;1.9481;4.19448e-06;-1.39146;0.318749;
Torque -6.15881;1.05494;-1.46325;-0.012072;-1.70222;1.08997;
MotorD 199.513;0;-4105.87;
 281.088;0;527.471;
 201.618;0;-731.627;
 180;0;-11.923;
 72.881;0;-1235.99;
 232.33;0;24.915;
 
12667
FRIGG:
Q -7.82969e-05;1.33239;1.92792;-2.55663e-05;-0.986085;0.00582566;
Torque 0.0137792;3.10862;-2.17662;0.00698932;-0.0173109;-0.00489522;
MotorD 179.996;0;9.18615;
 256.34;-0.00149531;1554.31;
 200.462;0;-1088.31;
 179.998;0;6.90304;
 123.001;0;-3.69187;
 235.998;0;9.13099;
 
12667
ODIN:
Q -7.98948e-05;1.33239;1.92792;1.69777e-05;-0.986086;0.00582566;
Torque 0.0141949;3.10804;-2.17597;-0.00469059;-0.017816;-0.00497644;
MotorD 179.995;0;9.46328;
 256.34;0.00151432;1554.02;
 200.462;0;-1087.98;
 180.001;0;-4.63268;
 123.001;0;-3.83382;
 235.998;0;9.3632;
 
12667
LOKI:
Q -8.20254e-05;1.33239;1.92792;-2.6565e-05;-0.986086;0.00582566;
Torque 0.0140902;3.10767;-2.1757;0.00680075;-0.0180529;-0.00503471;
MotorD 179.995;0;9.39346;
 256.34;0.00111376;1553.83;
 200.462;0;-1087.85;
 179.998;0;6.71679;
 123.001;0;-3.8892;
 235.998;0;9.48333;
 
12667
THOR:
Q 0.341066;1.76376;1.94836;1.91748e-05;-1.3915;0.318735;
Torque -4.95422;1.2042;-1.59957;-0.0121996;-1.67969;1.06651;
MotorD 199.542;0;-3302.82;
 281.056;0;602.102;
 201.633;0;-799.784;
 180.001;0;-12.049;
 72.8799;0;-1214.61;
 232.334;0;29.6038;
 
12705
FRIGG:
Q -5.77906e-05;1.33239;1.92792;-2.47674e-05;-0.986086;0.00582416;
Torque -0.00238074;3.10896;-2.17694;0.0061225;-0.0161538;-0.00245313;
MotorD 179.997;0;-1.58716;
 256.34;-0.00148365;1554.48;
 200.462;0;-1088.47;
 179.998;0;6.04691;
 123.001;0;-4.62004;
 235.998;0;7.34573;
 
12705
ODIN:
Q -5.93885e-05;1.33239;1.92792;1.73771e-05;-0.986086;0.00582416;
Torque -0.00201173;3.1077;-2.17557;-0.00547089;-0.0173385;-0.00261277;
MotorD 179.997;0;-1.34115;
 256.34;0.00142362;1553.85;
 200.462;0;-1087.79;
 180.001;0;-5.40335;
 123.001;0;-4.97012;
 235.998;0;7.87319;
 
12705
LOKI:
Q -6.01874e-05;1.33239;1.92792;-2.51669e-05;-0.986086;0.00582411;
Torque -0.00244526;3.10741;-2.17538;0.00579696;-0.0174986;-0.00264173;
MotorD 179.997;0;-1.63018;
 256.34;0.00110679;1553.71;
 200.462;0;-1087.69;
 179.998;0;5.72539;
 123.001;0;-5.01334;
 235.998;0;7.9486;
 
12705
THOR:
Q 0.339852;1.76323;1.94869;2.83627e-05;-1.39155;0.318749;
Torque -3.77307;1.33106;-1.71564;-0.0127061;-1.61119;1.05432;
MotorD 199.472;0;-2515.38;
 281.025;0;665.529;
 201.652;0;-857.82;
 180.002;0;-12.5493;
 72.8758;0;-1182.47;
 232.335;0;11.0064;
 
12748
FRIGG:
Q -3.40885e-05;1.33239;1.92792;-2.37687e-05;-0.986086;0.00582203;
Torque -0.00246329;3.10882;-2.17676;0.00601322;-0.0161529;-0.00238041;
MotorD 179.998;0;-1.64219;
 256.34;-0.000711614;1554.41;
 200.462;0;-1088.38;
 179.998;0;5.93899;
 123.001;0;-4.66011;
 235.998;0;7.30501;
 
12748
ODIN:
Q -3.56864e-05;1.33239;1.92792;1.81761e-05;-0.986086;0.00582211;
Torque -0.00214628;3.10782;-2.17564;-0.00552808;-0.0171114;-0.00251374;
MotorD 179.998;0;-1.43085;
 256.34;0.000702329;1553.91;
 200.462;0;-1087.82;
 180.001;0;-5.45983;
 123.001;0;-4.94104;
 235.998;0;7.73409;
 
12748
LOKI:
Q -3.56864e-05;1.33239;1.92792;-2.3569e-05;-0.986086;0.00582211;
Torque -0.00254637;3.10762;-2.17555;0.00574432;-0.017176;-0.00250539;
MotorD 179.998;0;-1.69758;
 256.341;0.000341369;1553.81;
 200.462;0;-1087.78;
 179.998;0;5.6734;
 123.001;0;-4.96959;
 235.998;0;7.75336;
 
12748
THOR:
Q 0.33747;1.76274;1.94904;3.45545e-05;-1.39164;0.318778;
Torque -2.56933;1.42773;-1.80579;-0.0125445;-1.49346;1.04377;
MotorD 199.336;0;-1712.88;
 280.997;0;713.864;
 201.672;0;-902.893;
 180.003;0;-12.3896;
 72.868;0;-1133.01;
 232.338;0;-26.7394;
 
12784
FRIGG:
Q -1.70442e-05;1.33239;1.92792;-2.277e-05;-0.986087;0.0058206;
Torque -0.00498194;3.1085;-2.1764;0.00575997;-0.0162361;-0.00204195;
MotorD 179.999;0;-3.32129;
 256.34;1.4848e-05;1554.25;
 200.462;0;-1088.2;
 179.998;0;5.68886;
 123.001;0;-4.87897;
 235.998;0;7.1478;
 
12784
ODIN:
Q -1.83758e-05;1.33239;1.92792;1.8975e-05;-0.986086;0.00582056;
Torque -0.0047065;3.10815;-2.17593;-0.00570959;-0.0166424;-0.00209961;
MotorD 179.999;0;-3.13767;
 256.34;-5.89122e-05;1554.08;
 200.462;0;-1087.96;
 180.001;0;-5.6391;
 123.001;0;-4.9974;
 235.998;0;7.3303;
 
12784
LOKI:
Q -1.78432e-05;1.33239;1.92792;-2.23706e-05;-0.986086;0.0058206;
Torque -0.00485111;3.10803;-2.17592;0.00563566;-0.0166388;-0.00207333;
MotorD 179.999;0;-3.23407;
 256.34;-0.000380996;1554.02;
 200.462;0;-1087.96;
 179.998;0;5.56609;
 123.001;0;-5.01067;
 235.998;0;7.31437;
 
12784
THOR:
Q 0.33747;1.76274;1.94904;3.45545e-05;-1.39164;0.318778;
Torque -2.56933;1.42773;-1.80579;-0.0125445;-1.49346;1.04377;
MotorD 199.336;0;-1712.88;
 280.997;0;713.864;
 201.672;0;-902.893;
 180.003;0;-12.3896;
 72.868;0;-1133.01;
 232.338;0;-26.7394;
 
12820
FRIGG:
Q -1.70442e-05;1.33239;1.92792;-2.277e-05;-0.986087;0.0058206;
Torque -0.00498194;3.1085;-2.1764;0.00575997;-0.0162361;-0.00204195;
MotorD 179.999;0;-3.32129;
 256.34;1.4848e-05;1554.25;
 200.462;0;-1088.2;
 179.998;0;5.68886;
 123.001;0;-4.87897;
 235.998;0;7.1478;
 
12820
ODIN:
Q -1.83758e-05;1.33239;1.92792;1.8975e-05;-0.986086;0.00582056;
Torque -0.0047065;3.10815;-2.17593;-0.00570959;-0.0166424;-0.00209961;
MotorD 179.999;0;-3.13767;
 256.34;-5.89122e-05;1554.08;
 200.462;0;-1087.96;
 180.001;0;-5.6391;
 123.001;0;-4.9974;
 235.998;0;7.3303;
 
12820
LOKI:
Q -1.78432e-05;1.33239;1.92792;-2.23706e-05;-0.986086;0.0058206;
Torque -0.00485111;3.10803;-2.17592;0.00563566;-0.0166388;-0.00207333;
MotorD 179.999;0;-3.23407;
 256.34;-0.000380996;1554.02;
 200.462;0;-1087.96;
 179.998;0;5.56609;
 123.001;0;-5.01067;
 235.998;0;7.31437;
 
12820
THOR:
Q 0.334411;1.76231;1.94937;3.77503e-05;-1.39176;0.318822;
Torque -1.47715;1.49757;-1.87315;-0.0116306;-1.39404;1.02549;
MotorD 199.16;0;-984.765;
 280.973;0;748.787;
 201.69;0;-936.576;
 180.003;0;-11.4871;
 72.8573;0;-1086.03;
 232.341;0;-53.4085;
 
12863
FRIGG:
Q -1.86421e-06;1.33239;1.92792;-2.17713e-05;-0.986087;0.00581927;
Torque -0.00770273;3.10827;-2.17615;0.00548871;-0.0162301;-0.00162112;
MotorD 180;0;-5.13515;
 256.34;0.000333103;1554.14;
 200.462;0;-1088.08;
 179.998;0;5.42095;
 123.001;0;-5.11054;
 235.998;0;6.91178;
 
12863
ODIN:
Q -3.19579e-06;1.33239;1.92792;1.9774e-05;-0.986086;0.00581927;
Torque -0.00742915;3.10845;-2.17621;-0.00589219;-0.0161321;-0.00161052;
MotorD 180;0;-4.95277;
 256.34;-0.000501536;1554.22;
 200.462;0;-1088.11;
 180.002;0;-5.81944;
 123.001;0;-5.08013;
 235.998;0;6.8696;
 
12863
LOKI:
Q -2.92948e-06;1.33239;1.92792;-2.15716e-05;-0.986086;0.00581932;
Torque -0.00732877;3.10832;-2.1762;0.00548795;-0.0161499;-0.00158988;
MotorD 180;0;-4.88585;
 256.34;-0.000693953;1554.16;
 200.462;0;-1088.1;
 179.998;0;5.4202;
 123.001;0;-5.09819;
 235.998;0;6.86472;
 
12863
THOR:
Q 0.331127;1.76197;1.94965;3.83495e-05;-1.39189;0.318877;
Torque -0.569291;1.5446;-1.91724;-0.0103231;-1.3305;0.999956;
MotorD 198.972;0;-379.527;
 280.953;-0.3542;772.299;
 201.707;0;-958.618;
 180.003;0;-10.1957;
 72.8452;0;-1048.31;
 232.344;0;-62.7523;
 
12891
FRIGG:
Q 1.03863e-05;1.33239;1.92792;-2.09724e-05;-0.986087;0.00581816;
Torque -0.00937309;3.10823;-2.17604;0.00530682;-0.016094;-0.00131004;
MotorD 180.001;0;-6.24872;
 256.34;0.000294538;1554.11;
 200.462;0;-1088.02;
 179.998;0;5.2413;
 123.001;0;-5.23294;
 235.999;0;6.68854;
 
12891
ODIN:
Q 9.05475e-06;1.33239;1.92792;2.03732e-05;-0.986087;0.00581812;
Torque -0.00909606;3.1086;-2.17634;-0.00598693;-0.0158117;-0.00127477;
MotorD 180.001;0;-6.06404;
 256.34;-0.000544235;1554.3;
 200.462;0;-1088.17;
 180.002;0;-5.91301;
 123.001;0;-5.14798;
 235.999;0;6.56439;
 
12891
LOKI:
Q 9.05475e-06;1.33239;1.92792;-2.07727e-05;-0.986086;0.00581812;
Torque -0.00888077;3.10846;-2.17631;0.00535027;-0.015834;-0.00126313;
MotorD 180.001;0;-5.92052;
 256.34;-0.000650958;1554.23;
 200.462;0;-1088.16;
 179.998;0;5.28421;
 123.001;0;-5.16269;
 235.999;0;6.56617;
 
12891
THOR:
Q 0.327986;1.7617;1.94987;3.69514e-05;-1.392;0.318961;
Torque 0.100994;1.56976;-1.93992;-0.00886075;-1.32228;0.903186;
MotorD 198.792;0;67.329;
 280.938;-0.26395;784.882;
 201.719;0;-969.96;
 180.003;0;-8.75136;
 72.8317;0;-991.504;
 232.343;0;-12.0357;
 
12933
FRIGG:
Q 1.97074e-05;1.33239;1.92792;-2.01734e-05;-0.986087;0.00581723;
Torque -0.00998011;3.10831;-2.17606;0.00521223;-0.0159068;-0.00112705;
MotorD 180.001;0;-6.65341;
 256.34;7.47065e-05;1554.15;
 200.462;0;-1088.03;
 179.998;0;5.14788;
 123.001;0;-5.26527;
 235.999;0;6.51754;
 
12933
ODIN:
Q 1.86421e-05;1.33239;1.92792;2.07727e-05;-0.986087;0.00581723;
Torque -0.00970543;3.10862;-2.17634;-0.00600091;-0.015653;-0.00109597;
MotorD 180.001;0;-6.47029;
 256.34;-0.000344015;1554.31;
 200.462;0;-1088.17;
 180.002;0;-5.92682;
 123.001;0;-5.18854;
 235.999;0;6.40628;
 
12933
LOKI:
Q 1.83758e-05;1.33239;1.92792;-1.99737e-05;-0.986087;0.00581728;
Torque -0.00950597;3.10847;-2.17629;0.00522912;-0.0156924;-0.0010946;
MotorD 180.001;0;-6.33731;
 256.34;-0.000425716;1554.24;
 200.462;0;-1088.14;
 179.998;0;5.16456;
 123.001;0;-5.20389;
 235.999;0;6.42011;
 
12933
THOR:
Q 0.325263;1.76151;1.95003;3.39553e-05;-1.39208;0.319129;
Torque 0.531105;1.57462;-1.94361;-0.00733174;-1.35787;0.757289;
MotorD 198.636;0;354.07;
 280.927;-0.175292;787.308;
 201.728;0;-971.806;
 180.003;0;-7.24122;
 72.8126;0;-923.63;
 232.333;0;82.1981;
 
12973
FRIGG:
Q 2.58327e-05;1.33239;1.92792;-1.95742e-05;-0.986087;0.00581657;
Torque -0.00968071;3.10841;-2.17614;0.00518656;-0.0157244;-0.00107557;
MotorD 180.001;0;-6.45381;
 256.34;-0.000125806;1554.21;
 200.462;0;-1088.07;
 179.999;0;5.12252;
 123.001;0;-5.22632;
 235.999;0;6.42141;
 
12973
ODIN:
Q 2.47674e-05;1.33239;1.92792;2.09724e-05;-0.986087;0.00581661;
Torque -0.00942874;3.10853;-2.1762;-0.00595738;-0.0156454;-0.00106907;
MotorD 180.001;0;-6.28583;
 256.34;-9.40127e-05;1554.26;
 200.462;0;-1088.1;
 180.002;0;-5.88383;
 123.001;0;-5.20066;
 235.999;0;6.38852;
 
12973
LOKI:
Q 2.42348e-05;1.33239;1.92792;-1.95742e-05;-0.986087;0.00581661;
Torque -0.00930975;3.10843;-2.17624;0.00514106;-0.0156265;-0.00106345;
MotorD 180.001;0;-6.2065;
 256.34;-0.000221063;1554.22;
 200.462;0;-1088.12;
 179.999;0;5.07759;
 123.001;0;-5.19677;
 235.999;0;6.37838;
 
12973
THOR:
Q 0.323114;1.7614;1.95012;3.01603e-05;-1.39213;0.319332;
Torque 0.740061;1.55847;-1.93209;-0.00585705;-1.38886;0.665166;
MotorD 198.513;0;493.374;
 280.921;-0.085812;779.235;
 201.734;0;-966.043;
 180.002;0;-5.78474;
 72.7922;0;-883.93;
 232.319;0;144.857;
 
13014
FRIGG:
Q 2.58327e-05;1.33239;1.92792;-1.95742e-05;-0.986087;0.00581657;
Torque -0.00968071;3.10841;-2.17614;0.00518656;-0.0157244;-0.00107557;
MotorD 180.001;0;-6.45381;
 256.34;-0.000125806;1554.21;
 200.462;0;-1088.07;
 179.999;0;5.12252;
 123.001;0;-5.22632;
 235.999;0;6.42141;
 
13014
ODIN:
Q 2.47674e-05;1.33239;1.92792;2.09724e-05;-0.986087;0.00581661;
Torque -0.00942874;3.10853;-2.1762;-0.00595738;-0.0156454;-0.00106907;
MotorD 180.001;0;-6.28583;
 256.34;-9.40127e-05;1554.26;
 200.462;0;-1088.1;
 180.002;0;-5.88383;
 123.001;0;-5.20066;
 235.999;0;6.38852;
 
13014
LOKI:
Q 2.42348e-05;1.33239;1.92792;-1.95742e-05;-0.986087;0.00581661;
Torque -0.00930975;3.10843;-2.17624;0.00514106;-0.0156265;-0.00106345;
MotorD 180.001;0;-6.2065;
 256.34;-0.000221063;1554.22;
 200.462;0;-1088.12;
 179.999;0;5.07759;
 123.001;0;-5.19677;
 235.999;0;6.37838;
 
13014
THOR:
Q 0.323114;1.7614;1.95012;3.01603e-05;-1.39213;0.319332;
Torque 0.740061;1.55847;-1.93209;-0.00585705;-1.38886;0.665166;
MotorD 198.513;0;493.374;
 280.921;-0.085812;779.235;
 201.734;0;-966.043;
 180.002;0;-5.78474;
 72.7922;0;-883.93;
 232.319;0;144.857;
 
13048
FRIGG:
Q 2.87621e-05;1.33239;1.92792;-1.91748e-05;-0.986087;0.00581626;
Torque -0.00885686;3.1085;-2.1762;0.00518849;-0.0155723;-0.00110919;
MotorD 180.002;0;-5.90457;
 256.34;-0.000228132;1554.25;
 200.462;0;-1088.1;
 179.999;0;5.12443;
 123.002;0;-5.15129;
 235.999;0;6.38372;
 
13048
ODIN:
Q 2.79632e-05;1.33239;1.92792;2.11721e-05;-0.986087;0.00581626;
Torque -0.00863438;3.10845;-2.17609;-0.00588828;-0.0156592;-0.00112515;
MotorD 180.002;0;-5.75625;
 256.34;5.41694e-05;1554.22;
 200.462;0;-1088.04;
 180.002;0;-5.81558;
 123.002;0;-5.17462;
 235.999;0;6.42478;
 
13048
LOKI:
Q 2.74306e-05;1.33239;1.92792;-1.91748e-05;-0.986087;0.00581626;
Torque -0.00859787;3.10844;-2.17618;0.00508787;-0.0155798;-0.00111123;
MotorD 180.002;0;-5.73191;
 256.34;-0.000114714;1554.22;
 200.462;0;-1088.09;
 179.999;0;5.02506;
 123.002;0;-5.15296;
 235.999;0;6.38766;
 
13048
THOR:
Q 0.321604;1.76135;1.95018;2.59658e-05;-1.39217;0.319505;
Torque 0.759317;1.54349;-1.93574;-0.00459548;-1.37929;0.642674;
MotorD 198.427;0;506.211;
 280.918;-0.0355087;771.746;
 201.737;0;-967.869;
 180.002;0;-4.53875;
 72.7751;0;-867.889;
 232.306;0;153.806;
 
13089
FRIGG:
Q 2.92948e-05;1.33239;1.92792;-1.8975e-05;-0.986087;0.00581608;
Torque -0.0075486;3.10862;-2.17629;0.00525416;-0.0154054;-0.00120906;
MotorD 180.002;0;-5.0324;
 256.34;-0.000327705;1554.31;
 200.462;0;-1088.14;
 179.999;0;5.1893;
 123.002;0;-5.034;
 235.999;0;6.37741;
 
13089
ODIN:
Q 2.84958e-05;1.33239;1.92792;2.11721e-05;-0.986087;0.00581603;
Torque -0.00739359;3.10827;-2.17587;-0.00578524;-0.0157916;-0.00126814;
MotorD 180.002;0;-4.92906;
 256.34;0.000337286;1554.13;
 200.462;0;-1087.94;
 180.002;0;-5.71381;
 123.002;0;-5.14421;
 235.999;0;6.55326;
 
13089
LOKI:
Q 2.82295e-05;1.33239;1.92792;-1.87753e-05;-0.986087;0.00581608;
Torque -0.00748653;3.10839;-2.17609;0.00502932;-0.0155527;-0.00123712;
MotorD 180.002;0;-4.99102;
 256.34;-9.81891e-06;1554.19;
 200.462;0;-1088.05;
 179.999;0;4.96723;
 123.002;0;-5.07298;
 235.999;0;6.44755;
 
13089
THOR:
Q 0.320727;1.76133;1.95022;2.19711e-05;-1.3922;0.319611;
Torque 0.629589;1.54968;-1.94542;-0.00362946;-1.35017;0.672658;
MotorD 198.376;0;419.726;
 280.917;-0.0322625;774.839;
 201.739;0;-972.712;
 180.002;0;-3.58465;
 72.764;0;-873.761;
 232.299;0;126.363;
 
13119
FRIGG:
Q 2.76969e-05;1.33239;1.92792;-1.8975e-05;-0.986087;0.00581608;
Torque -0.00608492;3.10861;-2.17626;0.00525696;-0.0153561;-0.00138186;
MotorD 180.002;0;-4.05661;
 256.34;-0.000202453;1554.31;
 200.462;0;-1088.13;
 179.999;0;5.19205;
 123.001;0;-4.91973;
 235.999;0;6.45513;
 
13119
ODIN:
Q 2.71642e-05;1.33239;1.92792;2.09724e-05;-0.986087;0.00581608;
Torque -0.00594212;3.10834;-2.1759;-0.00569489;-0.0157058;-0.00143054;
MotorD 180.002;0;-3.96141;
 256.34;8.19796e-05;1554.17;
 200.462;0;-1087.95;
 180.002;0;-5.62458;
 123.002;0;-5.02222;
 235.999;0;6.61171;
 
13119
LOKI:
Q 2.71642e-05;1.33239;1.92792;-1.85755e-05;-0.986087;0.00581612;
Torque -0.00602946;3.10845;-2.17612;0.00507142;-0.0154758;-0.00138892;
MotorD 180.002;0;-4.01964;
 256.34;-0.00013118;1554.22;
 200.462;0;-1088.06;
 179.999;0;5.00881;
 123.002;0;-4.96017;
 235.999;0;6.50341;
 
13119
THOR:
Q 0.32042;1.7613;1.95026;1.83758e-05;-1.39224;0.319672;
Torque 0.414205;1.55662;-1.95601;-0.00342043;-1.33222;0.663209;
MotorD 198.359;0;276.136;
 280.915;-0.0312603;778.311;
 201.742;0;-978.006;
 180.001;0;-3.37821;
 72.7569;0;-861.864;
 232.296;0;124.965;
 
13161
FRIGG:
Q 2.42348e-05;1.33239;1.92792;-1.8975e-05;-0.986088;0.0058163;
Torque -0.00250753;3.10855;-2.17616;0.00535595;-0.0155091;-0.00187582;
MotorD 180.001;0;-1.67169;
 256.34;-2.20031e-05;1554.28;
 200.462;0;-1088.08;
 179.999;0;5.28982;
 123.001;0;-4.70199;
 235.999;0;6.78623;
 
13161
ODIN:
Q 2.37021e-05;1.33239;1.92792;2.07727e-05;-0.986087;0.00581621;
Torque -0.00233255;3.10854;-2.17605;-0.00550217;-0.0155775;-0.00188636;
MotorD 180.001;0;-1.55504;
 256.34;-0.000249678;1554.27;
 200.462;0;-1088.03;
 180.002;0;-5.43425;
 123.001;0;-4.72146;
 235.999;0;6.81742;
 
13161
LOKI:
Q 2.37021e-05;1.33239;1.92792;-1.83758e-05;-0.986087;0.00581626;
Torque -0.00231817;3.10861;-2.17624;0.00525127;-0.0154246;-0.00185151;
MotorD 180.001;0;-1.54545;
 256.34;-0.000306933;1554.3;
 200.462;0;-1088.12;
 179.999;0;5.18644;
 123.001;0;-4.68419;
 235.999;0;6.74142;
 
13161
THOR:
Q 0.320407;1.76127;1.9503;1.69777e-05;-1.39227;0.31972;
Torque 0.347946;1.56358;-1.9665;-0.00427778;-1.31393;0.65544;
MotorD 198.358;0;231.964;
 280.913;-0.0306558;781.789;
 201.744;0;-983.249;
 180.001;0;-4.22496;
 72.7508;0;-850.775;
 232.293;0;122.507;
 
13196
FRIGG:
Q 1.57127e-05;1.33239;1.92792;-1.91748e-05;-0.986088;0.00581697;
Torque 0.000299349;3.1085;-2.17604;0.00547429;-0.0156339;-0.00235263;
MotorD 180.001;0;0.199566;
 256.34;8.58901e-05;1554.25;
 200.462;0;-1088.02;
 179.999;0;5.4067;
 123.001;0;-4.48332;
 235.999;0;7.09735;
 
13196
ODIN:
Q 1.49137e-05;1.33239;1.92792;2.01734e-05;-0.986088;0.00581701;
Torque 0.000477949;3.10868;-2.1762;-0.00530046;-0.015531;-0.00234025;
MotorD 180.001;0;0.318633;
 256.34;-0.00039279;1554.34;
 200.462;0;-1088.1;
 180.002;0;-5.23503;
 123.001;0;-4.45208;
 235.999;0;7.05236;
 
13196
LOKI:
Q 1.49137e-05;1.33239;1.92792;-1.87753e-05;-0.986088;0.00581697;
Torque 0.000598746;3.10876;-2.17637;0.00542323;-0.0153546;-0.00230315;
MotorD 180.001;0;0.399164;
 256.34;-0.000410068;1554.38;
 200.462;0;-1088.19;
 179.999;0;5.35628;
 123.001;0;-4.40737;
 235.999;0;6.96643;
 
13196
THOR:
Q 0.320407;1.76127;1.9503;1.69777e-05;-1.39227;0.31972;
Torque 0.347946;1.56358;-1.9665;-0.00427778;-1.31393;0.65544;
MotorD 198.358;0;231.964;
 280.913;-0.0306558;781.789;
 201.744;0;-983.249;
 180.001;0;-4.22496;
 72.7508;0;-850.775;
 232.293;0;122.507;
 
13235
FRIGG:
Q 1.57127e-05;1.33239;1.92792;-1.91748e-05;-0.986088;0.00581697;
Torque 0.000299349;3.1085;-2.17604;0.00547429;-0.0156339;-0.00235263;
MotorD 180.001;0;0.199566;
 256.34;8.58901e-05;1554.25;
 200.462;0;-1088.02;
 179.999;0;5.4067;
 123.001;0;-4.48332;
 235.999;0;7.09735;
 
13235
ODIN:
Q 1.49137e-05;1.33239;1.92792;2.01734e-05;-0.986088;0.00581701;
Torque 0.000477949;3.10868;-2.1762;-0.00530046;-0.015531;-0.00234025;
MotorD 180.001;0;0.318633;
 256.34;-0.00039279;1554.34;
 200.462;0;-1088.1;
 180.002;0;-5.23503;
 123.001;0;-4.45208;
 235.999;0;7.05236;
 
13235
LOKI:
Q 1.49137e-05;1.33239;1.92792;-1.87753e-05;-0.986088;0.00581697;
Torque 0.000598746;3.10876;-2.17637;0.00542323;-0.0153546;-0.00230315;
MotorD 180.001;0;0.399164;
 256.34;-0.000410068;1554.38;
 200.462;0;-1088.19;
 179.999;0;5.35628;
 123.001;0;-4.40737;
 235.999;0;6.96643;
 
13235
THOR:
Q 0.320444;1.76124;1.95034;1.65782e-05;-1.3923;0.319762;
Torque 0.326797;1.57056;-1.9769;-0.00445351;-1.2975;0.642163;
MotorD 198.36;0;217.865;
 280.912;-0.030285;785.281;
 201.746;0;-988.45;
 180.001;0;-4.39853;
 72.7453;0;-837.313;
 232.292;0;123.798;
 
13275
FRIGG:
Q 1.06526e-05;1.33239;1.92792;-1.91748e-05;-0.986088;0.0058175;
Torque -0.000916166;3.10858;-2.17608;0.00535604;-0.0154364;-0.00216092;
MotorD 180.001;0;-0.610777;
 256.34;-7.07407e-05;1554.29;
 200.462;0;-1088.04;
 179.999;0;5.28992;
 123.001;0;-4.51666;
 235.999;0;6.91769;
 
13275
ODIN:
Q 9.8537e-06;1.33239;1.92792;1.9774e-05;-0.986088;0.0058175;
Torque -0.000690547;3.10879;-2.17627;-0.00530851;-0.0152703;-0.00213716;
MotorD 180.001;0;-0.460364;
 256.34;-0.000405524;1554.39;
 200.462;0;-1088.14;
 180.002;0;-5.24298;
 123.001;0;-4.46834;
 235.999;0;6.84297;
 
13275
LOKI:
Q 9.58738e-06;1.33239;1.92792;-1.8975e-05;-0.986088;0.00581736;
Torque -0.000547712;3.10874;-2.17632;0.00533656;-0.0152165;-0.0021217;
MotorD 180.001;0;-0.365141;
 256.34;-0.000248431;1554.37;
 200.462;0;-1088.16;
 179.999;0;5.27068;
 123.001;0;-4.45701;
 235.999;0;6.81445;
 
13275
THOR:
Q 0.320489;1.76122;1.95038;1.63784e-05;-1.39234;0.319803;
Torque 0.313195;1.57754;-1.98718;-0.00448243;-1.28148;0.628063;
MotorD 198.363;0;208.796;
 280.91;-0.0300192;788.768;
 201.749;0;-993.589;
 180.001;0;-4.42709;
 72.74;0;-823.546;
 232.29;0;125.698;
 
13311
FRIGG:
Q 8.52212e-06;1.33239;1.92792;-1.91748e-05;-0.986088;0.00581768;
Torque -0.00156086;3.1087;-2.17617;0.00527762;-0.0152086;-0.00202824;
MotorD 180;0;-1.04058;
 256.34;-0.000233914;1554.35;
 200.462;0;-1088.09;
 179.999;0;5.21247;
 123.001;0;-4.506;
 235.999;0;6.7596;
 
13311
ODIN:
Q 7.72317e-06;1.33239;1.92792;1.95742e-05;-0.986088;0.00581768;
Torque -0.0012873;3.10883;-2.17626;-0.00528629;-0.0151219;-0.00201626;
MotorD 180;0;-0.858197;
 256.34;-0.000313232;1554.42;
 200.462;0;-1088.13;
 180.001;0;-5.22103;
 123.001;0;-4.48056;
 235.999;0;6.72084;
 
13311
LOKI:
Q 7.45685e-06;1.33239;1.92792;-1.8975e-05;-0.986088;0.00581759;
Torque -0.00117598;3.10868;-2.17626;0.00525751;-0.0151481;-0.00201428;
MotorD 180;0;-0.783989;
 256.34;-8.24511e-05;1554.34;
 200.462;0;-1088.13;
 179.999;0;5.1926;
 123.001;0;-4.49135;
 235.999;0;6.72943;
 
13311
THOR:
Q 0.320534;1.76119;1.95042;1.63784e-05;-1.39237;0.319842;
Torque 0.301359;1.58441;-1.99727;-0.0044711;-1.26573;0.614081;
MotorD 198.365;0;200.906;
 280.909;-0.0297512;792.206;
 201.751;0;-998.633;
 180.001;0;-4.4159;
 72.7348;0;-809.947;
 232.288;0;127.635;
 
13349
FRIGG:
Q 7.72317e-06;1.33239;1.92792;-1.8975e-05;-0.986088;0.00581776;
Torque -0.00174319;3.10879;-2.17625;0.00523395;-0.0150445;-0.00196811;
MotorD 180;0;-1.16213;
 256.34;-0.000300447;1554.4;
 200.462;0;-1088.12;
 179.999;0;5.16933;
 123.001;0;-4.47866;
 235.999;0;6.66545;
 
13349
ODIN:
Q 6.92422e-06;1.33239;1.92792;1.93745e-05;-0.986088;0.00581768;
Torque -0.00145265;3.10883;-2.17623;-0.00524751;-0.0150497;-0.00197007;
MotorD 180;0;-0.968435;
 256.34;-0.000192412;1554.42;
 200.462;0;-1088.11;
 180.001;0;-5.18272;
 123.001;0;-4.47949;
 235.999;0;6.66847;
 
13349
LOKI:
Q 6.6579e-06;1.33239;1.92792;-1.87753e-05;-0.986088;0.00581768;
Torque -0.00138814;3.10868;-2.17619;0.00519349;-0.0150957;-0.00197156;
MotorD 180;0;-0.925424;
 256.34;-1.0655e-05;1554.34;
 200.462;0;-1088.1;
 179.999;0;5.12938;
 123.001;0;-4.4957;
 235.999;0;6.68632;
 
13349
THOR:
Q 0.320534;1.76119;1.95042;1.63784e-05;-1.39237;0.319842;
Torque 0.301359;1.58441;-1.99727;-0.0044711;-1.26573;0.614081;
MotorD 198.365;0;200.906;
 280.909;-0.0297512;792.206;
 201.751;0;-998.633;
 180.001;0;-4.4159;
 72.7348;0;-809.947;
 232.288;0;127.635;
 
13390
FRIGG:
Q 7.72317e-06;1.33239;1.92792;-1.8975e-05;-0.986088;0.00581776;
Torque -0.00174319;3.10879;-2.17625;0.00523395;-0.0150445;-0.00196811;
MotorD 180;0;-1.16213;
 256.34;-0.000300447;1554.4;
 200.462;0;-1088.12;
 179.999;0;5.16933;
 123.001;0;-4.47866;
 235.999;0;6.66545;
 
13390
ODIN:
Q 6.92422e-06;1.33239;1.92792;1.93745e-05;-0.986088;0.00581768;
Torque -0.00145265;3.10883;-2.17623;-0.00524751;-0.0150497;-0.00197007;
MotorD 180;0;-0.968435;
 256.34;-0.000192412;1554.42;
 200.462;0;-1088.11;
 180.001;0;-5.18272;
 123.001;0;-4.47949;
 235.999;0;6.66847;
 
13390
LOKI:
Q 6.6579e-06;1.33239;1.92792;-1.87753e-05;-0.986088;0.00581768;
Torque -0.00138814;3.10868;-2.17619;0.00519349;-0.0150957;-0.00197156;
MotorD 180;0;-0.925424;
 256.34;-1.0655e-05;1554.34;
 200.462;0;-1088.1;
 179.999;0;5.12938;
 123.001;0;-4.4957;
 235.999;0;6.68632;
 
13390
THOR:
Q 0.320579;1.76117;1.95046;1.61787e-05;-1.3924;0.319881;
Torque 0.290236;1.59123;-2.00718;-0.00444087;-1.25015;0.600318;
MotorD 198.368;0;193.491;
 280.907;-0.0294314;795.615;
 201.753;0;-1003.59;
 180.001;0;-4.38604;
 72.7297;0;-796.53;
 232.287;0;129.51;
 
13430
FRIGG:
Q 7.45685e-06;1.33239;1.92792;-1.8975e-05;-0.986089;0.00581768;
Torque -0.0017456;3.10885;-2.17627;0.00520192;-0.0148927;-0.00193613;
MotorD 180;0;-1.16374;
 256.34;-0.000274207;1554.42;
 200.462;0;-1088.13;
 179.999;0;5.1377;
 123.001;0;-4.44019;
 235.999;0;6.59145;
 
13431
ODIN:
Q 6.39159e-06;1.33239;1.92792;1.91748e-05;-0.986089;0.00581768;
Torque -0.00146417;3.10882;-2.17618;-0.00521053;-0.0149711;-0.0019492;
MotorD 180;0;-0.976117;
 256.34;-0.000105445;1554.41;
 200.462;0;-1088.09;
 180.001;0;-5.1462;
 123.001;0;-4.46196;
 235.999;0;6.62773;
 
13431
LOKI:
Q 6.12527e-06;1.33239;1.92792;-1.87753e-05;-0.986089;0.00581768;
Torque -0.00143337;3.10869;-2.17617;0.00513855;-0.0150069;-0.00194853;
MotorD 180;0;-0.955578;
 256.34;-3.26613e-05;1554.34;
 200.462;0;-1088.09;
 179.999;0;5.07511;
 123.001;0;-4.47558;
 235.999;0;6.64061;
 
13431
THOR:
Q 0.320621;1.76114;1.9505;1.61787e-05;-1.39243;0.319919;
Torque 0.279603;1.59792;-2.01684;-0.00440165;-1.23482;0.586858;
MotorD 198.37;0;186.402;
 280.906;-0.0290471;798.958;
 201.755;0;-1008.42;
 180.001;0;-4.3473;
 72.7246;0;-783.374;
 232.285;0;131.309;
 
13462
FRIGG:
Q 6.92422e-06;1.33239;1.92792;-1.87753e-05;-0.986089;0.00581768;
Torque -0.00169847;3.10887;-2.17626;0.00516916;-0.0148069;-0.00192215;
MotorD 180;0;-1.13232;
 256.34;-0.000203106;1554.44;
 200.462;0;-1088.13;
 179.999;0;5.10535;
 123.001;0;-4.41617;
 235.999;0;6.55189;
 
13462
ODIN:
Q 6.12527e-06;1.33239;1.92792;1.8975e-05;-0.986089;0.00581768;
Torque -0.001438;3.10881;-2.17616;-0.00517881;-0.0149088;-0.001939;
MotorD 180;0;-0.958666;
 256.34;-7.66237e-05;1554.4;
 200.462;0;-1088.08;
 180.001;0;-5.11487;
 123.001;0;-4.44455;
 235.999;0;6.59899;
 
13462
LOKI:
Q 5.85895e-06;1.33239;1.92792;-1.85755e-05;-0.986089;0.00581768;
Torque -0.00141813;3.10872;-2.17618;0.00509163;-0.0148975;-0.00193084;
MotorD 180;0;-0.945421;
 256.34;-0.000100238;1554.36;
 200.462;0;-1088.09;
 179.999;0;5.02877;
 123.001;0;-4.44492;
 235.999;0;6.5903;
 
13462
THOR:
Q 0.320663;1.76111;1.95053;1.5979e-05;-1.39246;0.319956;
Torque 0.269388;1.60449;-2.02629;-0.00436193;-1.21965;0.573683;
MotorD 198.373;0;179.592;
 280.904;-0.0286249;802.243;
 201.757;0;-1013.14;
 180.001;0;-4.30807;
 72.7197;0;-770.435;
 232.284;0;133.009;
 
13500
FRIGG:
Q 6.6579e-06;1.33239;1.92792;-1.85755e-05;-0.986089;0.00581776;
Torque -0.00164279;3.10887;-2.17623;0.00513208;-0.0147611;-0.00191666;
MotorD 180;0;-1.09519;
 256.34;-0.000136263;1554.43;
 200.462;0;-1088.11;
 179.999;0;5.06872;
 123.001;0;-4.40228;
 235.999;0;6.5319;
 
13500
ODIN:
Q 5.85895e-06;1.33239;1.92792;1.87753e-05;-0.986089;0.00581772;
Torque -0.00140098;3.10885;-2.17614;-0.00514875;-0.0148251;-0.00192827;
MotorD 180;0;-0.933986;
 256.34;-9.12325e-05;1554.42;
 200.462;0;-1088.07;
 180.001;0;-5.08519;
 123.001;0;-4.41951;
 235.999;0;6.56203;
 
13500
LOKI:
Q 5.59264e-06;1.33239;1.92792;-1.83758e-05;-0.986089;0.00581776;
Torque -0.00137419;3.10879;-2.17621;0.00505194;-0.0147498;-0.00191059;
MotorD 180;0;-0.916127;
 256.34;-0.000162922;1554.39;
 200.462;0;-1088.11;
 179.999;0;4.98957;
 123.001;0;-4.40146;
 235.999;0;6.52434;
 
13500
THOR:
Q 0.320702;1.76109;1.95057;1.5979e-05;-1.39249;0.319992;
Torque 0.259544;1.61096;-2.03554;-0.00432596;-1.2047;0.560789;
MotorD 198.375;0;173.03;
 280.903;-0.028196;805.478;
 201.759;0;-1017.77;
 180.001;0;-4.27256;
 72.7148;0;-757.734;
 232.283;0;134.635;
 
13546
FRIGG:
Q 6.39159e-06;1.33239;1.92792;-1.85755e-05;-0.986089;0.00581772;
Torque -0.00159438;3.10888;-2.17621;0.0050916;-0.0146611;-0.00190441;
MotorD 180;0;-1.06292;
 256.34;-0.000102019;1554.44;
 200.462;0;-1088.1;
 179.999;0;5.02874;
 123.001;0;-4.37204;
 235.999;0;6.48805;
 
13546
ODIN:
Q 5.59264e-06;1.33239;1.92792;1.87753e-05;-0.986089;0.00581772;
Torque -0.00136117;3.1089;-2.17616;-0.00511667;-0.0146912;-0.00191073;
MotorD 180;0;-0.907448;
 256.34;-0.000125322;1554.45;
 200.462;0;-1088.08;
 180.001;0;-5.0535;
 123.001;0;-4.37966;
 235.999;0;6.5027;
 
13547
LOKI:
Q 5.32632e-06;1.33239;1.92792;-1.83758e-05;-0.986089;0.00581772;
Torque -0.00132045;3.10887;-2.17626;0.0050167;-0.0146161;-0.00189306;
MotorD 180;0;-0.880298;
 256.34;-0.000193755;1554.43;
 200.462;0;-1088.13;
 179.999;0;4.95476;
 123.001;0;-4.36167;
 235.999;0;6.46507;
 
13547
THOR:
Q 0.320702;1.76109;1.95057;1.5979e-05;-1.39249;0.319992;
Torque 0.259544;1.61096;-2.03554;-0.00432596;-1.2047;0.560789;
MotorD 198.375;0;173.03;
 280.903;-0.028196;805.478;
 201.759;0;-1017.77;
 180.001;0;-4.27256;
 72.7148;0;-757.734;
 232.283;0;134.635;
 
13584
FRIGG:
Q 6.39159e-06;1.33239;1.92792;-1.85755e-05;-0.986089;0.00581772;
Torque -0.00159438;3.10888;-2.17621;0.0050916;-0.0146611;-0.00190441;
MotorD 180;0;-1.06292;
 256.34;-0.000102019;1554.44;
 200.462;0;-1088.1;
 179.999;0;5.02874;
 123.001;0;-4.37204;
 235.999;0;6.48805;
 
13584
ODIN:
Q 5.59264e-06;1.33239;1.92792;1.87753e-05;-0.986089;0.00581772;
Torque -0.00136117;3.1089;-2.17616;-0.00511667;-0.0146912;-0.00191073;
MotorD 180;0;-0.907448;
 256.34;-0.000125322;1554.45;
 200.462;0;-1088.08;
 180.001;0;-5.0535;
 123.001;0;-4.37966;
 235.999;0;6.5027;
 
13584
LOKI:
Q 5.32632e-06;1.33239;1.92792;-1.83758e-05;-0.986089;0.00581772;
Torque -0.00132045;3.10887;-2.17626;0.0050167;-0.0146161;-0.00189306;
MotorD 180;0;-0.880298;
 256.34;-0.000193755;1554.43;
 200.462;0;-1088.13;
 179.999;0;4.95476;
 123.001;0;-4.36167;
 235.999;0;6.46507;
 
13584
THOR:
Q 0.320741;1.76107;1.95061;1.57792e-05;-1.39252;0.320027;
Torque 0.250062;1.61734;-2.04459;-0.00429526;-1.18987;0.548169;
MotorD 198.377;0;166.708;
 280.902;-0.0277885;808.671;
 201.761;0;-1022.29;
 180.001;0;-4.24223;
 72.7101;0;-745.231;
 232.281;0;136.154;
 
13620
FRIGG:
Q 6.39159e-06;1.33239;1.92792;-1.83758e-05;-0.986089;0.00581768;
Torque -0.00154723;3.10892;-2.17621;0.00505031;-0.0145847;-0.00189551;
MotorD 180;0;-1.03149;
 256.34;-0.000102836;1554.46;
 200.462;0;-1088.1;
 179.999;0;4.98796;
 123.001;0;-4.34868;
 235.999;0;6.4548;
 
13620
ODIN:
Q 5.32632e-06;1.33239;1.92792;1.85755e-05;-0.986089;0.00581776;
Torque -0.00131256;3.10894;-2.17617;-0.00508076;-0.0146002;-0.00189941;
MotorD 180;0;-0.875042;
 256.34;-0.000154125;1554.47;
 200.462;0;-1088.09;
 180.001;0;-5.01804;
 123.001;0;-4.35224;
 235.999;0;6.4627;
 
13620
LOKI:
Q 5.32632e-06;1.33239;1.92792;-1.81761e-05;-0.986089;0.00581768;
Torque -0.00126087;3.1089;-2.17626;0.00498326;-0.0144999;-0.00187852;
MotorD 180;0;-0.840583;
 256.34;-0.000189078;1554.45;
 200.462;0;-1088.13;
 179.999;0;4.92173;
 123.001;0;-4.32671;
 235.999;0;6.41395;
 
13620
THOR:
Q 0.320778;1.76104;1.95064;1.55795e-05;-1.39255;0.320062;
Torque 0.240922;1.62365;-2.05346;-0.00426766;-1.17525;0.535829;
MotorD 198.379;0;160.615;
 280.9;-0.0274105;811.823;
 201.763;0;-1026.73;
 180.001;0;-4.21497;
 72.7054;0;-732.962;
 232.28;0;137.597;
 
13661
FRIGG:
Q 6.12527e-06;1.33239;1.92792;-1.81761e-05;-0.986089;0.00581776;
Torque -0.00150256;3.10893;-2.17622;0.00501021;-0.0144584;-0.0018797;
MotorD 180;0;-1.0017;
 256.34;-0.000122056;1554.46;
 200.462;0;-1088.11;
 179.999;0;4.94835;
 123.001;0;-4.3107;
 235.999;0;6.39925;
 
13661
ODIN:
Q 5.06001e-06;1.33239;1.92792;1.85755e-05;-0.986089;0.00581772;
Torque -0.00126064;3.10898;-2.17621;-0.00504193;-0.014476;-0.00188344;
MotorD 180;0;-0.840425;
 256.34;-0.000166586;1554.49;
 200.462;0;-1088.11;
 180.001;0;-4.97968;
 123.001;0;-4.31513;
 235.999;0;6.40784;
 
13661
LOKI:
Q 5.06001e-06;1.33239;1.92792;-1.79763e-05;-0.986089;0.00581772;
Torque -0.00120493;3.10892;-2.17628;0.00494906;-0.0144328;-0.00187063;
MotorD 180;0;-0.803286;
 256.34;-0.000166157;1554.46;
 200.462;0;-1088.14;
 179.999;0;4.88796;
 123.001;0;-4.30623;
 235.999;0;6.3847;
 
13661
THOR:
Q 0.320813;1.76102;1.95067;1.55795e-05;-1.39258;0.320097;
Torque 0.232105;1.62986;-2.06217;-0.00424092;-1.16076;0.523735;
MotorD 198.381;0;154.737;
 280.899;-0.027055;814.932;
 201.765;0;-1031.08;
 180.001;0;-4.18856;
 72.7008;0;-720.877;
 232.279;0;138.949;
 
13695
FRIGG:
Q 5.85895e-06;1.33239;1.92792;-1.81761e-05;-0.986089;0.00581776;
Torque -0.0014569;3.10897;-2.17623;0.00497213;-0.0143706;-0.0018686;
MotorD 180;0;-0.971268;
 256.34;-0.000143553;1554.48;
 200.462;0;-1088.12;
 179.999;0;4.91075;
 123.001;0;-4.28432;
 235.999;0;6.36054;
 
13695
ODIN:
Q 5.06001e-06;1.33239;1.92792;1.83758e-05;-0.986089;0.00581776;
Torque -0.00120725;3.10901;-2.17621;-0.00500205;-0.0143596;-0.00186856;
MotorD 180;0;-0.804833;
 256.34;-0.000162914;1554.51;
 200.462;0;-1088.11;
 180.001;0;-4.94029;
 123.001;0;-4.28029;
 235.999;0;6.35646;
 
13695
LOKI:
Q 4.79369e-06;1.33239;1.92792;-1.79763e-05;-0.986089;0.00581768;
Torque -0.00115385;3.10894;-2.17627;0.00491337;-0.0143276;-0.0018579;
MotorD 180;0;-0.76923;
 256.34;-0.000140752;1554.47;
 200.462;0;-1088.13;
 179.999;0;4.85271;
 123.001;0;-4.27435;
 235.999;0;6.33868;
 
13695
THOR:
Q 0.320848;1.76099;1.95071;1.53798e-05;-1.39261;0.32013;
Torque 0.223634;1.63602;-2.07072;-0.00421342;-1.14643;0.511934;
MotorD 198.383;0;149.089;
 280.898;-0.0267056;818.011;
 201.767;0;-1035.36;
 180.001;0;-4.1614;
 72.6963;0;-709.013;
 232.277;0;140.197;
 
13734
FRIGG:
Q 5.59264e-06;1.33239;1.92792;-1.79763e-05;-0.986089;0.00581776;
Torque -0.00140961;3.10901;-2.17624;0.00493583;-0.0142469;-0.00185295;
MotorD 180;0;-0.939743;
 256.34;-0.000155609;1554.5;
 200.462;0;-1088.12;
 179.999;0;4.87489;
 123.001;0;-4.24723;
 235.999;0;6.30606;
 
13734
ODIN:
Q 4.79369e-06;1.33239;1.92792;1.81761e-05;-0.986089;0.00581776;
Torque -0.00115493;3.10904;-2.17621;-0.00496281;-0.0142879;-0.00186009;
MotorD 180;0;-0.769957;
 256.34;-0.000151186;1554.52;
 200.462;0;-1088.1;
 180.001;0;-4.90154;
 123.001;0;-4.25842;
 235.999;0;6.32518;
 
13734
LOKI:
Q 4.52737e-06;1.33239;1.92792;-1.77766e-05;-0.98609;0.00581768;
Torque -0.0011068;3.10896;-2.17626;0.00487656;-0.0142577;-0.00184987;
MotorD 180;0;-0.737869;
 256.34;-0.00012497;1554.48;
 200.462;0;-1088.13;
 179.999;0;4.81635;
 123.001;0;-4.25294;
 235.999;0;6.30835;
 
13734
THOR:
Q 0.320848;1.76099;1.95071;1.53798e-05;-1.39261;0.32013;
Torque 0.223634;1.63602;-2.07072;-0.00421342;-1.14643;0.511934;
MotorD 198.383;0;149.089;
 280.898;-0.0267056;818.011;
 201.767;0;-1035.36;
 180.001;0;-4.1614;
 72.6963;0;-709.013;
 232.277;0;140.197;
 
13772
FRIGG:
Q 5.59264e-06;1.33239;1.92792;-1.79763e-05;-0.986089;0.00581776;
Torque -0.00140961;3.10901;-2.17624;0.00493583;-0.0142469;-0.00185295;
MotorD 180;0;-0.939743;
 256.34;-0.000155609;1554.5;
 200.462;0;-1088.12;
 179.999;0;4.87489;
 123.001;0;-4.24723;
 235.999;0;6.30606;
 
13772
ODIN:
Q 4.79369e-06;1.33239;1.92792;1.81761e-05;-0.986089;0.00581776;
Torque -0.00115493;3.10904;-2.17621;-0.00496281;-0.0142879;-0.00186009;
MotorD 180;0;-0.769957;
 256.34;-0.000151186;1554.52;
 200.462;0;-1088.1;
 180.001;0;-4.90154;
 123.001;0;-4.25842;
 235.999;0;6.32518;
 
13772
LOKI:
Q 4.52737e-06;1.33239;1.92792;-1.77766e-05;-0.98609;0.00581768;
Torque -0.0011068;3.10896;-2.17626;0.00487656;-0.0142577;-0.00184987;
MotorD 180;0;-0.737869;
 256.34;-0.00012497;1554.48;
 200.462;0;-1088.13;
 179.999;0;4.81635;
 123.001;0;-4.25294;
 235.999;0;6.30835;
 
13772
THOR:
Q 0.320881;1.76097;1.95074;1.53798e-05;-1.39264;0.320163;
Torque 0.215445;1.64209;-2.07909;-0.00418424;-1.13231;0.500359;
MotorD 198.385;0;143.63;
 280.896;-0.0263656;821.044;
 201.769;0;-1039.54;
 180.001;0;-4.13259;
 72.6919;0;-697.353;
 232.276;0;141.399;
 
13809
FRIGG:
Q 5.59264e-06;1.33239;1.92792;-1.77766e-05;-0.98609;0.00581768;
Torque -0.00136274;3.10907;-2.17624;0.00490044;-0.0141689;-0.00184343;
MotorD 180;0;-0.908492;
 256.34;-0.000155409;1554.54;
 200.462;0;-1088.12;
 179.999;0;4.83994;
 123.001;0;-4.22361;
 235.999;0;6.27187;
 
13809
ODIN:
Q 4.52737e-06;1.33239;1.92792;1.79763e-05;-0.98609;0.00581768;
Torque -0.0011067;3.10906;-2.1762;-0.00492512;-0.0141761;-0.00184606;
MotorD 180;0;-0.7378;
 256.34;-0.000138817;1554.53;
 200.462;0;-1088.1;
 180.001;0;-4.86432;
 123.001;0;-4.22481;
 235.999;0;6.27599;
 
13809
LOKI:
Q 4.52737e-06;1.33239;1.92792;-1.75769e-05;-0.98609;0.00581768;
Torque -0.00106358;3.10899;-2.17626;0.00483928;-0.0141424;-0.00183561;
MotorD 180;0;-0.709055;
 256.34;-0.000121115;1554.5;
 200.462;0;-1088.13;
 179.999;0;4.77953;
 123.001;0;-4.21813;
 235.999;0;6.25769;
 
13809
THOR:
Q 0.320912;1.76095;1.95077;1.518e-05;-1.39266;0.320195;
Torque 0.207552;1.64809;-2.0873;-0.00415411;-1.11834;0.489021;
MotorD 198.387;0;138.368;
 280.895;-0.0260265;824.045;
 201.771;0;-1043.65;
 180.001;0;-4.10283;
 72.6875;0;-685.877;
 232.275;0;142.52;
 
13848
FRIGG:
Q 5.32632e-06;1.33239;1.92792;-1.77766e-05;-0.98609;0.00581776;
Torque -0.0013152;3.1091;-2.17624;0.00486524;-0.0140545;-0.0018294;
MotorD 180;0;-0.876797;
 256.34;-0.00014717;1554.55;
 200.462;0;-1088.12;
 179.999;0;4.80518;
 123.001;0;-4.18904;
 235.999;0;6.2217;
 
13848
ODIN:
Q 4.52737e-06;1.33239;1.92792;1.79763e-05;-0.98609;0.00581776;
Torque -0.00106029;3.10909;-2.1762;-0.00488883;-0.0141023;-0.0018375;
MotorD 180;0;-0.706859;
 256.34;-0.000130954;1554.55;
 200.462;0;-1088.1;
 180.001;0;-4.82848;
 123.001;0;-4.20223;
 235.999;0;6.2439;
 
13848
LOKI:
Q 4.26106e-06;1.33239;1.92792;-1.75769e-05;-0.98609;0.00581776;
Torque -0.00102006;3.10902;-2.17626;0.00480251;-0.014063;-0.00182631;
MotorD 180;0;-0.680039;
 256.34;-0.000125467;1554.51;
 200.462;0;-1088.13;
 179.999;0;4.74322;
 123.001;0;-4.19391;
 235.999;0;6.22314;
 
13848
THOR:
Q 0.320943;1.76093;1.9508;1.518e-05;-1.39269;0.320226;
Torque 0.199973;1.65399;-2.09531;-0.00412358;-1.10455;0.477964;
MotorD 198.389;0;133.316;
 280.894;-0.0256699;826.994;
 201.773;0;-1047.66;
 180.001;0;-4.07267;
 72.6832;0;-674.627;
 232.274;0;143.556;
 
13891
FRIGG:
Q 5.06001e-06;1.33239;1.92792;-1.75769e-05;-0.98609;0.00581772;
Torque -0.00127295;3.10913;-2.17623;0.00482979;-0.013982;-0.00182059;
MotorD 180;0;-0.848633;
 256.34;-0.000136918;1554.56;
 200.462;0;-1088.12;
 179.999;0;4.77016;
 123.001;0;-4.16709;
 235.999;0;6.18996;
 
13891
ODIN:
Q 4.26106e-06;1.33239;1.92792;1.77766e-05;-0.98609;0.00581776;
Torque -0.00101994;3.10912;-2.1762;-0.00485355;-0.0140261;-0.00182836;
MotorD 180;0;-0.679957;
 256.34;-0.000128105;1554.56;
 200.462;0;-1088.1;
 180.001;0;-4.79363;
 123.001;0;-4.17908;
 235.999;0;6.21059;
 
13891
LOKI:
Q 3.99474e-06;1.33239;1.92792;-1.73771e-05;-0.98609;0.00581776;
Torque -0.000980265;3.10906;-2.17627;0.00476635;-0.0139419;-0.00181088;
MotorD 180;0;-0.65351;
 256.34;-0.000131835;1554.53;
 200.462;0;-1088.13;
 179.999;0;4.7075;
 123.001;0;-4.15762;
 235.999;0;6.16971;
 
13891
THOR:
Q 0.320943;1.76093;1.9508;1.518e-05;-1.39269;0.320226;
Torque 0.199973;1.65399;-2.09531;-0.00412358;-1.10455;0.477964;
MotorD 198.389;0;133.316;
 280.894;-0.0256699;826.994;
 201.773;0;-1047.66;
 180.001;0;-4.07267;
 72.6832;0;-674.627;
 232.274;0;143.556;
 
13929
FRIGG:
Q 5.06001e-06;1.33239;1.92792;-1.73771e-05;-0.98609;0.00581776;
Torque -0.00123254;3.10916;-2.17623;0.0047941;-0.0139075;-0.00181137;
MotorD 180;0;-0.821692;
 256.34;-0.000129471;1554.58;
 200.462;0;-1088.12;
 179.999;0;4.73492;
 123.001;0;-4.1446;
 235.999;0;6.15723;
 
13929
ODIN:
Q 4.26106e-06;1.33239;1.92792;1.77766e-05;-0.98609;0.00581776;
Torque -0.00101994;3.10912;-2.1762;-0.00485355;-0.0140261;-0.00182836;
MotorD 180;0;-0.679957;
 256.34;-0.000128105;1554.56;
 200.462;0;-1088.1;
 180.001;0;-4.79363;
 123.001;0;-4.17908;
 235.999;0;6.21059;
 
13929
LOKI:
Q 3.99474e-06;1.33239;1.92792;-1.73771e-05;-0.98609;0.00581776;
Torque -0.000980265;3.10906;-2.17627;0.00476635;-0.0139419;-0.00181088;
MotorD 180;0;-0.65351;
 256.34;-0.000131835;1554.53;
 200.462;0;-1088.13;
 179.999;0;4.7075;
 123.001;0;-4.15762;
 235.999;0;6.16971;
 
13929
THOR:
Q 0.320972;1.7609;1.95083;1.49803e-05;-1.39272;0.320257;
Torque 0.19267;1.65979;-2.10318;-0.00409335;-1.09089;0.467148;
MotorD 198.39;0;128.447;
 280.892;-0.025322;829.896;
 201.775;0;-1051.59;
 180.001;0;-4.04282;
 72.679;0;-663.56;
 232.273;0;144.506;
 
13966
FRIGG:
Q 5.06001e-06;1.33239;1.92792;-1.73771e-05;-0.98609;0.00581776;
Torque -0.00123254;3.10916;-2.17623;0.0047941;-0.0139075;-0.00181137;
MotorD 180;0;-0.821692;
 256.34;-0.000129471;1554.58;
 200.462;0;-1088.12;
 179.999;0;4.73492;
 123.001;0;-4.1446;
 235.999;0;6.15723;
 
13966
ODIN:
Q 3.99474e-06;1.33239;1.92792;1.75769e-05;-0.98609;0.00581776;
Torque -0.000980786;3.10916;-2.1762;-0.00481851;-0.0139082;-0.00181348;
MotorD 180;0;-0.653858;
 256.34;-0.000128641;1554.58;
 200.462;0;-1088.1;
 180.001;0;-4.75902;
 123.001;0;-4.14371;
 235.999;0;6.15869;
 
13966
LOKI:
Q 3.99474e-06;1.33239;1.92792;-1.71774e-05;-0.98609;0.00581768;
Torque -0.000940482;3.10909;-2.17627;0.00473096;-0.0138625;-0.00180132;
MotorD 180;0;-0.626988;
 256.34;-0.000135689;1554.55;
 200.462;0;-1088.13;
 179.999;0;4.67255;
 123.001;0;-4.13354;
 235.999;0;6.135;
 
13966
THOR:
Q 0.321001;1.76088;1.95086;1.49803e-05;-1.39275;0.320287;
Torque 0.185623;1.66554;-2.1109;-0.00406391;-1.07737;0.45654;
MotorD 198.392;0;123.748;
 280.891;-0.0249841;832.768;
 201.776;0;-1055.45;
 180.001;0;-4.01374;
 72.6749;0;-652.66;
 232.272;0;145.394;
 
14008
FRIGG:
Q 4.79369e-06;1.33239;1.92792;-1.73771e-05;-0.98609;0.00581772;
Torque -0.00119339;3.10919;-2.17623;0.0047584;-0.0137917;-0.00179693;
MotorD 180;0;-0.795596;
 256.34;-0.000126392;1554.59;
 200.462;0;-1088.11;
 179.999;0;4.69966;
 123.001;0;-4.10974;
 235.999;0;6.10633;
 
14009
ODIN:
Q 3.99474e-06;1.33239;1.92792;1.75769e-05;-0.98609;0.00581768;
Torque -0.000941755;3.10919;-2.1762;-0.00478331;-0.0138297;-0.00180374;
MotorD 180;0;-0.627836;
 256.34;-0.000130232;1554.59;
 200.462;0;-1088.1;
 180.001;0;-4.72426;
 123.001;0;-4.12004;
 235.999;0;6.12419;
 
14009
LOKI:
Q 3.72843e-06;1.33239;1.92792;-1.71774e-05;-0.98609;0.00581772;
Torque -0.000900655;3.10913;-2.17627;0.00469619;-0.0137847;-0.00179191;
MotorD 180;0;-0.600437;
 256.34;-0.000135426;1554.56;
 200.462;0;-1088.14;
 179.999;0;4.63821;
 123.001;0;-4.10994;
 235.999;0;6.10096;
 
14009
THOR:
Q 0.321028;1.76086;1.95089;1.47805e-05;-1.39277;0.320317;
Torque 0.178843;1.67122;-2.11845;-0.00403528;-1.0641;0.446178;
MotorD 198.394;0;119.229;
 280.89;-0.024643;835.608;
 201.778;0;-1059.22;
 180.001;0;-3.98546;
 72.6709;0;-641.989;
 232.271;0;146.235;
 
14045
FRIGG:
Q 4.79369e-06;1.33239;1.92792;-1.71774e-05;-0.98609;0.00581776;
Torque -0.00115548;3.10922;-2.17626;0.00472294;-0.0137141;-0.00178761;
MotorD 180;0;-0.77032;
 256.34;-0.000127002;1554.61;
 200.462;0;-1088.13;
 179.999;0;4.66463;
 123.001;0;-4.08616;
 235.999;0;6.0724;
 
14045
ODIN:
Q 3.72843e-06;1.33239;1.92792;1.73771e-05;-0.98609;0.00581776;
Torque -0.00090298;3.10922;-2.17623;-0.00474793;-0.0137513;-0.00179427;
MotorD 180;0;-0.601986;
 256.34;-0.000131013;1554.61;
 200.462;0;-1088.12;
 180.001;0;-4.68931;
 123.001;0;-4.09626;
 235.999;0;6.08989;
 
14045
LOKI:
Q 3.72843e-06;1.33239;1.92792;-1.69777e-05;-0.98609;0.00581768;
Torque -0.000861624;3.10916;-2.17627;0.00466178;-0.0136685;-0.00177746;
MotorD 180;0;-0.574416;
 256.34;-0.000132111;1554.58;
 200.462;0;-1088.13;
 179.999;0;4.60423;
 123.001;0;-4.07494;
 235.999;0;6.0499;
 
14045
THOR:
Q 0.321055;1.76084;1.95092;1.47805e-05;-1.3928;0.320346;
Torque 0.172313;1.67681;-2.12586;-0.00400687;-1.0509;0.436042;
MotorD 198.395;0;114.875;
 280.889;-0.0243149;838.403;
 201.78;0;-1062.93;
 180.001;0;-3.95741;
 72.6669;0;-631.47;
 232.27;0;146.978;
 
14083
FRIGG:
Q 4.52737e-06;1.33239;1.92792;-1.69777e-05;-0.98609;0.00581772;
Torque -0.00111975;3.10922;-2.17626;0.00468783;-0.0136358;-0.00177807;
MotorD 180;0;-0.746499;
 256.34;-0.000127732;1554.61;
 200.462;0;-1088.13;
 179.999;0;4.62996;
 123.001;0;-4.06248;
 235.999;0;6.03811;
 
14083
ODIN:
Q 3.72843e-06;1.33239;1.92792;1.73771e-05;-0.98609;0.00581772;
Torque -0.000865954;3.10925;-2.17623;-0.00471258;-0.013634;-0.00177932;
MotorD 180;0;-0.577303;
 256.34;-0.00012984;1554.63;
 200.462;0;-1088.12;
 180.001;0;-4.6544;
 123.001;0;-4.06111;
 235.999;0;6.03813;
 
14083
LOKI:
Q 3.46211e-06;1.33239;1.92792;-1.67779e-05;-0.986091;0.00581776;
Torque -0.000825124;3.10919;-2.1763;0.00462741;-0.0135929;-0.00176831;
MotorD 180;0;-0.550083;
 256.34;-0.000127647;1554.59;
 200.462;0;-1088.15;
 179.999;0;4.57028;
 123.001;0;-4.05201;
 235.999;0;6.0168;
 
14083
THOR:
Q 0.321055;1.76084;1.95092;1.47805e-05;-1.3928;0.320346;
Torque 0.172313;1.67681;-2.12586;-0.00400687;-1.0509;0.436042;
MotorD 198.395;0;114.875;
 280.889;-0.0243149;838.403;
 201.78;0;-1062.93;
 180.001;0;-3.95741;
 72.6669;0;-631.47;
 232.27;0;146.978;
 
14118
FRIGG:
Q 4.52737e-06;1.33239;1.92792;-1.69777e-05;-0.98609;0.00581772;
Torque -0.00111975;3.10922;-2.17626;0.00468783;-0.0136358;-0.00177807;
MotorD 180;0;-0.746499;
 256.34;-0.000127732;1554.61;
 200.462;0;-1088.13;
 179.999;0;4.62996;
 123.001;0;-4.06248;
 235.999;0;6.03811;
 
14118
ODIN:
Q 3.72843e-06;1.33239;1.92792;1.73771e-05;-0.98609;0.00581772;
Torque -0.000865954;3.10925;-2.17623;-0.00471258;-0.013634;-0.00177932;
MotorD 180;0;-0.577303;
 256.34;-0.00012984;1554.63;
 200.462;0;-1088.12;
 180.001;0;-4.6544;
 123.001;0;-4.06111;
 235.999;0;6.03813;
 
14118
LOKI:
Q 3.46211e-06;1.33239;1.92792;-1.67779e-05;-0.986091;0.00581776;
Torque -0.000825124;3.10919;-2.1763;0.00462741;-0.0135929;-0.00176831;
MotorD 180;0;-0.550083;
 256.34;-0.000127647;1554.59;
 200.462;0;-1088.15;
 179.999;0;4.57028;
 123.001;0;-4.05201;
 235.999;0;6.0168;
 
14118
THOR:
Q 0.32108;1.76082;1.95095;1.45808e-05;-1.39282;0.320374;
Torque 0.166007;1.68234;-2.13312;-0.00397855;-1.03794;0.426098;
MotorD 198.397;0;110.671;
 280.887;-0.0239983;841.169;
 201.781;0;-1066.56;
 180.001;0;-3.92943;
 72.663;0;-621.143;
 232.269;0;147.701;
 
14158
FRIGG:
Q 4.52737e-06;1.33239;1.92792;-1.69777e-05;-0.986091;0.00581776;
Torque -0.00108476;3.10925;-2.17626;0.00465311;-0.0135574;-0.00176833;
MotorD 180;0;-0.723173;
 256.34;-0.000128095;1554.63;
 200.462;0;-1088.13;
 179.999;0;4.59566;
 123.001;0;-4.03886;
 235.999;0;6.00368;
 
14159
ODIN:
Q 3.46211e-06;1.33239;1.92792;1.71774e-05;-0.986091;0.00581776;
Torque -0.000829805;3.10928;-2.17623;-0.00467741;-0.0135571;-0.00176982;
MotorD 180;0;-0.553203;
 256.34;-0.000127537;1554.64;
 200.462;0;-1088.12;
 180.001;0;-4.61966;
 123.001;0;-4.03791;
 235.999;0;6.00438;
 
14159
LOKI:
Q 3.19579e-06;1.33239;1.92792;-1.67779e-05;-0.986091;0.00581768;
Torque -0.000789935;3.10922;-2.1763;0.00459312;-0.013517;-0.00175894;
MotorD 180;0;-0.526623;
 256.34;-0.000123531;1554.61;
 200.462;0;-1088.15;
 179.999;0;4.53642;
 123.001;0;-4.02911;
 235.999;0;5.98349;
 
14159
THOR:
Q 0.321105;1.7608;1.95098;1.45808e-05;-1.39285;0.320402;
Torque 0.159939;1.68777;-2.14021;-0.00395046;-1.02505;0.416398;
MotorD 198.398;0;106.626;
 280.886;-0.0236757;843.884;
 201.783;0;-1070.11;
 180.001;0;-3.90168;
 72.6591;0;-610.981;
 232.268;0;148.317;
 
14192
FRIGG:
Q 4.26106e-06;1.33239;1.92792;-1.67779e-05;-0.986091;0.00581772;
Torque -0.0010502;3.10928;-2.17626;0.00461883;-0.01344;-0.00175352;
MotorD 180;0;-0.700131;
 256.34;-0.0001271;1554.64;
 200.462;0;-1088.13;
 179.999;0;4.5618;
 123.001;0;-4.00361;
 235.999;0;5.95197;
 
14192
ODIN:
Q 3.46211e-06;1.33239;1.92792;1.69777e-05;-0.986091;0.00581772;
Torque -0.000794407;3.10931;-2.17623;-0.00464263;-0.0134805;-0.00176047;
MotorD 180;0;-0.529605;
 256.34;-0.00012489;1554.66;
 200.462;0;-1088.12;
 180.001;0;-4.58531;
 123.001;0;-4.01473;
 235.999;0;5.97081;
 
14192
LOKI:
Q 3.19579e-06;1.33239;1.92792;-1.65782e-05;-0.986091;0.00581772;
Torque -0.000755598;3.10925;-2.1763;0.00455909;-0.0134402;-0.00174975;
MotorD 180;0;-0.503732;
 256.34;-0.000120995;1554.62;
 200.462;0;-1088.15;
 179.999;0;4.5028;
 123.001;0;-4.00575;
 235.999;0;5.94991;
 
14192
THOR:
Q 0.321128;1.76078;1.951;1.43811e-05;-1.39287;0.32043;
Torque 0.154097;1.69314;-2.14719;-0.00392218;-1.01234;0.40692;
MotorD 198.399;0;102.732;
 280.885;-0.0233587;846.569;
 201.784;0;-1073.59;
 180.001;0;-3.87376;
 72.6554;0;-601.008;
 232.267;0;148.874;
 
14225
FRIGG:
Q 4.26106e-06;1.33239;1.92792;-1.67779e-05;-0.986091;0.00581776;
Torque -0.00101776;3.10931;-2.17626;0.00458482;-0.0133632;-0.00174397;
MotorD 180;0;-0.678509;
 256.34;-0.000125021;1554.66;
 200.462;0;-1088.13;
 179.999;0;4.52821;
 123.001;0;-3.98045;
 235.999;0;5.9182;
 
14225
ODIN:
Q 3.19579e-06;1.33239;1.92792;1.69777e-05;-0.986091;0.00581776;
Torque -0.000761556;3.10934;-2.17623;-0.00460827;-0.0134038;-0.00175117;
MotorD 180;0;-0.507704;
 256.34;-0.00012219;1554.67;
 200.462;0;-1088.12;
 180.001;0;-4.55138;
 123.001;0;-3.99149;
 235.999;0;5.93722;
 
14225
LOKI:
Q 2.92948e-06;1.33239;1.92792;-1.63784e-05;-0.986091;0.00581776;
Torque -0.000723568;3.10928;-2.1763;0.00452516;-0.0133628;-0.00174033;
MotorD 180;0;-0.482378;
 256.34;-0.000119688;1554.64;
 200.462;0;-1088.15;
 179.999;0;4.46929;
 123.001;0;-3.98233;
 235.999;0;5.91603;
 
14225
THOR:
Q 0.321151;1.76076;1.95103;1.43811e-05;-1.3929;0.320456;
Torque 0.148461;1.69845;-2.15401;-0.00389389;-0.999784;0.397628;
MotorD 198.401;0;98.9738;
 280.884;-0.0230513;849.225;
 201.786;0;-1077.01;
 180.001;0;-3.84582;
 72.6517;0;-591.195;
 232.266;0;149.386;
 
14261
FRIGG:
Q 3.99474e-06;1.33239;1.92792;-1.65782e-05;-0.986091;0.00581772;
Torque -0.000986522;3.10934;-2.17626;0.00455102;-0.0132863;-0.00173444;
MotorD 180;0;-0.657682;
 256.34;-0.000122376;1554.67;
 200.462;0;-1088.13;
 179.999;0;4.49484;
 123.001;0;-3.95727;
 235.999;0;5.88442;
 
14261
ODIN:
Q 3.19579e-06;1.33239;1.92792;1.67779e-05;-0.986091;0.00581768;
Torque -0.000730112;3.10938;-2.17623;-0.00457427;-0.0133266;-0.0017416;
MotorD 180;0;-0.486742;
 256.34;-0.000120082;1554.69;
 200.462;0;-1088.12;
 180.001;0;-4.5178;
 123.001;0;-3.96824;
 235.999;0;5.90335;
 
14261
LOKI:
Q 2.92948e-06;1.33239;1.92792;-1.63784e-05;-0.986091;0.00581776;
Torque -0.000692724;3.10931;-2.1763;0.00449148;-0.0132451;-0.00172533;
MotorD 180;0;-0.461816;
 256.34;-0.000119512;1554.66;
 200.462;0;-1088.15;
 179.999;0;4.43603;
 123.001;0;-3.94706;
 235.999;0;5.86409;
 
14261
THOR:
Q 0.321173;1.76074;1.95106;1.41813e-05;-1.39292;0.320482;
Torque 0.143035;1.7037;-2.16071;-0.00386588;-0.987388;0.388529;
MotorD 198.402;0;95.3569;
 280.883;-0.0227446;851.848;
 201.787;0;-1080.36;
 180.001;0;-3.81816;
 72.648;0;-581.549;
 232.265;0;149.85;
 
14303
FRIGG:
Q 3.99474e-06;1.33239;1.92792;-1.63784e-05;-0.986091;0.00581776;
Torque -0.000955887;3.10938;-2.17626;0.00451744;-0.0132095;-0.00172519;
MotorD 180;0;-0.637258;
 256.34;-0.000119783;1554.69;
 200.462;0;-1088.13;
 179.999;0;4.46167;
 123.001;0;-3.93397;
 235.999;0;5.85085;
 
14303
ODIN:
Q 2.92948e-06;1.33239;1.92792;1.65782e-05;-0.986091;0.00581776;
Torque -0.000699351;3.10941;-2.17623;-0.00454054;-0.0132093;-0.00172674;
MotorD 180;0;-0.466234;
 256.34;-0.000118454;1554.7;
 200.462;0;-1088.12;
 180.001;0;-4.48448;
 123.001;0;-3.93303;
 235.999;0;5.85163;
 
14303
LOKI:
Q 2.92948e-06;1.33239;1.92792;-1.61787e-05;-0.986091;0.00581768;
Torque -0.000662377;3.10931;-2.1763;0.00445816;-0.0131677;-0.001716;
MotorD 180;0;-0.441585;
 256.34;-0.000118973;1554.66;
 200.462;0;-1088.15;
 179.999;0;4.40312;
 123.001;0;-3.92361;
 235.999;0;5.83028;
 
14303
THOR:
Q 0.321173;1.76074;1.95106;1.41813e-05;-1.39292;0.320482;
Torque 0.143035;1.7037;-2.16071;-0.00386588;-0.987388;0.388529;
MotorD 198.402;0;95.3569;
 280.883;-0.0227446;851.848;
 201.787;0;-1080.36;
 180.001;0;-3.81816;
 72.648;0;-581.549;
 232.265;0;149.85;
 
14340
FRIGG:
Q 3.99474e-06;1.33239;1.92792;-1.63784e-05;-0.986091;0.00581776;
Torque -0.000955887;3.10938;-2.17626;0.00451744;-0.0132095;-0.00172519;
MotorD 180;0;-0.637258;
 256.34;-0.000119783;1554.69;
 200.462;0;-1088.13;
 179.999;0;4.46167;
 123.001;0;-3.93397;
 235.999;0;5.85085;
 
14340
ODIN:
Q 2.92948e-06;1.33239;1.92792;1.65782e-05;-0.986091;0.00581776;
Torque -0.000699351;3.10941;-2.17623;-0.00454054;-0.0132093;-0.00172674;
MotorD 180;0;-0.466234;
 256.34;-0.000118454;1554.7;
 200.462;0;-1088.12;
 180.001;0;-4.48448;
 123.001;0;-3.93303;
 235.999;0;5.85163;
 
14340
LOKI:
Q 2.92948e-06;1.33239;1.92792;-1.61787e-05;-0.986091;0.00581768;
Torque -0.000662377;3.10931;-2.1763;0.00445816;-0.0131677;-0.001716;
MotorD 180;0;-0.441585;
 256.34;-0.000118973;1554.66;
 200.462;0;-1088.15;
 179.999;0;4.40312;
 123.001;0;-3.92361;
 235.999;0;5.83028;
 
14340
THOR:
Q 0.321194;1.76072;1.95108;1.41813e-05;-1.39295;0.320508;
Torque 0.137802;1.70885;-2.16726;-0.00383812;-0.975152;0.379627;
MotorD 198.403;0;91.8677;
 280.882;-0.0224412;854.424;
 201.789;0;-1083.63;
 180.001;0;-3.79073;
 72.6445;0;-572.071;
 232.264;0;150.263;
 
14376
FRIGG:
Q 3.72843e-06;1.33239;1.92792;-1.63784e-05;-0.986091;0.00581772;
Torque -0.000926058;3.10941;-2.17626;0.00448407;-0.0131323;-0.00171553;
MotorD 180;0;-0.617372;
 256.34;-0.000117627;1554.7;
 200.462;0;-1088.13;
 179.999;0;4.42871;
 123.001;0;-3.91076;
 235.999;0;5.8169;
 
14376
ODIN:
Q 2.92948e-06;1.33239;1.92792;1.65782e-05;-0.986091;0.00581772;
Torque -0.000669316;3.10944;-2.17623;-0.00450703;-0.0131322;-0.00171727;
MotorD 180;0;-0.446211;
 256.34;-0.000117503;1554.72;
 200.462;0;-1088.12;
 180.001;0;-4.45138;
 123.001;0;-3.90973;
 235.999;0;5.8178;
 
14376
LOKI:
Q 2.66316e-06;1.33239;1.92792;-1.61787e-05;-0.986091;0.00581772;
Torque -0.000632688;3.10934;-2.1763;0.00442515;-0.0130905;-0.00170651;
MotorD 180;0;-0.421792;
 256.34;-0.000117605;1554.67;
 200.462;0;-1088.15;
 179.999;0;4.37052;
 123.001;0;-3.90027;
 235.999;0;5.79639;
 
14376
THOR:
Q 0.321214;1.7607;1.95111;1.39816e-05;-1.39297;0.320533;
Torque 0.132774;1.71394;-2.17368;-0.00381053;-0.963015;0.370952;
MotorD 198.404;0;88.516;
 280.88;-0.0221404;856.969;
 201.79;0;-1086.84;
 180.001;0;-3.76349;
 72.6409;0;-562.757;
 232.263;0;150.588;
 
14414
FRIGG:
Q 3.72843e-06;1.33239;1.92792;-1.61787e-05;-0.986091;0.00581776;
Torque -0.00089795;3.10944;-2.17626;0.00445091;-0.013055;-0.00170598;
MotorD 180;0;-0.598633;
 256.34;-0.000116029;1554.72;
 200.462;0;-1088.13;
 179.999;0;4.39596;
 123.001;0;-3.88741;
 235.999;0;5.78294;
 
14414
ODIN:
Q 2.66316e-06;1.33239;1.92792;1.63784e-05;-0.986091;0.00581776;
Torque -0.000640816;3.10944;-2.17623;-0.00447371;-0.0130547;-0.00170749;
MotorD 180;0;-0.427211;
 256.34;-0.0001167;1554.72;
 200.462;0;-1088.12;
 180.001;0;-4.41848;
 123.001;0;-3.88645;
 235.999;0;5.78366;
 
14414
LOKI:
Q 2.66316e-06;1.33239;1.92792;-1.5979e-05;-0.986091;0.00581776;
Torque -0.000604489;3.10937;-2.1763;0.00439238;-0.0130132;-0.00169695;
MotorD 180;0;-0.402993;
 256.34;-0.000115861;1554.69;
 200.462;0;-1088.15;
 179.999;0;4.33815;
 123.001;0;-3.87694;
 235.999;0;5.76245;
 
14414
THOR:
Q 0.321225;1.76069;1.95112;1.39816e-05;-1.39298;0.320547;
Torque 0.129714;1.71711;-2.17763;-0.00379326;-0.955565;0.365589;
MotorD 198.405;0;86.476;
 280.88;-0.0219782;858.553;
 201.791;0;-1088.81;
 180.001;0;-3.74643;
 72.639;0;-557.018;
 232.263;0;150.808;
 
14456
FRIGG:
Q 3.46211e-06;1.33239;1.92792;-1.5979e-05;-0.986091;0.00581768;
Torque -0.00087066;3.10947;-2.17626;0.004418;-0.0129775;-0.00169643;
MotorD 180;0;-0.58044;
 256.34;-0.000115036;1554.74;
 200.462;0;-1088.13;
 179.999;0;4.36345;
 123.001;0;-3.86403;
 235.999;0;5.74896;
 
14456
ODIN:
Q 2.66316e-06;1.33239;1.92792;1.63784e-05;-0.986091;0.00581781;
Torque -0.000613102;3.10947;-2.17623;-0.00444062;-0.0129774;-0.00169797;
MotorD 180;0;-0.408735;
 256.34;-0.000115088;1554.74;
 200.462;0;-1088.12;
 180.001;0;-4.3858;
 123.001;0;-3.86313;
 235.999;0;5.74977;
 
14456
LOKI:
Q 2.66316e-06;1.33239;1.92792;-1.5979e-05;-0.986091;0.00581768;
Torque -0.000593724;3.10941;-2.1763;0.00437191;-0.0129749;-0.00169234;
MotorD 180;0;-0.395816;
 256.34;-0.000115655;1554.7;
 200.462;0;-1088.15;
 179.999;0;4.31793;
 123.001;0;-3.86531;
 235.999;0;5.74569;
 
14456
THOR:
Q 0.321234;1.76068;1.95113;1.39816e-05;-1.39299;0.320558;
Torque 0.127914;1.71897;-2.17998;-0.00378313;-0.951041;0.362436;
MotorD 198.405;0;85.2758;
 280.879;-0.021848;859.483;
 201.792;0;-1089.99;
 180.001;0;-3.73642;
 72.6375;0;-553.591;
 232.263;0;150.884;
 
14491
FRIGG:
Q 3.46211e-06;1.33239;1.92792;-1.5979e-05;-0.986091;0.00581768;
Torque -0.00087066;3.10947;-2.17626;0.004418;-0.0129775;-0.00169643;
MotorD 180;0;-0.58044;
 256.34;-0.000115036;1554.74;
 200.462;0;-1088.13;
 179.999;0;4.36345;
 123.001;0;-3.86403;
 235.999;0;5.74896;
 
14491
ODIN:
Q 2.66316e-06;1.33239;1.92792;1.63784e-05;-0.986091;0.00581781;
Torque -0.000613102;3.10947;-2.17623;-0.00444062;-0.0129774;-0.00169797;
MotorD 180;0;-0.408735;
 256.34;-0.000115088;1554.74;
 200.462;0;-1088.12;
 180.001;0;-4.3858;
 123.001;0;-3.86313;
 235.999;0;5.74977;
 
14491
LOKI:
Q 2.39684e-06;1.33239;1.92792;-1.57792e-05;-0.986092;0.00581772;
Torque -0.000577196;3.1094;-2.1763;0.00435985;-0.012936;-0.00168745;
MotorD 180;0;-0.384798;
 256.34;-0.000113767;1554.7;
 200.462;0;-1088.15;
 179.999;0;4.30603;
 123.001;0;-3.85365;
 235.999;0;5.7286;
 
14491
THOR:
Q 0.321253;1.76066;1.95115;1.37819e-05;-1.39302;0.320582;
Torque 0.123232;1.72393;-2.18613;-0.00375589;-0.939237;0.354105;
MotorD 198.406;0;82.1544;
 280.878;-0.0215568;861.966;
 201.793;0;-1093.06;
 180.001;0;-3.70952;
 72.6341;0;-544.591;
 232.262;0;151.141;
 
14530
FRIGG:
Q 3.46211e-06;1.33239;1.92792;-1.5979e-05;-0.986092;0.00581776;
Torque -0.000844864;3.10947;-2.17626;0.00438533;-0.0129001;-0.00168682;
MotorD 180;0;-0.563243;
 256.34;-0.000114275;1554.73;
 200.462;0;-1088.13;
 179.999;0;4.33119;
 123.001;0;-3.84069;
 235.999;0;5.71494;
 
14530
ODIN:
Q 2.39684e-06;1.33239;1.92792;1.61787e-05;-0.986092;0.00581776;
Torque -0.000586848;3.1095;-2.17623;-0.00440776;-0.0129;-0.00168837;
MotorD 180;0;-0.391232;
 256.34;-0.000113371;1554.75;
 200.462;0;-1088.12;
 180.001;0;-4.35334;
 123.001;0;-3.83981;
 235.999;0;5.71577;
 
14530
LOKI:
Q 2.39684e-06;1.33239;1.92792;-1.57792e-05;-0.986092;0.00581776;
Torque -0.000551382;3.10944;-2.1763;0.00432752;-0.0128587;-0.00167806;
MotorD 180;0;-0.367588;
 256.34;-0.000111856;1554.72;
 200.462;0;-1088.15;
 179.999;0;4.27409;
 123.001;0;-3.83024;
 235.999;0;5.69475;
 
14530
THOR:
Q 0.321271;1.76064;1.95118;1.37819e-05;-1.39304;0.320606;
Torque 0.118735;1.72883;-2.19218;-0.00372888;-0.927604;0.345963;
MotorD 198.407;0;79.1567;
 280.877;-0.021267;864.416;
 201.794;0;-1096.09;
 180.001;0;-3.68285;
 72.6308;0;-535.759;
 232.261;0;151.355;
 
14569
FRIGG:
Q 3.46211e-06;1.33239;1.92792;-1.57792e-05;-0.986092;0.00581781;
Torque -0.000819618;3.1095;-2.17626;0.00435295;-0.0128226;-0.00167724;
MotorD 180;0;-0.546412;
 256.34;-0.000112718;1554.75;
 200.462;0;-1088.13;
 179.999;0;4.29921;
 123.001;0;-3.81731;
 235.999;0;5.68091;
 
14569
ODIN:
Q 2.39684e-06;1.33239;1.92792;1.5979e-05;-0.986092;0.00581781;
Torque -0.000561214;3.10953;-2.17623;-0.00437514;-0.0128225;-0.00167858;
MotorD 180;0;-0.374143;
 256.34;-0.000111496;1554.77;
 200.462;0;-1088.12;
 180.001;0;-4.32112;
 123.001;0;-3.81651;
 235.999;0;5.6816;
 
14569
LOKI:
Q 2.13053e-06;1.33239;1.92792;-1.55795e-05;-0.986092;0.00581772;
Torque -0.000526229;3.10947;-2.17633;0.00429543;-0.0127814;-0.00166851;
MotorD 180;0;-0.35082;
 256.34;-0.000110524;1554.73;
 200.462;0;-1088.16;
 179.999;0;4.2424;
 123.001;0;-3.80691;
 235.999;0;5.66081;
 
14569
THOR:
Q 0.321289;1.76062;1.9512;1.35821e-05;-1.39306;0.320629;
Torque 0.114395;1.73364;-2.19811;-0.00370196;-0.915985;0.338017;
MotorD 198.408;0;76.2631;
 280.876;-0.0209856;866.821;
 201.796;0;-1099.06;
 180.001;0;-3.65626;
 72.6275;0;-527.041;
 232.26;0;151.466;
 
14610
FRIGG:
Q 3.19579e-06;1.33239;1.92792;-1.57792e-05;-0.986092;0.00581776;
Torque -0.000795225;3.10953;-2.17626;0.00432081;-0.0127451;-0.00166748;
MotorD 180;0;-0.53015;
 256.34;-0.000110989;1554.77;
 200.462;0;-1088.13;
 179.999;0;4.26746;
 123.001;0;-3.79402;
 235.999;0;5.64678;
 
14610
ODIN:
Q 2.39684e-06;1.33239;1.92792;1.5979e-05;-0.986092;0.00581776;
Torque -0.000536478;3.10956;-2.17626;-0.00434278;-0.0127451;-0.00166905;
MotorD 180;0;-0.357652;
 256.34;-0.000110027;1554.78;
 200.462;0;-1088.13;
 180.001;0;-4.28916;
 123.001;0;-3.79316;
 235.999;0;5.64766;
 
14610
LOKI:
Q 2.13053e-06;1.33239;1.92792;-1.55795e-05;-0.986092;0.00581776;
Torque -0.000501936;3.10947;-2.17633;0.00426358;-0.0127041;-0.00165876;
MotorD 180;0;-0.334624;
 256.34;-0.000109504;1554.73;
 200.462;0;-1088.16;
 179.999;0;4.21094;
 123.001;0;-3.78367;
 235.999;0;5.62674;
 
14610
THOR:
Q 0.321303;1.76061;1.95122;1.35821e-05;-1.39308;0.320649;
Torque 0.110707;1.73786;-2.20321;-0.00367844;-0.90598;0.331148;
MotorD 198.409;0;73.8046;
 280.875;-0.0207366;868.928;
 201.797;0;-1101.61;
 180.001;0;-3.63303;
 72.6247;0;-519.519;
 232.26;0;151.577;
 
14646
FRIGG:
Q 3.19579e-06;1.33239;1.92792;-1.55795e-05;-0.986092;0.00581776;
Torque -0.000774433;3.10956;-2.17626;0.00429271;-0.0126673;-0.00165769;
MotorD 180;0;-0.516289;
 256.34;-0.000109351;1554.78;
 200.462;0;-1088.13;
 179.999;0;4.23972;
 123.001;0;-3.77065;
 235.999;0;5.61254;
 
14646
ODIN:
Q 2.13053e-06;1.33239;1.92792;1.57792e-05;-0.986092;0.00581776;
Torque -0.000515408;3.10956;-2.17626;-0.00431451;-0.0127073;-0.0016646;
MotorD 180;0;-0.343605;
 256.34;-0.000109356;1554.78;
 200.462;0;-1088.13;
 180.001;0;-4.26125;
 123.001;0;-3.78165;
 235.999;0;5.6312;
 
14646
LOKI:
Q 2.13053e-06;1.33239;1.92792;-1.53798e-05;-0.986092;0.00581768;
Torque -0.000481223;3.1095;-2.17633;0.00423575;-0.0126259;-0.00164912;
MotorD 180;0;-0.320815;
 256.34;-0.000107782;1554.75;
 200.462;0;-1088.16;
 179.999;0;4.18345;
 123.001;0;-3.76009;
 235.999;0;5.59245;
 
14646
THOR:
Q 0.321306;1.7606;1.95122;1.35821e-05;-1.39308;0.320652;
Torque 0.110212;1.73842;-2.20389;-0.00367523;-0.904621;0.330216;
MotorD 198.409;0;73.4744;
 280.875;-0.0207039;869.21;
 201.797;0;-1101.94;
 180.001;0;-3.62985;
 72.6243;0;-518.498;
 232.26;0;151.591;
 
14687
FRIGG:
Q 3.19579e-06;1.33239;1.92792;-1.55795e-05;-0.986092;0.00581776;
Torque -0.000771747;3.10956;-2.17626;0.0042889;-0.0126677;-0.00165792;
MotorD 180;0;-0.514498;
 256.34;-0.000109203;1554.78;
 200.462;0;-1088.13;
 179.999;0;4.23595;
 123.001;0;-3.77065;
 235.999;0;5.61279;
 
14687
ODIN:
Q 2.13053e-06;1.33239;1.92792;1.57792e-05;-0.986092;0.00581776;
Torque -0.000512681;3.1096;-2.17626;-0.00431067;-0.0126677;-0.00165929;
MotorD 180;0;-0.341787;
 256.34;-0.000109331;1554.8;
 200.462;0;-1088.13;
 180.001;0;-4.25745;
 123.001;0;-3.76992;
 235.999;0;5.61357;
 
14687
LOKI:
Q 2.13053e-06;1.33239;1.92792;-1.53798e-05;-0.986092;0.00581768;
Torque -0.000478552;3.1095;-2.17633;0.00423196;-0.0126265;-0.00164919;
MotorD 180;0;-0.319035;
 256.34;-0.00010778;1554.75;
 200.462;0;-1088.16;
 179.999;0;4.17971;
 123.001;0;-3.76028;
 235.999;0;5.59271;
 
14687
THOR:
Q 0.321322;1.76059;1.95125;1.33824e-05;-1.3931;0.320674;
Torque 0.106188;1.74314;-2.20958;-0.00364866;-0.893343;0.322588;
MotorD 198.41;0;70.7918;
 280.874;-0.0204292;871.568;
 201.798;0;-1104.79;
 180.001;0;-3.60361;
 72.6211;0;-510.083;
 232.259;0;151.652;
 
14720
FRIGG:
Q 2.92948e-06;1.33239;1.92792;-1.55795e-05;-0.986092;0.00581776;
Torque -0.0007488;3.10959;-2.17626;0.00425721;-0.0125901;-0.00164819;
MotorD 180;0;-0.4992;
 256.34;-0.000107735;1554.8;
 200.462;0;-1088.13;
 179.999;0;4.20465;
 123.001;0;-3.74735;
 235.999;0;5.57868;
 
14720
ODIN:
Q 2.13053e-06;1.33239;1.92792;1.57792e-05;-0.986092;0.00581781;
Torque -0.000489484;3.10959;-2.17626;-0.0042788;-0.01263;-0.00165486;
MotorD 180;0;-0.326323;
 256.34;-0.000107504;1554.8;
 200.462;0;-1088.13;
 180.001;0;-4.22597;
 123.001;0;-3.7584;
 235.999;0;5.59713;
 
14720
LOKI:
Q 1.86421e-06;1.33239;1.92792;-1.53798e-05;-0.986092;0.00581776;
Torque -0.000455752;3.10953;-2.17633;0.00420059;-0.012549;-0.00163965;
MotorD 180;0;-0.303835;
 256.34;-0.000106148;1554.76;
 200.462;0;-1088.16;
 179.999;0;4.14873;
 123.001;0;-3.73686;
 235.999;0;5.55869;
 
14720
THOR:
Q 0.321337;1.76057;1.95127;1.33824e-05;-1.39313;0.320696;
Torque 0.102305;1.74776;-2.21517;-0.00362224;-0.882246;0.315137;
MotorD 198.411;0;68.2034;
 280.873;-0.0201583;873.879;
 201.799;0;-1107.59;
 180.001;0;-3.57752;
 72.618;0;-501.834;
 232.258;0;151.682;
 
14758
FRIGG:
Q 2.92948e-06;1.33239;1.92792;-1.53798e-05;-0.986092;0.00581776;
Torque -0.000726849;3.10959;-2.17629;0.00422577;-0.0125126;-0.00163844;
MotorD 180;0;-0.484566;
 256.34;-0.000107207;1554.8;
 200.462;0;-1088.15;
 179.999;0;4.1736;
 123.001;0;-3.72405;
 235.999;0;5.54454;
 
14758
ODIN:
Q 2.13053e-06;1.33239;1.92792;1.55795e-05;-0.986092;0.00581776;
Torque -0.000467251;3.10963;-2.17626;-0.00424716;-0.0125526;-0.00164534;
MotorD 180;0;-0.311501;
 256.34;-0.000105817;1554.81;
 200.462;0;-1088.13;
 180.001;0;-4.19472;
 123.001;0;-3.73503;
 235.999;0;5.56318;
 
14758
LOKI:
Q 1.86421e-06;1.33239;1.92792;-1.518e-05;-0.986092;0.00581781;
Torque -0.000433845;3.10956;-2.17633;0.00416945;-0.012471;-0.00163004;
MotorD 180;0;-0.28923;
 256.34;-0.000104519;1554.78;
 200.462;0;-1088.16;
 179.999;0;4.11797;
 123.001;0;-3.71332;
 235.999;0;5.52448;
 
14758
THOR:
Q 0.321352;1.76055;1.95129;1.31826e-05;-1.39315;0.320717;
Torque 0.0985653;1.75235;-2.22061;-0.00359596;-0.871256;0.307842;
MotorD 198.412;0;65.7102;
 280.872;-0.019888;876.174;
 201.801;0;-1110.3;
 180.001;0;-3.55156;
 72.615;0;-493.711;
 232.258;0;151.664;
 
14793
FRIGG:
Q 2.92948e-06;1.33239;1.92792;-1.518e-05;-0.986092;0.00581776;
Torque -0.000706243;3.10963;-2.17629;0.00419455;-0.0124351;-0.00162883;
MotorD 180;0;-0.470828;
 256.34;-0.000105168;1554.81;
 200.462;0;-1088.15;
 179.999;0;4.14276;
 123.001;0;-3.70069;
 235.999;0;5.5105;
 
14793
ODIN:
Q 1.86421e-06;1.33239;1.92792;1.53798e-05;-0.986092;0.00581781;
Torque -0.000446374;3.10966;-2.17626;-0.00421579;-0.012475;-0.0016355;
MotorD 180;0;-0.297583;
 256.34;-0.000104172;1554.83;
 200.462;0;-1088.13;
 180.001;0;-4.16374;
 123.001;0;-3.71174;
 235.999;0;5.52896;
 
14793
LOKI:
Q 1.86421e-06;1.33239;1.92792;-1.49803e-05;-0.986092;0.00581776;
Torque -0.000413284;3.10959;-2.17633;0.00413851;-0.0124336;-0.00162556;
MotorD 180;0;-0.275522;
 256.34;-0.000103635;1554.8;
 200.462;0;-1088.16;
 179.999;0;4.08742;
 123.001;0;-3.70194;
 235.999;0;5.50811;
 
14793
THOR:
Q 0.321352;1.76055;1.95129;1.31826e-05;-1.39315;0.320717;
Torque 0.0985653;1.75235;-2.22061;-0.00359596;-0.871256;0.307842;
MotorD 198.412;0;65.7102;
 280.872;-0.019888;876.174;
 201.801;0;-1110.3;
 180.001;0;-3.55156;
 72.615;0;-493.711;
 232.258;0;151.664;
 
14828
FRIGG:
Q 2.92948e-06;1.33239;1.92792;-1.518e-05;-0.986092;0.00581776;
Torque -0.000706243;3.10963;-2.17629;0.00419455;-0.0124351;-0.00162883;
MotorD 180;0;-0.470828;
 256.34;-0.000105168;1554.81;
 200.462;0;-1088.15;
 179.999;0;4.14276;
 123.001;0;-3.70069;
 235.999;0;5.5105;
 
14828
ODIN:
Q 1.86421e-06;1.33239;1.92792;1.53798e-05;-0.986092;0.00581781;
Torque -0.000446374;3.10966;-2.17626;-0.00421579;-0.012475;-0.0016355;
MotorD 180;0;-0.297583;
 256.34;-0.000104172;1554.83;
 200.462;0;-1088.13;
 180.001;0;-4.16374;
 123.001;0;-3.71174;
 235.999;0;5.52896;
 
14828
LOKI:
Q 1.86421e-06;1.33239;1.92792;-1.49803e-05;-0.986092;0.00581776;
Torque -0.000413284;3.10959;-2.17633;0.00413851;-0.0124336;-0.00162556;
MotorD 180;0;-0.275522;
 256.34;-0.000103635;1554.8;
 200.462;0;-1088.16;
 179.999;0;4.08742;
 123.001;0;-3.70194;
 235.999;0;5.50811;
 
14828
THOR:
Q 0.321367;1.76053;1.95131;1.31826e-05;-1.39317;0.320738;
Torque 0.0949585;1.75685;-2.22599;-0.00356987;-0.860351;0.300703;
MotorD 198.413;0;63.3057;
 280.871;-0.019628;878.423;
 201.802;0;-1113;
 180.001;0;-3.5258;
 72.612;0;-485.706;
 232.257;0;151.591;
 
14868
FRIGG:
Q 2.92948e-06;1.33239;1.92792;-1.518e-05;-0.986092;0.00581776;
Torque -0.000685829;3.10966;-2.17629;0.00416357;-0.0123571;-0.00161901;
MotorD 180;0;-0.457219;
 256.34;-0.000103421;1554.83;
 200.462;0;-1088.15;
 179.999;0;4.11217;
 123.001;0;-3.67726;
 235.999;0;5.47617;
 
14868
ODIN:
Q 1.86421e-06;1.33239;1.92792;1.53798e-05;-0.986092;0.00581776;
Torque -0.000425727;3.10969;-2.17626;-0.00418461;-0.0123974;-0.00162575;
MotorD 180;0;-0.283818;
 256.34;-0.000102765;1554.84;
 200.462;0;-1088.13;
 180.001;0;-4.13295;
 123.001;0;-3.68845;
 235.999;0;5.49484;
 
14868
LOKI:
Q 1.5979e-06;1.33239;1.92792;-1.49803e-05;-0.986092;0.00581776;
Torque -0.000392952;3.10959;-2.17633;0.00410781;-0.0123562;-0.00161603;
MotorD 180;0;-0.261968;
 256.34;-0.00010243;1554.8;
 200.462;0;-1088.16;
 179.999;0;4.0571;
 123.001;0;-3.67858;
 235.999;0;5.47417;
 
14868
THOR:
Q 0.321381;1.76052;1.95133;1.29829e-05;-1.39319;0.320758;
Torque 0.0914851;1.76131;-2.23121;-0.00354398;-0.849634;0.293739;
MotorD 198.414;0;60.99;
 280.87;-0.0193631;880.655;
 201.803;0;-1115.61;
 180.001;0;-3.50022;
 72.6091;0;-477.868;
 232.257;0;151.491;
 
14902
FRIGG:
Q 2.66316e-06;1.33239;1.92792;-1.49803e-05;-0.986092;0.00581776;
Torque -0.000666359;3.10969;-2.17629;0.0041328;-0.0123196;-0.00161457;
MotorD 180;0;-0.44424;
 256.34;-0.000101892;1554.84;
 200.462;0;-1088.15;
 179.999;0;4.08178;
 123.001;0;-3.66583;
 235.999;0;5.4598;
 
14902
ODIN:
Q 1.86421e-06;1.33239;1.92792;1.518e-05;-0.986092;0.00581776;
Torque -0.000405979;3.10969;-2.17626;-0.00415367;-0.0123199;-0.00161597;
MotorD 180;0;-0.270653;
 256.34;-0.000102084;1554.84;
 200.462;0;-1088.13;
 180.001;0;-4.10239;
 123.001;0;-3.66515;
 235.999;0;5.46067;
 
14902
LOKI:
Q 1.5979e-06;1.33239;1.92792;-1.47805e-05;-0.986092;0.00581781;
Torque -0.000373536;3.10962;-2.17633;0.00407736;-0.0122785;-0.00160623;
MotorD 180;0;-0.249024;
 256.34;-0.000100668;1554.81;
 200.462;0;-1088.16;
 179.999;0;4.02702;
 123.001;0;-3.65525;
 235.999;0;5.43995;
 
14903
THOR:
Q 0.321395;1.7605;1.95135;1.29829e-05;-1.39321;0.320778;
Torque 0.0881402;1.76571;-2.23635;-0.00351824;-0.839013;0.28691;
MotorD 198.415;0;58.7602;
 280.869;-0.0191075;882.857;
 201.804;0;-1118.17;
 180.001;0;-3.47481;
 72.6062;0;-470.14;
 232.256;0;151.351;
 
14943
FRIGG:
Q 2.66316e-06;1.33239;1.92792;-1.49803e-05;-0.986093;0.00581776;
Torque -0.000647503;3.10972;-2.17629;0.00410228;-0.0122422;-0.00160482;
MotorD 180;0;-0.431669;
 256.34;-0.000101564;1554.86;
 200.462;0;-1088.15;
 179.999;0;4.05164;
 123.001;0;-3.64256;
 235.999;0;5.4257;
 
14943
ODIN:
Q 1.5979e-06;1.33239;1.92792;1.518e-05;-0.986093;0.00581776;
Torque -0.000386863;3.10972;-2.17626;-0.00412296;-0.012242;-0.00160616;
MotorD 180;0;-0.257908;
 256.34;-0.00010029;1554.86;
 200.462;0;-1088.13;
 180.001;0;-4.07206;
 123.001;0;-3.64175;
 235.999;0;5.42638;
 
14943
LOKI:
Q 1.5979e-06;1.33239;1.92792;-1.47805e-05;-0.986093;0.00581776;
Torque -0.000354739;3.10965;-2.17633;0.00404712;-0.0122009;-0.00159645;
MotorD 180;0;-0.236493;
 256.34;-9.90913e-05;1554.83;
 200.462;0;-1088.16;
 179.999;0;3.99715;
 123.001;0;-3.63193;
 235.999;0;5.40576;
 
14943
THOR:
Q 0.321408;1.76048;1.95137;1.27832e-05;-1.39323;0.320798;
Torque 0.0849177;1.77005;-2.24138;-0.00349267;-0.828503;0.280253;
MotorD 198.415;0;56.6118;
 280.868;-0.0188509;885.027;
 201.805;0;-1120.69;
 180.001;0;-3.44956;
 72.6033;0;-462.549;
 232.256;0;151.157;
 
14980
FRIGG:
Q 2.66316e-06;1.33239;1.92792;-1.47805e-05;-0.986093;0.00581776;
Torque -0.000629349;3.10972;-2.17629;0.00407198;-0.0121644;-0.00159504;
MotorD 180;0;-0.419566;
 256.34;-9.9754e-05;1554.86;
 200.462;0;-1088.15;
 179.999;0;4.02171;
 123.001;0;-3.61921;
 235.999;0;5.39148;
 
14980
ODIN:
Q 1.5979e-06;1.33239;1.92792;1.49803e-05;-0.986093;0.00581776;
Torque -0.000368437;3.10975;-2.17626;-0.00409246;-0.0122041;-0.00160169;
MotorD 180;0;-0.245625;
 256.34;-9.8722e-05;1554.88;
 200.462;0;-1088.13;
 180.001;0;-4.04194;
 123.001;0;-3.63021;
 235.999;0;5.40987;
 
14980
LOKI:
Q 1.5979e-06;1.33239;1.92792;-1.45808e-05;-0.986093;0.00581781;
Torque -0.000336597;3.10969;-2.17633;0.00401712;-0.012123;-0.00158683;
MotorD 180;0;-0.224398;
 256.34;-9.8693e-05;1554.84;
 200.462;0;-1088.16;
 179.999;0;3.96752;
 123.001;0;-3.60841;
 235.999;0;5.37156;
 
14980
THOR:
Q 0.321408;1.76048;1.95137;1.27832e-05;-1.39323;0.320798;
Torque 0.0849177;1.77005;-2.24138;-0.00349267;-0.828503;0.280253;
MotorD 198.415;0;56.6118;
 280.868;-0.0188509;885.027;
 201.805;0;-1120.69;
 180.001;0;-3.44956;
 72.6033;0;-462.549;
 232.256;0;151.157;
 
15013
FRIGG:
Q 2.66316e-06;1.33239;1.92792;-1.47805e-05;-0.986093;0.00581776;
Torque -0.000629349;3.10972;-2.17629;0.00407198;-0.0121644;-0.00159504;
MotorD 180;0;-0.419566;
 256.34;-9.9754e-05;1554.86;
 200.462;0;-1088.15;
 179.999;0;4.02171;
 123.001;0;-3.61921;
 235.999;0;5.39148;
 
15013
ODIN:
Q 1.5979e-06;1.33239;1.92792;1.49803e-05;-0.986093;0.00581776;
Torque -0.000368437;3.10975;-2.17626;-0.00409246;-0.0122041;-0.00160169;
MotorD 180;0;-0.245625;
 256.34;-9.8722e-05;1554.88;
 200.462;0;-1088.13;
 180.001;0;-4.04194;
 123.001;0;-3.63021;
 235.999;0;5.40987;
 
15013
LOKI:
Q 1.5979e-06;1.33239;1.92792;-1.45808e-05;-0.986093;0.00581781;
Torque -0.000336597;3.10969;-2.17633;0.00401712;-0.012123;-0.00158683;
MotorD 180;0;-0.224398;
 256.34;-9.8693e-05;1554.84;
 200.462;0;-1088.16;
 179.999;0;3.96752;
 123.001;0;-3.60841;
 235.999;0;5.37156;
 
15013
THOR:
Q 0.32142;1.76047;1.95139;1.27832e-05;-1.39325;0.320817;
Torque 0.0818145;1.77433;-2.24634;-0.00346722;-0.818168;0.273712;
MotorD 198.416;0;54.543;
 280.867;-0.0186028;887.167;
 201.806;0;-1123.17;
 180.001;0;-3.42442;
 72.6006;0;-455.087;
 232.255;0;150.963;
 
15052
FRIGG:
Q 2.39684e-06;1.33239;1.92792;-1.47805e-05;-0.986093;0.00581776;
Torque -0.000612065;3.10975;-2.17629;0.00404189;-0.0120862;-0.00158514;
MotorD 180;0;-0.408044;
 256.34;-9.80376e-05;1554.88;
 200.462;0;-1088.15;
 179.999;0;3.99199;
 123.001;0;-3.59572;
 235.999;0;5.357;
 
15052
ODIN:
Q 1.5979e-06;1.33239;1.92792;1.49803e-05;-0.986093;0.00581781;
Torque -0.000350949;3.10978;-2.17626;-0.00406223;-0.0121265;-0.00159189;
MotorD 180;0;-0.233966;
 256.34;-9.76221e-05;1554.89;
 200.462;0;-1088.13;
 180.001;0;-4.01207;
 123.001;0;-3.60692;
 235.999;0;5.3757;
 
15052
LOKI:
Q 1.33158e-06;1.33239;1.92792;-1.45808e-05;-0.986093;0.00581776;
Torque -0.000319388;3.10969;-2.17633;0.00398728;-0.0120854;-0.00158237;
MotorD 180;0;-0.212925;
 256.34;-9.68886e-05;1554.84;
 200.462;0;-1088.16;
 179.999;0;3.93805;
 123.001;0;-3.59699;
 235.999;0;5.35517;
 
15052
THOR:
Q 0.321432;1.76045;1.95141;1.25834e-05;-1.39327;0.320836;
Torque 0.0788202;1.77855;-2.25116;-0.00344199;-0.807946;0.267333;
MotorD 198.417;0;52.5468;
 280.866;-0.0183528;889.274;
 201.807;0;-1125.58;
 180.001;0;-3.3995;
 72.5978;0;-447.757;
 232.254;0;150.721;
 
15090
FRIGG:
Q 2.39684e-06;1.33239;1.92792;-1.45808e-05;-0.986093;0.00581776;
Torque -0.000595196;3.10978;-2.17629;0.00401203;-0.0120486;-0.00158072;
MotorD 180;0;-0.396797;
 256.34;-9.66553e-05;1554.89;
 200.462;0;-1088.15;
 179.999;0;3.9625;
 123.001;0;-3.58427;
 235.999;0;5.34063;
 
15090
ODIN:
Q 1.5979e-06;1.33239;1.92792;1.47805e-05;-0.986093;0.00581776;
Torque -0.000333829;3.10978;-2.17626;-0.00403219;-0.0120486;-0.00158189;
MotorD 180;0;-0.222553;
 256.34;-9.66719e-05;1554.89;
 200.462;0;-1088.13;
 180.001;0;-3.98241;
 123.001;0;-3.58362;
 235.999;0;5.34127;
 
15090
LOKI:
Q 1.33158e-06;1.33239;1.92792;-1.43811e-05;-0.986093;0.00581776;
Torque -0.000302537;3.10972;-2.17633;0.00395774;-0.0120078;-0.00157259;
MotorD 180;0;-0.201691;
 256.34;-9.52682e-05;1554.86;
 200.462;0;-1088.16;
 179.999;0;3.90888;
 123.001;0;-3.57366;
 235.999;0;5.32098;
 
15090
THOR:
Q 0.321444;1.76043;1.95143;1.25834e-05;-1.39329;0.320855;
Torque 0.0759397;1.7827;-2.25589;-0.0034169;-0.797825;0.261086;
MotorD 198.417;0;50.6265;
 280.865;-0.0181103;891.351;
 201.808;0;-1127.95;
 180.001;0;-3.37472;
 72.5951;0;-440.539;
 232.254;0;150.443;
 
15128
FRIGG:
Q 2.39684e-06;1.33239;1.92792;-1.45808e-05;-0.986093;0.00581776;
Torque -0.000579002;3.10978;-2.17629;0.00398241;-0.0119711;-0.00157075;
MotorD 180;0;-0.386001;
 256.34;-9.6073e-05;1554.89;
 200.462;0;-1088.15;
 179.999;0;3.93325;
 123.001;0;-3.56109;
 235.999;0;5.30636;
 
15129
ODIN:
Q 1.33158e-06;1.33239;1.92792;1.47805e-05;-0.986093;0.00581776;
Torque -0.000317429;3.10981;-2.17626;-0.00400239;-0.0120106;-0.00157739;
MotorD 180;0;-0.211619;
 256.34;-9.48641e-05;1554.91;
 200.462;0;-1088.13;
 180.001;0;-3.95298;
 123.001;0;-3.57206;
 235.999;0;5.32472;
 
15129
LOKI:
Q 1.33158e-06;1.33239;1.92792;-1.43811e-05;-0.986093;0.00581781;
Torque -0.000286407;3.10975;-2.17633;0.00392837;-0.0119294;-0.00156271;
MotorD 180;0;-0.190938;
 256.34;-9.42339e-05;1554.87;
 200.462;0;-1088.16;
 179.999;0;3.87987;
 123.001;0;-3.55012;
 235.999;0;5.28646;
 
15129
THOR:
Q 0.321455;1.76042;1.95144;1.23837e-05;-1.39331;0.320873;
Torque 0.0731659;1.78682;-2.26053;-0.00339199;-0.787887;0.254979;
MotorD 198.418;0;48.7773;
 280.865;-0.0178686;893.412;
 201.809;0;-1130.27;
 180.001;0;-3.35011;
 72.5925;0;-433.465;
 232.254;0;150.155;
 
15162
FRIGG:
Q 2.39684e-06;1.33239;1.92792;-1.43811e-05;-0.986093;0.00581776;
Torque -0.000563378;3.10981;-2.17629;0.003953;-0.0118927;-0.00156086;
MotorD 180;0;-0.375586;
 256.34;-9.43071e-05;1554.91;
 200.462;0;-1088.15;
 179.999;0;3.90419;
 123.001;0;-3.53755;
 235.999;0;5.27184;
 
15162
ODIN:
Q 1.33158e-06;1.33239;1.92792;1.45808e-05;-0.986093;0.00581781;
Torque -0.000301608;3.10985;-2.17626;-0.00397281;-0.0119329;-0.00156759;
MotorD 180;0;-0.201072;
 256.34;-9.35196e-05;1554.92;
 200.462;0;-1088.13;
 180.001;0;-3.92376;
 123.001;0;-3.54871;
 235.999;0;5.29048;
 
15162
LOKI:
Q 1.33158e-06;1.33239;1.92792;-1.41813e-05;-0.986093;0.00581776;
Torque -0.00027084;3.10975;-2.17636;0.00389923;-0.0118918;-0.00155827;
MotorD 180;0;-0.18056;
 256.34;-9.34913e-05;1554.87;
 200.462;0;-1088.18;
 179.999;0;3.85109;
 123.001;0;-3.53868;
 235.999;0;5.27008;
 
15162
THOR:
Q 0.321455;1.76042;1.95144;1.23837e-05;-1.39331;0.320873;
Torque 0.0731659;1.78682;-2.26053;-0.00339199;-0.787887;0.254979;
MotorD 198.418;0;48.7773;
 280.865;-0.0178686;893.412;
 201.809;0;-1130.27;
 180.001;0;-3.35011;
 72.5925;0;-433.465;
 232.254;0;150.155;
 
15201
FRIGG:
Q 2.39684e-06;1.33239;1.92792;-1.43811e-05;-0.986093;0.00581776;
Torque -0.000563378;3.10981;-2.17629;0.003953;-0.0118927;-0.00156086;
MotorD 180;0;-0.375586;
 256.34;-9.43071e-05;1554.91;
 200.462;0;-1088.15;
 179.999;0;3.90419;
 123.001;0;-3.53755;
 235.999;0;5.27184;
 
15201
ODIN:
Q 1.33158e-06;1.33239;1.92792;1.45808e-05;-0.986093;0.00581781;
Torque -0.000301608;3.10985;-2.17626;-0.00397281;-0.0119329;-0.00156759;
MotorD 180;0;-0.201072;
 256.34;-9.35196e-05;1554.92;
 200.462;0;-1088.13;
 180.001;0;-3.92376;
 123.001;0;-3.54871;
 235.999;0;5.29048;
 
15201
LOKI:
Q 1.33158e-06;1.33239;1.92792;-1.41813e-05;-0.986093;0.00581776;
Torque -0.00027084;3.10975;-2.17636;0.00389923;-0.0118918;-0.00155827;
MotorD 180;0;-0.18056;
 256.34;-9.34913e-05;1554.87;
 200.462;0;-1088.18;
 179.999;0;3.85109;
 123.001;0;-3.53868;
 235.999;0;5.27008;
 
15201
THOR:
Q 0.321466;1.7604;1.95146;1.23837e-05;-1.39332;0.320891;
Torque 0.070487;1.79088;-2.26508;-0.00336726;-0.777981;0.249017;
MotorD 198.419;0;46.9913;
 280.864;-0.0176303;895.442;
 201.81;0;-1132.54;
 180.001;0;-3.32569;
 72.5899;0;-426.484;
 232.253;0;149.799;
 
15233
FRIGG:
Q 2.13053e-06;1.33239;1.92792;-1.41813e-05;-0.986093;0.00581776;
Torque -0.000548067;3.10984;-2.17629;0.0039238;-0.0118551;-0.00155646;
MotorD 180;0;-0.365378;
 256.34;-9.2734e-05;1554.92;
 200.462;0;-1088.15;
 179.999;0;3.87536;
 123.001;0;-3.52609;
 235.999;0;5.25549;
 
15233
ODIN:
Q 1.33158e-06;1.33239;1.92792;1.43811e-05;-0.986093;0.00581776;
Torque -0.000286085;3.10984;-2.17626;-0.00394343;-0.0118551;-0.00155763;
MotorD 180;0;-0.190724;
 256.34;-9.29784e-05;1554.92;
 200.462;0;-1088.13;
 180.001;0;-3.89474;
 123.001;0;-3.52543;
 235.999;0;5.25612;
 
15233
LOKI:
Q 1.06526e-06;1.33239;1.92792;-1.39816e-05;-0.986093;0.00581776;
Torque -0.000255534;3.10978;-2.17636;0.00387033;-0.0118141;-0.0015485;
MotorD 180;0;-0.170356;
 256.34;-9.16212e-05;1554.89;
 200.462;0;-1088.18;
 179.999;0;3.82255;
 123.001;0;-3.5153;
 235.999;0;5.23586;
 
15233
THOR:
Q 0.321476;1.76039;1.95148;1.2184e-05;-1.39334;0.320908;
Torque 0.0679127;1.79488;-2.26954;-0.00334268;-0.768263;0.243172;
MotorD 198.419;0;45.2751;
 280.863;-0.0173959;897.44;
 201.811;0;-1134.77;
 180.001;0;-3.30141;
 72.5873;0;-419.637;
 232.253;0;149.447;
 
15275
FRIGG:
Q 2.13053e-06;1.33239;1.92792;-1.41813e-05;-0.986093;0.00581781;
Torque -0.000533501;3.10984;-2.17629;0.0038948;-0.0117773;-0.00154646;
MotorD 180;0;-0.355667;
 256.34;-9.23947e-05;1554.92;
 200.462;0;-1088.15;
 179.999;0;3.84672;
 123.001;0;-3.50281;
 235.999;0;5.2211;
 
15275
ODIN:
Q 1.33158e-06;1.33239;1.92792;1.43811e-05;-0.986093;0.00581776;
Torque -0.000271331;3.10988;-2.17626;-0.00391427;-0.011817;-0.00155313;
MotorD 180;0;-0.180888;
 256.34;-9.12649e-05;1554.94;
 200.462;0;-1088.13;
 180.001;0;-3.86595;
 123.001;0;-3.51384;
 235.999;0;5.23953;
 
15275
LOKI:
Q 1.06526e-06;1.33239;1.92792;-1.39816e-05;-0.986093;0.00581781;
Torque -0.000241031;3.10981;-2.17636;0.00384164;-0.0117759;-0.00154398;
MotorD 180;0;-0.160688;
 256.34;-9.02517e-05;1554.91;
 200.462;0;-1088.18;
 179.999;0;3.79422;
 123.001;0;-3.50367;
 235.999;0;5.2192;
 
15275
THOR:
Q 0.321486;1.76037;1.9515;1.2184e-05;-1.39336;0.320925;
Torque 0.0654333;1.79881;-2.2739;-0.00331825;-0.758656;0.237461;
MotorD 198.42;0;43.6222;
 280.862;-0.0171634;899.407;
 201.812;0;-1136.95;
 180.001;0;-3.27728;
 72.5849;0;-412.906;
 232.252;0;149.061;
 
15312
FRIGG:
Q 2.13053e-06;1.33239;1.92792;-1.39816e-05;-0.986093;0.00581776;
Torque -0.000519638;3.10988;-2.17629;0.00386605;-0.0117391;-0.00154192;
MotorD 180;0;-0.346425;
 256.34;-9.06345e-05;1554.94;
 200.462;0;-1088.15;
 179.999;0;3.81832;
 123.001;0;-3.4912;
 235.999;0;5.20445;
 
15313
ODIN:
Q 1.06526e-06;1.33239;1.92792;1.41813e-05;-0.986093;0.00581776;
Torque -0.000257288;3.10991;-2.17626;-0.00388536;-0.0117393;-0.00154312;
MotorD 180;0;-0.171525;
 256.34;-8.98268e-05;1554.95;
 200.462;0;-1088.13;
 180.001;0;-3.83739;
 123.001;0;-3.4906;
 235.999;0;5.20517;
 
15313
LOKI:
Q 1.06526e-06;1.33239;1.92792;-1.37819e-05;-0.986093;0.00581776;
Torque -0.000227225;3.10981;-2.17636;0.00381313;-0.0116984;-0.00153421;
MotorD 180;0;-0.151483;
 256.34;-8.96185e-05;1554.91;
 200.462;0;-1088.18;
 179.999;0;3.76606;
 123.001;0;-3.48042;
 235.999;0;5.1851;
 
15313
THOR:
Q 0.321496;1.76036;1.95151;1.2184e-05;-1.39338;0.320942;
Torque 0.0630326;1.80272;-2.27817;-0.003294;-0.749158;0.231863;
MotorD 198.42;0;42.0218;
 280.861;-0.0169357;901.359;
 201.813;0;-1139.09;
 180.001;0;-3.25333;
 72.5824;0;-406.279;
 232.252;0;148.653;
 
15350
FRIGG:
Q 2.13053e-06;1.33239;1.92792;-1.39816e-05;-0.986093;0.00581776;
Torque -0.000506045;3.10991;-2.17629;0.00383749;-0.0116614;-0.00153214;
MotorD 180;0;-0.337363;
 256.34;-8.91244e-05;1554.95;
 200.462;0;-1088.15;
 179.999;0;3.79012;
 123.001;0;-3.46784;
 235.999;0;5.17022;
 
15350
ODIN:
Q 1.06526e-06;1.33239;1.92792;1.41813e-05;-0.986093;0.00581776;
Torque -0.000243521;3.10991;-2.17629;-0.00385663;-0.0117009;-0.00153859;
MotorD 180;0;-0.162348;
 256.34;-8.94483e-05;1554.95;
 200.462;0;-1088.15;
 180.001;0;-3.80902;
 123.001;0;-3.47891;
 235.999;0;5.18845;
 
15350
LOKI:
Q 1.06526e-06;1.33239;1.92792;-1.37819e-05;-0.986093;0.00581776;
Torque -0.000213697;3.10984;-2.17636;0.00378485;-0.0116204;-0.00152439;
MotorD 180;0;-0.142465;
 256.34;-8.78868e-05;1554.92;
 200.462;0;-1088.18;
 179.999;0;3.73812;
 123.001;0;-3.45697;
 235.999;0;5.15074;
 
15350
THOR:
Q 0.321496;1.76036;1.95151;1.2184e-05;-1.39338;0.320942;
Torque 0.0630326;1.80272;-2.27817;-0.003294;-0.749158;0.231863;
MotorD 198.42;0;42.0218;
 280.861;-0.0169357;901.359;
 201.813;0;-1139.09;
 180.001;0;-3.25333;
 72.5824;0;-406.279;
 232.252;0;148.653;
 
15393
FRIGG:
Q 2.13053e-06;1.33239;1.92792;-1.39816e-05;-0.986093;0.00581776;
Torque -0.000506045;3.10991;-2.17629;0.00383749;-0.0116614;-0.00153214;
MotorD 180;0;-0.337363;
 256.34;-8.91244e-05;1554.95;
 200.462;0;-1088.15;
 179.999;0;3.79012;
 123.001;0;-3.46784;
 235.999;0;5.17022;
 
15393
ODIN:
Q 1.06526e-06;1.33239;1.92792;1.41813e-05;-0.986093;0.00581776;
Torque -0.000243521;3.10991;-2.17629;-0.00385663;-0.0117009;-0.00153859;
MotorD 180;0;-0.162348;
 256.34;-8.94483e-05;1554.95;
 200.462;0;-1088.15;
 180.001;0;-3.80902;
 123.001;0;-3.47891;
 235.999;0;5.18845;
 
15393
LOKI:
Q 1.06526e-06;1.33239;1.92792;-1.37819e-05;-0.986093;0.00581776;
Torque -0.000213697;3.10984;-2.17636;0.00378485;-0.0116204;-0.00152439;
MotorD 180;0;-0.142465;
 256.34;-8.78868e-05;1554.92;
 200.462;0;-1088.18;
 179.999;0;3.73812;
 123.001;0;-3.45697;
 235.999;0;5.15074;
 
15393
THOR:
Q 0.321505;1.76034;1.95153;1.19842e-05;-1.3934;0.320958;
Torque 0.0607304;1.80656;-2.28238;-0.0032699;-0.739771;0.226405;
MotorD 198.421;0;40.487;
 280.86;-0.0167107;903.28;
 201.814;0;-1141.19;
 180.001;0;-3.22953;
 72.58;0;-399.77;
 232.251;0;148.209;
 
15432
FRIGG:
Q 2.13053e-06;1.33239;1.92792;-1.37819e-05;-0.986093;0.00581776;
Torque -0.000492948;3.10991;-2.17629;0.00380914;-0.0116231;-0.00152742;
MotorD 180;0;-0.328632;
 256.34;-8.87543e-05;1554.95;
 200.462;0;-1088.15;
 179.999;0;3.76212;
 123.001;0;-3.45628;
 235.999;0;5.15341;
 
15432
ODIN:
Q 1.06526e-06;1.33239;1.92792;1.39816e-05;-0.986093;0.00581776;
Torque -0.000230255;3.10994;-2.17629;-0.00382812;-0.0116233;-0.00152863;
MotorD 180;0;-0.153503;
 256.34;-8.76359e-05;1554.97;
 200.462;0;-1088.15;
 180.001;0;-3.78086;
 123.001;0;-3.4557;
 235.999;0;5.15417;
 
15432
LOKI:
Q 1.06526e-06;1.33239;1.92792;-1.35821e-05;-0.986094;0.00581781;
Torque -0.00020064;3.10987;-2.17636;0.00375679;-0.0115823;-0.00151969;
MotorD 180;0;-0.13376;
 256.34;-8.68071e-05;1554.94;
 200.462;0;-1088.18;
 179.999;0;3.71041;
 123.001;0;-3.44547;
 235.999;0;5.13401;
 
15432
THOR:
Q 0.321514;1.76033;1.95154;1.19842e-05;-1.39341;0.320974;
Torque 0.0585083;1.81037;-2.28647;-0.00324593;-0.730501;0.221069;
MotorD 198.421;0;39.0055;
 280.859;-0.0164878;905.185;
 201.815;0;-1143.24;
 180.001;0;-3.20586;
 72.5776;0;-393.372;
 232.251;0;147.74;
 
15468
FRIGG:
Q 1.86421e-06;1.33239;1.92792;-1.37819e-05;-0.986094;0.00581776;
Torque -0.000480684;3.10994;-2.17629;0.00378101;-0.0115454;-0.00151741;
MotorD 180;0;-0.320456;
 256.34;-8.7015e-05;1554.97;
 200.462;0;-1088.15;
 179.999;0;3.73433;
 123.001;0;-3.43306;
 235.999;0;5.11907;
 
15468
ODIN:
Q 1.06526e-06;1.33239;1.92792;1.39816e-05;-0.986094;0.00581776;
Torque -0.000217802;3.10997;-2.17629;-0.00379983;-0.0115448;-0.00151871;
MotorD 180;0;-0.145201;
 256.34;-8.64226e-05;1554.98;
 200.462;0;-1088.15;
 180.001;0;-3.75292;
 123.001;0;-3.43214;
 235.999;0;5.11959;
 
15468
LOKI:
Q 7.98948e-07;1.33239;1.92792;-1.35821e-05;-0.986094;0.00581776;
Torque -0.000188361;3.10987;-2.17636;0.00372889;-0.0115043;-0.00150984;
MotorD 180;0;-0.125574;
 256.34;-8.59858e-05;1554.94;
 200.462;0;-1088.18;
 179.999;0;3.68286;
 123.001;0;-3.42206;
 235.999;0;5.09966;
 
15468
THOR:
Q 0.321523;1.76031;1.95156;1.17845e-05;-1.39343;0.32099;
Torque 0.0563662;1.81412;-2.2905;-0.00322217;-0.721336;0.215846;
MotorD 198.422;0;37.5775;
 280.859;-0.0162732;907.06;
 201.816;0;-1145.25;
 180.001;0;-3.18239;
 72.5753;0;-387.076;
 232.251;0;147.247;
 
15503
FRIGG:
Q 1.86421e-06;1.33239;1.92792;-1.35821e-05;-0.986094;0.00581776;
Torque -0.000468413;3.10997;-2.17629;0.00375308;-0.0115069;-0.00151288;
MotorD 180;0;-0.312275;
 256.34;-8.56497e-05;1554.98;
 200.462;0;-1088.15;
 179.999;0;3.70675;
 123.001;0;-3.42132;
 235.999;0;5.1023;
 
15503
ODIN:
Q 1.06526e-06;1.33239;1.92792;1.37819e-05;-0.986094;0.00581776;
Torque -0.000205377;3.10997;-2.17629;-0.00377174;-0.0115074;-0.00151412;
MotorD 180;0;-0.136918;
 256.34;-8.57412e-05;1554.98;
 200.462;0;-1088.15;
 180.001;0;-3.72518;
 123.001;0;-3.42081;
 235.999;0;5.10316;
 
15503
LOKI:
Q 7.98948e-07;1.33239;1.92792;-1.33824e-05;-0.986094;0.00581776;
Torque -0.000176117;3.1099;-2.17636;0.00370126;-0.0114662;-0.00150515;
MotorD 180;0;-0.117411;
 256.34;-8.44492e-05;1554.95;
 200.462;0;-1088.18;
 179.999;0;3.65557;
 123.001;0;-3.41054;
 235.999;0;5.08293;
 
15503
THOR:
Q 0.321523;1.76031;1.95156;1.17845e-05;-1.39343;0.32099;
Torque 0.0563662;1.81412;-2.2905;-0.00322217;-0.721336;0.215846;
MotorD 198.422;0;37.5775;
 280.859;-0.0162732;907.06;
 201.816;0;-1145.25;
 180.001;0;-3.18239;
 72.5753;0;-387.076;
 232.251;0;147.247;
 
15542
FRIGG:
Q 1.86421e-06;1.33239;1.92792;-1.35821e-05;-0.986094;0.00581776;
Torque -0.000468413;3.10997;-2.17629;0.00375308;-0.0115069;-0.00151288;
MotorD 180;0;-0.312275;
 256.34;-8.56497e-05;1554.98;
 200.462;0;-1088.15;
 179.999;0;3.70675;
 123.001;0;-3.42132;
 235.999;0;5.1023;
 
15542
ODIN:
Q 1.06526e-06;1.33239;1.92792;1.37819e-05;-0.986094;0.00581776;
Torque -0.000205377;3.10997;-2.17629;-0.00377174;-0.0115074;-0.00151412;
MotorD 180;0;-0.136918;
 256.34;-8.57412e-05;1554.98;
 200.462;0;-1088.15;
 180.001;0;-3.72518;
 123.001;0;-3.42081;
 235.999;0;5.10316;
 
15542
LOKI:
Q 7.98948e-07;1.33239;1.92792;-1.33824e-05;-0.986094;0.00581776;
Torque -0.000176117;3.1099;-2.17636;0.00370126;-0.0114662;-0.00150515;
MotorD 180;0;-0.117411;
 256.34;-8.44492e-05;1554.95;
 200.462;0;-1088.18;
 179.999;0;3.65557;
 123.001;0;-3.41054;
 235.999;0;5.08293;
 
15542
THOR:
Q 0.321531;1.7603;1.95158;1.17845e-05;-1.39345;0.321005;
Torque 0.0543061;1.8178;-2.29446;-0.00319856;-0.71229;0.210727;
MotorD 198.422;0;36.204;
 280.858;-0.0160553;908.902;
 201.817;0;-1147.23;
 180.001;0;-3.15907;
 72.573;0;-380.882;
 232.25;0;146.741;
 
15583
FRIGG:
Q 1.86421e-06;1.33239;1.92792;-1.35821e-05;-0.986094;0.00581772;
Torque -0.000456807;3.10997;-2.17629;0.00372537;-0.0114292;-0.00150289;
MotorD 180;0;-0.304538;
 256.34;-8.51323e-05;1554.98;
 200.462;0;-1088.15;
 179.999;0;3.67938;
 123.001;0;-3.39811;
 235.999;0;5.06799;
 
15583
ODIN:
Q 7.98948e-07;1.33238;1.92792;1.37819e-05;-0.986094;0.00581772;
Torque -0.000193631;3.11;-2.17629;-0.00374387;-0.0114287;-0.00150399;
MotorD 180;0;-0.129088;
 256.34;-8.39393e-05;1555;
 200.462;0;-1088.15;
 180.001;0;-3.69765;
 123.001;0;-3.39731;
 235.999;0;5.06841;
 
15583
LOKI:
Q 7.98948e-07;1.33239;1.92792;-1.33824e-05;-0.986094;0.00581776;
Torque -0.000164563;3.1099;-2.17636;0.00367378;-0.0113882;-0.00149533;
MotorD 180;0;-0.109709;
 256.34;-8.41244e-05;1554.95;
 200.462;0;-1088.18;
 179.999;0;3.62843;
 123.001;0;-3.38712;
 235.999;0;5.0486;
 
15583
THOR:
Q 0.321539;1.76029;1.95159;1.15848e-05;-1.39346;0.32102;
Torque 0.0523243;1.82146;-2.2983;-0.00317512;-0.703366;0.205739;
MotorD 198.423;0;34.8829;
 280.857;-0.015838;910.728;
 201.818;0;-1149.15;
 180.001;0;-3.13592;
 72.5707;0;-374.805;
 232.25;0;146.207;
 
15615
FRIGG:
Q 1.86421e-06;1.33238;1.92792;-1.33824e-05;-0.986094;0.00581776;
Torque -0.000445562;3.11;-2.17629;0.00369786;-0.0113907;-0.00149814;
MotorD 180;0;-0.297041;
 256.34;-8.33816e-05;1555;
 200.462;0;-1088.15;
 179.999;0;3.65221;
 123.001;0;-3.38649;
 235.999;0;5.05109;
 
15615
ODIN:
Q 7.98948e-07;1.33238;1.92792;1.35821e-05;-0.986094;0.00581776;
Torque -0.00018223;3.11003;-2.17629;-0.0037162;-0.0113911;-0.00149936;
MotorD 180;0;-0.121486;
 256.34;-8.38299e-05;1555.02;
 200.462;0;-1088.15;
 180.001;0;-3.67032;
 123.001;0;-3.38595;
 235.999;0;5.05191;
 
15616
LOKI:
Q 7.98948e-07;1.33239;1.92792;-1.31826e-05;-0.986094;0.00581776;
Torque -0.000153337;3.10994;-2.17636;0.00364654;-0.0113502;-0.00149084;
MotorD 180;0;-0.102225;
 256.34;-8.23634e-05;1554.97;
 200.462;0;-1088.18;
 179.999;0;3.60152;
 123.001;0;-3.37553;
 235.999;0;5.03202;
 
15616
THOR:
Q 0.321547;1.76027;1.9516;1.15848e-05;-1.39348;0.321035;
Torque 0.0504038;1.82505;-2.30212;-0.00315185;-0.694547;0.200842;
MotorD 198.423;0;33.6025;
 280.856;-0.0156291;912.524;
 201.819;0;-1151.06;
 180.001;0;-3.11293;
 72.5685;0;-368.819;
 232.25;0;145.66;
 
15651
FRIGG:
Q 1.86421e-06;1.33238;1.92792;-1.33824e-05;-0.986094;0.00581776;
Torque -0.000434499;3.11003;-2.17629;0.00367054;-0.011313;-0.00148838;
MotorD 180;0;-0.289666;
 256.34;-8.28697e-05;1555.02;
 200.462;0;-1088.15;
 179.999;0;3.62522;
 123.001;0;-3.36311;
 235.999;0;5.01687;
 
15651
ODIN:
Q 7.98948e-07;1.33238;1.92792;1.35821e-05;-0.986094;0.00581776;
Torque -0.000171054;3.11003;-2.17629;-0.00368873;-0.0113526;-0.00149463;
MotorD 180;0;-0.114036;
 256.34;-8.20516e-05;1555.02;
 200.462;0;-1088.15;
 180.001;0;-3.64319;
 123.001;0;-3.37431;
 235.999;0;5.03502;
 
15651
LOKI:
Q 7.98948e-07;1.33239;1.92792;-1.31826e-05;-0.986094;0.00581776;
Torque -0.000142359;3.10997;-2.17636;0.00361951;-0.0112718;-0.00148078;
MotorD 180;0;-0.0949058;
 256.34;-8.09676e-05;1554.98;
 200.462;0;-1088.18;
 179.999;0;3.57483;
 123.001;0;-3.35209;
 235.999;0;4.99741;
 
15651
THOR:
Q 0.321554;1.76026;1.95162;1.15848e-05;-1.3935;0.32105;
Torque 0.0485584;1.82858;-2.3058;-0.00312869;-0.685773;0.196074;
MotorD 198.424;0;32.3723;
 280.855;-0.0154211;914.288;
 201.82;0;-1152.9;
 180.001;0;-3.09007;
 72.5663;0;-362.92;
 232.249;0;145.06;
 
15691
FRIGG:
Q 1.86421e-06;1.33238;1.92792;-1.31826e-05;-0.986094;0.00581776;
Torque -0.000424157;3.11003;-2.17629;0.00364343;-0.0112746;-0.00148363;
MotorD 180;0;-0.282771;
 256.34;-8.14985e-05;1555.02;
 200.462;0;-1088.15;
 179.999;0;3.59845;
 123.001;0;-3.35154;
 235.999;0;5.00002;
 
15691
ODIN:
Q 7.98948e-07;1.33238;1.92792;1.33824e-05;-0.986094;0.00581776;
Torque -0.000160574;3.11006;-2.17629;-0.00366146;-0.0112748;-0.00148483;
MotorD 180;0;-0.107049;
 256.34;-8.05583e-05;1555.03;
 200.462;0;-1088.15;
 180.001;0;-3.61626;
 123.001;0;-3.35095;
 235.999;0;5.00075;
 
15691
LOKI:
Q 7.98948e-07;1.33239;1.92792;-1.29829e-05;-0.986094;0.00581781;
Torque -0.000132046;3.10997;-2.17636;0.00359265;-0.011234;-0.0014761;
MotorD 180;0;-0.0880306;
 256.34;-8.05182e-05;1554.98;
 200.462;0;-1088.18;
 179.999;0;3.5483;
 123.001;0;-3.34068;
 235.999;0;4.98079;
 
15691
THOR:
Q 0.321554;1.76026;1.95162;1.15848e-05;-1.3935;0.32105;
Torque 0.0485584;1.82858;-2.3058;-0.00312869;-0.685773;0.196074;
MotorD 198.424;0;32.3723;
 280.855;-0.0154211;914.288;
 201.82;0;-1152.9;
 180.001;0;-3.09007;
 72.5663;0;-362.92;
 232.249;0;145.06;
 
15727
FRIGG:
Q 1.86421e-06;1.33238;1.92792;-1.31826e-05;-0.986094;0.00581776;
Torque -0.000424157;3.11003;-2.17629;0.00364343;-0.0112746;-0.00148363;
MotorD 180;0;-0.282771;
 256.34;-8.14985e-05;1555.02;
 200.462;0;-1088.15;
 179.999;0;3.59845;
 123.001;0;-3.35154;
 235.999;0;5.00002;
 
15727
ODIN:
Q 7.98948e-07;1.33238;1.92792;1.33824e-05;-0.986094;0.00581776;
Torque -0.000160574;3.11006;-2.17629;-0.00366146;-0.0112748;-0.00148483;
MotorD 180;0;-0.107049;
 256.34;-8.05583e-05;1555.03;
 200.462;0;-1088.15;
 180.001;0;-3.61626;
 123.001;0;-3.35095;
 235.999;0;5.00075;
 
15727
LOKI:
Q 7.98948e-07;1.33239;1.92792;-1.29829e-05;-0.986094;0.00581781;
Torque -0.000132046;3.10997;-2.17636;0.00359265;-0.011234;-0.0014761;
MotorD 180;0;-0.0880306;
 256.34;-8.05182e-05;1554.98;
 200.462;0;-1088.18;
 179.999;0;3.5483;
 123.001;0;-3.34068;
 235.999;0;4.98079;
 
15727
THOR:
Q 0.321562;1.76025;1.95163;1.1385e-05;-1.39351;0.321064;
Torque 0.0467875;1.83211;-2.30946;-0.00310573;-0.677196;0.191401;
MotorD 198.424;0;31.1917;
 280.855;-0.0152164;916.053;
 201.82;0;-1154.73;
 180.001;0;-3.06738;
 72.5642;0;-357.147;
 232.249;0;144.479;
 
15767
FRIGG:
Q 1.5979e-06;1.33238;1.92792;-1.31826e-05;-0.986094;0.00581776;
Torque -0.000414057;3.11006;-2.17629;0.00361653;-0.0111965;-0.00147361;
MotorD 180;0;-0.276038;
 256.34;-8.00411e-05;1555.03;
 200.462;0;-1088.15;
 179.999;0;3.57188;
 123.001;0;-3.32819;
 235.999;0;4.96554;
 
15767
ODIN:
Q 7.98948e-07;1.33238;1.92792;1.33824e-05;-0.986094;0.00581781;
Torque -0.000150335;3.11006;-2.17629;-0.00363439;-0.0112365;-0.0014801;
MotorD 180;0;-0.100223;
 256.34;-8.02177e-05;1555.03;
 200.462;0;-1088.15;
 180.001;0;-3.58953;
 123.001;0;-3.33937;
 235.999;0;4.98393;
 
15767
LOKI:
Q 5.32632e-07;1.33238;1.92792;-1.29829e-05;-0.986094;0.00581776;
Torque -0.000121942;3.11;-2.17636;0.003566;-0.0111954;-0.00147155;
MotorD 180;0;-0.0812944;
 256.34;-7.88475e-05;1555;
 200.462;0;-1088.18;
 179.999;0;3.52197;
 123.001;0;-3.32893;
 235.999;0;4.96398;
 
15767
THOR:
Q 0.321568;1.76023;1.95165;1.1385e-05;-1.39353;0.321078;
Torque 0.0450741;1.83554;-2.31303;-0.00308289;-0.668654;0.186839;
MotorD 198.425;0;30.0494;
 280.854;-0.0150145;917.77;
 201.821;0;-1156.51;
 180.001;0;-3.04483;
 72.5621;0;-351.449;
 232.249;0;143.85;
 
15810
FRIGG:
Q 1.5979e-06;1.33238;1.92792;-1.29829e-05;-0.986094;0.00581776;
Torque -0.000404567;3.11006;-2.17629;0.00358982;-0.0111584;-0.00146887;
MotorD 180;0;-0.269711;
 256.34;-7.96872e-05;1555.03;
 200.462;0;-1088.15;
 179.999;0;3.54551;
 123.001;0;-3.3167;
 235.999;0;4.94878;
 
15810
ODIN:
Q 7.98948e-07;1.33238;1.92792;1.31826e-05;-0.986094;0.00581776;
Torque -0.000140716;3.11009;-2.17629;-0.00360755;-0.0111582;-0.00147003;
MotorD 180;0;-0.0938106;
 256.34;-7.8505e-05;1555.05;
 200.462;0;-1088.15;
 180.001;0;-3.56301;
 123.001;0;-3.316;
 235.999;0;4.94937;
 
15810
LOKI:
Q 5.32632e-07;1.33238;1.92792;-1.27832e-05;-0.986094;0.00581776;
Torque -0.000112494;3.11;-2.17636;0.00353952;-0.0111176;-0.00146152;
MotorD 180;0;-0.0749958;
 256.34;-7.86566e-05;1555;
 200.462;0;-1088.18;
 179.999;0;3.49582;
 123.001;0;-3.30566;
 235.999;0;4.92958;
 
15810
THOR:
Q 0.321575;1.76022;1.95166;1.11853e-05;-1.39354;0.321091;
Torque 0.0434229;1.83894;-2.3165;-0.00306026;-0.660236;0.18238;
MotorD 198.425;0;28.9486;
 280.853;-0.0148123;919.471;
 201.822;0;-1158.25;
 180.001;0;-3.02248;
 72.56;0;-345.854;
 232.248;0;143.21;
 
15848
FRIGG:
Q 1.5979e-06;1.33238;1.92792;-1.29829e-05;-0.986094;0.00581776;
Torque -0.000395046;3.11009;-2.17632;0.0035633;-0.0111197;-0.00146412;
MotorD 180;0;-0.263364;
 256.34;-7.80016e-05;1555.05;
 200.462;0;-1088.16;
 179.999;0;3.51931;
 123.001;0;-3.30501;
 235.999;0;4.93182;
 
15848
ODIN:
Q 5.32632e-07;1.33238;1.92792;1.31826e-05;-0.986094;0.00581776;
Torque -0.000131065;3.11009;-2.17629;-0.00358087;-0.0111202;-0.00146536;
MotorD 180;0;-0.0873769;
 256.34;-7.83999e-05;1555.05;
 200.462;0;-1088.15;
 180.001;0;-3.53666;
 123.001;0;-3.3045;
 235.999;0;4.93267;
 
15848
LOKI:
Q 5.32632e-07;1.33238;1.92792;-1.27832e-05;-0.986094;0.00581772;
Torque -0.000102984;3.11003;-2.17636;0.00351329;-0.0110792;-0.00145681;
MotorD 180;0;-0.0686563;
 256.34;-7.69313e-05;1555.01;
 200.462;0;-1088.18;
 179.999;0;3.46992;
 123.001;0;-3.29408;
 235.999;0;4.91275;
 
15848
THOR:
Q 0.321581;1.76021;1.95167;1.11853e-05;-1.39356;0.321105;
Torque 0.0418356;1.84232;-2.31994;-0.00303776;-0.651937;0.178005;
MotorD 198.425;0;27.8904;
 280.852;-0.0146164;921.158;
 201.823;0;-1159.97;
 180.001;0;-3.00026;
 72.558;0;-340.35;
 232.248;0;142.566;
 
15890
FRIGG:
Q 1.5979e-06;1.33238;1.92792;-1.27832e-05;-0.986095;0.00581776;
Torque -0.000386052;3.11009;-2.17632;0.00353699;-0.0110417;-0.0014541;
MotorD 180;0;-0.257368;
 256.34;-7.78455e-05;1555.05;
 200.462;0;-1088.16;
 179.999;0;3.49333;
 123.001;0;-3.28169;
 235.999;0;4.89735;
 
15890
ODIN:
Q 5.32632e-07;1.33238;1.92792;1.29829e-05;-0.986094;0.00581772;
Torque -0.000121963;3.11013;-2.17629;-0.00355441;-0.0110815;-0.00146038;
MotorD 180;0;-0.081309;
 256.34;-7.65632e-05;1555.06;
 200.462;0;-1088.15;
 180.001;0;-3.51053;
 123.001;0;-3.29295;
 235.999;0;4.9156;
 
15890
LOKI:
Q 5.32632e-07;1.33238;1.92792;-1.25834e-05;-0.986095;0.00581776;
Torque -9.4041e-05;3.11006;-2.17636;0.00348722;-0.0110406;-0.00145203;
MotorD 180;0;-0.062694;
 256.34;-7.5999e-05;1555.03;
 200.462;0;-1088.18;
 179.999;0;3.44417;
 123.001;0;-3.28242;
 235.999;0;4.89579;
 
15890
THOR:
Q 0.321581;1.76021;1.95167;1.11853e-05;-1.39356;0.321105;
Torque 0.0418356;1.84232;-2.31994;-0.00303776;-0.651937;0.178005;
MotorD 198.425;0;27.8904;
 280.852;-0.0146164;921.158;
 201.823;0;-1159.97;
 180.001;0;-3.00026;
 72.558;0;-340.35;
 232.248;0;142.566;
 
15925
FRIGG:
Q 1.5979e-06;1.33238;1.92792;-1.27832e-05;-0.986095;0.00581776;
Torque -0.000386052;3.11009;-2.17632;0.00353699;-0.0110417;-0.0014541;
MotorD 180;0;-0.257368;
 256.34;-7.78455e-05;1555.05;
 200.462;0;-1088.16;
 179.999;0;3.49333;
 123.001;0;-3.28169;
 235.999;0;4.89735;
 
15925
ODIN:
Q 5.32632e-07;1.33238;1.92792;1.29829e-05;-0.986094;0.00581772;
Torque -0.000121963;3.11013;-2.17629;-0.00355441;-0.0110815;-0.00146038;
MotorD 180;0;-0.081309;
 256.34;-7.65632e-05;1555.06;
 200.462;0;-1088.15;
 180.001;0;-3.51053;
 123.001;0;-3.29295;
 235.999;0;4.9156;
 
15925
LOKI:
Q 5.32632e-07;1.33238;1.92792;-1.25834e-05;-0.986095;0.00581776;
Torque -9.4041e-05;3.11006;-2.17636;0.00348722;-0.0110406;-0.00145203;
MotorD 180;0;-0.062694;
 256.34;-7.5999e-05;1555.03;
 200.462;0;-1088.18;
 179.999;0;3.44417;
 123.001;0;-3.28242;
 235.999;0;4.89579;
 
15925
THOR:
Q 0.321588;1.76019;1.95169;1.09855e-05;-1.39357;0.321118;
Torque 0.0403079;1.84563;-2.32329;-0.00301539;-0.643763;0.173732;
MotorD 198.426;0;26.8719;
 280.852;-0.0144221;922.813;
 201.823;0;-1161.64;
 180.001;0;-2.97817;
 72.556;0;-334.948;
 232.248;0;141.913;
 
15965
FRIGG:
Q 1.5979e-06;1.33238;1.92792;-1.27832e-05;-0.986095;0.00581776;
Torque -0.000377444;3.11013;-2.17632;0.00351087;-0.0110035;-0.00144938;
MotorD 180;0;-0.251629;
 256.34;-7.60743e-05;1555.06;
 200.462;0;-1088.16;
 179.999;0;3.46753;
 123.001;0;-3.27017;
 235.999;0;4.88059;
 
15965
ODIN:
Q 5.32632e-07;1.33238;1.92792;1.29829e-05;-0.986095;0.00581776;
Torque -0.000113241;3.11016;-2.17629;-0.00352814;-0.0110034;-0.00145034;
MotorD 180;0;-0.0754942;
 256.34;-7.59073e-05;1555.08;
 200.462;0;-1088.15;
 180.001;0;-3.48458;
 123.001;0;-3.26959;
 235.999;0;4.88108;
 
15965
LOKI:
Q 5.32632e-07;1.33238;1.92792;-1.25834e-05;-0.986095;0.00581776;
Torque -8.54416e-05;3.11006;-2.17636;0.00346134;-0.0109629;-0.00144225;
MotorD 180;0;-0.0569611;
 256.34;-7.50633e-05;1555.03;
 200.462;0;-1088.18;
 179.999;0;3.41861;
 123.001;0;-3.25908;
 235.999;0;4.86158;
 
15965
THOR:
Q 0.321594;1.76018;1.9517;1.09855e-05;-1.39359;0.321131;
Torque 0.0388312;1.84891;-2.32658;-0.00299322;-0.6357;0.169562;
MotorD 198.426;0;25.8875;
 280.851;-0.0142299;924.453;
 201.824;0;-1163.29;
 180.001;0;-2.95627;
 72.554;0;-329.646;
 232.248;0;141.243;
 
16006
FRIGG:
Q 1.5979e-06;1.33238;1.92792;-1.25834e-05;-0.986095;0.00581776;
Torque -0.000368968;3.11016;-2.17632;0.00348494;-0.0109649;-0.00144462;
MotorD 180;0;-0.245979;
 256.34;-7.50111e-05;1555.08;
 200.462;0;-1088.16;
 179.999;0;3.44192;
 123.001;0;-3.2585;
 235.999;0;4.86363;
 
16006
ODIN:
Q 5.32632e-07;1.33238;1.92792;1.27832e-05;-0.986095;0.00581781;
Torque -0.000104651;3.11016;-2.17629;-0.00350206;-0.0109652;-0.00144564;
MotorD 180;0;-0.0697673;
 256.34;-7.47626e-05;1555.08;
 200.462;0;-1088.15;
 180.001;0;-3.45883;
 123.001;0;-3.25805;
 235.999;0;4.86432;
 
16006
LOKI:
Q 5.32632e-07;1.33238;1.92792;-1.25834e-05;-0.986095;0.00581781;
Torque -7.69799e-05;3.11009;-2.17636;0.00343566;-0.0109243;-0.0014375;
MotorD 180;0;-0.05132;
 256.34;-7.36998e-05;1555.05;
 200.462;0;-1088.18;
 179.999;0;3.39325;
 123.001;0;-3.24744;
 235.999;0;4.84466;
 
16006
THOR:
Q 0.321599;1.76017;1.95171;1.09855e-05;-1.3936;0.321143;
Torque 0.037408;1.85215;-2.32977;-0.00297119;-0.627689;0.165486;
MotorD 198.426;0;24.9387;
 280.85;-0.014039;926.076;
 201.825;0;-1164.89;
 180.001;0;-2.93451;
 72.5521;0;-324.414;
 232.247;0;140.541;
 
16039
FRIGG:
Q 1.5979e-06;1.33238;1.92792;-1.25834e-05;-0.986095;0.00581781;
Torque -0.000360967;3.11016;-2.17632;0.0034592;-0.0108868;-0.00143458;
MotorD 180;0;-0.240645;
 256.34;-7.41951e-05;1555.08;
 200.462;0;-1088.16;
 179.999;0;3.41649;
 123.001;0;-3.23515;
 235.999;0;4.82913;
 
16039
ODIN:
Q 5.32632e-07;1.33238;1.92792;1.27832e-05;-0.986095;0.00581781;
Torque -9.65295e-05;3.11019;-2.17629;-0.00347618;-0.0109266;-0.00144086;
MotorD 180;0;-0.064353;
 256.34;-7.34307e-05;1555.09;
 200.462;0;-1088.15;
 180.001;0;-3.43326;
 123.001;0;-3.2464;
 235.999;0;4.84736;
 
16039
LOKI:
Q 5.32632e-07;1.33238;1.92792;-1.23837e-05;-0.986095;0.00581781;
Torque -6.89991e-05;3.11009;-2.17639;0.00341018;-0.0108858;-0.00143273;
MotorD 180;0;-0.0459994;
 256.34;-7.33536e-05;1555.05;
 200.462;0;-1088.2;
 179.999;0;3.36808;
 123.001;0;-3.2358;
 235.999;0;4.82772;
 
16039
THOR:
Q 0.321605;1.76016;1.95172;1.07858e-05;-1.39362;0.321155;
Torque 0.0360422;1.85534;-2.33294;-0.00294931;-0.619797;0.161484;
MotorD 198.427;0;24.0281;
 280.85;-0.0138529;927.669;
 201.826;0;-1166.47;
 180.001;0;-2.9129;
 72.5502;0;-319.268;
 232.247;0;139.841;
 
16082
FRIGG:
Q 1.33158e-06;1.33238;1.92792;-1.23837e-05;-0.986095;0.00581785;
Torque -0.000353113;3.11019;-2.17632;0.00343365;-0.0108484;-0.00142966;
MotorD 180;0;-0.235408;
 256.34;-7.28893e-05;1555.09;
 200.462;0;-1088.16;
 179.999;0;3.39126;
 123.001;0;-3.22367;
 235.999;0;4.81218;
 
16082
ODIN:
Q 5.32632e-07;1.33238;1.92792;1.25834e-05;-0.986095;0.00581785;
Torque -8.85917e-05;3.11019;-2.17629;-0.0034505;-0.0108483;-0.00143083;
MotorD 180;0;-0.0590611;
 256.34;-7.29462e-05;1555.09;
 200.462;0;-1088.15;
 180.001;0;-3.4079;
 123.001;0;-3.223;
 235.999;0;4.81281;
 
16082
LOKI:
Q 2.66316e-07;1.33238;1.92792;-1.23837e-05;-0.986095;0.00581776;
Torque -6.11877e-05;3.11012;-2.17639;0.00338488;-0.0108077;-0.0014227;
MotorD 180;0;-0.0407918;
 256.34;-7.17776e-05;1555.06;
 200.462;0;-1088.19;
 179.999;0;3.34309;
 123.001;0;-3.21245;
 235.999;0;4.79323;
 
16082
THOR:
Q 0.321605;1.76016;1.95172;1.07858e-05;-1.39362;0.321155;
Torque 0.0360422;1.85534;-2.33294;-0.00294931;-0.619797;0.161484;
MotorD 198.427;0;24.0281;
 280.85;-0.0138529;927.669;
 201.826;0;-1166.47;
 180.001;0;-2.9129;
 72.5502;0;-319.268;
 232.247;0;139.841;
 
16120
FRIGG:
Q 1.33158e-06;1.33238;1.92792;-1.23837e-05;-0.986095;0.00581785;
Torque -0.000353113;3.11019;-2.17632;0.00343365;-0.0108484;-0.00142966;
MotorD 180;0;-0.235408;
 256.34;-7.28893e-05;1555.09;
 200.462;0;-1088.16;
 179.999;0;3.39126;
 123.001;0;-3.22367;
 235.999;0;4.81218;
 
16120
ODIN:
Q 5.32632e-07;1.33238;1.92792;1.25834e-05;-0.986095;0.00581785;
Torque -8.85917e-05;3.11019;-2.17629;-0.0034505;-0.0108483;-0.00143083;
MotorD 180;0;-0.0590611;
 256.34;-7.29462e-05;1555.09;
 200.462;0;-1088.15;
 180.001;0;-3.4079;
 123.001;0;-3.223;
 235.999;0;4.81281;
 
16120
LOKI:
Q 2.66316e-07;1.33238;1.92792;-1.23837e-05;-0.986095;0.00581776;
Torque -6.11877e-05;3.11012;-2.17639;0.00338488;-0.0108077;-0.0014227;
MotorD 180;0;-0.0407918;
 256.34;-7.17776e-05;1555.06;
 200.462;0;-1088.19;
 179.999;0;3.34309;
 123.001;0;-3.21245;
 235.999;0;4.79323;
 
16120
THOR:
Q 0.32161;1.76015;1.95174;1.07858e-05;-1.39363;0.321167;
Torque 0.0347199;1.85846;-2.33604;-0.00292757;-0.611948;0.157591;
MotorD 198.427;0;23.1466;
 280.849;-0.0136713;929.231;
 201.826;0;-1168.02;
 180.001;0;-2.89142;
 72.5484;0;-314.198;
 232.247;0;139.097;
 
16159
FRIGG:
Q 1.33158e-06;1.33238;1.92792;-1.23837e-05;-0.986095;0.00581776;
Torque -0.00034567;3.11019;-2.17632;0.0034083;-0.01081;-0.00142492;
MotorD 180;0;-0.230447;
 256.34;-7.23616e-05;1555.09;
 200.462;0;-1088.16;
 179.999;0;3.36623;
 123.001;0;-3.21209;
 235.999;0;4.79533;
 
16159
ODIN:
Q 5.32632e-07;1.33238;1.92792;1.25834e-05;-0.986095;0.00581776;
Torque -8.10548e-05;3.11022;-2.17629;-0.003425;-0.0108102;-0.00142611;
MotorD 180;0;-0.0540365;
 256.34;-7.13843e-05;1555.11;
 200.462;0;-1088.15;
 180.001;0;-3.38272;
 123.001;0;-3.21148;
 235.999;0;4.79605;
 
16159
LOKI:
Q 2.66316e-07;1.33238;1.92792;-1.2184e-05;-0.986095;0.00581776;
Torque -5.37733e-05;3.11012;-2.17639;0.00335976;-0.0107695;-0.00141799;
MotorD 180;0;-0.0358488;
 256.34;-7.13974e-05;1555.06;
 200.462;0;-1088.19;
 179.999;0;3.31828;
 123.001;0;-3.20093;
 235.999;0;4.77647;
 
16160
THOR:
Q 0.321615;1.76013;1.95175;1.05861e-05;-1.39365;0.321179;
Torque 0.0334519;1.86158;-2.33905;-0.00290599;-0.604232;0.153785;
MotorD 198.427;0;22.3013;
 280.848;-0.0134861;930.792;
 201.827;0;-1169.53;
 180.001;0;-2.87012;
 72.5465;0;-309.225;
 232.247;0;138.354;
 
16198
FRIGG:
Q 1.33158e-06;1.33238;1.92792;-1.23837e-05;-0.986095;0.00581781;
Torque -0.000338462;3.11022;-2.17632;0.00338313;-0.0107713;-0.00142014;
MotorD 180;0;-0.225641;
 256.34;-7.08022e-05;1555.11;
 200.462;0;-1088.16;
 179.999;0;3.34136;
 123.001;0;-3.2004;
 235.999;0;4.77833;
 
16198
ODIN:
Q 5.32632e-07;1.33238;1.92792;1.25834e-05;-0.986095;0.00581781;
Torque -7.37547e-05;3.11022;-2.17629;-0.0033997;-0.0107717;-0.00142117;
MotorD 180;0;-0.0491698;
 256.34;-7.1102e-05;1555.11;
 200.462;0;-1088.15;
 180.001;0;-3.35772;
 123.001;0;-3.19998;
 235.999;0;4.77906;
 
16198
LOKI:
Q 2.66316e-07;1.33238;1.92792;-1.2184e-05;-0.986095;0.00581772;
Torque -4.65624e-05;3.11015;-2.17639;0.00333482;-0.0107309;-0.00141322;
MotorD 180;0;-0.0310416;
 256.34;-6.97829e-05;1555.08;
 200.462;0;-1088.19;
 179.999;0;3.29365;
 123.001;0;-3.18927;
 235.999;0;4.75952;
 
16198
THOR:
Q 0.32162;1.76012;1.95176;1.05861e-05;-1.39366;0.321191;
Torque 0.0322238;1.86464;-2.34204;-0.00288456;-0.596623;0.150041;
MotorD 198.427;0;21.4825;
 280.848;-0.0133074;932.322;
 201.828;0;-1171.02;
 180.001;0;-2.84895;
 72.5448;0;-304.328;
 232.247;0;137.615;
 
16235
FRIGG:
Q 1.33158e-06;1.33238;1.92792;-1.2184e-05;-0.986095;0.00581776;
Torque -0.00033151;3.11022;-2.17632;0.00335816;-0.0106927;-0.00141003;
MotorD 180;0;-0.221007;
 256.34;-7.05412e-05;1555.11;
 200.462;0;-1088.16;
 179.999;0;3.3167;
 123.001;0;-3.1769;
 235.999;0;4.7436;
 
16235
ODIN:
Q 2.66316e-07;1.33238;1.92792;1.23837e-05;-0.986095;0.00581785;
Torque -6.67229e-05;3.11025;-2.17629;-0.00337455;-0.0107331;-0.00141639;
MotorD 180;0;-0.0444819;
 256.34;-6.93475e-05;1555.13;
 200.462;0;-1088.15;
 180.001;0;-3.33289;
 123.001;0;-3.18833;
 235.999;0;4.76209;
 
16235
LOKI:
Q 2.66316e-07;1.33238;1.92792;-1.19842e-05;-0.986095;0.00581776;
Torque -3.96663e-05;3.11015;-2.17639;0.00331005;-0.0106923;-0.00140826;
MotorD 180;0;-0.0264442;
 256.34;-6.94997e-05;1555.08;
 200.462;0;-1088.19;
 179.999;0;3.26918;
 123.001;0;-3.17774;
 235.999;0;4.74247;
 
16235
THOR:
Q 0.32162;1.76012;1.95176;1.05861e-05;-1.39366;0.321191;
Torque 0.0322238;1.86464;-2.34204;-0.00288456;-0.596623;0.150041;
MotorD 198.427;0;21.4825;
 280.848;-0.0133074;932.322;
 201.828;0;-1171.02;
 180.001;0;-2.84895;
 72.5448;0;-304.328;
 232.247;0;137.615;
 
16261
FRIGG:
Q 1.33158e-06;1.33238;1.92792;-1.2184e-05;-0.986095;0.00581776;
Torque -0.00033151;3.11022;-2.17632;0.00335816;-0.0106927;-0.00141003;
MotorD 180;0;-0.221007;
 256.34;-7.05412e-05;1555.11;
 200.462;0;-1088.16;
 179.999;0;3.3167;
 123.001;0;-3.1769;
 235.999;0;4.7436;
 
16261
ODIN:
Q 2.66316e-07;1.33238;1.92792;1.23837e-05;-0.986095;0.00581785;
Torque -6.67229e-05;3.11025;-2.17629;-0.00337455;-0.0107331;-0.00141639;
MotorD 180;0;-0.0444819;
 256.34;-6.93475e-05;1555.13;
 200.462;0;-1088.15;
 180.001;0;-3.33289;
 123.001;0;-3.18833;
 235.999;0;4.76209;
 
16261
LOKI:
Q 2.66316e-07;1.33238;1.92792;-1.19842e-05;-0.986095;0.00581776;
Torque -3.96663e-05;3.11015;-2.17639;0.00331005;-0.0106923;-0.00140826;
MotorD 180;0;-0.0264442;
 256.34;-6.94997e-05;1555.08;
 200.462;0;-1088.19;
 179.999;0;3.26918;
 123.001;0;-3.17774;
 235.999;0;4.74247;
 
16261
THOR:
Q 0.321625;1.76011;1.95177;1.05861e-05;-1.39368;0.321202;
Torque 0.0310439;1.86767;-2.34492;-0.00286329;-0.589163;0.146386;
MotorD 198.428;0;20.6959;
 280.847;-0.0131321;933.837;
 201.828;0;-1172.46;
 180.001;0;-2.82794;
 72.543;0;-299.534;
 232.246;0;136.883;
 
16303
FRIGG:
Q 1.33158e-06;1.33238;1.92792;-1.2184e-05;-0.986095;0.00581776;
Torque -0.000324747;3.11025;-2.17632;0.00333335;-0.0106548;-0.00140518;
MotorD 180;0;-0.216498;
 256.34;-6.8954e-05;1555.13;
 200.462;0;-1088.16;
 179.999;0;3.2922;
 123.001;0;-3.16557;
 235.999;0;4.72688;
 
16303
ODIN:
Q 2.66316e-07;1.33238;1.92792;1.23837e-05;-0.986095;0.00581776;
Torque -5.98653e-05;3.11025;-2.17629;-0.00334963;-0.0106944;-0.00141144;
MotorD 180;0;-0.0399102;
 256.34;-6.92318e-05;1555.13;
 200.462;0;-1088.15;
 180.001;0;-3.30828;
 123.001;0;-3.17676;
 235.999;0;4.74502;
 
16303
LOKI:
Q 2.66316e-07;1.33238;1.92792;-1.19842e-05;-0.986095;0.00581776;
Torque -3.28986e-05;3.11019;-2.17639;0.00328552;-0.010614;-0.00139821;
MotorD 180;0;-0.0219324;
 256.34;-6.79612e-05;1555.09;
 200.462;0;-1088.19;
 179.999;0;3.24496;
 123.001;0;-3.15432;
 235.999;0;4.70788;
 
16303
THOR:
Q 0.32163;1.7601;1.95178;1.03863e-05;-1.39369;0.321213;
Torque 0.029909;1.87064;-2.34778;-0.00284217;-0.581744;0.142834;
MotorD 198.428;0;19.9394;
 280.846;-0.0129553;935.32;
 201.829;0;-1173.89;
 180.001;0;-2.80708;
 72.5413;0;-294.813;
 232.246;0;136.109;
 
16341
FRIGG:
Q 1.33158e-06;1.33238;1.92792;-1.19842e-05;-0.986095;0.00581781;
Torque -0.000318335;3.11025;-2.17632;0.00330874;-0.0106164;-0.00140043;
MotorD 180;0;-0.212223;
 256.34;-6.87166e-05;1555.13;
 200.462;0;-1088.16;
 179.999;0;3.26789;
 123.001;0;-3.15397;
 235.999;0;4.71001;
 
16341
ODIN:
Q 2.66316e-07;1.33238;1.92792;1.2184e-05;-0.986095;0.00581781;
Torque -5.33615e-05;3.11028;-2.17629;-0.00332489;-0.0106162;-0.00140139;
MotorD 180;0;-0.0355743;
 256.34;-6.76518e-05;1555.14;
 200.462;0;-1088.15;
 180.001;0;-3.28384;
 123.001;0;-3.15339;
 235.999;0;4.71049;
 
16341
LOKI:
Q 2.66316e-07;1.33238;1.92792;-1.17845e-05;-0.986095;0.00581781;
Torque -2.64929e-05;3.11019;-2.17639;0.00326114;-0.0105758;-0.00139349;
MotorD 180;0;-0.017662;
 256.34;-6.77656e-05;1555.09;
 200.462;0;-1088.19;
 179.999;0;3.22088;
 123.001;0;-3.14279;
 235.999;0;4.69112;
 
16341
THOR:
Q 0.321634;1.76009;1.95179;1.03863e-05;-1.3937;0.321224;
Torque 0.0288161;1.87358;-2.35058;-0.00282118;-0.574368;0.139356;
MotorD 198.428;0;19.2107;
 280.846;-0.0127845;936.788;
 201.829;0;-1175.29;
 180.001;0;-2.78635;
 72.5396;0;-290.149;
 232.246;0;135.309;
 
16376
FRIGG:
Q 1.33158e-06;1.33238;1.92792;-1.19842e-05;-0.986095;0.00581781;
Torque -0.000312068;3.11028;-2.17632;0.00328431;-0.0105777;-0.00139566;
MotorD 180;0;-0.208045;
 256.34;-6.71128e-05;1555.14;
 200.462;0;-1088.16;
 179.999;0;3.24376;
 123.001;0;-3.14228;
 235.999;0;4.69302;
 
16376
ODIN:
Q 2.66316e-07;1.33238;1.92792;1.2184e-05;-0.986095;0.00581781;
Torque -4.70088e-05;3.11028;-2.17629;-0.00330032;-0.010578;-0.00139668;
MotorD 180;0;-0.0313392;
 256.34;-6.74782e-05;1555.14;
 200.462;0;-1088.15;
 180.001;0;-3.25957;
 123.001;0;-3.14183;
 235.999;0;4.6937;
 
16376
LOKI:
Q 2.66316e-07;1.33238;1.92792;-1.17845e-05;-0.986095;0.00581785;
Torque -2.02376e-05;3.11022;-2.17639;0.00323695;-0.0105372;-0.00138873;
MotorD 180;0;-0.0134917;
 256.34;-6.61727e-05;1555.11;
 200.462;0;-1088.19;
 179.999;0;3.19699;
 123.001;0;-3.13114;
 235.999;0;4.67418;
 
16376
THOR:
Q 0.321638;1.76008;1.9518;1.03863e-05;-1.39372;0.321235;
Torque 0.0277606;1.87648;-2.35331;-0.00280036;-0.567121;0.135942;
MotorD 198.429;0;18.5071;
 280.845;-0.0126141;938.24;
 201.83;0;-1176.66;
 180.001;0;-2.76579;
 72.5379;0;-285.568;
 232.246;0;134.521;
 
16417
FRIGG:
Q 1.33158e-06;1.33238;1.92792;-1.17845e-05;-0.986095;0.00581785;
Torque -0.000306044;3.11028;-2.17632;0.00326005;-0.010539;-0.0013907;
MotorD 180;0;-0.204029;
 256.34;-6.68842e-05;1555.14;
 200.462;0;-1088.16;
 179.999;0;3.2198;
 123.001;0;-3.13074;
 235.999;0;4.67596;
 
16417
ODIN:
Q 2.66316e-07;1.33238;1.92792;1.19842e-05;-0.986095;0.00581785;
Torque -4.09139e-05;3.11031;-2.17629;-0.00327592;-0.0105393;-0.00139171;
MotorD 180;0;-0.027276;
 256.34;-6.58604e-05;1555.16;
 200.462;0;-1088.15;
 180.001;0;-3.23548;
 123.001;0;-3.13027;
 235.999;0;4.67661;
 
16417
LOKI:
Q 2.66316e-07;1.33238;1.92792;-1.15848e-05;-0.986095;0.00581785;
Torque -1.42472e-05;3.11022;-2.17639;0.00321293;-0.0104987;-0.00138398;
MotorD 180;0;-0.00949812;
 256.34;-6.59271e-05;1555.11;
 200.462;0;-1088.19;
 179.999;0;3.17326;
 123.001;0;-3.11951;
 235.999;0;4.65727;
 
16417
THOR:
Q 0.321639;1.76007;1.95181;1.01866e-05;-1.39372;0.321237;
Torque 0.027466;1.87732;-2.35409;-0.00279449;-0.56517;0.13474;
MotorD 198.429;0;18.3107;
 280.845;-0.012586;938.658;
 201.83;0;-1177.05;
 180.001;0;-2.75999;
 72.5375;0;-284.178;
 232.246;0;134.467;
 
16459
FRIGG:
Q 1.33158e-06;1.33238;1.92792;-1.17845e-05;-0.986095;0.00581785;
Torque -0.000306044;3.11028;-2.17632;0.00326005;-0.010539;-0.0013907;
MotorD 180;0;-0.204029;
 256.34;-6.68842e-05;1555.14;
 200.462;0;-1088.16;
 179.999;0;3.2198;
 123.001;0;-3.13074;
 235.999;0;4.67596;
 
16459
ODIN:
Q 2.66316e-07;1.33238;1.92792;1.19842e-05;-0.986095;0.00581785;
Torque -4.0605e-05;3.11031;-2.17629;-0.00327456;-0.0105393;-0.00139171;
MotorD 180;0;-0.02707;
 256.34;-6.58236e-05;1555.16;
 200.462;0;-1088.15;
 180.001;0;-3.23414;
 123.001;0;-3.13028;
 235.999;0;4.67663;
 
16459
LOKI:
Q 2.66316e-07;1.33238;1.92792;-1.15848e-05;-0.986095;0.00581785;
Torque -1.345e-05;3.11022;-2.17639;0.00320887;-0.0104987;-0.00138397;
MotorD 180;0;-0.00896667;
 256.34;-6.58901e-05;1555.11;
 200.462;0;-1088.19;
 179.999;0;3.16926;
 123.001;0;-3.11955;
 235.999;0;4.65729;
 
16459
THOR:
Q 0.321642;1.76007;1.95181;1.01866e-05;-1.39373;0.321245;
Torque 0.0267404;1.87935;-2.35599;-0.00277967;-0.559997;0.132611;
MotorD 198.429;0;17.8269;
 280.844;-0.0124493;939.677;
 201.831;0;-1177.99;
 180.001;0;-2.74535;
 72.5362;0;-281.079;
 232.246;0;133.734;
 
16495
FRIGG:
Q 1.33158e-06;1.33238;1.92792;-1.17845e-05;-0.986095;0.00581776;
Torque -0.000300248;3.11031;-2.17632;0.00323598;-0.0104602;-0.00138057;
MotorD 180;0;-0.200165;
 256.34;-6.53137e-05;1555.16;
 200.462;0;-1088.16;
 179.999;0;3.19603;
 123.001;0;-3.10717;
 235.999;0;4.64114;
 
16495
ODIN:
Q 2.66316e-07;1.33238;1.92792;1.19842e-05;-0.986095;0.00581785;
Torque -3.50548e-05;3.11031;-2.17629;-0.00325172;-0.0105007;-0.00138695;
MotorD 180;0;-0.0233699;
 256.34;-6.56101e-05;1555.16;
 200.462;0;-1088.15;
 180.001;0;-3.21157;
 123.001;0;-3.11863;
 235.999;0;4.65969;
 
16495
LOKI:
Q 2.66316e-07;1.33238;1.92792;-1.15848e-05;-0.986095;0.00581776;
Torque -8.47798e-06;3.11025;-2.17639;0.00318908;-0.0104598;-0.00137899;
MotorD 180;0;-0.00565199;
 256.34;-6.43442e-05;1555.12;
 200.462;0;-1088.19;
 179.999;0;3.14971;
 123.001;0;-3.10791;
 235.999;0;4.64013;
 
16495
THOR:
Q 0.321646;1.76005;1.95182;1.01866e-05;-1.39374;0.321255;
Torque 0.0257595;1.88216;-2.35863;-0.00275913;-0.55293;0.129363;
MotorD 198.429;0;17.173;
 280.844;-0.0122815;941.082;
 201.831;0;-1179.32;
 180.001;0;-2.72507;
 72.5346;0;-276.657;
 232.246;0;132.92;
 
16528
FRIGG:
Q 1.33158e-06;1.33238;1.92792;-1.15848e-05;-0.986095;0.00581781;
Torque -0.000294682;3.11031;-2.17632;0.00321208;-0.0104222;-0.00137569;
MotorD 180;0;-0.196454;
 256.34;-6.50725e-05;1555.16;
 200.462;0;-1088.16;
 179.999;0;3.17243;
 123.001;0;-3.0958;
 235.999;0;4.62434;
 
16528
ODIN:
Q 2.66316e-07;1.33238;1.92792;1.17845e-05;-0.986095;0.00581776;
Torque -2.94177e-05;3.11034;-2.17629;-0.00322769;-0.0104619;-0.00138196;
MotorD 180;0;-0.0196118;
 256.34;-6.39745e-05;1555.17;
 200.462;0;-1088.15;
 180.001;0;-3.18784;
 123.001;0;-3.10703;
 235.999;0;4.64255;
 
16528
LOKI:
Q 2.66316e-07;1.33238;1.92792;-1.15848e-05;-0.986095;0.00581781;
Torque -2.9175e-06;3.11025;-2.17639;0.00316541;-0.0104213;-0.00137423;
MotorD 180;0;-0.001945;
 256.34;-6.40832e-05;1555.12;
 200.462;0;-1088.19;
 179.999;0;3.12633;
 123.001;0;-3.09627;
 235.999;0;4.6232;
 
16528
THOR:
Q 0.32165;1.76004;1.95183;9.98685e-06;-1.39375;0.321265;
Torque 0.0248153;1.88497;-2.36121;-0.00273874;-0.545991;0.126183;
MotorD 198.429;0;16.5435;
 280.843;-0.012118;942.487;
 201.832;0;-1180.61;
 180.001;0;-2.70493;
 72.533;0;-272.321;
 232.245;0;132.117;
 
16557
FRIGG:
Q 1.33158e-06;1.33238;1.92792;-1.15848e-05;-0.986095;0.00581785;
Torque -0.000289372;3.11034;-2.17632;0.00318836;-0.0103836;-0.00137092;
MotorD 180;0;-0.192915;
 256.34;-6.36528e-05;1555.17;
 200.462;0;-1088.16;
 179.999;0;3.149;
 123.001;0;-3.08417;
 235.999;0;4.60741;
 
16557
ODIN:
Q 2.66316e-07;1.33238;1.92792;1.17845e-05;-0.986095;0.00581781;
Torque -2.40368e-05;3.11034;-2.17629;-0.00320384;-0.0104234;-0.0013772;
MotorD 180;0;-0.0160245;
 256.34;-6.37613e-05;1555.17;
 200.462;0;-1088.15;
 180.001;0;-3.16429;
 123.001;0;-3.09539;
 235.999;0;4.62561;
 
16557
LOKI:
Q 0;1.33238;1.92792;-1.1385e-05;-0.986096;0.00581776;
Torque 2.38109e-06;3.11028;-2.17639;0.00314192;-0.0103425;-0.00136411;
MotorD 180;0;0.00158739;
 256.34;-6.26366e-05;1555.14;
 200.462;0;-1088.19;
 179.999;0;3.10313;
 123.001;0;-3.07272;
 235.999;0;4.58839;
 
16557
THOR:
Q 0.321654;1.76003;1.95184;9.98685e-06;-1.39377;0.321275;
Torque 0.0239073;1.88772;-2.36373;-0.00271849;-0.539105;0.123067;
MotorD 198.429;0;15.9382;
 280.842;-0.0119564;943.861;
 201.832;0;-1181.87;
 180.001;0;-2.68493;
 72.5315;0;-268.039;
 232.245;0;131.298;
 
16599
FRIGG:
Q 1.06526e-06;1.33238;1.92792;-1.15848e-05;-0.986096;0.00581776;
Torque -0.000284209;3.11034;-2.17632;0.00316483;-0.010345;-0.00136596;
MotorD 180;0;-0.189473;
 256.34;-6.32711e-05;1555.17;
 200.462;0;-1088.16;
 179.999;0;3.12575;
 123.001;0;-3.07263;
 235.999;0;4.59036;
 
16599
ODIN:
Q 2.66316e-07;1.33238;1.92792;1.17845e-05;-0.986095;0.00581785;
Torque -1.88102e-05;3.11038;-2.17629;-0.00318017;-0.0103845;-0.0013722;
MotorD 180;0;-0.0125401;
 256.34;-6.24499e-05;1555.19;
 200.462;0;-1088.15;
 180.001;0;-3.14091;
 123.001;0;-3.08378;
 235.999;0;4.60845;
 
16599
LOKI:
Q 0;1.33238;1.92792;-1.1385e-05;-0.986096;0.00581776;
Torque 7.52107e-06;3.11028;-2.17639;0.00311859;-0.0103042;-0.00135918;
MotorD 180;0;0.00501405;
 256.34;-6.22667e-05;1555.14;
 200.462;0;-1088.19;
 179.999;0;3.08009;
 123.001;0;-3.06126;
 235.999;0;4.57146;
 
16599
THOR:
Q 0.321654;1.76003;1.95184;9.98685e-06;-1.39377;0.321275;
Torque 0.0239073;1.88772;-2.36373;-0.00271849;-0.539105;0.123067;
MotorD 198.429;0;15.9382;
 280.842;-0.0119564;943.861;
 201.832;0;-1181.87;
 180.001;0;-2.68493;
 72.5315;0;-268.039;
 232.245;0;131.298;
 
16643
FRIGG:
Q 1.06526e-06;1.33238;1.92792;-1.15848e-05;-0.986096;0.00581776;
Torque -0.000284209;3.11034;-2.17632;0.00316483;-0.010345;-0.00136596;
MotorD 180;0;-0.189473;
 256.34;-6.32711e-05;1555.17;
 200.462;0;-1088.16;
 179.999;0;3.12575;
 123.001;0;-3.07263;
 235.999;0;4.59036;
 
16643
ODIN:
Q 2.66316e-07;1.33238;1.92792;1.17845e-05;-0.986095;0.00581785;
Torque -1.88102e-05;3.11038;-2.17629;-0.00318017;-0.0103845;-0.0013722;
MotorD 180;0;-0.0125401;
 256.34;-6.24499e-05;1555.19;
 200.462;0;-1088.15;
 180.001;0;-3.14091;
 123.001;0;-3.08378;
 235.999;0;4.60845;
 
16643
LOKI:
Q 0;1.33238;1.92792;-1.1385e-05;-0.986096;0.00581776;
Torque 7.52107e-06;3.11028;-2.17639;0.00311859;-0.0103042;-0.00135918;
MotorD 180;0;0.00501405;
 256.34;-6.22667e-05;1555.14;
 200.462;0;-1088.19;
 179.999;0;3.08009;
 123.001;0;-3.06126;
 235.999;0;4.57146;
 
16643
THOR:
Q 0.321657;1.76002;1.95185;9.98685e-06;-1.39378;0.321285;
Torque 0.0230373;1.89044;-2.36619;-0.00269841;-0.532268;0.120029;
MotorD 198.43;0;15.3582;
 280.842;-0.011797;945.22;
 201.833;0;-1183.09;
 180.001;0;-2.66509;
 72.5299;0;-263.819;
 232.245;0;130.454;
 
16681
FRIGG:
Q 1.06526e-06;1.33238;1.92792;-1.1385e-05;-0.986096;0.00581776;
Torque -0.000279136;3.11038;-2.17632;0.00314145;-0.0103064;-0.00136121;
MotorD 180;0;-0.186091;
 256.34;-6.20604e-05;1555.19;
 200.462;0;-1088.16;
 179.999;0;3.10267;
 123.001;0;-3.06096;
 235.999;0;4.57341;
 
16681
ODIN:
Q 2.66316e-07;1.33238;1.92792;1.15848e-05;-0.986096;0.00581776;
Torque -1.3678e-05;3.11038;-2.17629;-0.00315667;-0.0103059;-0.00136191;
MotorD 180;0;-0.00911866;
 256.34;-6.19319e-05;1555.19;
 200.462;0;-1088.15;
 180.001;0;-3.1177;
 123.001;0;-3.06037;
 235.999;0;4.5736;
 
16681
LOKI:
Q 0;1.33238;1.92792;-1.11853e-05;-0.986096;0.00581781;
Torque 1.25723e-05;3.11031;-2.17639;0.00309546;-0.0102658;-0.00135445;
MotorD 180;0;0.00838155;
 256.34;-6.11859e-05;1555.16;
 200.462;0;-1088.19;
 179.999;0;3.05725;
 123.001;0;-3.04967;
 235.999;0;4.55462;
 
16681
THOR:
Q 0.321661;1.76001;1.95186;9.78712e-06;-1.39379;0.321294;
Torque 0.0221878;1.89309;-2.36862;-0.00267845;-0.525559;0.11706;
MotorD 198.43;0;14.7919;
 280.841;-0.0116404;946.547;
 201.833;0;-1184.31;
 180.001;0;-2.64538;
 72.5284;0;-259.684;
 232.245;0;129.618;
 
16721
FRIGG:
Q 1.06526e-06;1.33238;1.92792;-1.1385e-05;-0.986096;0.00581781;
Torque -0.000274299;3.11038;-2.17632;0.00311826;-0.0102678;-0.00135625;
MotorD 180;0;-0.182866;
 256.34;-6.1439e-05;1555.19;
 200.462;0;-1088.16;
 179.999;0;3.07976;
 123.001;0;-3.04943;
 235.999;0;4.55638;
 
16721
ODIN:
Q 2.66316e-07;1.33238;1.92792;1.15848e-05;-0.986096;0.00581781;
Torque -8.77971e-06;3.11041;-2.17632;-0.00313335;-0.0102675;-0.00135719;
MotorD 180;0;-0.00585314;
 256.34;-6.14165e-05;1555.2;
 200.462;0;-1088.16;
 180.001;0;-3.09467;
 123.001;0;-3.04879;
 235.999;0;4.55679;
 
16721
LOKI:
Q 0;1.33238;1.92792;-1.11853e-05;-0.986096;0.00581785;
Torque 1.73968e-05;3.11031;-2.17639;0.00307249;-0.0102272;-0.0013495;
MotorD 180;0;0.0115979;
 256.34;-6.04876e-05;1555.16;
 200.462;0;-1088.19;
 179.999;0;3.03456;
 123.001;0;-3.03814;
 235.999;0;4.53759;
 
16721
THOR:
Q 0.321664;1.76;1.95187;9.78712e-06;-1.3938;0.321304;
Torque 0.0213755;1.89575;-2.37098;-0.00265863;-0.518905;0.114157;
MotorD 198.43;0;14.2503;
 280.841;-0.011487;947.874;
 201.834;0;-1185.49;
 180.001;0;-2.62581;
 72.5269;0;-255.608;
 232.245;0;128.766;
 
16756
FRIGG:
Q 1.06526e-06;1.33238;1.92792;-1.11853e-05;-0.986096;0.00581785;
Torque -0.000269644;3.11041;-2.17632;0.00309524;-0.0102291;-0.00135128;
MotorD 180;0;-0.179763;
 256.34;-6.09902e-05;1555.2;
 200.462;0;-1088.16;
 179.999;0;3.05703;
 123.001;0;-3.03784;
 235.999;0;4.53926;
 
16756
ODIN:
Q 2.66316e-07;1.33238;1.92792;1.1385e-05;-0.986096;0.00581785;
Torque -4.06625e-06;3.11041;-2.17632;-0.00311021;-0.0102291;-0.00135226;
MotorD 180;0;-0.00271083;
 256.34;-6.02262e-05;1555.2;
 200.462;0;-1088.16;
 180.001;0;-3.07181;
 123.001;0;-3.03731;
 235.999;0;4.53983;
 
16756
LOKI:
Q 0;1.33238;1.92792;-1.09855e-05;-0.986096;0.00581785;
Torque 2.20554e-05;3.11031;-2.17639;0.00304969;-0.0101886;-0.00134474;
MotorD 180;0;0.0147036;
 256.34;-6.04667e-05;1555.16;
 200.462;0;-1088.19;
 179.999;0;3.01204;
 123.001;0;-3.02649;
 235.999;0;4.52065;
 
16756
THOR:
Q 0.321667;1.75999;1.95188;9.78712e-06;-1.39382;0.321313;
Torque 0.0205934;1.89837;-2.37332;-0.00263896;-0.512383;0.111307;
MotorD 198.43;0;13.729;
 280.84;-0.0113337;949.186;
 201.835;0;-1186.66;
 180.001;0;-2.60638;
 72.5255;0;-251.609;
 232.245;0;127.934;
 
16793
FRIGG:
Q 1.06526e-06;1.33238;1.92792;-1.11853e-05;-0.986096;0.00581785;
Torque -0.000269644;3.11041;-2.17632;0.00309524;-0.0102291;-0.00135128;
MotorD 180;0;-0.179763;
 256.34;-6.09902e-05;1555.2;
 200.462;0;-1088.16;
 179.999;0;3.05703;
 123.001;0;-3.03784;
 235.999;0;4.53926;
 
16793
ODIN:
Q 2.66316e-07;1.33238;1.92792;1.1385e-05;-0.986096;0.00581785;
Torque -4.06625e-06;3.11041;-2.17632;-0.00311021;-0.0102291;-0.00135226;
MotorD 180;0;-0.00271083;
 256.34;-6.02262e-05;1555.2;
 200.462;0;-1088.16;
 180.001;0;-3.07181;
 123.001;0;-3.03731;
 235.999;0;4.53983;
 
16793
LOKI:
Q 0;1.33238;1.92792;-1.09855e-05;-0.986096;0.00581785;
Torque 2.65087e-05;3.11034;-2.17639;0.00302706;-0.0101499;-0.00133976;
MotorD 180;0;0.0176725;
 256.34;-5.87213e-05;1555.17;
 200.462;0;-1088.19;
 179.999;0;2.98969;
 123.001;0;-3.01491;
 235.999;0;4.50354;
 
16793
THOR:
Q 0.321667;1.75999;1.95188;9.78712e-06;-1.39382;0.321313;
Torque 0.0205934;1.89837;-2.37332;-0.00263896;-0.512383;0.111307;
MotorD 198.43;0;13.729;
 280.84;-0.0113337;949.186;
 201.835;0;-1186.66;
 180.001;0;-2.60638;
 72.5255;0;-251.609;
 232.245;0;127.934;
 
16826
FRIGG:
Q 1.06526e-06;1.33238;1.92792;-1.11853e-05;-0.986096;0.00581785;
Torque -0.000265169;3.11041;-2.17632;0.00307238;-0.0101904;-0.00134651;
MotorD 180;0;-0.176779;
 256.34;-5.96322e-05;1555.2;
 200.462;0;-1088.16;
 179.999;0;3.03445;
 123.001;0;-3.02618;
 235.999;0;4.5223;
 
16827
ODIN:
Q 0;1.33238;1.92792;1.1385e-05;-0.986096;0.00581785;
Torque 4.62333e-07;3.11041;-2.17632;-0.00308723;-0.0101905;-0.0013473;
MotorD 180;0;0.000308222;
 256.34;-6.01865e-05;1555.2;
 200.462;0;-1088.16;
 180.001;0;-3.04911;
 123.001;0;-3.02576;
 235.999;0;4.52276;
 
16827
LOKI:
Q 0;1.33238;1.92792;-1.09855e-05;-0.986096;0.00581785;
Torque 2.65087e-05;3.11034;-2.17639;0.00302706;-0.0101499;-0.00133976;
MotorD 180;0;0.0176725;
 256.34;-5.87213e-05;1555.17;
 200.462;0;-1088.19;
 179.999;0;2.98969;
 123.001;0;-3.01491;
 235.999;0;4.50354;
 
16827
THOR:
Q 0.32167;1.75998;1.95189;9.58738e-06;-1.39383;0.321321;
Torque 0.0198404;1.90093;-2.37559;-0.00261941;-0.505914;0.108543;
MotorD 198.43;0;13.2269;
 280.84;-0.0111834;950.466;
 201.835;0;-1187.8;
 180.001;0;-2.58707;
 72.5241;0;-247.678;
 232.245;0;127.074;
 
16865
FRIGG:
Q 1.06526e-06;1.33238;1.92792;-1.09855e-05;-0.986096;0.00581785;
Torque -0.000260963;3.11041;-2.17632;0.00304971;-0.0101517;-0.00134152;
MotorD 180;0;-0.173976;
 256.34;-5.95943e-05;1555.2;
 200.462;0;-1088.16;
 179.999;0;3.01206;
 123.001;0;-3.01461;
 235.999;0;4.50519;
 
16866
ODIN:
Q 0;1.33238;1.92792;1.11853e-05;-0.986096;0.00581785;
Torque 4.72257e-06;3.11044;-2.17632;-0.00306442;-0.0101517;-0.00134231;
MotorD 180;0;0.00314838;
 256.34;-5.83989e-05;1555.22;
 200.462;0;-1088.16;
 180.001;0;-3.02659;
 123.001;0;-3.01418;
 235.999;0;4.50563;
 
16866
LOKI:
Q 0;1.33238;1.92792;-1.09855e-05;-0.986096;0.00581776;
Torque 3.07098e-05;3.11034;-2.17639;0.00300457;-0.0101113;-0.00133499;
MotorD 180;0;0.0204732;
 256.34;-5.86242e-05;1555.17;
 200.462;0;-1088.19;
 179.999;0;2.96748;
 123.001;0;-3.00327;
 235.999;0;4.4866;
 
16866
THOR:
Q 0.321673;1.75997;1.9519;9.58738e-06;-1.39384;0.32133;
Torque 0.0191092;1.90346;-2.37781;-0.00260002;-0.499502;0.105826;
MotorD 198.431;0;12.7394;
 280.839;-0.0110339;951.731;
 201.836;0;-1188.9;
 180.001;0;-2.56792;
 72.5227;0;-243.793;
 232.245;0;126.209;
 
16907
FRIGG:
Q 1.06526e-06;1.33238;1.92792;-1.09855e-05;-0.986096;0.00581776;
Torque -0.000256803;3.11044;-2.17632;0.00302718;-0.0101129;-0.00133654;
MotorD 180;0;-0.171202;
 256.34;-5.78829e-05;1555.22;
 200.462;0;-1088.16;
 179.999;0;2.98981;
 123.001;0;-3.00301;
 235.999;0;4.48805;
 
16907
ODIN:
Q 0;1.33238;1.92792;1.11853e-05;-0.986096;0.00581776;
Torque 8.93483e-06;3.11044;-2.17632;-0.00304178;-0.0101132;-0.00133756;
MotorD 180;0;0.00595655;
 256.34;-5.83538e-05;1555.22;
 200.462;0;-1088.16;
 180.001;0;-3.00422;
 123.001;0;-3.00255;
 235.999;0;4.48873;
 
16907
LOKI:
Q 0;1.33238;1.92792;-1.07858e-05;-0.986096;0.00581781;
Torque 3.48539e-05;3.11037;-2.17639;0.00298227;-0.0100725;-0.00133;
MotorD 180;0;0.0232359;
 256.34;-5.69848e-05;1555.19;
 200.462;0;-1088.19;
 179.999;0;2.94546;
 123.001;0;-2.99166;
 235.999;0;4.46944;
 
16907
THOR:
Q 0.321676;1.75996;1.95191;9.58738e-06;-1.39385;0.321339;
Torque 0.0184083;1.90596;-2.38002;-0.00258078;-0.49322;0.10318;
MotorD 198.431;0;12.2722;
 280.839;-0.0108879;952.98;
 201.836;0;-1190.01;
 180.001;0;-2.54892;
 72.5213;0;-239.996;
 232.245;0;125.352;
 
16942
FRIGG:
Q 1.06526e-06;1.33238;1.92792;-1.09855e-05;-0.986096;0.00581781;
Torque -0.000252746;3.11044;-2.17632;0.00300484;-0.0100743;-0.00133178;
MotorD 180;0;-0.168497;
 256.34;-5.77788e-05;1555.22;
 200.462;0;-1088.16;
 179.999;0;2.96774;
 123.001;0;-2.99134;
 235.999;0;4.4711;
 
16942
ODIN:
Q 0;1.33238;1.92792;1.11853e-05;-0.986096;0.00581781;
Torque 1.30375e-05;3.11047;-2.17632;-0.00301931;-0.0100744;-0.00133257;
MotorD 180;0;0.00869169;
 256.34;-5.67347e-05;1555.23;
 200.462;0;-1088.16;
 180.001;0;-2.98203;
 123.001;0;-2.99093;
 235.999;0;4.47156;
 
16942
LOKI:
Q 0;1.33238;1.92792;-1.07858e-05;-0.986096;0.00581785;
Torque 3.88904e-05;3.11037;-2.17639;0.00296014;-0.0100338;-0.00132504;
MotorD 180;0;0.025927;
 256.34;-5.67966e-05;1555.19;
 200.462;0;-1088.19;
 179.999;0;2.92359;
 123.001;0;-2.98009;
 235.999;0;4.45236;
 
16942
THOR:
Q 0.321679;1.75995;1.95192;9.38764e-06;-1.39386;0.321347;
Torque 0.0177371;1.90846;-2.38214;-0.00256166;-0.486998;0.100588;
MotorD 198.431;0;11.8247;
 280.838;-0.0107431;954.23;
 201.837;0;-1191.07;
 180.001;0;-2.53004;
 72.5199;0;-236.252;
 232.245;0;124.487;
 
16981
FRIGG:
Q 1.06526e-06;1.33238;1.92792;-1.09855e-05;-0.986096;0.00581781;
Torque -0.000252746;3.11044;-2.17632;0.00300484;-0.0100743;-0.00133178;
MotorD 180;0;-0.168497;
 256.34;-5.77788e-05;1555.22;
 200.462;0;-1088.16;
 179.999;0;2.96774;
 123.001;0;-2.99134;
 235.999;0;4.4711;
 
16981
ODIN:
Q 0;1.33238;1.92792;1.11853e-05;-0.986096;0.00581781;
Torque 1.30375e-05;3.11047;-2.17632;-0.00301931;-0.0100744;-0.00133257;
MotorD 180;0;0.00869169;
 256.34;-5.67347e-05;1555.23;
 200.462;0;-1088.16;
 180.001;0;-2.98203;
 123.001;0;-2.99093;
 235.999;0;4.47156;
 
16981
LOKI:
Q 0;1.33238;1.92792;-1.05861e-05;-0.986096;0.00581776;
Torque 4.27237e-05;3.1104;-2.17639;0.00293817;-0.00999502;-0.00132025;
MotorD 180;0;0.0284825;
 256.34;-5.57103e-05;1555.2;
 200.462;0;-1088.19;
 179.999;0;2.90189;
 123.001;0;-2.96839;
 235.999;0;4.43533;
 
16981
THOR:
Q 0.321679;1.75995;1.95192;9.38764e-06;-1.39386;0.321347;
Torque 0.0177371;1.90846;-2.38214;-0.00256166;-0.486998;0.100588;
MotorD 198.431;0;11.8247;
 280.838;-0.0107431;954.23;
 201.837;0;-1191.07;
 180.001;0;-2.53004;
 72.5199;0;-236.252;
 232.245;0;124.487;
 
17022
FRIGG:
Q 1.06526e-06;1.33238;1.92792;-1.07858e-05;-0.986096;0.00581785;
Torque -0.00024891;3.11047;-2.17632;0.00298266;-0.0100354;-0.00132679;
MotorD 180;0;-0.16594;
 256.34;-5.63545e-05;1555.23;
 200.462;0;-1088.16;
 179.999;0;2.94583;
 123.001;0;-2.97973;
 235.999;0;4.45393;
 
17022
ODIN:
Q 0;1.33238;1.92792;1.09855e-05;-0.986096;0.00581785;
Torque 1.69232e-05;3.11047;-2.17632;-0.002997;-0.0100356;-0.00132759;
MotorD 180;0;0.0112822;
 256.34;-5.65134e-05;1555.23;
 200.462;0;-1088.16;
 180.001;0;-2.96;
 123.001;0;-2.97934;
 235.999;0;4.45443;
 
17022
LOKI:
Q 0;1.33238;1.92792;-1.05861e-05;-0.986096;0.00581776;
Torque 4.27237e-05;3.1104;-2.17639;0.00293817;-0.00999502;-0.00132025;
MotorD 180;0;0.0284825;
 256.34;-5.57103e-05;1555.2;
 200.462;0;-1088.19;
 179.999;0;2.90189;
 123.001;0;-2.96839;
 235.999;0;4.43533;
 
17022
THOR:
Q 0.321682;1.75995;1.95192;9.38764e-06;-1.39387;0.321355;
Torque 0.0170786;1.9109;-2.38426;-0.00254267;-0.480823;0.0980583;
MotorD 198.431;0;11.3857;
 280.837;-0.0106033;955.448;
 201.837;0;-1192.13;
 180.001;0;-2.51128;
 72.5186;0;-232.559;
 232.245;0;123.606;
 
17053
FRIGG:
Q 1.06526e-06;1.33238;1.92792;-1.07858e-05;-0.986096;0.00581776;
Torque -0.000245201;3.11047;-2.17632;0.00296062;-0.00999677;-0.00132181;
MotorD 180;0;-0.163467;
 256.34;-5.59759e-05;1555.23;
 200.462;0;-1088.16;
 179.999;0;2.92407;
 123.001;0;-2.96817;
 235.999;0;4.43685;
 
17053
ODIN:
Q 0;1.33238;1.92792;1.09855e-05;-0.986096;0.00581776;
Torque 2.06594e-05;3.1105;-2.17632;-0.00297486;-0.00999679;-0.0013226;
MotorD 180;0;0.0137729;
 256.34;-5.54218e-05;1555.25;
 200.462;0;-1088.16;
 180.001;0;-2.93814;
 123.001;0;-2.96774;
 235.999;0;4.43729;
 
17053
LOKI:
Q 0;1.33238;1.92792;-1.05861e-05;-0.986096;0.00581776;
Torque 4.63931e-05;3.1104;-2.17639;0.00291635;-0.00995628;-0.00131527;
MotorD 180;0;0.0309288;
 256.34;-5.5002e-05;1555.2;
 200.462;0;-1088.19;
 179.999;0;2.88034;
 123.001;0;-2.95681;
 235.999;0;4.41822;
 
17053
THOR:
Q 0.321684;1.75994;1.95193;9.38764e-06;-1.39388;0.321363;
Torque 0.0164527;1.9133;-2.38632;-0.00252385;-0.474794;0.0955777;
MotorD 198.431;0;10.9685;
 280.837;-0.0104582;956.649;
 201.837;0;-1193.16;
 180.001;0;-2.49269;
 72.5173;0;-228.949;
 232.244;0;122.751;
 
17084
FRIGG:
Q 1.06526e-06;1.33238;1.92792;-1.05861e-05;-0.986096;0.00581776;
Torque -0.000241551;3.11047;-2.17632;0.00293877;-0.00995802;-0.00131685;
MotorD 180;0;-0.161034;
 256.34;-5.59258e-05;1555.23;
 200.462;0;-1088.16;
 179.999;0;2.90249;
 123.001;0;-2.95657;
 235.999;0;4.41974;
 
17084
ODIN:
Q 0;1.33238;1.92792;1.07858e-05;-0.986096;0.00581776;
Torque 2.43744e-05;3.1105;-2.17632;-0.00295288;-0.00995788;-0.00131761;
MotorD 180;0;0.0162496;
 256.34;-5.4744e-05;1555.25;
 200.462;0;-1088.16;
 180.001;0;-2.91643;
 123.001;0;-2.9561;
 235.999;0;4.42011;
 
17084
LOKI:
Q 0;1.33238;1.92792;-1.05861e-05;-0.986096;0.00581781;
Torque 5.00723e-05;3.1104;-2.17639;0.00289473;-0.00991754;-0.00131031;
MotorD 180;0;0.0333816;
 256.34;-5.50135e-05;1555.2;
 200.462;0;-1088.19;
 179.999;0;2.85899;
 123.001;0;-2.94522;
 235.999;0;4.40111;
 
17084
THOR:
Q 0.321686;1.75993;1.95194;9.18791e-06;-1.39389;0.321371;
Torque 0.0158545;1.91567;-2.38832;-0.00250514;-0.46881;0.093155;
MotorD 198.431;0;10.5697;
 280.836;-0.0103207;957.836;
 201.838;0;-1194.16;
 180.001;0;-2.47421;
 72.516;0;-225.386;
 232.244;0;121.881;
 
17123
FRIGG:
Q 1.06526e-06;1.33238;1.92792;-1.05861e-05;-0.986096;0.00581781;
Torque -0.000238114;3.1105;-2.17632;0.00291708;-0.00991926;-0.00131187;
MotorD 180;0;-0.158742;
 256.34;-5.41996e-05;1555.25;
 200.462;0;-1088.16;
 179.999;0;2.88107;
 123.001;0;-2.94499;
 235.999;0;4.40262;
 
17123
ODIN:
Q 0;1.33238;1.92792;1.07858e-05;-0.986096;0.00581781;
Torque 2.78504e-05;3.1105;-2.17632;-0.00293107;-0.00991913;-0.00131263;
MotorD 180;0;0.0185669;
 256.34;-5.46513e-05;1555.25;
 200.462;0;-1088.16;
 180.001;0;-2.89488;
 123.001;0;-2.94451;
 235.999;0;4.40299;
 
17123
LOKI:
Q 0;1.33238;1.92792;-1.03863e-05;-0.986096;0.00581785;
Torque 5.34856e-05;3.11044;-2.17639;0.00287322;-0.00987878;-0.00130552;
MotorD 180;0;0.0356571;
 256.34;-5.3296e-05;1555.22;
 200.462;0;-1088.19;
 179.999;0;2.83775;
 123.001;0;-2.93352;
 235.999;0;4.3841;
 
17123
THOR:
Q 0.321689;1.75992;1.95195;9.18791e-06;-1.3939;0.321379;
Torque 0.0152714;1.91802;-2.39032;-0.00248658;-0.462893;0.090792;
MotorD 198.431;0;10.181;
 280.836;-0.0101833;959.008;
 201.838;0;-1195.16;
 180.001;0;-2.45588;
 72.5147;0;-221.882;
 232.244;0;121.002;
 
17165
FRIGG:
Q 1.06526e-06;1.33238;1.92792;-1.05861e-05;-0.986096;0.00581785;
Torque -0.000234733;3.1105;-2.17632;0.00289554;-0.00988047;-0.00130689;
MotorD 180;0;-0.156488;
 256.34;-5.41466e-05;1555.25;
 200.462;0;-1088.16;
 179.999;0;2.85979;
 123.001;0;-2.93338;
 235.999;0;4.38548;
 
17165
ODIN:
Q 0;1.33238;1.92792;1.07858e-05;-0.986096;0.00581785;
Torque 3.12665e-05;3.11053;-2.17632;-0.00290942;-0.00987978;-0.00130778;
MotorD 180;0;0.0208443;
 256.34;-5.30233e-05;1555.27;
 200.462;0;-1088.16;
 180.001;0;-2.8735;
 123.001;0;-2.93263;
 235.999;0;4.38572;
 
17165
LOKI:
Q 0;1.33238;1.92792;-1.03863e-05;-0.986096;0.00581785;
Torque 5.68541e-05;3.11044;-2.17639;0.0028519;-0.00983984;-0.00130052;
MotorD 180;0;0.0379027;
 256.34;-5.31814e-05;1555.22;
 200.462;0;-1088.19;
 179.999;0;2.8167;
 123.001;0;-2.92188;
 235.999;0;4.3669;
 
17165
THOR:
Q 0.321689;1.75992;1.95195;9.18791e-06;-1.3939;0.321379;
Torque 0.0152714;1.91802;-2.39032;-0.00248658;-0.462893;0.090792;
MotorD 198.431;0;10.181;
 280.836;-0.0101833;959.008;
 201.838;0;-1195.16;
 180.001;0;-2.45588;
 72.5147;0;-221.882;
 232.244;0;121.002;
 
17196
FRIGG:
Q 1.06526e-06;1.33238;1.92792;-1.05861e-05;-0.986096;0.00581785;
Torque -0.000234733;3.1105;-2.17632;0.00289554;-0.00988047;-0.00130689;
MotorD 180;0;-0.156488;
 256.34;-5.41466e-05;1555.25;
 200.462;0;-1088.16;
 179.999;0;2.85979;
 123.001;0;-2.93338;
 235.999;0;4.38548;
 
17196
ODIN:
Q 0;1.33238;1.92792;1.07858e-05;-0.986096;0.00581785;
Torque 3.12665e-05;3.11053;-2.17632;-0.00290942;-0.00987978;-0.00130778;
MotorD 180;0;0.0208443;
 256.34;-5.30233e-05;1555.27;
 200.462;0;-1088.16;
 180.001;0;-2.8735;
 123.001;0;-2.93263;
 235.999;0;4.38572;
 
17196
LOKI:
Q 0;1.33238;1.92792;-1.03863e-05;-0.986096;0.00581785;
Torque 5.68541e-05;3.11044;-2.17639;0.0028519;-0.00983984;-0.00130052;
MotorD 180;0;0.0379027;
 256.34;-5.31814e-05;1555.22;
 200.462;0;-1088.19;
 179.999;0;2.8167;
 123.001;0;-2.92188;
 235.999;0;4.3669;
 
17196
THOR:
Q 0.321691;1.75991;1.95195;8.98817e-06;-1.39391;0.321386;
Torque 0.014711;1.92033;-2.39225;-0.00246814;-0.457028;0.0884967;
MotorD 198.432;0;9.80731;
 280.835;-0.0100468;960.163;
 201.839;0;-1196.12;
 180.001;0;-2.43767;
 72.5135;0;-218.435;
 232.244;0;120.105;
 
17233
FRIGG:
Q 1.06526e-06;1.33238;1.92792;-1.03863e-05;-0.986096;0.00581785;
Torque -0.000231575;3.11053;-2.17632;0.00287417;-0.00984162;-0.0013021;
MotorD 180;0;-0.154383;
 256.34;-5.26339e-05;1555.27;
 200.462;0;-1088.16;
 179.999;0;2.83869;
 123.001;0;-2.92166;
 235.999;0;4.36843;
 
17233
ODIN:
Q 0;1.33238;1.92792;1.05861e-05;-0.986096;0.00581785;
Torque 3.44662e-05;3.11053;-2.17632;-0.00288793;-0.00988112;-0.00130814;
MotorD 180;0;0.0229775;
 256.34;-5.28313e-05;1555.27;
 200.462;0;-1088.16;
 180.001;0;-2.85228;
 123.001;0;-2.93293;
 235.999;0;4.38642;
 
17233
LOKI:
Q 0;1.33238;1.92792;-1.01866e-05;-0.986096;0.00581785;
Torque 6.00121e-05;3.11047;-2.17639;0.00283072;-0.00980072;-0.00129549;
MotorD 180;0;0.0400081;
 256.34;-5.25267e-05;1555.23;
 200.462;0;-1088.19;
 179.999;0;2.79578;
 123.001;0;-2.91018;
 235.999;0;4.34961;
 
17233
THOR:
Q 0.321693;1.7599;1.95196;8.98817e-06;-1.39392;0.321394;
Torque 0.0141719;1.92261;-2.39412;-0.00244984;-0.451221;0.0862363;
MotorD 198.432;0;9.44795;
 280.835;-0.00991458;961.303;
 201.839;0;-1197.06;
 180.001;0;-2.41959;
 72.5122;0;-215.028;
 232.244;0;119.21;
 
17273
FRIGG:
Q 1.06526e-06;1.33238;1.92792;-1.03863e-05;-0.986096;0.00581785;
Torque -0.000228422;3.11053;-2.17632;0.00285295;-0.00980261;-0.00129709;
MotorD 180;0;-0.152281;
 256.34;-5.23444e-05;1555.27;
 200.462;0;-1088.16;
 179.999;0;2.81773;
 123.001;0;-2.90999;
 235.999;0;4.3512;
 
17273
ODIN:
Q 0;1.33238;1.92792;1.05861e-05;-0.986096;0.00581785;
Torque 3.76495e-05;3.11056;-2.17632;-0.0028666;-0.00984231;-0.00130316;
MotorD 180;0;0.0250997;
 256.34;-5.21832e-05;1555.28;
 200.462;0;-1088.16;
 180.001;0;-2.83121;
 123.001;0;-2.92132;
 235.999;0;4.36928;
 
17273
LOKI:
Q 0;1.33238;1.92792;-1.01866e-05;-0.986096;0.00581785;
Torque 6.31391e-05;3.11047;-2.17639;0.00280972;-0.00980174;-0.00129582;
MotorD 180;0;0.0420928;
 256.34;-5.13545e-05;1555.23;
 200.462;0;-1088.19;
 179.999;0;2.77503;
 123.001;0;-2.91037;
 235.999;0;4.35017;
 
17273
THOR:
Q 0.321695;1.75989;1.95197;8.98817e-06;-1.39394;0.321401;
Torque 0.0136475;1.92485;-2.396;-0.00243167;-0.445552;0.0840349;
MotorD 198.432;0;9.09836;
 280.834;-0.00978278;962.427;
 201.84;0;-1198;
 180.001;0;-2.40165;
 72.511;0;-211.705;
 232.244;0;118.333;
 
17310
FRIGG:
Q 1.06526e-06;1.33238;1.92792;-1.01866e-05;-0.986096;0.00581776;
Torque -0.000225447;3.11053;-2.17632;0.00283189;-0.00976326;-0.00129203;
MotorD 180;0;-0.150298;
 256.34;-5.22872e-05;1555.27;
 200.462;0;-1088.16;
 179.999;0;2.79693;
 123.001;0;-2.89823;
 235.999;0;4.33382;
 
17310
ODIN:
Q 0;1.33238;1.92792;1.03863e-05;-0.986096;0.00581785;
Torque 4.06597e-05;3.11056;-2.17632;-0.00284543;-0.0098036;-0.00129819;
MotorD 180;0;0.0271064;
 256.34;-5.10452e-05;1555.28;
 200.462;0;-1088.16;
 180.001;0;-2.8103;
 123.001;0;-2.90975;
 235.999;0;4.35218;
 
17310
LOKI:
Q 0;1.33238;1.92792;-1.01866e-05;-0.986096;0.00581776;
Torque 6.61102e-05;3.11047;-2.17639;0.00278886;-0.00976307;-0.00129105;
MotorD 180;0;0.0440735;
 256.34;-5.13215e-05;1555.23;
 200.462;0;-1088.19;
 179.999;0;2.75443;
 123.001;0;-2.8987;
 235.999;0;4.3332;
 
17310
THOR:
Q 0.321695;1.75989;1.95197;8.98817e-06;-1.39394;0.321401;
Torque 0.0136475;1.92485;-2.396;-0.00243167;-0.445552;0.0840349;
MotorD 198.432;0;9.09836;
 280.834;-0.00978278;962.427;
 201.84;0;-1198;
 180.001;0;-2.40165;
 72.511;0;-211.705;
 232.244;0;118.333;
 
17352
FRIGG:
Q 1.06526e-06;1.33238;1.92792;-1.01866e-05;-0.986096;0.00581776;
Torque -0.000225447;3.11053;-2.17632;0.00283189;-0.00976326;-0.00129203;
MotorD 180;0;-0.150298;
 256.34;-5.22872e-05;1555.27;
 200.462;0;-1088.16;
 179.999;0;2.79693;
 123.001;0;-2.89823;
 235.999;0;4.33382;
 
17352
ODIN:
Q 0;1.33238;1.92792;1.03863e-05;-0.986096;0.00581785;
Torque 4.06597e-05;3.11056;-2.17632;-0.00284543;-0.0098036;-0.00129819;
MotorD 180;0;0.0271064;
 256.34;-5.10452e-05;1555.28;
 200.462;0;-1088.16;
 180.001;0;-2.8103;
 123.001;0;-2.90975;
 235.999;0;4.35218;
 
17352
LOKI:
Q 0;1.33238;1.92792;-1.01866e-05;-0.986096;0.00581776;
Torque 6.61102e-05;3.11047;-2.17639;0.00278886;-0.00976307;-0.00129105;
MotorD 180;0;0.0440735;
 256.34;-5.13215e-05;1555.23;
 200.462;0;-1088.19;
 179.999;0;2.75443;
 123.001;0;-2.8987;
 235.999;0;4.3332;
 
17352
THOR:
Q 0.321697;1.75988;1.95198;8.78843e-06;-1.39395;0.321408;
Torque 0.013146;1.92707;-2.39781;-0.00241363;-0.439946;0.0818747;
MotorD 198.432;0;8.76402;
 280.834;-0.00965147;963.535;
 201.84;0;-1198.91;
 180.001;0;-2.38384;
 72.5098;0;-208.429;
 232.244;0;117.457;
 
17390
FRIGG:
Q 1.06526e-06;1.33238;1.92792;-1.01866e-05;-0.986096;0.00581776;
Torque -0.000222609;3.11056;-2.17632;0.00281099;-0.00976448;-0.00129238;
MotorD 180;0;-0.148406;
 256.34;-5.05512e-05;1555.28;
 200.462;0;-1088.16;
 179.999;0;2.77629;
 123.001;0;-2.89848;
 235.999;0;4.33446;
 
17390
ODIN:
Q 0;1.33238;1.92792;1.03863e-05;-0.986096;0.00581776;
Torque 4.35359e-05;3.11056;-2.17632;-0.00282441;-0.00976486;-0.00129321;
MotorD 180;0;0.0290239;
 256.34;-5.10052e-05;1555.28;
 200.462;0;-1088.16;
 180.001;0;-2.78954;
 123.001;0;-2.89816;
 235.999;0;4.33507;
 
17390
LOKI:
Q -2.66316e-07;1.33238;1.92792;-9.98685e-06;-0.986096;0.00581781;
Torque 6.8949e-05;3.1105;-2.17639;0.00276815;-0.00972422;-0.00128606;
MotorD 180;0;0.045966;
 256.34;-4.97263e-05;1555.25;
 200.462;0;-1088.19;
 179.999;0;2.73398;
 123.001;0;-2.88709;
 235.999;0;4.31604;
 
17390
THOR:
Q 0.321699;1.75987;1.95198;8.78843e-06;-1.39396;0.321415;
Torque 0.0126665;1.92926;-2.39959;-0.00239573;-0.434312;0.0797903;
MotorD 198.432;0;8.44436;
 280.833;-0.00952335;964.628;
 201.84;0;-1199.8;
 180.001;0;-2.36615;
 72.5087;0;-205.184;
 232.244;0;116.528;
 
17433
FRIGG:
Q 7.98948e-07;1.33238;1.92792;-1.01866e-05;-0.986096;0.00581781;
Torque -0.000219817;3.11056;-2.17632;0.00279025;-0.00972577;-0.00128741;
MotorD 180;0;-0.146545;
 256.34;-5.04651e-05;1555.28;
 200.462;0;-1088.16;
 179.999;0;2.7558;
 123.001;0;-2.88691;
 235.999;0;4.31737;
 
17433
ODIN:
Q 0;1.33238;1.92792;1.03863e-05;-0.986096;0.00581781;
Torque 4.6357e-05;3.11059;-2.17632;-0.00280355;-0.00972596;-0.00128822;
MotorD 180;0;0.0309047;
 256.34;-4.96371e-05;1555.3;
 200.462;0;-1088.16;
 180.001;0;-2.76894;
 123.001;0;-2.88653;
 235.999;0;4.31788;
 
17433
LOKI:
Q -2.66316e-07;1.33238;1.92792;-9.98685e-06;-0.986097;0.00581785;
Torque 7.17309e-05;3.1105;-2.17639;0.0027476;-0.00968552;-0.00128109;
MotorD 180;0;0.0478206;
 256.34;-4.95157e-05;1555.25;
 200.462;0;-1088.19;
 179.999;0;2.71368;
 123.001;0;-2.87551;
 235.999;0;4.29894;
 
17433
THOR:
Q 0.321701;1.75987;1.95199;8.78843e-06;-1.39396;0.321422;
Torque 0.0122014;1.93141;-2.40135;-0.00237795;-0.428819;0.0777345;
MotorD 198.432;0;8.13424;
 280.833;-0.00939693;965.706;
 201.841;0;-1200.67;
 180.001;0;-2.34859;
 72.5075;0;-202.008;
 232.244;0;115.636;
 
17469
FRIGG:
Q 7.98948e-07;1.33238;1.92792;-9.98685e-06;-0.986097;0.00581785;
Torque -0.000217143;3.11059;-2.17632;0.00276965;-0.0096869;-0.00128242;
MotorD 180;0;-0.144762;
 256.34;-4.95025e-05;1555.3;
 200.462;0;-1088.16;
 179.999;0;2.73545;
 123.001;0;-2.87528;
 235.999;0;4.3002;
 
17469
ODIN:
Q 0;1.33238;1.92792;1.01866e-05;-0.986097;0.00581785;
Torque 4.90603e-05;3.11059;-2.17632;-0.00278284;-0.00968725;-0.00128325;
MotorD 180;0;0.0327069;
 256.34;-4.92301e-05;1555.3;
 200.462;0;-1088.16;
 180.001;0;-2.74848;
 123.001;0;-2.87495;
 235.999;0;4.30079;
 
17469
LOKI:
Q -2.66316e-07;1.33238;1.92792;-9.98685e-06;-0.986097;0.00581776;
Torque 7.43969e-05;3.1105;-2.17639;0.00272721;-0.00964674;-0.00127611;
MotorD 180;0;0.0495979;
 256.34;-4.95182e-05;1555.25;
 200.462;0;-1088.19;
 179.999;0;2.69354;
 123.001;0;-2.86392;
 235.999;0;4.28181;
 
17469
THOR:
Q 0.321703;1.75986;1.952;8.78843e-06;-1.39397;0.321428;
Torque 0.0117511;1.93357;-2.40307;-0.0023603;-0.423469;0.0757092;
MotorD 198.432;0;7.83406;
 280.832;-0.00927191;966.783;
 201.841;0;-1201.53;
 180.001;0;-2.33116;
 72.5064;0;-198.901;
 232.244;0;114.78;
 
17509
FRIGG:
Q 7.98948e-07;1.33238;1.92792;-9.98685e-06;-0.986097;0.00581776;
Torque -0.000214566;3.11059;-2.17632;0.0027492;-0.00964821;-0.00127745;
MotorD 180;0;-0.143044;
 256.34;-4.86903e-05;1555.3;
 200.462;0;-1088.16;
 179.999;0;2.71526;
 123.001;0;-2.86372;
 235.999;0;4.28311;
 
17509
ODIN:
Q 0;1.33238;1.92792;1.01866e-05;-0.986097;0.00581776;
Torque 5.16711e-05;3.11059;-2.17632;-0.00276229;-0.00964818;-0.00127823;
MotorD 180;0;0.0344474;
 256.34;-4.92217e-05;1555.3;
 200.462;0;-1088.16;
 180.001;0;-2.72819;
 123.001;0;-2.86327;
 235.999;0;4.28353;
 
17509
LOKI:
Q -2.66316e-07;1.33238;1.92792;-9.78712e-06;-0.986097;0.00581776;
Torque 7.69694e-05;3.11053;-2.17639;0.00270696;-0.00960782;-0.00127111;
MotorD 180;0;0.0513129;
 256.34;-4.78168e-05;1555.26;
 200.462;0;-1088.19;
 179.999;0;2.67354;
 123.001;0;-2.85228;
 235.999;0;4.26462;
 
17509
THOR:
Q 0.321703;1.75986;1.952;8.78843e-06;-1.39397;0.321428;
Torque 0.0117511;1.93357;-2.40307;-0.0023603;-0.423469;0.0757092;
MotorD 198.432;0;7.83406;
 280.832;-0.00927191;966.783;
 201.841;0;-1201.53;
 180.001;0;-2.33116;
 72.5064;0;-198.901;
 232.244;0;114.78;
 
17549
FRIGG:
Q 7.98948e-07;1.33238;1.92792;-9.98685e-06;-0.986097;0.00581776;
Torque -0.000214566;3.11059;-2.17632;0.0027492;-0.00964821;-0.00127745;
MotorD 180;0;-0.143044;
 256.34;-4.86903e-05;1555.3;
 200.462;0;-1088.16;
 179.999;0;2.71526;
 123.001;0;-2.86372;
 235.999;0;4.28311;
 
17549
ODIN:
Q 0;1.33238;1.92792;1.01866e-05;-0.986097;0.00581776;
Torque 5.16711e-05;3.11059;-2.17632;-0.00276229;-0.00964818;-0.00127823;
MotorD 180;0;0.0344474;
 256.34;-4.92217e-05;1555.3;
 200.462;0;-1088.16;
 180.001;0;-2.72819;
 123.001;0;-2.86327;
 235.999;0;4.28353;
 
17549
LOKI:
Q -2.66316e-07;1.33238;1.92792;-9.78712e-06;-0.986097;0.00581776;
Torque 7.69694e-05;3.11053;-2.17639;0.00270696;-0.00960782;-0.00127111;
MotorD 180;0;0.0513129;
 256.34;-4.78168e-05;1555.26;
 200.462;0;-1088.19;
 179.999;0;2.67354;
 123.001;0;-2.85228;
 235.999;0;4.26462;
 
17549
THOR:
Q 0.321705;1.75985;1.952;8.58869e-06;-1.39398;0.321435;
Torque 0.0113147;1.93566;-2.40473;-0.00234277;-0.418095;0.0737463;
MotorD 198.432;0;7.54314;
 280.832;-0.00915085;967.83;
 201.842;0;-1202.36;
 180.001;0;-2.31385;
 72.5053;0;-195.82;
 232.244;0;113.88;
 
17588
FRIGG:
Q 7.98948e-07;1.33238;1.92792;-9.98685e-06;-0.986097;0.00581776;
Torque -0.000212103;3.11059;-2.17632;0.00272891;-0.00960945;-0.00127247;
MotorD 180;0;-0.141402;
 256.34;-4.86777e-05;1555.3;
 200.462;0;-1088.16;
 179.999;0;2.69522;
 123.001;0;-2.85212;
 235.999;0;4.26599;
 
17589
ODIN:
Q 0;1.33238;1.92792;9.98685e-06;-0.986097;0.00581776;
Torque 5.41598e-05;3.11063;-2.17632;-0.00274188;-0.00960858;-0.00127294;
MotorD 180;0;0.0361065;
 256.34;-4.74766e-05;1555.31;
 200.462;0;-1088.16;
 180.001;0;-2.70803;
 123.001;0;-2.85154;
 235.999;0;4.26592;
 
17589
LOKI:
Q -2.66316e-07;1.33238;1.92792;-9.78712e-06;-0.986097;0.00581781;
Torque 7.94205e-05;3.11053;-2.17642;0.00268684;-0.00956802;-0.00126599;
MotorD 180;0;0.052947;
 256.34;-4.78343e-05;1555.26;
 200.462;0;-1088.21;
 179.999;0;2.65367;
 123.001;0;-2.84038;
 235.999;0;4.24704;
 
17589
THOR:
Q 0.321706;1.75984;1.95201;8.58869e-06;-1.39399;0.321441;
Torque 0.0109019;1.93775;-2.40639;-0.00232538;-0.412783;0.0718401;
MotorD 198.432;0;7.26794;
 280.832;-0.00902795;968.876;
 201.842;0;-1203.19;
 180.001;0;-2.29668;
 72.5042;0;-192.794;
 232.244;0;112.971;
 
17630
FRIGG:
Q 7.98948e-07;1.33238;1.92792;-9.78712e-06;-0.986097;0.00581781;
Torque -0.000209718;3.11063;-2.17632;0.00270877;-0.00957021;-0.00126743;
MotorD 180;0;-0.139812;
 256.34;-4.72586e-05;1555.31;
 200.462;0;-1088.16;
 179.999;0;2.67533;
 123.001;0;-2.84039;
 235.999;0;4.24865;
 
17630
ODIN:
Q 0;1.33238;1.92792;9.98685e-06;-0.986097;0.00581776;
Torque 5.65693e-05;3.11063;-2.17632;-0.00272164;-0.00960992;-0.00127331;
MotorD 180;0;0.0377129;
 256.34;-4.73516e-05;1555.31;
 200.462;0;-1088.16;
 180.001;0;-2.68804;
 123.001;0;-2.85183;
 235.999;0;4.26662;
 
17630
LOKI:
Q -2.66316e-07;1.33238;1.92792;-9.58738e-06;-0.986097;0.00581781;
Torque 8.17998e-05;3.11053;-2.17642;0.00266691;-0.00956939;-0.00126637;
MotorD 180;0;0.0545332;
 256.34;-4.76791e-05;1555.26;
 200.462;0;-1088.21;
 179.999;0;2.63398;
 123.001;0;-2.84068;
 235.999;0;4.24776;
 
17630
THOR:
Q 0.321708;1.75983;1.95202;8.58869e-06;-1.394;0.321448;
Torque 0.0104958;1.93978;-2.40798;-0.00230812;-0.407613;0.0699639;
MotorD 198.433;0;6.9972;
 280.831;-0.0089078;969.891;
 201.842;0;-1203.99;
 180.001;0;-2.27962;
 72.5032;0;-189.836;
 232.244;0;112.099;
 
17666
FRIGG:
Q 7.98948e-07;1.33238;1.92792;-9.78712e-06;-0.986097;0.00581781;
Torque -0.000207404;3.11063;-2.17632;0.00268876;-0.0095708;-0.00126751;
MotorD 180;0;-0.138269;
 256.34;-4.68097e-05;1555.31;
 200.462;0;-1088.16;
 179.999;0;2.65557;
 123.001;0;-2.84057;
 235.999;0;4.24891;
 
17666
ODIN:
Q 0;1.33238;1.92792;9.98685e-06;-0.986097;0.00581781;
Torque 5.89218e-05;3.11063;-2.17632;-0.00270152;-0.00957111;-0.00126833;
MotorD 180;0;0.0392812;
 256.34;-4.74175e-05;1555.31;
 200.462;0;-1088.16;
 180.001;0;-2.66817;
 123.001;0;-2.84023;
 235.999;0;4.24948;
 
17666
LOKI:
Q -2.66316e-07;1.33238;1.92792;-9.58738e-06;-0.986097;0.00581785;
Torque 8.41298e-05;3.11056;-2.17642;0.00264711;-0.00953058;-0.00126138;
MotorD 180;0;0.0560865;
 256.34;-4.59111e-05;1555.28;
 200.462;0;-1088.21;
 179.999;0;2.61443;
 123.001;0;-2.82908;
 235.999;0;4.23061;
 
17666
THOR:
Q 0.32171;1.75983;1.95202;8.38896e-06;-1.39401;0.321454;
Torque 0.0101116;1.94181;-2.40958;-0.00229097;-0.402422;0.0681362;
MotorD 198.433;0;6.74104;
 280.831;-0.00879037;970.906;
 201.843;0;-1204.79;
 180.001;0;-2.26269;
 72.5021;0;-186.899;
 232.244;0;111.192;
 
17703
FRIGG:
Q 7.98948e-07;1.33238;1.92792;-9.58738e-06;-0.986097;0.00581785;
Torque -0.000205193;3.11063;-2.17632;0.00266894;-0.00953205;-0.00126253;
MotorD 180;0;-0.136795;
 256.34;-4.68277e-05;1555.31;
 200.462;0;-1088.16;
 179.999;0;2.63599;
 123.001;0;-2.82898;
 235.999;0;4.23179;
 
17703
ODIN:
Q 0;1.33238;1.92792;9.78712e-06;-0.986097;0.00581785;
Torque 6.1149e-05;3.11066;-2.17632;-0.00268157;-0.0095323;-0.00126334;
MotorD 180;0;0.040766;
 256.34;-4.56473e-05;1555.33;
 200.462;0;-1088.16;
 180.001;0;-2.64847;
 123.001;0;-2.82862;
 235.999;0;4.23234;
 
17703
LOKI:
Q -2.66316e-07;1.33238;1.92792;-9.58738e-06;-0.986097;0.00581785;
Torque 8.6314e-05;3.11056;-2.17642;0.00262744;-0.00949189;-0.00125641;
MotorD 180;0;0.0575427;
 256.34;-4.58451e-05;1555.28;
 200.462;0;-1088.21;
 179.999;0;2.595;
 123.001;0;-2.81751;
 235.999;0;4.21352;
 
17703
THOR:
Q 0.32171;1.75983;1.95202;8.38896e-06;-1.39401;0.321454;
Torque 0.0101116;1.94181;-2.40958;-0.00229097;-0.402422;0.0681362;
MotorD 198.433;0;6.74104;
 280.831;-0.00879037;970.906;
 201.843;0;-1204.79;
 180.001;0;-2.26269;
 72.5021;0;-186.899;
 232.244;0;111.192;
 
17743
FRIGG:
Q 7.98948e-07;1.33238;1.92792;-9.58738e-06;-0.986097;0.00581785;
Torque -0.000205193;3.11063;-2.17632;0.00266894;-0.00953205;-0.00126253;
MotorD 180;0;-0.136795;
 256.34;-4.68277e-05;1555.31;
 200.462;0;-1088.16;
 179.999;0;2.63599;
 123.001;0;-2.82898;
 235.999;0;4.23179;
 
17743
ODIN:
Q 0;1.33238;1.92792;9.78712e-06;-0.986097;0.00581785;
Torque 6.1149e-05;3.11066;-2.17632;-0.00268157;-0.0095323;-0.00126334;
MotorD 180;0;0.040766;
 256.34;-4.56473e-05;1555.33;
 200.462;0;-1088.16;
 180.001;0;-2.64847;
 123.001;0;-2.82862;
 235.999;0;4.23234;
 
17744
LOKI:
Q -2.66316e-07;1.33238;1.92792;-9.58738e-06;-0.986097;0.00581785;
Torque 8.6314e-05;3.11056;-2.17642;0.00262744;-0.00949189;-0.00125641;
MotorD 180;0;0.0575427;
 256.34;-4.58451e-05;1555.28;
 200.462;0;-1088.21;
 179.999;0;2.595;
 123.001;0;-2.81751;
 235.999;0;4.21352;
 
17744
THOR:
Q 0.321711;1.75982;1.95203;8.38896e-06;-1.39402;0.32146;
Torque 0.00974281;1.94381;-2.41112;-0.00227396;-0.397374;0.066339;
MotorD 198.433;0;6.49521;
 280.83;-0.00867334;971.905;
 201.843;0;-1205.56;
 180.001;0;-2.24588;
 72.5011;0;-184.031;
 232.244;0;110.321;
 
17780
FRIGG:
Q 7.98948e-07;1.33238;1.92792;-9.58738e-06;-0.986097;0.00581785;
Torque -0.000203051;3.11066;-2.17632;0.00264923;-0.00949315;-0.00125753;
MotorD 180;0;-0.135367;
 256.34;-4.53813e-05;1555.33;
 200.462;0;-1088.16;
 179.999;0;2.61653;
 123.001;0;-2.81735;
 235.999;0;4.21461;
 
17780
ODIN:
Q 0;1.33238;1.92792;9.78712e-06;-0.986097;0.00581785;
Torque 6.33109e-05;3.11066;-2.17632;-0.00266176;-0.00949337;-0.00125834;
MotorD 180;0;0.0422073;
 256.34;-4.55658e-05;1555.33;
 200.462;0;-1088.16;
 180.001;0;-2.6289;
 123.001;0;-2.81698;
 235.999;0;4.21514;
 
17780
LOKI:
Q -2.66316e-07;1.33238;1.92792;-9.38764e-06;-0.986097;0.00581785;
Torque 8.84465e-05;3.11056;-2.17642;0.00260792;-0.00945303;-0.00125142;
MotorD 180;0;0.0589643;
 256.34;-4.58646e-05;1555.28;
 200.462;0;-1088.21;
 179.999;0;2.57572;
 123.001;0;-2.80589;
 235.999;0;4.19636;
 
17780
THOR:
Q 0.321713;1.75981;1.95203;8.38896e-06;-1.39403;0.321466;
Torque 0.00938148;1.94578;-2.41265;-0.00225707;-0.392313;0.0645955;
MotorD 198.433;0;6.25432;
 280.83;-0.00855638;972.889;
 201.843;0;-1206.33;
 180.001;0;-2.22921;
 72.5001;0;-181.187;
 232.244;0;109.415;
 
17816
FRIGG:
Q 7.98948e-07;1.33238;1.92792;-9.58738e-06;-0.986097;0.00581785;
Torque -0.000200968;3.11066;-2.17632;0.00262968;-0.00945436;-0.00125256;
MotorD 180;0;-0.133979;
 256.34;-4.50476e-05;1555.33;
 200.462;0;-1088.16;
 179.999;0;2.59722;
 123.001;0;-2.80575;
 235.999;0;4.19748;
 
17816
ODIN:
Q -2.66316e-07;1.33238;1.92792;9.78712e-06;-0.986097;0.00581785;
Torque 6.54236e-05;3.11066;-2.17632;-0.00264211;-0.00945373;-0.00125325;
MotorD 180;0;0.0436157;
 256.34;-4.55541e-05;1555.33;
 200.462;0;-1088.16;
 180.001;0;-2.60949;
 123.001;0;-2.80513;
 235.999;0;4.19763;
 
17816
LOKI:
Q -2.66316e-07;1.33238;1.92792;-9.38764e-06;-0.986097;0.00581776;
Torque 9.0532e-05;3.11059;-2.17642;0.00258858;-0.0094138;-0.00124638;
MotorD 180;0;0.0603547;
 256.34;-4.41008e-05;1555.3;
 200.462;0;-1088.21;
 179.999;0;2.55662;
 123.001;0;-2.79416;
 235.999;0;4.17903;
 
17816
THOR:
Q 0.321714;1.7598;1.95204;8.18922e-06;-1.39404;0.321471;
Torque 0.00903403;1.94771;-2.41413;-0.0022403;-0.387382;0.062891;
MotorD 198.433;0;6.02269;
 280.829;-0.0084454;973.857;
 201.844;0;-1207.07;
 180.001;0;-2.21264;
 72.4991;0;-178.414;
 232.244;0;108.535;
 
17851
FRIGG:
Q 7.98948e-07;1.33238;1.92792;-9.38764e-06;-0.986097;0.00581776;
Torque -0.000198953;3.11066;-2.17632;0.00261027;-0.00941461;-0.00124745;
MotorD 180;0;-0.132635;
 256.34;-4.49852e-05;1555.33;
 200.462;0;-1088.16;
 179.999;0;2.57805;
 123.001;0;-2.79387;
 235.999;0;4.17992;
 
17851
ODIN:
Q -2.66316e-07;1.33238;1.92792;9.58738e-06;-0.986097;0.00581785;
Torque 6.74548e-05;3.11069;-2.17632;-0.0026226;-0.00945494;-0.00125361;
MotorD 180;0;0.0449698;
 256.34;-4.38359e-05;1555.34;
 200.462;0;-1088.16;
 180.001;0;-2.59022;
 123.001;0;-2.80538;
 235.999;0;4.19828;
 
17851
LOKI:
Q -2.66316e-07;1.33238;1.92792;-9.38764e-06;-0.986097;0.00581776;
Torque 9.2529e-05;3.11059;-2.17642;0.00256934;-0.00941449;-0.00124667;
MotorD 180;0;0.061686;
 256.34;-4.40023e-05;1555.3;
 200.462;0;-1088.21;
 179.999;0;2.53762;
 123.001;0;-2.79426;
 235.999;0;4.17944;
 
17851
THOR:
Q 0.321714;1.7598;1.95204;8.18922e-06;-1.39404;0.321471;
Torque 0.00903403;1.94771;-2.41413;-0.0022403;-0.387382;0.062891;
MotorD 198.433;0;6.02269;
 280.829;-0.0084454;973.857;
 201.844;0;-1207.07;
 180.001;0;-2.21264;
 72.4991;0;-178.414;
 232.244;0;108.535;
 
17881
FRIGG:
Q 7.98948e-07;1.33238;1.92792;-9.38764e-06;-0.986097;0.00581776;
Torque -0.000198953;3.11066;-2.17632;0.00261027;-0.00941461;-0.00124745;
MotorD 180;0;-0.132635;
 256.34;-4.49852e-05;1555.33;
 200.462;0;-1088.16;
 179.999;0;2.57805;
 123.001;0;-2.79387;
 235.999;0;4.17992;
 
17881
ODIN:
Q -2.66316e-07;1.33238;1.92792;9.58738e-06;-0.986097;0.00581785;
Torque 6.74548e-05;3.11069;-2.17632;-0.0026226;-0.00945494;-0.00125361;
MotorD 180;0;0.0449698;
 256.34;-4.38359e-05;1555.34;
 200.462;0;-1088.16;
 180.001;0;-2.59022;
 123.001;0;-2.80538;
 235.999;0;4.19828;
 
17881
LOKI:
Q -2.66316e-07;1.33238;1.92792;-9.38764e-06;-0.986097;0.00581776;
Torque 9.2529e-05;3.11059;-2.17642;0.00256934;-0.00941449;-0.00124667;
MotorD 180;0;0.061686;
 256.34;-4.40023e-05;1555.3;
 200.462;0;-1088.21;
 179.999;0;2.53762;
 123.001;0;-2.79426;
 235.999;0;4.17944;
 
17881
THOR:
Q 0.321715;1.7598;1.95204;8.18922e-06;-1.39405;0.321477;
Torque 0.00870222;1.94965;-2.41557;-0.00222365;-0.382445;0.0612282;
MotorD 198.433;0;5.80148;
 280.829;-0.00833124;974.825;
 201.844;0;-1207.79;
 180.001;0;-2.1962;
 72.4981;0;-175.662;
 232.244;0;107.631;
 
17921
FRIGG:
Q 7.98948e-07;1.33238;1.92792;-9.38764e-06;-0.986097;0.00581776;
Torque -0.00019707;3.11069;-2.17632;0.00259101;-0.00941578;-0.00124779;
MotorD 180;0;-0.13138;
 256.34;-4.3471e-05;1555.34;
 200.462;0;-1088.16;
 179.999;0;2.55902;
 123.001;0;-2.79411;
 235.999;0;4.18054;
 
17921
ODIN:
Q -2.66316e-07;1.33238;1.92792;9.58738e-06;-0.986097;0.00581776;
Torque 6.93618e-05;3.11069;-2.17632;-0.00260324;-0.00941616;-0.00124843;
MotorD 180;0;0.0462412;
 256.34;-4.3748e-05;1555.34;
 200.462;0;-1088.16;
 180.001;0;-2.5711;
 123.001;0;-2.79389;
 235.999;0;4.18104;
 
17921
LOKI:
Q -2.66316e-07;1.33238;1.92792;-9.18791e-06;-0.986097;0.00581781;
Torque 9.44205e-05;3.11059;-2.17642;0.00255027;-0.00937573;-0.00124169;
MotorD 180;0;0.062947;
 256.34;-4.40187e-05;1555.3;
 200.462;0;-1088.21;
 179.999;0;2.51879;
 123.001;0;-2.78266;
 235.999;0;4.16232;
 
17921
THOR:
Q 0.321717;1.75979;1.95205;8.18922e-06;-1.39406;0.321483;
Torque 0.00837621;1.95153;-2.41702;-0.00220712;-0.377641;0.0595902;
MotorD 198.433;0;5.58414;
 280.829;-0.00822508;975.763;
 201.844;0;-1208.51;
 180.001;0;-2.17987;
 72.4971;0;-172.973;
 232.244;0;106.761;
 
17962
FRIGG:
Q 7.98948e-07;1.33238;1.92792;-9.38764e-06;-0.986097;0.00581781;
Torque -0.000195193;3.11069;-2.17632;0.00257188;-0.00937715;-0.00124284;
MotorD 180;0;-0.130129;
 256.34;-4.32082e-05;1555.34;
 200.462;0;-1088.16;
 179.999;0;2.54013;
 123.001;0;-2.78255;
 235.999;0;4.16349;
 
17962
ODIN:
Q -2.66316e-07;1.33238;1.92792;9.58738e-06;-0.986097;0.00581781;
Torque 7.12528e-05;3.11069;-2.17632;-0.002584;-0.00937703;-0.00124341;
MotorD 180;0;0.0475019;
 256.34;-4.37425e-05;1555.34;
 200.462;0;-1088.16;
 180.001;0;-2.5521;
 123.001;0;-2.78219;
 235.999;0;4.16376;
 
17962
LOKI:
Q -2.66316e-07;1.33238;1.92792;-9.18791e-06;-0.986097;0.00581785;
Torque 9.62755e-05;3.11062;-2.17642;0.00253132;-0.00933697;-0.00123672;
MotorD 180;0;0.0641837;
 256.34;-4.22576e-05;1555.31;
 200.462;0;-1088.21;
 179.999;0;2.50007;
 123.001;0;-2.77107;
 235.999;0;4.1452;
 
17962
THOR:
Q 0.321718;1.75978;1.95206;7.98948e-06;-1.39406;0.321488;
Torque 0.00807525;1.9534;-2.4184;-0.00219073;-0.372833;0.0580125;
MotorD 198.433;0;5.3835;
 280.828;-0.00811102;976.699;
 201.845;0;-1209.2;
 180.001;0;-2.16368;
 72.4962;0;-170.315;
 232.244;0;105.857;
 
17998
FRIGG:
Q 7.98948e-07;1.33238;1.92792;-9.18791e-06;-0.986097;0.00581785;
Torque -0.000193423;3.11069;-2.17632;0.00255291;-0.00933819;-0.00123764;
MotorD 180;0;-0.128949;
 256.34;-4.31794e-05;1555.34;
 200.462;0;-1088.16;
 179.999;0;2.52139;
 123.001;0;-2.77101;
 235.999;0;4.14617;
 
17998
ODIN:
Q -2.66316e-07;1.33238;1.92792;9.38764e-06;-0.986097;0.00581785;
Torque 7.30502e-05;3.11072;-2.17632;-0.00256493;-0.00933772;-0.00123836;
MotorD 180;0;0.0487002;
 256.34;-4.20994e-05;1555.36;
 200.462;0;-1088.16;
 180.001;0;-2.53326;
 123.001;0;-2.77044;
 235.999;0;4.14639;
 
17998
LOKI:
Q -2.66316e-07;1.33238;1.92792;-9.18791e-06;-0.986097;0.00581776;
Torque 9.80628e-05;3.11062;-2.17642;0.00251254;-0.00929766;-0.00123167;
MotorD 180;0;0.0653752;
 256.34;-4.2252e-05;1555.31;
 200.462;0;-1088.21;
 179.999;0;2.48152;
 123.001;0;-2.75932;
 235.999;0;4.12784;
 
17998
THOR:
Q 0.321719;1.75978;1.95206;7.98948e-06;-1.39407;0.321493;
Torque 0.00777194;1.95524;-2.41978;-0.00217444;-0.368159;0.0564588;
MotorD 198.433;0;5.1813;
 280.828;-0.00800346;977.62;
 201.845;0;-1209.89;
 180.001;0;-2.14759;
 72.4952;0;-167.721;
 232.244;0;104.989;
 
18036
FRIGG:
Q 7.98948e-07;1.33238;1.92792;-9.18791e-06;-0.986097;0.00581776;
Torque -0.000191699;3.11072;-2.17632;0.00253407;-0.00929826;-0.00123251;
MotorD 180;0;-0.1278;
 256.34;-4.19659e-05;1555.36;
 200.462;0;-1088.16;
 179.999;0;2.50278;
 123.001;0;-2.75907;
 235.999;0;4.12853;
 
18036
ODIN:
Q -2.66316e-07;1.33238;1.92792;9.38764e-06;-0.986097;0.00581785;
Torque 7.47854e-05;3.11072;-2.17632;-0.00254598;-0.00933876;-0.00123869;
MotorD 180;0;0.0498569;
 256.34;-4.18974e-05;1555.36;
 200.462;0;-1088.16;
 180.001;0;-2.51455;
 123.001;0;-2.77064;
 235.999;0;4.14696;
 
18036
LOKI:
Q -2.66316e-07;1.33238;1.92792;-8.98817e-06;-0.986097;0.00581776;
Torque 9.97675e-05;3.11062;-2.17642;0.00249387;-0.00929826;-0.00123174;
MotorD 180;0;0.0665116;
 256.34;-4.22074e-05;1555.31;
 200.462;0;-1088.21;
 179.999;0;2.46308;
 123.001;0;-2.7595;
 235.999;0;4.1281;
 
18036
THOR:
Q 0.321719;1.75978;1.95206;7.98948e-06;-1.39407;0.321493;
Torque 0.00777194;1.95524;-2.41978;-0.00217444;-0.368159;0.0564588;
MotorD 198.433;0;5.1813;
 280.828;-0.00800346;977.62;
 201.845;0;-1209.89;
 180.001;0;-2.14759;
 72.4952;0;-167.721;
 232.244;0;104.989;
 
18074
FRIGG:
Q 7.98948e-07;1.33238;1.92792;-9.18791e-06;-0.986097;0.00581776;
Torque -0.000191699;3.11072;-2.17632;0.00253407;-0.00929826;-0.00123251;
MotorD 180;0;-0.1278;
 256.34;-4.19659e-05;1555.36;
 200.462;0;-1088.16;
 179.999;0;2.50278;
 123.001;0;-2.75907;
 235.999;0;4.12853;
 
18074
ODIN:
Q -2.66316e-07;1.33238;1.92792;9.38764e-06;-0.986097;0.00581785;
Torque 7.47854e-05;3.11072;-2.17632;-0.00254598;-0.00933876;-0.00123869;
MotorD 180;0;0.0498569;
 256.34;-4.18974e-05;1555.36;
 200.462;0;-1088.16;
 180.001;0;-2.51455;
 123.001;0;-2.77064;
 235.999;0;4.14696;
 
18074
LOKI:
Q -2.66316e-07;1.33238;1.92792;-8.98817e-06;-0.986097;0.00581776;
Torque 9.97675e-05;3.11062;-2.17642;0.00249387;-0.00929826;-0.00123174;
MotorD 180;0;0.0665116;
 256.34;-4.22074e-05;1555.31;
 200.462;0;-1088.21;
 179.999;0;2.46308;
 123.001;0;-2.7595;
 235.999;0;4.1281;
 
18074
THOR:
Q 0.32172;1.75977;1.95207;7.98948e-06;-1.39408;0.321498;
Torque 0.00748366;1.95705;-2.42111;-0.00215827;-0.36347;0.0549428;
MotorD 198.433;0;4.98911;
 280.827;-0.0078986;978.526;
 201.845;0;-1210.55;
 180.001;0;-2.13162;
 72.4943;0;-165.142;
 232.244;0;104.095;
 
18109
FRIGG:
Q 7.98948e-07;1.33238;1.92792;-9.18791e-06;-0.986097;0.00581776;
Torque -0.00019005;3.11072;-2.17636;0.00251538;-0.00929943;-0.00123285;
MotorD 180;0;-0.1267;
 256.34;-4.16697e-05;1555.36;
 200.462;0;-1088.18;
 179.999;0;2.48432;
 123.001;0;-2.75932;
 235.999;0;4.12915;
 
18109
ODIN:
Q -2.66316e-07;1.33238;1.92792;9.38764e-06;-0.986097;0.00581776;
Torque 7.64502e-05;3.11072;-2.17632;-0.00252719;-0.00929992;-0.00123351;
MotorD 180;0;0.0509668;
 256.34;-4.18839e-05;1555.36;
 200.462;0;-1088.16;
 180.001;0;-2.49599;
 123.001;0;-2.75913;
 235.999;0;4.1297;
 
18109
LOKI:
Q -2.66316e-07;1.33238;1.92792;-8.98817e-06;-0.986097;0.00581776;
Torque 0.000101401;3.11065;-2.17642;0.00247534;-0.00925941;-0.00122675;
MotorD 180;0;0.0676008;
 256.34;-4.05557e-05;1555.33;
 200.462;0;-1088.21;
 179.999;0;2.44478;
 123.001;0;-2.74788;
 235.999;0;4.11094;
 
18109
THOR:
Q 0.321721;1.75976;1.95207;7.98948e-06;-1.39409;0.321504;
Torque 0.00721055;1.95886;-2.42243;-0.00214222;-0.358928;0.0534446;
MotorD 198.433;0;4.80704;
 280.827;-0.00779467;979.432;
 201.845;0;-1211.21;
 180.001;0;-2.11578;
 72.4934;0;-162.628;
 232.244;0;103.245;
 
18147
FRIGG:
Q 7.98948e-07;1.33238;1.92792;-8.98817e-06;-0.986097;0.00581776;
Torque -0.000188461;3.11072;-2.17636;0.00249681;-0.0092608;-0.00122789;
MotorD 180;0;-0.125641;
 256.34;-4.14246e-05;1555.36;
 200.462;0;-1088.18;
 179.999;0;2.46599;
 123.001;0;-2.74777;
 235.999;0;4.11209;
 
18147
ODIN:
Q -2.66316e-07;1.33238;1.92792;9.18791e-06;-0.986097;0.00581776;
Torque 7.80512e-05;3.11075;-2.17632;-0.00250852;-0.00926083;-0.00122848;
MotorD 180;0;0.0520341;
 256.34;-4.04226e-05;1555.38;
 200.462;0;-1088.16;
 180.001;0;-2.47755;
 123.001;0;-2.74745;
 235.999;0;4.11243;
 
18147
LOKI:
Q -2.66316e-07;1.33238;1.92792;-8.98817e-06;-0.986097;0.00581781;
Torque 0.000102983;3.11065;-2.17642;0.00245695;-0.00922055;-0.00122176;
MotorD 180;0;0.0686551;
 256.34;-4.04199e-05;1555.33;
 200.462;0;-1088.21;
 179.999;0;2.42662;
 123.001;0;-2.73626;
 235.999;0;4.09377;
 
18147
THOR:
Q 0.321722;1.75976;1.95208;7.78975e-06;-1.3941;0.321509;
Torque 0.00694554;1.96061;-2.42372;-0.0021263;-0.35437;0.0520141;
MotorD 198.433;0;4.63036;
 280.827;-0.00768965;980.306;
 201.846;0;-1211.86;
 180.001;0;-2.10005;
 72.4925;0;-160.145;
 232.244;0;102.351;
 
18179
FRIGG:
Q 7.98948e-07;1.33238;1.92792;-8.98817e-06;-0.986097;0.00581781;
Torque -0.000186917;3.11075;-2.17636;0.00247838;-0.00922151;-0.00122265;
MotorD 180;0;-0.124612;
 256.34;-4.13978e-05;1555.38;
 200.462;0;-1088.18;
 179.999;0;2.44778;
 123.001;0;-2.73612;
 235.999;0;4.09463;
 
18179
ODIN:
Q -2.66316e-07;1.33238;1.92792;9.18791e-06;-0.986097;0.00581776;
Torque 7.96178e-05;3.11075;-2.17632;-0.00249;-0.00926127;-0.00122874;
MotorD 180;0;0.0530785;
 256.34;-4.00934e-05;1555.38;
 200.462;0;-1088.16;
 180.001;0;-2.45926;
 123.001;0;-2.74747;
 235.999;0;4.11273;
 
18179
LOKI:
Q -2.66316e-07;1.33238;1.92792;-8.78843e-06;-0.986097;0.00581781;
Torque 0.000104536;3.11065;-2.17642;0.00243872;-0.00922083;-0.00122199;
MotorD 180;0;0.0696905;
 256.34;-4.03808e-05;1555.33;
 200.462;0;-1088.21;
 179.999;0;2.40861;
 123.001;0;-2.73624;
 235.999;0;4.09401;
 
18179
THOR:
Q 0.321723;1.75975;1.95208;7.78975e-06;-1.3941;0.321514;
Torque 0.00668694;1.96236;-2.42498;-0.00211049;-0.349877;0.0505946;
MotorD 198.433;0;4.45796;
 280.826;-0.00758651;981.18;
 201.846;0;-1212.49;
 180.001;0;-2.08443;
 72.4917;0;-157.692;
 232.244;0;101.476;
 
18205
FRIGG:
Q 7.98948e-07;1.33238;1.92792;-8.98817e-06;-0.986097;0.00581781;
Torque -0.000185427;3.11075;-2.17636;0.0024601;-0.00922212;-0.00122293;
MotorD 180;0;-0.123618;
 256.34;-3.96083e-05;1555.38;
 200.462;0;-1088.18;
 179.999;0;2.42972;
 123.001;0;-2.7362;
 235.999;0;4.09501;
 
18205
ODIN:
Q -2.66316e-07;1.33238;1.92792;9.18791e-06;-0.986097;0.00581781;
Torque 8.11235e-05;3.11075;-2.17632;-0.00247162;-0.00922245;-0.00122356;
MotorD 180;0;0.0540824;
 256.34;-4.00803e-05;1555.38;
 200.462;0;-1088.16;
 180.001;0;-2.4411;
 123.001;0;-2.73597;
 235.999;0;4.09548;
 
18205
LOKI:
Q -2.66316e-07;1.33238;1.92792;-8.78843e-06;-0.986097;0.00581785;
Torque 0.000106019;3.11069;-2.17642;0.00242061;-0.00918196;-0.001217;
MotorD 180;0;0.0706796;
 256.34;-3.92393e-05;1555.34;
 200.462;0;-1088.21;
 179.999;0;2.39072;
 123.001;0;-2.72461;
 235.999;0;4.07684;
 
18205
THOR:
Q 0.321723;1.75975;1.95208;7.78975e-06;-1.3941;0.321514;
Torque 0.00668694;1.96236;-2.42498;-0.00211049;-0.349877;0.0505946;
MotorD 198.433;0;4.45796;
 280.826;-0.00758651;981.18;
 201.846;0;-1212.49;
 180.001;0;-2.08443;
 72.4917;0;-157.692;
 232.244;0;101.476;
 
18236
FRIGG:
Q 7.98948e-07;1.33238;1.92792;-8.98817e-06;-0.986097;0.00581781;
Torque -0.000185427;3.11075;-2.17636;0.0024601;-0.00922212;-0.00122293;
MotorD 180;0;-0.123618;
 256.34;-3.96083e-05;1555.38;
 200.462;0;-1088.18;
 179.999;0;2.42972;
 123.001;0;-2.7362;
 235.999;0;4.09501;
 
18236
ODIN:
Q -2.66316e-07;1.33238;1.92792;9.18791e-06;-0.986097;0.00581781;
Torque 8.11235e-05;3.11075;-2.17632;-0.00247162;-0.00922245;-0.00122356;
MotorD 180;0;0.0540824;
 256.34;-4.00803e-05;1555.38;
 200.462;0;-1088.16;
 180.001;0;-2.4411;
 123.001;0;-2.73597;
 235.999;0;4.09548;
 
18236
LOKI:
Q -2.66316e-07;1.33238;1.92792;-8.78843e-06;-0.986097;0.00581785;
Torque 0.000106019;3.11069;-2.17642;0.00242061;-0.00918196;-0.001217;
MotorD 180;0;0.0706796;
 256.34;-3.92393e-05;1555.34;
 200.462;0;-1088.21;
 179.999;0;2.39072;
 123.001;0;-2.72461;
 235.999;0;4.07684;
 
18236
THOR:
Q 0.321725;1.75974;1.95209;7.78975e-06;-1.39411;0.321518;
Torque 0.00643568;1.96408;-2.42624;-0.00209479;-0.345448;0.0492178;
MotorD 198.433;0;4.29045;
 280.826;-0.00748605;982.039;
 201.846;0;-1213.12;
 180.001;0;-2.06893;
 72.4908;0;-155.287;
 232.244;0;100.601;
 
18274
FRIGG:
Q 7.98948e-07;1.33238;1.92792;-8.78843e-06;-0.986097;0.00581785;
Torque -0.000184016;3.11075;-2.17636;0.00244195;-0.00918338;-0.00121795;
MotorD 180;0;-0.122678;
 256.34;-3.95688e-05;1555.38;
 200.462;0;-1088.18;
 179.999;0;2.4118;
 123.001;0;-2.72461;
 235.999;0;4.07789;
 
18274
ODIN:
Q -2.66316e-07;1.33238;1.92792;8.98817e-06;-0.986097;0.00581785;
Torque 8.25455e-05;3.11078;-2.17632;-0.00245337;-0.00918354;-0.00121856;
MotorD 180;0;0.0550304;
 256.34;-4.00924e-05;1555.39;
 200.462;0;-1088.16;
 180.001;0;-2.42308;
 123.001;0;-2.72433;
 235.999;0;4.07829;
 
18274
LOKI:
Q -2.66316e-07;1.33238;1.92792;-8.78843e-06;-0.986097;0.00581785;
Torque 0.000107422;3.11069;-2.17642;0.00240262;-0.00914315;-0.00121182;
MotorD 180;0;0.0716145;
 256.34;-3.8618e-05;1555.34;
 200.462;0;-1088.21;
 179.999;0;2.37296;
 123.001;0;-2.71312;
 235.999;0;4.05959;
 
18274
THOR:
Q 0.321725;1.75974;1.95209;7.59001e-06;-1.39412;0.321523;
Torque 0.00619969;1.9658;-2.42744;-0.00207921;-0.341084;0.0478667;
MotorD 198.434;0;4.13313;
 280.825;-0.00738676;982.898;
 201.847;0;-1213.72;
 180.001;0;-2.05354;
 72.49;0;-152.92;
 232.244;0;99.7348;
 
18317
FRIGG:
Q 7.98948e-07;1.33238;1.92792;-8.78843e-06;-0.986097;0.00581785;
Torque -0.000182607;3.11075;-2.17636;0.00242393;-0.00914429;-0.00121274;
MotorD 180;0;-0.121738;
 256.34;-3.95807e-05;1555.38;
 200.462;0;-1088.18;
 179.999;0;2.394;
 123.001;0;-2.71303;
 235.999;0;4.06052;
 
18317
ODIN:
Q -2.66316e-07;1.33238;1.92792;8.98817e-06;-0.986097;0.00581785;
Torque 8.39665e-05;3.11078;-2.17632;-0.00243526;-0.00918376;-0.00121879;
MotorD 180;0;0.0559777;
 256.34;-3.83013e-05;1555.39;
 200.462;0;-1088.16;
 180.001;0;-2.40519;
 123.001;0;-2.72429;
 235.999;0;4.0785;
 
18317
LOKI:
Q -2.66316e-07;1.33238;1.92792;-8.58869e-06;-0.986097;0.00581785;
Torque 0.000108825;3.11069;-2.17642;0.00238478;-0.00914334;-0.00121204;
MotorD 180;0;0.0725503;
 256.34;-3.8559e-05;1555.34;
 200.462;0;-1088.21;
 179.999;0;2.35534;
 123.001;0;-2.71307;
 235.999;0;4.05978;
 
18317
THOR:
Q 0.321726;1.75973;1.9521;7.59001e-06;-1.39413;0.321528;
Torque 0.0059712;1.96745;-2.42863;-0.00206375;-0.336788;0.0465598;
MotorD 198.434;0;3.9808;
 280.825;-0.00728771;983.725;
 201.847;0;-1214.32;
 180.001;0;-2.03827;
 72.4891;0;-150.603;
 232.244;0;98.8696;
 
18354
FRIGG:
Q 7.98948e-07;1.33238;1.92792;-8.78843e-06;-0.986097;0.00581785;
Torque -0.000181301;3.11078;-2.17636;0.00240605;-0.00914459;-0.00121297;
MotorD 180;0;-0.120867;
 256.34;-3.79264e-05;1555.39;
 200.462;0;-1088.18;
 179.999;0;2.37634;
 123.001;0;-2.71301;
 235.999;0;4.06076;
 
18354
ODIN:
Q -2.66316e-07;1.33238;1.92792;8.98817e-06;-0.986097;0.00581785;
Torque 8.52875e-05;3.11078;-2.17632;-0.00241728;-0.00914496;-0.00121361;
MotorD 180;0;0.0568583;
 256.34;-3.82693e-05;1555.39;
 200.462;0;-1088.16;
 180.001;0;-2.38743;
 123.001;0;-2.7128;
 235.999;0;4.06125;
 
18354
LOKI:
Q -2.66316e-07;1.33238;1.92792;-8.58869e-06;-0.986097;0.00581785;
Torque 0.000110138;3.11069;-2.17642;0.00236707;-0.00910458;-0.00120706;
MotorD 180;0;0.0734251;
 256.34;-3.8578e-05;1555.34;
 200.462;0;-1088.21;
 179.999;0;2.33785;
 123.001;0;-2.70148;
 235.999;0;4.04266;
 
18354
THOR:
Q 0.321727;1.75972;1.9521;7.59001e-06;-1.39413;0.321532;
Torque 0.0057495;1.96911;-2.4298;-0.00204839;-0.332558;0.0452654;
MotorD 198.434;0;3.833;
 280.825;-0.00719247;984.553;
 201.847;0;-1214.9;
 180.001;0;-2.0231;
 72.4883;0;-148.317;
 232.244;0;98.0221;
 
18393
FRIGG:
Q 7.98948e-07;1.33238;1.92792;-8.58869e-06;-0.986097;0.00581785;
Torque -0.000180039;3.11078;-2.17636;0.0023883;-0.00910586;-0.00120799;
MotorD 180;0;-0.120026;
 256.34;-3.77859e-05;1555.39;
 200.462;0;-1088.18;
 179.999;0;2.35881;
 123.001;0;-2.70143;
 235.999;0;4.04365;
 
18393
ODIN:
Q -2.66316e-07;1.33238;1.92792;8.78843e-06;-0.986097;0.00581785;
Torque 8.65625e-05;3.11078;-2.17632;-0.00239943;-0.00910598;-0.0012086;
MotorD 180;0;0.0577083;
 256.34;-3.82728e-05;1555.39;
 200.462;0;-1088.16;
 180.001;0;-2.3698;
 123.001;0;-2.70114;
 235.999;0;4.04403;
 
18393
LOKI:
Q -2.66316e-07;1.33238;1.92792;-8.58869e-06;-0.986097;0.00581776;
Torque 0.000111391;3.11072;-2.17642;0.00234948;-0.00906567;-0.00120207;
MotorD 180;0;0.0742604;
 256.34;-3.68869e-05;1555.36;
 200.462;0;-1088.21;
 179.999;0;2.32047;
 123.001;0;-2.68984;
 235.999;0;4.02547;
 
18393
THOR:
Q 0.321727;1.75972;1.9521;7.59001e-06;-1.39413;0.321532;
Torque 0.0057495;1.96911;-2.4298;-0.00204839;-0.332558;0.0452654;
MotorD 198.434;0;3.833;
 280.825;-0.00719247;984.553;
 201.847;0;-1214.9;
 180.001;0;-2.0231;
 72.4883;0;-148.317;
 232.244;0;98.0221;
 
18432
FRIGG:
Q 7.98948e-07;1.33238;1.92792;-8.58869e-06;-0.986097;0.00581785;
Torque -0.000180039;3.11078;-2.17636;0.0023883;-0.00910586;-0.00120799;
MotorD 180;0;-0.120026;
 256.34;-3.77859e-05;1555.39;
 200.462;0;-1088.18;
 179.999;0;2.35881;
 123.001;0;-2.70143;
 235.999;0;4.04365;
 
18432
ODIN:
Q -2.66316e-07;1.33238;1.92792;8.78843e-06;-0.986097;0.00581785;
Torque 8.65625e-05;3.11078;-2.17632;-0.00239943;-0.00910598;-0.0012086;
MotorD 180;0;0.0577083;
 256.34;-3.82728e-05;1555.39;
 200.462;0;-1088.16;
 180.001;0;-2.3698;
 123.001;0;-2.70114;
 235.999;0;4.04403;
 
18432
LOKI:
Q -2.66316e-07;1.33238;1.92792;-8.58869e-06;-0.986097;0.00581776;
Torque 0.000111391;3.11072;-2.17642;0.00234948;-0.00906567;-0.00120207;
MotorD 180;0;0.0742604;
 256.34;-3.68869e-05;1555.36;
 200.462;0;-1088.21;
 179.999;0;2.32047;
 123.001;0;-2.68984;
 235.999;0;4.02547;
 
18432
THOR:
Q 0.321728;1.75972;1.9521;7.59001e-06;-1.39414;0.321537;
Torque 0.00553531;1.97076;-2.43094;-0.00203316;-0.328389;0.0440098;
MotorD 198.434;0;3.69021;
 280.824;-0.00709617;985.381;
 201.847;0;-1215.47;
 180.001;0;-2.00805;
 72.4875;0;-146.075;
 232.244;0;97.1756;
 
18473
FRIGG:
Q 7.98948e-07;1.33238;1.92792;-8.58869e-06;-0.986097;0.00581776;
Torque -0.000178771;3.11078;-2.17636;0.00237067;-0.00906663;-0.00120277;
MotorD 180;0;-0.119181;
 256.34;-3.77743e-05;1555.39;
 200.462;0;-1088.18;
 179.999;0;2.34141;
 123.001;0;-2.68981;
 235.999;0;4.02622;
 
18473
ODIN:
Q -2.66316e-07;1.33238;1.92792;8.78843e-06;-0.986097;0.00581785;
Torque 8.78374e-05;3.11081;-2.17632;-0.00238172;-0.00910621;-0.00120883;
MotorD 180;0;0.0585583;
 256.34;-3.67162e-05;1555.41;
 200.462;0;-1088.16;
 180.001;0;-2.35231;
 123.001;0;-2.7011;
 235.999;0;4.04424;
 
18473
LOKI:
Q -2.66316e-07;1.33238;1.92792;-8.38896e-06;-0.986097;0.00581776;
Torque 0.000112647;3.11072;-2.17642;0.00233203;-0.00906585;-0.00120209;
MotorD 180;0;0.0750979;
 256.34;-3.67266e-05;1555.36;
 200.462;0;-1088.21;
 179.999;0;2.30324;
 123.001;0;-2.68989;
 235.999;0;4.02555;
 
18473
THOR:
Q 0.321729;1.75971;1.95211;7.39027e-06;-1.39415;0.321541;
Torque 0.00532867;1.97235;-2.43205;-0.00201803;-0.324213;0.0427827;
MotorD 198.434;0;3.55244;
 280.824;-0.0070019;986.177;
 201.848;0;-1216.02;
 180.001;0;-1.99311;
 72.4867;0;-143.847;
 232.244;0;96.3105;
 
18507
FRIGG:
Q 7.98948e-07;1.33238;1.92792;-8.58869e-06;-0.986097;0.00581776;
Torque -0.00017759;3.11078;-2.17636;0.00235318;-0.00906718;-0.00120303;
MotorD 180;0;-0.118394;
 256.34;-3.77266e-05;1555.39;
 200.462;0;-1088.18;
 179.999;0;2.32413;
 123.001;0;-2.68986;
 235.999;0;4.02657;
 
18507
ODIN:
Q -2.66316e-07;1.33238;1.92792;8.78843e-06;-0.986097;0.00581776;
Torque 8.90306e-05;3.11081;-2.17632;-0.00236413;-0.00906745;-0.00120366;
MotorD 180;0;0.0593537;
 256.34;-3.64521e-05;1555.41;
 200.462;0;-1088.16;
 180.001;0;-2.33494;
 123.001;0;-2.68962;
 235.999;0;4.02701;
 
18507
LOKI:
Q -2.66316e-07;1.33238;1.92792;-8.38896e-06;-0.986098;0.00581781;
Torque 0.000113833;3.11072;-2.17642;0.00231471;-0.00902709;-0.00119711;
MotorD 180;0;0.0758885;
 256.34;-3.67392e-05;1555.36;
 200.462;0;-1088.21;
 179.999;0;2.28613;
 123.001;0;-2.6783;
 235.999;0;4.00843;
 
18507
THOR:
Q 0.32173;1.7597;1.95211;7.39027e-06;-1.39416;0.321545;
Torque 0.00512925;1.97395;-2.43315;-0.00200301;-0.320098;0.0415955;
MotorD 198.434;0;3.4195;
 280.824;-0.006909;986.973;
 201.848;0;-1216.58;
 180.001;0;-1.97828;
 72.486;0;-141.663;
 232.245;0;95.4463;
 
18549
FRIGG:
Q 7.98948e-07;1.33238;1.92792;-8.38896e-06;-0.986098;0.00581781;
Torque -0.000176435;3.11081;-2.17636;0.00233582;-0.00902833;-0.00119805;
MotorD 180;0;-0.117624;
 256.34;-3.59903e-05;1555.41;
 200.462;0;-1088.18;
 179.999;0;2.30698;
 123.001;0;-2.67824;
 235.999;0;4.00941;
 
18549
ODIN:
Q -2.66316e-07;1.33238;1.92792;8.58869e-06;-0.986098;0.00581781;
Torque 9.0196e-05;3.11081;-2.17632;-0.00234668;-0.00902826;-0.00119862;
MotorD 180;0;0.0601307;
 256.34;-3.64624e-05;1555.41;
 200.462;0;-1088.16;
 180.001;0;-2.3177;
 123.001;0;-2.6779;
 235.999;0;4.0097;
 
18549
LOKI:
Q -2.66316e-07;1.33238;1.92792;-8.38896e-06;-0.986098;0.00581785;
Torque 0.000114983;3.11075;-2.17642;0.00229752;-0.00898803;-0.0011921;
MotorD 180;0;0.0766553;
 256.34;-3.63638e-05;1555.37;
 200.462;0;-1088.21;
 179.999;0;2.26916;
 123.001;0;-2.66662;
 235.999;0;3.99118;
 
18549
THOR:
Q 0.321731;1.7597;1.95212;7.39027e-06;-1.39416;0.321549;
Torque 0.00493717;1.97551;-2.43423;-0.0019881;-0.316056;0.0404238;
MotorD 198.434;0;3.29145;
 280.823;-0.00681843;987.754;
 201.848;0;-1217.11;
 180.001;0;-1.96355;
 72.4852;0;-139.515;
 232.245;0;94.6001;
 
18586
FRIGG:
Q 7.98948e-07;1.33238;1.92792;-8.38896e-06;-0.986098;0.00581781;
Torque -0.000175346;3.11081;-2.17636;0.00231859;-0.00902841;-0.00119805;
MotorD 180;0;-0.116897;
 256.34;-3.59241e-05;1555.41;
 200.462;0;-1088.18;
 179.999;0;2.28997;
 123.001;0;-2.67827;
 235.999;0;4.00944;
 
18586
ODIN:
Q -2.66316e-07;1.33238;1.92792;8.58869e-06;-0.986098;0.00581781;
Torque 9.12981e-05;3.11081;-2.17632;-0.00232935;-0.00902875;-0.00119869;
MotorD 180;0;0.0608654;
 256.34;-3.64116e-05;1555.41;
 200.462;0;-1088.16;
 180.001;0;-2.30059;
 123.001;0;-2.67804;
 235.999;0;4.00992;
 
18586
LOKI:
Q -2.66316e-07;1.33238;1.92792;-8.18922e-06;-0.986098;0.00581785;
Torque 0.000116071;3.11075;-2.17642;0.00228045;-0.00898833;-0.00119214;
MotorD 180;0;0.0773805;
 256.34;-3.49509e-05;1555.37;
 200.462;0;-1088.21;
 179.999;0;2.25229;
 123.001;0;-2.66671;
 235.999;0;3.99131;
 
18586
THOR:
Q 0.321731;1.7597;1.95212;7.39027e-06;-1.39416;0.321549;
Torque 0.00493717;1.97551;-2.43423;-0.0019881;-0.316056;0.0404238;
MotorD 198.434;0;3.29145;
 280.823;-0.00681843;987.754;
 201.848;0;-1217.11;
 180.001;0;-1.96355;
 72.4852;0;-139.515;
 232.245;0;94.6001;
 
18617
FRIGG:
Q 7.98948e-07;1.33238;1.92792;-8.38896e-06;-0.986098;0.00581781;
Torque -0.000175346;3.11081;-2.17636;0.00231859;-0.00902841;-0.00119805;
MotorD 180;0;-0.116897;
 256.34;-3.59241e-05;1555.41;
 200.462;0;-1088.18;
 179.999;0;2.28997;
 123.001;0;-2.67827;
 235.999;0;4.00944;
 
18617
ODIN:
Q -2.66316e-07;1.33238;1.92792;8.58869e-06;-0.986098;0.00581781;
Torque 9.12981e-05;3.11081;-2.17632;-0.00232935;-0.00902875;-0.00119869;
MotorD 180;0;0.0608654;
 256.34;-3.64116e-05;1555.41;
 200.462;0;-1088.16;
 180.001;0;-2.30059;
 123.001;0;-2.67804;
 235.999;0;4.00992;
 
18617
LOKI:
Q -2.66316e-07;1.33238;1.92792;-8.18922e-06;-0.986098;0.00581785;
Torque 0.000116071;3.11075;-2.17642;0.00228045;-0.00898833;-0.00119214;
MotorD 180;0;0.0773805;
 256.34;-3.49509e-05;1555.37;
 200.462;0;-1088.21;
 179.999;0;2.25229;
 123.001;0;-2.66671;
 235.999;0;3.99131;
 
18617
THOR:
Q 0.321731;1.75969;1.95212;7.19053e-06;-1.39417;0.321553;
Torque 0.00476076;1.97707;-2.43527;-0.0019733;-0.312075;0.0392924;
MotorD 198.434;0;3.17384;
 280.823;-0.00672765;988.535;
 201.848;0;-1217.64;
 180.001;0;-1.94894;
 72.4845;0;-137.412;
 232.245;0;93.7542;
 
18653
FRIGG:
Q 7.98948e-07;1.33238;1.92792;-8.38896e-06;-0.986098;0.00581785;
Torque -0.000174293;3.11081;-2.17636;0.00230149;-0.00898967;-0.00119308;
MotorD 180;0;-0.116195;
 256.34;-3.5918e-05;1555.41;
 200.462;0;-1088.18;
 179.999;0;2.27308;
 123.001;0;-2.66669;
 235.999;0;3.99233;
 
18653
ODIN:
Q -2.66316e-07;1.33238;1.92792;8.58869e-06;-0.986098;0.00581785;
Torque 9.23583e-05;3.11084;-2.17632;-0.00231216;-0.00898988;-0.00119369;
MotorD 180;0;0.0615722;
 256.34;-3.47453e-05;1555.42;
 200.462;0;-1088.16;
 180.001;0;-2.28361;
 123.001;0;-2.66642;
 235.999;0;3.99275;
 
18653
LOKI:
Q -2.66316e-07;1.33238;1.92792;-8.18922e-06;-0.986098;0.00581776;
Torque 0.000117117;3.11075;-2.17642;0.0022635;-0.00894956;-0.00118716;
MotorD 180;0;0.0780781;
 256.34;-3.49293e-05;1555.37;
 200.462;0;-1088.21;
 179.999;0;2.23556;
 123.001;0;-2.65512;
 235.999;0;3.97418;
 
18653
THOR:
Q 0.321732;1.75969;1.95213;7.19053e-06;-1.39418;0.321557;
Torque 0.0045755;1.9786;-2.43628;-0.00195861;-0.308164;0.0381756;
MotorD 198.434;0;3.05033;
 280.823;-0.00663719;989.3;
 201.849;0;-1218.14;
 180.001;0;-1.93443;
 72.4837;0;-135.343;
 232.245;0;92.9261;
 
18692
FRIGG:
Q 7.98948e-07;1.33238;1.92792;-8.18922e-06;-0.986098;0.00581776;
Torque -0.000173246;3.11084;-2.17636;0.00228451;-0.00895048;-0.00118785;
MotorD 180;0;-0.115497;
 256.34;-3.51348e-05;1555.42;
 200.462;0;-1088.18;
 179.999;0;2.25631;
 123.001;0;-2.65508;
 235.999;0;3.97491;
 
18692
ODIN:
Q -2.66316e-07;1.33238;1.92792;8.38896e-06;-0.986098;0.00581785;
Torque 9.34143e-05;3.11084;-2.17632;-0.00229509;-0.00899;-0.00119371;
MotorD 180;0;0.0622762;
 256.34;-3.45971e-05;1555.42;
 200.462;0;-1088.16;
 180.001;0;-2.26676;
 123.001;0;-2.66646;
 235.999;0;3.9928;
 
18692
LOKI:
Q -2.66316e-07;1.33238;1.92792;-8.18922e-06;-0.986098;0.00581776;
Torque 0.000118164;3.11075;-2.17642;0.0022467;-0.00890966;-0.00118203;
MotorD 180;0;0.0787758;
 256.34;-3.49102e-05;1555.37;
 200.462;0;-1088.21;
 179.999;0;2.21896;
 123.001;0;-2.64319;
 235.999;0;3.95656;
 
18692
THOR:
Q 0.321733;1.75968;1.95213;7.19053e-06;-1.39418;0.321561;
Torque 0.00440531;1.9801;-2.4373;-0.00194403;-0.304242;0.0370825;
MotorD 198.434;0;2.93687;
 280.822;-0.0065508;990.05;
 201.849;0;-1218.65;
 180.001;0;-1.92003;
 72.483;0;-133.284;
 232.245;0;92.0808;
 
18733
FRIGG:
Q 7.98948e-07;1.33238;1.92792;-8.18922e-06;-0.986098;0.00581776;
Torque -0.00017226;3.11084;-2.17636;0.00226766;-0.00895093;-0.0011881;
MotorD 180;0;-0.11484;
 256.34;-3.41092e-05;1555.42;
 200.462;0;-1088.18;
 179.999;0;2.23967;
 123.001;0;-2.6551;
 235.999;0;3.97521;
 
18733
ODIN:
Q -2.66316e-07;1.33238;1.92792;8.38896e-06;-0.986098;0.00581776;
Torque 9.44058e-05;3.11084;-2.17632;-0.00227815;-0.00895125;-0.00118873;
MotorD 180;0;0.0629372;
 256.34;-3.4583e-05;1555.42;
 200.462;0;-1088.16;
 180.001;0;-2.25002;
 123.001;0;-2.65487;
 235.999;0;3.97569;
 
18733
LOKI:
Q -2.66316e-07;1.33238;1.92792;-7.98948e-06;-0.986098;0.00581776;
Torque 0.000119136;3.11078;-2.17642;0.00223;-0.00891076;-0.00118218;
MotorD 180;0;0.0794242;
 256.34;-3.40994e-05;1555.39;
 200.462;0;-1088.21;
 179.999;0;2.20247;
 123.001;0;-2.64352;
 235.999;0;3.95705;
 
18733
THOR:
Q 0.321733;1.75968;1.95213;7.19053e-06;-1.39419;0.321563;
Torque 0.00432223;1.98093;-2.43786;-0.00193603;-0.302109;0.0365011;
MotorD 198.434;0;2.88149;
 280.822;-0.00650407;990.465;
 201.849;0;-1218.93;
 180.001;0;-1.91213;
 72.4826;0;-132.171;
 232.245;0;91.6139;
 
18772
FRIGG:
Q 7.98948e-07;1.33238;1.92792;-8.18922e-06;-0.986098;0.00581776;
Torque -0.000171666;3.11084;-2.17636;0.00225747;-0.00891171;-0.00118288;
MotorD 180;0;-0.114444;
 256.34;-3.41387e-05;1555.42;
 200.462;0;-1088.18;
 179.999;0;2.2296;
 123.001;0;-2.64348;
 235.999;0;3.95779;
 
18772
ODIN:
Q -2.66316e-07;1.33238;1.92792;8.38896e-06;-0.986098;0.00581776;
Torque 9.49871e-05;3.11084;-2.17632;-0.00226817;-0.00895127;-0.00118874;
MotorD 180;0;0.0633247;
 256.34;-3.45827e-05;1555.42;
 200.462;0;-1088.16;
 180.001;0;-2.24017;
 123.001;0;-2.65488;
 235.999;0;3.97569;
 
18772
LOKI:
Q -2.66316e-07;1.33238;1.92792;-7.98948e-06;-0.986098;0.00581776;
Torque 0.00011974;3.11078;-2.17642;0.00221951;-0.00891088;-0.00118238;
MotorD 180;0;0.0798269;
 256.34;-3.32097e-05;1555.39;
 200.462;0;-1088.21;
 179.999;0;2.19211;
 123.001;0;-2.64344;
 235.999;0;3.9572;
 
18772
THOR:
Q 0.321733;1.75968;1.95213;7.19053e-06;-1.39419;0.321565;
Torque 0.00424349;1.9816;-2.43828;-0.00192956;-0.300468;0.0360236;
MotorD 198.434;0;2.829;
 280.822;-0.00646182;990.799;
 201.849;0;-1219.14;
 180.001;0;-1.90574;
 72.4823;0;-131.297;
 232.245;0;91.2712;
 
18813
FRIGG:
Q 7.98948e-07;1.33238;1.92792;-8.18922e-06;-0.986098;0.00581776;
Torque -0.000171313;3.11084;-2.17636;0.00225093;-0.00891211;-0.00118312;
MotorD 180;0;-0.114209;
 256.34;-3.41181e-05;1555.42;
 200.462;0;-1088.18;
 179.999;0;2.22314;
 123.001;0;-2.64349;
 235.999;0;3.95807;
 
18813
ODIN:
Q -2.66316e-07;1.33238;1.92792;8.38896e-06;-0.986098;0.00581776;
Torque 9.53657e-05;3.11084;-2.17632;-0.00226133;-0.00891203;-0.0011837;
MotorD 180;0;0.0635771;
 256.34;-3.46411e-05;1555.42;
 200.462;0;-1088.16;
 180.001;0;-2.23342;
 123.001;0;-2.64314;
 235.999;0;3.95836;
 
18813
LOKI:
Q -2.66316e-07;1.33238;1.92792;-7.98948e-06;-0.986098;0.00581781;
Torque 0.000120092;3.11078;-2.17642;0.00221344;-0.00887183;-0.00117718;
MotorD 180;0;0.0800616;
 256.34;-3.31718e-05;1555.39;
 200.462;0;-1088.21;
 179.999;0;2.18611;
 123.001;0;-2.63188;
 235.999;0;3.93985;
 
18813
THOR:
Q 0.321734;1.75967;1.95214;6.9908e-06;-1.3942;0.321569;
Torque 0.00408878;1.98307;-2.43927;-0.0019152;-0.296681;0.0349875;
MotorD 198.434;0;2.72586;
 280.822;-0.00637625;991.533;
 201.849;0;-1219.63;
 180.001;0;-1.89155;
 72.4816;0;-129.319;
 232.245;0;90.4442;
 
18848
FRIGG:
Q 7.98948e-07;1.33238;1.92792;-8.18922e-06;-0.986098;0.00581776;
Torque -0.000170378;3.11084;-2.17636;0.00223432;-0.0089123;-0.00118315;
MotorD 180;0;-0.113585;
 256.34;-3.39287e-05;1555.42;
 200.462;0;-1088.18;
 179.999;0;2.20674;
 123.001;0;-2.64355;
 235.999;0;3.95815;
 
18848
ODIN:
Q -2.66316e-07;1.33238;1.92792;8.18922e-06;-0.986098;0.00581776;
Torque 9.63036e-05;3.11088;-2.17632;-0.00224464;-0.00891245;-0.00118375;
MotorD 180;0;0.0642024;
 256.34;-3.29113e-05;1555.44;
 200.462;0;-1088.16;
 180.001;0;-2.21692;
 123.001;0;-2.64327;
 235.999;0;3.95855;
 
18848
LOKI:
Q -2.66316e-07;1.33238;1.92792;-7.98948e-06;-0.986098;0.00581781;
Torque 0.000121017;3.11078;-2.17642;0.00219699;-0.00887212;-0.00117721;
MotorD 180;0;0.0806778;
 256.34;-3.30885e-05;1555.39;
 200.462;0;-1088.21;
 179.999;0;2.16987;
 123.001;0;-2.63196;
 235.999;0;3.93998;
 
18848
THOR:
Q 0.321735;1.75966;1.95214;6.9908e-06;-1.3942;0.321573;
Torque 0.00393329;1.9845;-2.44022;-0.00190093;-0.292883;0.0339765;
MotorD 198.434;0;2.62219;
 280.821;-0.0062921;992.252;
 201.849;0;-1220.11;
 180.001;0;-1.87746;
 72.4809;0;-127.351;
 232.245;0;89.5993;
 
18887
FRIGG:
Q 7.98948e-07;1.33238;1.92792;-7.98948e-06;-0.986098;0.00581781;
Torque -0.000169498;3.11088;-2.17636;0.00221785;-0.00887346;-0.00117816;
MotorD 180;0;-0.112999;
 256.34;-3.30833e-05;1555.44;
 200.462;0;-1088.18;
 179.999;0;2.19046;
 123.001;0;-2.63194;
 235.999;0;3.941;
 
18887
ODIN:
Q -2.66316e-07;1.33238;1.92792;8.18922e-06;-0.986098;0.00581781;
Torque 9.71892e-05;3.11088;-2.17632;-0.00222807;-0.00887365;-0.00117877;
MotorD 180;0;0.0647928;
 256.34;-3.28286e-05;1555.44;
 200.462;0;-1088.16;
 180.001;0;-2.20056;
 123.001;0;-2.63166;
 235.999;0;3.94141;
 
18888
LOKI:
Q -2.66316e-07;1.33238;1.92792;-7.98948e-06;-0.986098;0.00581785;
Torque 0.000121891;3.11078;-2.17642;0.00218067;-0.00883328;-0.00117223;
MotorD 180;0;0.0812605;
 256.34;-3.3116e-05;1555.39;
 200.462;0;-1088.21;
 179.999;0;2.15375;
 123.001;0;-2.62035;
 235.999;0;3.92282;
 
18888
THOR:
Q 0.321735;1.75966;1.95214;6.9908e-06;-1.3942;0.321573;
Torque 0.00393329;1.9845;-2.44022;-0.00190093;-0.292883;0.0339765;
MotorD 198.434;0;2.62219;
 280.821;-0.0062921;992.252;
 201.849;0;-1220.11;
 180.001;0;-1.87746;
 72.4809;0;-127.351;
 232.245;0;89.5993;
 
18919
FRIGG:
Q 7.98948e-07;1.33238;1.92792;-7.98948e-06;-0.986098;0.00581781;
Torque -0.000169498;3.11088;-2.17636;0.00221785;-0.00887346;-0.00117816;
MotorD 180;0;-0.112999;
 256.34;-3.30833e-05;1555.44;
 200.462;0;-1088.18;
 179.999;0;2.19046;
 123.001;0;-2.63194;
 235.999;0;3.941;
 
18919
ODIN:
Q -2.66316e-07;1.33238;1.92792;8.18922e-06;-0.986098;0.00581781;
Torque 9.71892e-05;3.11088;-2.17632;-0.00222807;-0.00887365;-0.00117877;
MotorD 180;0;0.0647928;
 256.34;-3.28286e-05;1555.44;
 200.462;0;-1088.16;
 180.001;0;-2.20056;
 123.001;0;-2.63166;
 235.999;0;3.94141;
 
18919
LOKI:
Q -2.66316e-07;1.33238;1.92792;-7.98948e-06;-0.986098;0.00581785;
Torque 0.000121891;3.11078;-2.17642;0.00218067;-0.00883328;-0.00117223;
MotorD 180;0;0.0812605;
 256.34;-3.3116e-05;1555.39;
 200.462;0;-1088.21;
 179.999;0;2.15375;
 123.001;0;-2.62035;
 235.999;0;3.92282;
 
18919
THOR:
Q 0.321735;1.75966;1.95214;6.9908e-06;-1.39421;0.321576;
Torque 0.00378576;1.98594;-2.44114;-0.00188678;-0.289235;0.0329846;
MotorD 198.434;0;2.52384;
 280.821;-0.0062081;992.97;
 201.85;0;-1220.57;
 180.001;0;-1.86348;
 72.4802;0;-125.449;
 232.245;0;88.7991;
 
18960
FRIGG:
Q 7.98948e-07;1.33238;1.92792;-7.98948e-06;-0.986098;0.00581785;
Torque -0.000168649;3.11088;-2.17636;0.00220148;-0.00883363;-0.00117285;
MotorD 180;0;-0.112433;
 256.34;-3.23135e-05;1555.44;
 200.462;0;-1088.18;
 179.999;0;2.17431;
 123.001;0;-2.62014;
 235.999;0;3.9233;
 
18960
ODIN:
Q -2.66316e-07;1.33238;1.92792;8.18922e-06;-0.986098;0.00581781;
Torque 9.80461e-05;3.11088;-2.17632;-0.00221162;-0.00887377;-0.00117879;
MotorD 180;0;0.0653641;
 256.34;-3.28019e-05;1555.44;
 200.462;0;-1088.16;
 180.001;0;-2.18432;
 123.001;0;-2.6317;
 235.999;0;3.94146;
 
18960
LOKI:
Q -2.66316e-07;1.33238;1.92792;-7.78975e-06;-0.986098;0.00581785;
Torque 0.000122743;3.11081;-2.17642;0.00216447;-0.00883344;-0.00117244;
MotorD 180;0;0.0818285;
 256.34;-3.30862e-05;1555.41;
 200.462;0;-1088.21;
 179.999;0;2.13775;
 123.001;0;-2.62029;
 235.999;0;3.923;
 
18960
THOR:
Q 0.321736;1.75965;1.95215;6.9908e-06;-1.39422;0.32158;
Torque 0.00364567;1.98734;-2.44206;-0.00187272;-0.285573;0.0320314;
MotorD 198.434;0;2.43044;
 280.821;-0.0061258;993.672;
 201.85;0;-1221.03;
 180.001;0;-1.8496;
 72.4796;0;-123.563;
 232.245;0;87.9725;
 
18998
FRIGG:
Q 7.98948e-07;1.33238;1.92792;-7.98948e-06;-0.986098;0.00581785;
Torque -0.000167839;3.11088;-2.17636;0.00218525;-0.0088347;-0.00117318;
MotorD 180;0;-0.111892;
 256.34;-3.22608e-05;1555.44;
 200.462;0;-1088.18;
 179.999;0;2.15827;
 123.001;0;-2.62034;
 235.999;0;3.92388;
 
18998
ODIN:
Q -2.66316e-07;1.33238;1.92792;7.98948e-06;-0.986098;0.00581785;
Torque 9.88669e-05;3.11088;-2.17632;-0.0021953;-0.00883496;-0.00117381;
MotorD 180;0;0.0659113;
 256.34;-3.28292e-05;1555.44;
 200.462;0;-1088.16;
 180.001;0;-2.1682;
 123.001;0;-2.62009;
 235.999;0;3.92432;
 
18998
LOKI:
Q -2.66316e-07;1.33238;1.92792;-7.78975e-06;-0.986098;0.00581785;
Torque 0.000123551;3.11081;-2.17642;0.00214839;-0.00879457;-0.00116726;
MotorD 180;0;0.0823672;
 256.34;-3.13382e-05;1555.41;
 200.462;0;-1088.21;
 179.999;0;2.12186;
 123.001;0;-2.60877;
 235.999;0;3.90573;
 
18998
THOR:
Q 0.321736;1.75965;1.95215;6.79106e-06;-1.39422;0.321583;
Torque 0.00350495;1.98872;-2.44295;-0.00185878;-0.28198;0.0310917;
MotorD 198.434;0;2.33663;
 280.82;-0.00604515;994.359;
 201.85;0;-1221.48;
 180.001;0;-1.83583;
 72.4789;0;-121.71;
 232.245;0;87.164;
 
19023
FRIGG:
Q 7.98948e-07;1.33238;1.92792;-7.78975e-06;-0.986098;0.00581785;
Torque -0.00016703;3.11088;-2.17636;0.00216914;-0.00879557;-0.00116796;
MotorD 180;0;-0.111353;
 256.34;-3.23144e-05;1555.44;
 200.462;0;-1088.18;
 179.999;0;2.14236;
 123.001;0;-2.60875;
 235.999;0;3.90649;
 
19023
ODIN:
Q -2.66316e-07;1.33238;1.92792;7.98948e-06;-0.986098;0.00581785;
Torque 9.96759e-05;3.11091;-2.17632;-0.0021791;-0.00883496;-0.0011738;
MotorD 180;0;0.0664506;
 256.34;-3.11315e-05;1555.45;
 200.462;0;-1088.16;
 180.001;0;-2.1522;
 123.001;0;-2.62009;
 235.999;0;3.92432;
 
19023
LOKI:
Q -2.66316e-07;1.33238;1.92792;-7.78975e-06;-0.986098;0.00581785;
Torque 0.00012435;3.11081;-2.17642;0.00213242;-0.0087947;-0.00116746;
MotorD 180;0;0.0829001;
 256.34;-3.12605e-05;1555.41;
 200.462;0;-1088.21;
 179.999;0;2.10609;
 123.001;0;-2.6087;
 235.999;0;3.90589;
 
19023
THOR:
Q 0.321737;1.75964;1.95215;6.79106e-06;-1.39423;0.321587;
Torque 0.00337205;1.99009;-2.44381;-0.00184493;-0.27846;0.0301682;
MotorD 198.434;0;2.24803;
 280.82;-0.00596503;995.047;
 201.85;0;-1221.91;
 180.001;0;-1.82216;
 72.4783;0;-119.893;
 232.245;0;86.3732;
 
19060
FRIGG:
Q 7.98948e-07;1.33238;1.92792;-7.78975e-06;-0.986098;0.00581785;
Torque -0.00016628;3.11088;-2.17636;0.00215314;-0.00879605;-0.00116822;
MotorD 180;0;-0.110853;
 256.34;-3.21212e-05;1555.44;
 200.462;0;-1088.18;
 179.999;0;2.12656;
 123.001;0;-2.60879;
 235.999;0;3.90681;
 
19060
ODIN:
Q -2.66316e-07;1.33238;1.92792;7.98948e-06;-0.986098;0.00581785;
Torque 0.000100433;3.11091;-2.17632;-0.00216301;-0.00879625;-0.00116884;
MotorD 180;0;0.0669551;
 256.34;-3.09858e-05;1555.45;
 200.462;0;-1088.16;
 180.001;0;-2.13631;
 123.001;0;-2.60852;
 235.999;0;3.90723;
 
19060
LOKI:
Q -2.66316e-07;1.33238;1.92792;-7.59001e-06;-0.986098;0.00581785;
Torque 0.000125102;3.11081;-2.17642;0.00211657;-0.00875588;-0.00116229;
MotorD 180;0;0.0834014;
 256.34;-3.12709e-05;1555.41;
 200.462;0;-1088.21;
 179.999;0;2.09044;
 123.001;0;-2.5972;
 235.999;0;3.88863;
 
19060
THOR:
Q 0.321737;1.75964;1.95216;6.79106e-06;-1.39423;0.32159;
Torque 0.00324674;1.99147;-2.44467;-0.00183119;-0.27493;0.0292692;
MotorD 198.434;0;2.16449;
 280.82;-0.00588473;995.734;
 201.85;0;-1222.34;
 180.001;0;-1.80858;
 72.4776;0;-118.087;
 232.245;0;85.5654;
 
19102
FRIGG:
Q 7.98948e-07;1.33238;1.92792;-7.78975e-06;-0.986098;0.00581785;
Torque -0.000165538;3.11091;-2.17636;0.00213726;-0.0087569;-0.001163;
MotorD 180;0;-0.110359;
 256.34;-3.0532e-05;1555.45;
 200.462;0;-1088.18;
 179.999;0;2.11087;
 123.001;0;-2.59719;
 235.999;0;3.88941;
 
19102
ODIN:
Q -2.66316e-07;1.33238;1.92792;7.98948e-06;-0.986098;0.00581785;
Torque 0.00010118;3.11091;-2.17632;-0.00214704;-0.00879628;-0.00116883;
MotorD 180;0;0.0674536;
 256.34;-3.09658e-05;1555.45;
 200.462;0;-1088.16;
 180.001;0;-2.12054;
 123.001;0;-2.60853;
 235.999;0;3.90724;
 
19102
LOKI:
Q -2.66316e-07;1.33238;1.92792;-7.59001e-06;-0.986098;0.00581776;
Torque 0.000125846;3.11081;-2.17642;0.00210084;-0.00871593;-0.00115715;
MotorD 180;0;0.0838976;
 256.34;-3.12649e-05;1555.41;
 200.462;0;-1088.21;
 179.999;0;2.07491;
 123.001;0;-2.58526;
 235.999;0;3.87099;
 
19102
THOR:
Q 0.321737;1.75964;1.95216;6.79106e-06;-1.39423;0.32159;
Torque 0.00324674;1.99147;-2.44467;-0.00183119;-0.27493;0.0292692;
MotorD 198.434;0;2.16449;
 280.82;-0.00588473;995.734;
 201.85;0;-1222.34;
 180.001;0;-1.80858;
 72.4776;0;-118.087;
 232.245;0;85.5654;
 
19136
FRIGG:
Q 7.98948e-07;1.33238;1.92792;-7.78975e-06;-0.986098;0.00581785;
Torque -0.000165538;3.11091;-2.17636;0.00213726;-0.0087569;-0.001163;
MotorD 180;0;-0.110359;
 256.34;-3.0532e-05;1555.45;
 200.462;0;-1088.18;
 179.999;0;2.11087;
 123.001;0;-2.59719;
 235.999;0;3.88941;
 
19136
ODIN:
Q -2.66316e-07;1.33238;1.92792;7.98948e-06;-0.986098;0.00581785;
Torque 0.00010118;3.11091;-2.17632;-0.00214704;-0.00879628;-0.00116883;
MotorD 180;0;0.0674536;
 256.34;-3.09658e-05;1555.45;
 200.462;0;-1088.16;
 180.001;0;-2.12054;
 123.001;0;-2.60853;
 235.999;0;3.90724;
 
19136
LOKI:
Q -2.66316e-07;1.33238;1.92792;-7.59001e-06;-0.986098;0.00581776;
Torque 0.000125846;3.11081;-2.17642;0.00210084;-0.00871593;-0.00115715;
MotorD 180;0;0.0838976;
 256.34;-3.12649e-05;1555.41;
 200.462;0;-1088.21;
 179.999;0;2.07491;
 123.001;0;-2.58526;
 235.999;0;3.87099;
 
19136
THOR:
Q 0.321738;1.75963;1.95216;6.79106e-06;-1.39424;0.321593;
Torque 0.00312877;1.99281;-2.4455;-0.00181755;-0.271466;0.0283982;
MotorD 198.434;0;2.08585;
 280.82;-0.00580695;996.405;
 201.851;0;-1222.75;
 180.001;0;-1.79511;
 72.477;0;-116.32;
 232.245;0;84.7661;
 
19171
FRIGG:
Q 7.98948e-07;1.33238;1.92792;-7.59001e-06;-0.986098;0.00581785;
Torque -0.000164828;3.11091;-2.17636;0.00212149;-0.00875718;-0.00116323;
MotorD 180;0;-0.109885;
 256.34;-3.04764e-05;1555.45;
 200.462;0;-1088.18;
 179.999;0;2.0953;
 123.001;0;-2.59716;
 235.999;0;3.88964;
 
19171
ODIN:
Q -2.66316e-07;1.33238;1.92792;7.78975e-06;-0.986098;0.00581785;
Torque 0.000101898;3.11091;-2.17632;-0.0021312;-0.00875747;-0.00116366;
MotorD 180;0;0.0679319;
 256.34;-3.09786e-05;1555.45;
 200.462;0;-1088.16;
 180.001;0;-2.10489;
 123.001;0;-2.59703;
 235.999;0;3.88998;
 
19171
LOKI:
Q -2.66316e-07;1.33238;1.92792;-7.59001e-06;-0.986098;0.00581776;
Torque 0.000126553;3.11084;-2.17642;0.00208523;-0.00871706;-0.0011573;
MotorD 180;0;0.0843685;
 256.34;-2.96307e-05;1555.42;
 200.462;0;-1088.21;
 179.999;0;2.05949;
 123.001;0;-2.58559;
 235.999;0;3.87148;
 
19171
THOR:
Q 0.321738;1.75963;1.95216;6.59132e-06;-1.39425;0.321596;
Torque 0.00301066;1.99412;-2.44633;-0.00180401;-0.268072;0.0275426;
MotorD 198.434;0;2.00711;
 280.819;-0.00573036;997.061;
 201.851;0;-1223.17;
 180.001;0;-1.78173;
 72.4764;0;-114.588;
 232.245;0;83.9846;
 
19204
FRIGG:
Q 7.98948e-07;1.33238;1.92792;-7.59001e-06;-0.986098;0.00581776;
Torque -0.000164142;3.11091;-2.17636;0.00210585;-0.00871839;-0.00115805;
MotorD 180;0;-0.109428;
 256.34;-3.03004e-05;1555.45;
 200.462;0;-1088.18;
 179.999;0;2.07985;
 123.001;0;-2.58567;
 235.999;0;3.8724;
 
19204
ODIN:
Q -2.66316e-07;1.33238;1.92792;7.78975e-06;-0.986098;0.00581776;
Torque 0.000102585;3.11094;-2.17632;-0.00211547;-0.0087174;-0.00115851;
MotorD 180;0;0.06839;
 256.34;-2.97578e-05;1555.47;
 200.462;0;-1088.16;
 180.001;0;-2.08936;
 123.001;0;-2.58505;
 235.999;0;3.87228;
 
19204
LOKI:
Q -2.66316e-07;1.33238;1.92792;-7.59001e-06;-0.986098;0.00581781;
Torque 0.000127231;3.11084;-2.17642;0.00206973;-0.00867767;-0.00115224;
MotorD 180;0;0.0848209;
 256.34;-2.94725e-05;1555.42;
 200.462;0;-1088.21;
 179.999;0;2.04418;
 123.001;0;-2.57382;
 235.999;0;3.85409;
 
19204
THOR:
Q 0.321739;1.75962;1.95217;6.59132e-06;-1.39425;0.321599;
Torque 0.00289231;1.9954;-2.44713;-0.00179057;-0.264672;0.0267132;
MotorD 198.434;0;1.92821;
 280.819;-0.0056527;997.701;
 201.851;0;-1223.57;
 180.001;0;-1.76846;
 72.4758;0;-112.867;
 232.245;0;83.1861;
 
19238
FRIGG:
Q 7.98948e-07;1.33238;1.92792;-7.59001e-06;-0.986098;0.00581776;
Torque -0.000163483;3.11091;-2.17632;0.00209032;-0.00871847;-0.00115826;
MotorD 180;0;-0.108988;
 256.34;-3.04395e-05;1555.45;
 200.462;0;-1088.16;
 179.999;0;2.06452;
 123.001;0;-2.58558;
 235.999;0;3.87254;
 
19238
ODIN:
Q -2.66316e-07;1.33238;1.92792;7.78975e-06;-0.986098;0.00581776;
Torque 0.000103249;3.11094;-2.17632;-0.00209987;-0.0087187;-0.00115868;
MotorD 180;0;0.0688324;
 256.34;-2.91788e-05;1555.47;
 200.462;0;-1088.16;
 180.001;0;-2.07394;
 123.001;0;-2.58544;
 235.999;0;3.87286;
 
19238
LOKI:
Q -2.66316e-07;1.33238;1.92792;-7.39027e-06;-0.986098;0.00581781;
Torque 0.000127891;3.11084;-2.17642;0.00205436;-0.00867839;-0.00115234;
MotorD 180;0;0.0852607;
 256.34;-2.94527e-05;1555.42;
 200.462;0;-1088.21;
 179.999;0;2.029;
 123.001;0;-2.57403;
 235.999;0;3.85441;
 
19238
THOR:
Q 0.321739;1.75962;1.95217;6.59132e-06;-1.39426;0.321602;
Torque 0.00279781;1.99658;-2.44786;-0.0017785;-0.261701;0.0259764;
MotorD 198.434;0;1.86521;
 280.819;-0.00559258;998.292;
 201.851;0;-1223.93;
 180.001;0;-1.75654;
 72.4753;0;-111.358;
 232.245;0;82.4949;
 
19278
FRIGG:
Q 7.98948e-07;1.33238;1.92792;-7.59001e-06;-0.986098;0.00581781;
Torque -0.00016302;3.11094;-2.17636;0.00207897;-0.00867917;-0.00115301;
MotorD 180;0;-0.10868;
 256.34;-2.95326e-05;1555.47;
 200.462;0;-1088.18;
 179.999;0;2.0533;
 123.001;0;-2.57395;
 235.999;0;3.85507;
 
19279
ODIN:
Q -2.66316e-07;1.33238;1.92792;7.78975e-06;-0.986098;0.00581776;
Torque 0.000103754;3.11094;-2.17632;-0.00208758;-0.0087188;-0.00115889;
MotorD 180;0;0.0691692;
 256.34;-2.91267e-05;1555.47;
 200.462;0;-1088.16;
 180.001;0;-2.06181;
 123.001;0;-2.58536;
 235.999;0;3.87301;
 
19279
LOKI:
Q -2.66316e-07;1.33238;1.92792;-7.39027e-06;-0.986098;0.00581781;
Torque 0.000128426;3.11084;-2.17642;0.00204139;-0.00867847;-0.00115254;
MotorD 180;0;0.0856173;
 256.34;-2.94497e-05;1555.42;
 200.462;0;-1088.21;
 179.999;0;2.01619;
 123.001;0;-2.57395;
 235.999;0;3.85455;
 
19279
THOR:
Q 0.321739;1.75962;1.95217;6.59132e-06;-1.39426;0.321602;
Torque 0.00278126;1.99671;-2.44793;-0.00177722;-0.261335;0.0259101;
MotorD 198.434;0;1.85417;
 280.819;-0.00557976;998.357;
 201.851;0;-1223.97;
 180.001;0;-1.75528;
 72.4752;0;-111.185;
 232.245;0;82.3961;
 
19317
FRIGG:
Q 7.98948e-07;1.33238;1.92792;-7.59001e-06;-0.986098;0.00581781;
Torque -0.000162843;3.11094;-2.17636;0.0020749;-0.00867946;-0.00115305;
MotorD 180;0;-0.108562;
 256.34;-2.8957e-05;1555.47;
 200.462;0;-1088.18;
 179.999;0;2.04929;
 123.001;0;-2.57403;
 235.999;0;3.8552;
 
19317
ODIN:
Q -2.66316e-07;1.33238;1.92792;7.59001e-06;-0.986098;0.00581781;
Torque 0.000103886;3.11094;-2.17632;-0.00208437;-0.0086791;-0.00115359;
MotorD 180;0;0.0692573;
 256.34;-2.91445e-05;1555.47;
 200.462;0;-1088.16;
 180.001;0;-2.05863;
 123.001;0;-2.5736;
 235.999;0;3.85537;
 
19317
LOKI:
Q -2.66316e-07;1.33238;1.92792;-7.39027e-06;-0.986098;0.00581785;
Torque 0.000128519;3.11084;-2.17642;0.00203908;-0.00863906;-0.00114729;
MotorD 180;0;0.085679;
 256.34;-2.94817e-05;1555.42;
 200.462;0;-1088.21;
 179.999;0;2.01391;
 123.001;0;-2.56227;
 235.999;0;3.83703;
 
19317
THOR:
Q 0.32174;1.75961;1.95217;6.59132e-06;-1.39426;0.321605;
Torque 0.00267826;1.99796;-2.4487;-0.00176398;-0.258076;0.0251112;
MotorD 198.434;0;1.7855;
 280.818;-0.00550496;998.982;
 201.851;0;-1224.35;
 180.001;0;-1.7422;
 72.4746;0;-109.534;
 232.245;0;81.633;
 
19357
FRIGG:
Q 7.98948e-07;1.33238;1.92792;-7.39027e-06;-0.986098;0.00581781;
Torque -0.000162233;3.11094;-2.17636;0.00205961;-0.00867965;-0.00115308;
MotorD 180;0;-0.108156;
 256.34;-2.86302e-05;1555.47;
 200.462;0;-1088.18;
 179.999;0;2.03418;
 123.001;0;-2.57409;
 235.999;0;3.85529;
 
19357
ODIN:
Q -2.66316e-07;1.33238;1.92792;7.59001e-06;-0.986098;0.00581781;
Torque 0.000104505;3.11094;-2.17632;-0.00206898;-0.00867998;-0.00115371;
MotorD 180;0;0.0696701;
 256.34;-2.91478e-05;1555.47;
 200.462;0;-1088.16;
 180.001;0;-2.04344;
 123.001;0;-2.57386;
 235.999;0;3.85576;
 
19357
LOKI:
Q -2.66316e-07;1.33238;1.92792;-7.39027e-06;-0.986098;0.00581785;
Torque 0.000129136;3.11087;-2.17642;0.00202393;-0.00863965;-0.00114736;
MotorD 180;0;0.0860903;
 256.34;-2.94498e-05;1555.44;
 200.462;0;-1088.21;
 179.999;0;1.99894;
 123.001;0;-2.56245;
 235.999;0;3.8373;
 
19357
THOR:
Q 0.32174;1.75961;1.95218;6.39159e-06;-1.39427;0.321608;
Torque 0.00257468;1.99921;-2.44947;-0.00175084;-0.254807;0.0243369;
MotorD 198.434;0;1.71645;
 280.818;-0.0054311;999.606;
 201.851;0;-1224.73;
 180;0;-1.72922;
 72.4741;0;-107.893;
 232.246;0;80.8523;
 
19392
FRIGG:
Q 7.98948e-07;1.33238;1.92792;-7.39027e-06;-0.986098;0.00581785;
Torque -0.000161645;3.11094;-2.17636;0.00204442;-0.00864078;-0.00114809;
MotorD 180;0;-0.107764;
 256.34;-2.86658e-05;1555.47;
 200.462;0;-1088.18;
 179.999;0;2.01918;
 123.001;0;-2.56246;
 235.999;0;3.83811;
 
19392
ODIN:
Q -2.66316e-07;1.33238;1.92792;7.59001e-06;-0.986098;0.00581785;
Torque 0.000105098;3.11094;-2.17632;-0.00205372;-0.00864003;-0.00114858;
MotorD 180;0;0.0700651;
 256.34;-2.9136e-05;1555.47;
 200.462;0;-1088.16;
 180.001;0;-2.02836;
 123.001;0;-2.56191;
 235.999;0;3.83811;
 
19392
LOKI:
Q -2.66316e-07;1.33238;1.92792;-7.19053e-06;-0.986098;0.00581776;
Torque 0.000129721;3.11087;-2.17642;0.00200889;-0.00860008;-0.00114228;
MotorD 180;0;0.0864807;
 256.34;-2.77091e-05;1555.44;
 200.462;0;-1088.21;
 179.999;0;1.98409;
 123.001;0;-2.55061;
 235.999;0;3.81981;
 
19392
THOR:
Q 0.32174;1.7596;1.95218;6.39159e-06;-1.39427;0.321611;
Torque 0.00247871;2.00046;-2.45021;-0.00173778;-0.251602;0.0235893;
MotorD 198.434;0;1.65247;
 280.818;-0.00536034;1000.23;
 201.852;0;-1225.1;
 180;0;-1.71633;
 72.4735;0;-106.291;
 232.246;0;80.0807;
 
19433
FRIGG:
Q 7.98948e-07;1.33238;1.92792;-7.39027e-06;-0.986098;0.00581785;
Torque -0.00016106;3.11094;-2.17636;0.00202934;-0.00864089;-0.0011481;
MotorD 180;0;-0.107373;
 256.34;-2.86649e-05;1555.47;
 200.462;0;-1088.18;
 179.999;0;2.00429;
 123.001;0;-2.56249;
 235.999;0;3.83816;
 
19433
ODIN:
Q -2.66316e-07;1.33238;1.92792;7.59001e-06;-0.986098;0.00581785;
Torque 0.000105681;3.11097;-2.17632;-0.00203855;-0.00864115;-0.00114872;
MotorD 180;0;0.070454;
 256.34;-2.7525e-05;1555.48;
 200.462;0;-1088.16;
 180.001;0;-2.01339;
 123.001;0;-2.56225;
 235.999;0;3.83861;
 
19433
LOKI:
Q -2.66316e-07;1.33238;1.92792;-7.19053e-06;-0.986098;0.00581776;
Torque 0.000130297;3.11087;-2.17642;0.00199395;-0.0086009;-0.00114239;
MotorD 180;0;0.0868649;
 256.34;-2.7646e-05;1555.44;
 200.462;0;-1088.21;
 179.999;0;1.96934;
 123.001;0;-2.55086;
 235.999;0;3.82018;
 
19433
THOR:
Q 0.321741;1.7596;1.95218;6.39159e-06;-1.39428;0.321614;
Torque 0.00238288;2.00168;-2.45094;-0.00172484;-0.248475;0.022846;
MotorD 198.434;0;1.58858;
 280.818;-0.00528788;1000.84;
 201.852;0;-1225.47;
 180;0;-1.70354;
 72.473;0;-104.72;
 232.246;0;79.3356;
 
19472
FRIGG:
Q 7.98948e-07;1.33238;1.92792;-7.39027e-06;-0.986098;0.00581776;
Torque -0.000160518;3.11094;-2.17636;0.00201438;-0.00860205;-0.00114312;
MotorD 180;0;-0.107012;
 256.34;-2.85125e-05;1555.47;
 200.462;0;-1088.18;
 179.999;0;1.98951;
 123.001;0;-2.55088;
 235.999;0;3.82101;
 
19472
ODIN:
Q -2.66316e-07;1.33238;1.92792;7.39027e-06;-0.986098;0.00581785;
Torque 0.00010623;3.11097;-2.17632;-0.00202351;-0.00864123;-0.00114873;
MotorD 180;0;0.0708197;
 256.34;-2.734e-05;1555.48;
 200.462;0;-1088.16;
 180.001;0;-1.99853;
 123.001;0;-2.56227;
 235.999;0;3.83864;
 
19472
LOKI:
Q -2.66316e-07;1.33238;1.92792;-7.19053e-06;-0.986098;0.00581776;
Torque 0.000130848;3.11087;-2.17642;0.00197914;-0.00856095;-0.00113725;
MotorD 180;0;0.087232;
 256.34;-2.7636e-05;1555.44;
 200.462;0;-1088.21;
 179.999;0;1.95471;
 123.001;0;-2.53892;
 235.999;0;3.80253;
 
19472
THOR:
Q 0.321741;1.7596;1.95218;6.39159e-06;-1.39428;0.321614;
Torque 0.00238288;2.00168;-2.45094;-0.00172484;-0.248475;0.022846;
MotorD 198.434;0;1.58858;
 280.818;-0.00528788;1000.84;
 201.852;0;-1225.47;
 180;0;-1.70354;
 72.473;0;-104.72;
 232.246;0;79.3356;
 
19513
FRIGG:
Q 7.98948e-07;1.33238;1.92792;-7.39027e-06;-0.986098;0.00581776;
Torque -0.000160518;3.11094;-2.17636;0.00201438;-0.00860205;-0.00114312;
MotorD 180;0;-0.107012;
 256.34;-2.85125e-05;1555.47;
 200.462;0;-1088.18;
 179.999;0;1.98951;
 123.001;0;-2.55088;
 235.999;0;3.82101;
 
19513
ODIN:
Q -2.66316e-07;1.33238;1.92792;7.39027e-06;-0.986098;0.00581785;
Torque 0.00010623;3.11097;-2.17632;-0.00202351;-0.00864123;-0.00114873;
MotorD 180;0;0.0708197;
 256.34;-2.734e-05;1555.48;
 200.462;0;-1088.16;
 180.001;0;-1.99853;
 123.001;0;-2.56227;
 235.999;0;3.83864;
 
19513
LOKI:
Q -2.66316e-07;1.33238;1.92792;-7.19053e-06;-0.986098;0.00581776;
Torque 0.000130848;3.11087;-2.17642;0.00197914;-0.00856095;-0.00113725;
MotorD 180;0;0.087232;
 256.34;-2.7636e-05;1555.44;
 200.462;0;-1088.21;
 179.999;0;1.95471;
 123.001;0;-2.53892;
 235.999;0;3.80253;
 
19513
THOR:
Q 0.321741;1.75959;1.95218;6.39159e-06;-1.39429;0.321617;
Torque 0.00229446;2.00287;-2.45165;-0.00171197;-0.245336;0.0221265;
MotorD 198.434;0;1.52964;
 280.817;-0.0052183;1001.43;
 201.852;0;-1225.83;
 180;0;-1.69084;
 72.4724;0;-103.158;
 232.246;0;78.5727;
 
19549
FRIGG:
Q 7.98948e-07;1.33238;1.92792;-7.19053e-06;-0.986098;0.00581776;
Torque -0.000159999;3.11097;-2.17636;0.00199952;-0.00860213;-0.00114313;
MotorD 180;0;-0.106666;
 256.34;-2.68969e-05;1555.48;
 200.462;0;-1088.18;
 179.999;0;1.97483;
 123.001;0;-2.55091;
 235.999;0;3.82105;
 
19549
ODIN:
Q -2.66316e-07;1.33238;1.92792;7.39027e-06;-0.986098;0.00581776;
Torque 0.000106749;3.11097;-2.17632;-0.00200859;-0.00860248;-0.00114376;
MotorD 180;0;0.0711663;
 256.34;-2.73467e-05;1555.48;
 200.462;0;-1088.16;
 180.001;0;-1.98379;
 123.001;0;-2.55068;
 235.999;0;3.82152;
 
19549
LOKI:
Q -2.66316e-07;1.33238;1.92792;-7.19053e-06;-0.986098;0.00581776;
Torque 0.000131363;3.11087;-2.17642;0.00196443;-0.00856215;-0.00113741;
MotorD 180;0;0.0875753;
 256.34;-2.76538e-05;1555.44;
 200.462;0;-1088.21;
 179.999;0;1.94018;
 123.001;0;-2.53927;
 235.999;0;3.80306;
 
19549
THOR:
Q 0.318958;1.7584;1.95847;6.19185e-06;-1.38413;0.31303;
Torque -5.7625;-6.30116;4.27201;-0.00365887;3.87111;-4.1293;
MotorD 198.275;0;-3841.67;
 280.749;0;-3150.58;
 202.212;11.1841;2136.01;
 180;0;-3.61369;
 73.7921;19.3263;3727.8;
 232.402;0;860.311;
 
19596
FRIGG:
Q -4.02137e-05;1.33238;1.92792;-1.17845e-05;-0.986099;0.00582132;
Torque 0.023364;3.11264;-2.17801;0.00521481;-0.0082065;-0.00455935;
MotorD 179.998;0;15.576;
 256.34;-0.00229196;1556.32;
 200.462;0;-1089;
 179.999;0;5.15043;
 123;0;-0.506473;
 235.999;0;5.57242;
 
19596
ODIN:
Q -3.83495e-05;1.33239;1.92791;4.79369e-06;-0.986095;0.00582145;
Torque 0.0210115;3.10359;-2.16864;-0.000243964;-0.0163522;-0.00564822;
MotorD 179.998;0;14.0077;
 256.34;0.00952578;1551.79;
 200.461;0;-1084.32;
 180;0;-0.240952;
 123.001;0;-2.91846;
 235.999;0;9.19426;
 
19596
LOKI:
Q -3.46211e-05;1.33238;1.92792;-6.79106e-06;-0.986098;0.00582167;
Torque 0.0173468;3.10923;-2.17473;0.00152907;-0.0110965;-0.00498744;
MotorD 179.998;0;11.5645;
 256.34;0.00224333;1554.62;
 200.462;0;-1087.37;
 179.999;0;1.51019;
 123;0;-1.33903;
 235.999;0;6.88063;
 
19596
THOR:
Q 0.312685;1.75332;1.96978;1.2184e-05;-1.36347;0.295673;
Torque -4.96663;-5.15132;3.49411;-0.00828852;-0.107755;-2.22739;
MotorD 197.916;0;-3311.09;
 280.458;0;-2575.66;
 202.86;14.1555;1747.05;
 180.001;0;-8.1862;
 76.4678;26.6053;1197.53;
 232.71;0;1277.35;
 
19632
FRIGG:
Q -4.47411e-05;1.33238;1.92793;-1.25834e-05;-0.986099;0.00582211;
Torque 0.00912436;3.11151;-2.17697;0.00291075;-0.00856148;-0.00299674;
MotorD 179.997;0;6.08291;
 256.34;0.000295347;1555.75;
 200.462;0;-1088.49;
 179.999;0;2.87482;
 123;0;-1.50606;
 235.999;0;4.83578;
 
19632
ODIN:
Q -4.15453e-05;1.33239;1.92791;4.19448e-06;-0.986094;0.00582203;
Torque 0.00855213;3.10919;-2.17415;-0.00119974;-0.011129;-0.00318483;
MotorD 179.998;0;5.70142;
 256.34;-0.00258738;1554.59;
 200.461;0;-1087.07;
 180;0;-1.18493;
 123.001;0;-2.35252;
 235.999;0;5.89122;
 
19632
LOKI:
Q -3.59527e-05;1.33238;1.92792;-6.79106e-06;-0.986097;0.00582211;
Torque 0.00722025;3.11036;-2.1758;0.00239285;-0.00957238;-0.00276733;
MotorD 179.998;0;4.8135;
 256.34;-0.000347814;1555.18;
 200.462;0;-1087.9;
 179.999;0;2.36331;
 123;0;-2.00792;
 235.999;0;5.08273;
 
19632
THOR:
Q 0.304255;1.745;1.98288;2.15716e-05;-1.3388;0.275249;
Torque -4.42412;-4.34069;3.08988;-0.0126257;-1.64032;-1.60636;
MotorD 197.433;0;-2949.41;
 279.981;0;-2170.35;
 203.611;15.6995;1544.94;
 180.002;0;-12.4698;
 79.6364;29.3554;284.896;
 233.052;0;1499.95;
 
19673
FRIGG:
Q -3.59527e-05;1.33238;1.92792;-1.05861e-05;-0.986099;0.00582176;
Torque 0.00322364;3.11028;-2.17567;0.00156136;-0.00949159;-0.00256798;
MotorD 179.998;0;2.14909;
 256.34;0.00201958;1555.14;
 200.462;0;-1087.84;
 179.999;0;1.54208;
 123;0;-2.08874;
 235.999;0;4.94206;
 
19673
ODIN:
Q -3.46211e-05;1.33239;1.92792;4.59395e-06;-0.986096;0.00582167;
Torque 0.00449618;3.11402;-2.17925;-0.00162944;-0.00647529;-0.00204128;
MotorD 179.998;0;2.99745;
 256.34;-0.0088692;1557.01;
 200.461;0;-1089.63;
 180;0;-1.60932;
 123.001;0;-1.26421;
 235.999;0;3.5323;
 
19673
LOKI:
Q -3.1159e-05;1.33238;1.92792;-8.18922e-06;-0.986098;0.00582149;
Torque 0.00593187;3.11159;-2.17707;0.00330973;-0.00827521;-0.00209803;
MotorD 179.998;0;3.95458;
 256.34;-0.00207288;1555.79;
 200.462;0;-1088.54;
 179.999;0;3.26887;
 123;0;-1.89932;
 235.999;0;4.23047;
 
19673
THOR:
Q 0.304255;1.745;1.98288;2.15716e-05;-1.3388;0.275249;
Torque -4.42412;-4.34069;3.08988;-0.0126257;-1.64032;-1.60636;
MotorD 197.433;0;-2949.41;
 279.981;0;-2170.35;
 203.611;15.6995;1544.94;
 180.002;0;-12.4698;
 79.6364;29.3554;284.896;
 233.052;0;1499.95;
 
19711
FRIGG:
Q -3.59527e-05;1.33238;1.92792;-1.05861e-05;-0.986099;0.00582176;
Torque 0.00322364;3.11028;-2.17567;0.00156136;-0.00949159;-0.00256798;
MotorD 179.998;0;2.14909;
 256.34;0.00201958;1555.14;
 200.462;0;-1087.84;
 179.999;0;1.54208;
 123;0;-2.08874;
 235.999;0;4.94206;
 
19711
ODIN:
Q -3.46211e-05;1.33239;1.92792;4.59395e-06;-0.986096;0.00582167;
Torque 0.00449618;3.11402;-2.17925;-0.00162944;-0.00647529;-0.00204128;
MotorD 179.998;0;2.99745;
 256.34;-0.0088692;1557.01;
 200.461;0;-1089.63;
 180;0;-1.60932;
 123.001;0;-1.26421;
 235.999;0;3.5323;
 
19711
LOKI:
Q -3.1159e-05;1.33238;1.92792;-8.18922e-06;-0.986098;0.00582149;
Torque 0.00593187;3.11159;-2.17707;0.00330973;-0.00827521;-0.00209803;
MotorD 179.998;0;3.95458;
 256.34;-0.00207288;1555.79;
 200.462;0;-1088.54;
 179.999;0;3.26887;
 123;0;-1.89932;
 235.999;0;4.23047;
 
19711
THOR:
Q 0.294246;1.73441;1.99715;3.33561e-05;-1.31269;0.253829;
Torque -4.00222;-3.75447;2.7696;-0.017066;-2.15241;-1.42817;
MotorD 196.859;0;-2668.14;
 279.374;0;-1877.24;
 204.428;16.9229;1384.8;
 180.003;0;-16.8553;
 82.9735;30.2603;-3.76001;
 233.397;0;1590.61;
 
19749
FRIGG:
Q -2.50337e-05;1.33238;1.92792;-8.38896e-06;-0.986098;0.00582132;
Torque 0.000531536;3.10986;-2.17517;0.0011862;-0.00983297;-0.00229259;
MotorD 179.999;0;0.354357;
 256.34;0.00190617;1554.93;
 200.462;0;-1087.59;
 179.999;0;1.17155;
 123;0;-2.36818;
 235.999;0;4.9155;
 
19749
ODIN:
Q -2.66316e-05;1.33238;1.92792;5.19316e-06;-0.986099;0.00582114;
Torque 0.00253419;3.11556;-2.18097;-0.00177283;-0.00480547;-0.00157023;
MotorD 179.998;0;1.68946;
 256.34;-0.00781035;1557.78;
 200.462;0;-1090.49;
 180;0;-1.75095;
 123;0;-0.907455;
 235.999;0;2.65216;
 
19749
LOKI:
Q -2.74306e-05;1.33238;1.92792;-9.78712e-06;-0.986099;0.00582096;
Torque 0.00512187;3.11204;-2.17757;0.00348277;-0.00775022;-0.0018841;
MotorD 179.998;0;3.41458;
 256.34;-0.00195701;1556.02;
 200.462;0;-1088.78;
 179.999;0;3.43978;
 123;0;-1.82373;
 235.999;0;3.91718;
 
19749
THOR:
Q 0.282965;1.7221;2.01241;4.67385e-05;-1.28621;0.232165;
Torque -3.65237;-3.28958;2.48615;-0.0217955;-2.19606;-1.40288;
MotorD 196.213;0;-2434.92;
 278.669;0;-1644.79;
 205.303;18.0056;1243.07;
 180.004;0;-21.5264;
 86.3525;30.3422;-33.9767;
 233.741;0;1592.74;
 
19783
FRIGG:
Q -1.5979e-05;1.33238;1.92792;-7.19053e-06;-0.986098;0.00582078;
Torque -0.000196247;3.11011;-2.17543;0.00147095;-0.00955322;-0.00204343;
MotorD 179.999;0;-0.130832;
 256.34;0.000807824;1555.06;
 200.462;0;-1087.72;
 179.999;0;1.45279;
 123.001;0;-2.40299;
 235.999;0;4.67346;
 
19783
ODIN:
Q -1.94411e-05;1.33237;1.92793;5.59264e-06;-0.986101;0.00582069;
Torque 0.00151854;3.11442;-2.1799;-0.00174782;-0.00562027;-0.00152509;
MotorD 179.999;0;1.01236;
 256.339;-0.00317329;1557.21;
 200.462;0;-1089.95;
 180;0;-1.72624;
 123;0;-1.23431;
 235.999;0;2.92886;
 
19783
LOKI:
Q -2.34358e-05;1.33238;1.92792;-1.03863e-05;-0.986099;0.00582052;
Torque 0.00371782;3.11179;-2.17734;0.00306774;-0.00790494;-0.00183899;
MotorD 179.999;0;2.47854;
 256.34;-0.000858616;1555.9;
 200.462;0;-1088.67;
 179.999;0;3.02987;
 123;0;-1.9061;
 235.999;0;3.94942;
 
19783
THOR:
Q 0.270607;1.70836;2.02858;6.17188e-05;-1.25983;0.210527;
Torque -3.3514;-2.89171;2.22449;-0.026852;-2.04228;-1.42218;
MotorD 195.505;0;-2234.26;
 277.882;0;-1445.85;
 206.229;19.005;1112.25;
 180.005;0;-26.5205;
 89.7235;30.0869;33.7013;
 234.09;0;1546.5;
 
19826
FRIGG:
Q -9.8537e-06;1.33238;1.92792;-6.79106e-06;-0.986098;0.00582025;
Torque -0.000208993;3.11061;-2.17592;0.00195342;-0.00903933;-0.00182883;
MotorD 179.999;0;-0.139328;
 256.34;-0.000256258;1555.3;
 200.462;0;-1087.96;
 179.999;0;1.92931;
 123.001;0;-2.33188;
 235.999;0;4.36392;
 
19827
ODIN:
Q -1.38484e-05;1.33237;1.92793;5.79238e-06;-0.986101;0.00582025;
Torque 0.000761331;3.11232;-2.17768;-0.00167593;-0.00747651;-0.00164814;
MotorD 179.999;0;0.507554;
 256.339;0.00120168;1556.16;
 200.462;0;-1088.84;
 180;0;-1.65524;
 123;0;-1.85344;
 235.999;0;3.68471;
 
19827
LOKI:
Q -1.83758e-05;1.33238;1.92792;-1.01866e-05;-0.986099;0.00582012;
Torque 0.00186976;3.1113;-2.17682;0.0024699;-0.0083057;-0.00179947;
MotorD 179.999;0;1.2465;
 256.34;0.000205761;1555.65;
 200.462;0;-1088.41;
 179.999;0;2.43941;
 123;0;-2.07648;
 235.999;0;4.07589;
 
19827
THOR:
Q 0.261122;1.69708;2.04144;7.41025e-05;-1.23998;0.194155;
Torque -3.14638;-2.59893;2.02237;-0.031265;-1.85037;-1.44625;
MotorD 194.961;0;-2097.59;
 277.235;0;-1299.47;
 206.966;19.7182;1011.18;
 180.006;0;-30.879;
 92.2682;29.7946;118.149;
 234.359;0;1488.79;
 
19869
FRIGG:
Q -6.6579e-06;1.33238;1.92792;-6.9908e-06;-0.986098;0.00581998;
Torque -0.000201085;3.11095;-2.17628;0.00224894;-0.00868769;-0.00170041;
MotorD 180;0;-0.134057;
 256.34;-0.000693207;1555.48;
 200.462;0;-1088.14;
 179.999;0;2.22118;
 123.001;0;-2.27299;
 235.999;0;4.16234;
 
19869
ODIN:
Q -1.012e-05;1.33238;1.92793;5.79238e-06;-0.9861;0.00581989;
Torque 0.000174935;3.11082;-2.17614;-0.00163525;-0.00881642;-0.00173415;
MotorD 179.999;0;0.116623;
 256.34;0.00306176;1555.41;
 200.462;0;-1088.07;
 180;0;-1.61506;
 123;0;-2.30193;
 235.999;0;4.22876;
 
19869
LOKI:
Q -1.46474e-05;1.33238;1.92792;-9.58738e-06;-0.986099;0.00581989;
Torque 0.000566977;3.111;-2.17652;0.00209394;-0.00854081;-0.00173085;
MotorD 179.999;0;0.377984;
 256.34;0.000613685;1555.5;
 200.462;0;-1088.26;
 179.999;0;2.06809;
 123.001;0;-2.20168;
 235.999;0;4.12484;
 
19869
THOR:
Q 0.257313;1.69338;2.0456;7.80972e-05;-1.23375;0.189;
Torque -3.0884;-2.54072;1.98094;-0.0322342;-1.80489;-1.45097;
MotorD 194.743;0;-2058.93;
 277.023;0;-1270.36;
 207.204;19.9354;990.468;
 180.006;0;-31.8363;
 93.068;29.6933;137.614;
 234.445;0;1474.57;
 
19905
FRIGG:
Q -5.85895e-06;1.33238;1.92792;-7.19053e-06;-0.986098;0.00581985;
Torque -0.000239039;3.11099;-2.17636;0.00229061;-0.00863644;-0.00167734;
MotorD 180;0;-0.159359;
 256.34;-0.000750296;1555.5;
 200.462;0;-1088.18;
 179.999;0;2.26233;
 123.001;0;-2.26683;
 235.999;0;4.13053;
 
19905
ODIN:
Q -9.32106e-06;1.33238;1.92793;5.99211e-06;-0.9861;0.00581989;
Torque 7.05374e-05;3.11066;-2.17592;-0.00163181;-0.00897433;-0.00173974;
MotorD 179.999;0;0.047025;
 256.34;0.00326199;1555.33;
 200.462;0;-1087.96;
 180;0;-1.61166;
 123;0;-2.35731;
 235.999;0;4.29035;
 
19905
LOKI:
Q -1.30495e-05;1.33238;1.92792;-9.38764e-06;-0.986099;0.00581981;
Torque 0.000210177;3.11091;-2.17641;0.00202329;-0.00859987;-0.00171475;
MotorD 179.999;0;0.140118;
 256.34;0.000700878;1555.45;
 200.462;0;-1088.21;
 179.999;0;1.99831;
 123.001;0;-2.2325;
 235.999;0;4.13777;
 
19905
THOR:
Q 0.2432;1.67729;2.06339;9.58738e-05;-1.20803;0.167604;
Torque -2.85803;-2.22685;1.7568;-0.0379024;-1.53841;-1.47898;
MotorD 193.934;0;-1905.35;
 276.102;0;-1113.43;
 208.223;20.7915;878.401;
 180.007;0;-37.4344;
 96.3802;29.2535;251.874;
 234.811;0;1391.44;
 
19947
FRIGG:
Q -3.19579e-06;1.33238;1.92792;-7.59001e-06;-0.986098;0.00581954;
Torque -0.000553901;3.11116;-2.17651;0.00237128;-0.00846688;-0.00158877;
MotorD 180;0;-0.369267;
 256.34;-0.00069683;1555.58;
 200.462;0;-1088.25;
 179.999;0;2.34201;
 123.001;0;-2.25323;
 235.999;0;4.01853;
 
19947
ODIN:
Q -5.59264e-06;1.33238;1.92792;5.99211e-06;-0.986099;0.00581958;
Torque -0.00055135;3.11002;-2.17517;-0.00163087;-0.00957597;-0.00173132;
MotorD 180;0;-0.367567;
 256.34;0.00301519;1555.01;
 200.462;0;-1087.59;
 180;0;-1.61074;
 123.001;0;-2.58481;
 235.999;0;4.5085;
 
19947
LOKI:
Q -7.72317e-06;1.33238;1.92792;-8.38896e-06;-0.986099;0.00581954;
Torque -0.000855557;3.11078;-2.17624;0.00184509;-0.00871128;-0.00160703;
MotorD 180;0;-0.570371;
 256.34;0.000647039;1555.39;
 200.462;0;-1088.12;
 179.999;0;1.82231;
 123.001;0;-2.33361;
 235.999;0;4.11919;
 
19947
THOR:
Q 0.228368;1.66022;2.08189;0.000114649;-1.18271;0.146339;
Torque -2.65528;-1.94279;1.55369;-0.0437835;-1.2679;-1.50338;
MotorD 193.085;0;-1770.19;
 275.123;0;-971.396;
 209.283;21.5673;776.844;
 180.009;0;-43.243;
 99.6589;28.809;365.622;
 235.187;0;1304.8;
 
19984
FRIGG:
Q -7.98948e-07;1.33238;1.92792;-7.78975e-06;-0.986098;0.00581927;
Torque -0.00120401;3.11111;-2.17646;0.00224021;-0.00847872;-0.00153195;
MotorD 180;0;-0.80267;
 256.34;-0.000366734;1555.56;
 200.462;0;-1088.23;
 179.999;0;2.21255;
 123.001;0;-2.28918;
 235.999;0;3.99135;
 
19985
ODIN:
Q -2.39684e-06;1.33238;1.92792;5.99211e-06;-0.986098;0.00581927;
Torque -0.00115555;3.11026;-2.1754;-0.00166265;-0.00934992;-0.00162181;
MotorD 180;0;-0.770364;
 256.34;0.00150966;1555.13;
 200.462;0;-1087.7;
 180;0;-1.64213;
 123.001;0;-2.56193;
 235.999;0;4.36394;
 
19985
LOKI:
Q -3.19579e-06;1.33238;1.92792;-7.78975e-06;-0.986099;0.00581927;
Torque -0.0014026;3.11085;-2.17628;0.00188612;-0.00860813;-0.0014841;
MotorD 180;0;-0.935067;
 256.34;0.000318409;1555.43;
 200.462;0;-1088.14;
 179.999;0;1.86283;
 123.001;0;-2.3637;
 235.999;0;4.0127;
 
19985
THOR:
Q 0.228368;1.66022;2.08189;0.000114649;-1.18271;0.146339;
Torque -2.65528;-1.94279;1.55369;-0.0437835;-1.2679;-1.50338;
MotorD 193.085;0;-1770.19;
 275.123;0;-971.396;
 209.283;21.5673;776.844;
 180.009;0;-43.243;
 99.6589;28.809;365.622;
 235.187;0;1304.8;
 
20024
FRIGG:
Q 1.5979e-06;1.33238;1.92792;-7.78975e-06;-0.986098;0.0058191;
Torque -0.00195791;3.11098;-2.17635;0.00203129;-0.00853103;-0.00148071;
MotorD 180;0;-1.30527;
 256.34;-5.5252e-05;1555.49;
 200.462;0;-1088.18;
 179.999;0;2.00621;
 123.001;0;-2.33703;
 235.999;0;3.98225;
 
20024
ODIN:
Q -2.39684e-06;1.33238;1.92792;5.99211e-06;-0.986098;0.00581927;
Torque -0.00115555;3.11026;-2.1754;-0.00166265;-0.00934992;-0.00162181;
MotorD 180;0;-0.770364;
 256.34;0.00150966;1555.13;
 200.462;0;-1087.7;
 180;0;-1.64213;
 123.001;0;-2.56193;
 235.999;0;4.36394;
 
20024
LOKI:
Q -3.19579e-06;1.33238;1.92792;-7.78975e-06;-0.986099;0.00581927;
Torque -0.0014026;3.11085;-2.17628;0.00188612;-0.00860813;-0.0014841;
MotorD 180;0;-0.935067;
 256.34;0.000318409;1555.43;
 200.462;0;-1088.14;
 179.999;0;1.86283;
 123.001;0;-2.3637;
 235.999;0;4.0127;
 
20024
THOR:
Q 0.212902;1.64224;2.10103;0.000134423;-1.15776;0.125193;
Torque -2.47625;-1.68251;1.37154;-0.0498256;-1.00765;-1.52296;
MotorD 192.198;0;-1650.84;
 274.093;0;-841.255;
 210.38;22.2631;685.769;
 180.01;0;-49.2104;
 102.905;28.3832;472.887;
 235.575;0;1219.3;
 
20066
FRIGG:
Q 1.5979e-06;1.33238;1.92792;-7.78975e-06;-0.986098;0.0058191;
Torque -0.00195791;3.11098;-2.17635;0.00203129;-0.00853103;-0.00148071;
MotorD 180;0;-1.30527;
 256.34;-5.5252e-05;1555.49;
 200.462;0;-1088.18;
 179.999;0;2.00621;
 123.001;0;-2.33703;
 235.999;0;3.98225;
 
20066
ODIN:
Q 5.32632e-07;1.33238;1.92792;5.99211e-06;-0.986098;0.0058191;
Torque -0.00167303;3.11091;-2.17605;-0.00169897;-0.00875376;-0.00147386;
MotorD 180;0;-1.11535;
 256.34;-3.27801e-05;1555.45;
 200.462;0;-1088.03;
 180;0;-1.678;
 123.001;0;-2.42332;
 235.999;0;4.06095;
 
20066
LOKI:
Q 0;1.33238;1.92792;-7.39027e-06;-0.986099;0.00581901;
Torque -0.0016112;3.11098;-2.17643;0.00201534;-0.00847284;-0.00138414;
MotorD 180;0;-1.07413;
 256.34;7.4706e-06;1555.49;
 200.462;0;-1088.21;
 179.999;0;1.99046;
 123.001;0;-2.36912;
 235.999;0;3.90705;
 
20066
THOR:
Q 0.196878;1.62342;2.12075;0.000154796;-1.13318;0.104157;
Torque -2.31893;-1.44237;1.20969;-0.0559312;-0.760488;-1.54028;
MotorD 191.28;0;-1545.95;
 273.015;0;-721.187;
 211.51;22.8813;604.846;
 180.012;0;-55.2407;
 106.122;27.9794;574.047;
 235.975;0;1137.37;
 
20103
FRIGG:
Q 4.26106e-06;1.33238;1.92792;-7.39027e-06;-0.986098;0.00581892;
Torque -0.00265797;3.11091;-2.17623;0.00185253;-0.00858593;-0.00142136;
MotorD 180;0;-1.77198;
 256.34;9.193e-05;1555.45;
 200.462;0;-1088.12;
 179.999;0;1.82966;
 123.001;0;-2.39033;
 235.999;0;3.96962;
 
20103
ODIN:
Q 2.92948e-06;1.33238;1.92792;5.99211e-06;-0.986098;0.00581883;
Torque -0.00212507;3.11149;-2.17664;-0.00172457;-0.00821795;-0.00133637;
MotorD 180;0;-1.41672;
 256.34;-0.000901114;1555.75;
 200.462;0;-1088.32;
 180;0;-1.70328;
 123.001;0;-2.30126;
 235.999;0;3.78611;
 
20103
LOKI:
Q 2.13053e-06;1.33238;1.92792;-7.39027e-06;-0.986099;0.00581874;
Torque -0.00175817;3.11106;-2.17651;0.0021174;-0.00833863;-0.00130251;
MotorD 180;0;-1.17211;
 256.34;-0.000138844;1555.53;
 200.462;0;-1088.26;
 179.999;0;2.09126;
 123.001;0;-2.36476;
 235.999;0;3.812;
 
20103
THOR:
Q 0.180363;1.60384;2.14097;0.000175968;-1.10894;0.083221;
Torque -2.18004;-1.21758;1.06679;-0.0620928;-0.529093;-1.55455;
MotorD 190.334;0;-1453.36;
 271.893;0;-608.792;
 212.668;23.4271;533.394;
 180.013;0;-61.3262;
 109.31;27.6023;667.679;
 236.385;0;1059.6;
 
20144
FRIGG:
Q 6.6579e-06;1.33238;1.92792;-6.9908e-06;-0.986098;0.00581874;
Torque -0.00311148;3.11088;-2.17624;0.00176513;-0.00856403;-0.00135877;
MotorD 180;0;-2.07432;
 256.34;7.25218e-05;1555.44;
 200.462;0;-1088.12;
 179.999;0;1.74334;
 123.001;0;-2.41699;
 235.999;0;3.92674;
 
20144
ODIN:
Q 5.06001e-06;1.33238;1.92792;6.19185e-06;-0.986099;0.0058187;
Torque -0.00243942;3.11175;-2.17692;-0.00173019;-0.00791008;-0.00124262;
MotorD 180;0;-1.62628;
 256.34;-0.000956031;1555.87;
 200.462;0;-1088.46;
 180;0;-1.70883;
 123.001;0;-2.23931;
 235.999;0;3.62001;
 
20144
LOKI:
Q 3.99474e-06;1.33238;1.92792;-7.59001e-06;-0.986099;0.00581856;
Torque -0.00192678;3.11108;-2.17654;0.00213877;-0.00828948;-0.00125334;
MotorD 180;0;-1.28452;
 256.34;-0.000119614;1555.54;
 200.462;0;-1088.27;
 179.999;0;2.11236;
 123.001;0;-2.37388;
 235.999;0;3.76648;
 
20144
THOR:
Q 0.163414;1.58353;2.16163;0.00019734;-1.08501;0.0623745;
Torque -2.0579;-1.00783;0.940028;-0.0682201;-0.313563;-1.56682;
MotorD 189.363;0;-1371.93;
 270.729;0;-503.913;
 213.853;23.9113;470.014;
 180.015;0;-67.3779;
 112.473;27.2516;754.323;
 236.806;0;986.592;
 
20176
FRIGG:
Q 8.78843e-06;1.33238;1.92792;-6.79106e-06;-0.986098;0.00581856;
Torque -0.00339194;3.11093;-2.17626;0.00175155;-0.00850422;-0.00129377;
MotorD 180.001;0;-2.26129;
 256.34;-2.10315e-05;1555.47;
 200.462;0;-1088.13;
 179.999;0;1.72993;
 123.001;0;-2.43095;
 235.999;0;3.86847;
 
20176
ODIN:
Q 6.6579e-06;1.33238;1.92792;6.19185e-06;-0.986099;0.00581852;
Torque -0.00270479;3.11172;-2.17689;-0.00172588;-0.00792061;-0.00119441;
MotorD 180;0;-1.80319;
 256.34;-0.000534341;1555.86;
 200.462;0;-1088.45;
 180;0;-1.70457;
 123.001;0;-2.27;
 235.999;0;3.59712;
 
20176
LOKI:
Q 5.32632e-06;1.33238;1.92792;-7.59001e-06;-0.986099;0.00581839;
Torque -0.00220973;3.11106;-2.17649;0.00208799;-0.00831947;-0.00121716;
MotorD 180;0;-1.47315;
 256.34;-2.42328e-05;1555.53;
 200.462;0;-1088.24;
 179.999;0;2.06222;
 123.001;0;-2.40508;
 235.999;0;3.75748;
 
20176
THOR:
Q 0.146103;1.56254;2.1827;0.0002281;-1.06138;0.0417467;
Torque -1.98919;-0.812103;0.828297;-0.116151;0.684027;1.07221;
MotorD 188.371;0;-1326.12;
 269.527;0;-406.052;
 215.059;24.3381;414.148;
 180.017;0;-114.717;
 115.6;26.9222;-342.332;
 237.225;0;-849.018;
 
20215
FRIGG:
Q 1.012e-05;1.33238;1.92792;-6.59132e-06;-0.986098;0.00581843;
Torque -0.00328438;3.1113;-2.1766;0.00175569;-0.00819142;-0.00121349;
MotorD 180.001;0;-2.18959;
 256.34;-0.000660538;1555.65;
 200.462;0;-1088.3;
 179.999;0;1.73402;
 123.001;0;-2.3597;
 235.999;0;3.70802;
 
20215
ODIN:
Q 7.98948e-06;1.33238;1.92792;6.19185e-06;-0.986099;0.0058183;
Torque -0.00254347;3.11156;-2.17672;-0.00161334;-0.00802908;-0.00115133;
MotorD 180;0;-1.69565;
 256.34;-0.000111112;1555.78;
 200.462;0;-1088.36;
 180;0;-1.59342;
 123.001;0;-2.33411;
 235.999;0;3.61336;
 
20215
LOKI:
Q 6.6579e-06;1.33238;1.92792;-7.39027e-06;-0.986099;0.00581821;
Torque -0.00224194;3.1107;-2.17618;0.0020266;-0.00856867;-0.00121205;
MotorD 180;0;-1.49463;
 256.34;0.00061371;1555.35;
 200.462;0;-1088.09;
 179.999;0;2.00158;
 123.001;0;-2.50022;
 235.999;0;3.84694;
 
20215
THOR:
Q 0.146103;1.56254;2.1827;0.0002281;-1.06138;0.0417467;
Torque -1.98919;-0.812103;0.828297;-0.116151;0.684027;1.07221;
MotorD 188.371;0;-1326.12;
 269.527;0;-406.052;
 215.059;24.3381;414.148;
 180.017;0;-114.717;
 115.6;26.9222;-342.332;
 237.225;0;-849.018;
 
20258
FRIGG:
Q 1.012e-05;1.33238;1.92792;-6.59132e-06;-0.986098;0.00581843;
Torque -0.00328438;3.1113;-2.1766;0.00175569;-0.00819142;-0.00121349;
MotorD 180.001;0;-2.18959;
 256.34;-0.000660538;1555.65;
 200.462;0;-1088.3;
 179.999;0;1.73402;
 123.001;0;-2.3597;
 235.999;0;3.70802;
 
20258
ODIN:
Q 7.98948e-06;1.33238;1.92792;6.19185e-06;-0.986099;0.0058183;
Torque -0.00254347;3.11156;-2.17672;-0.00161334;-0.00802908;-0.00115133;
MotorD 180;0;-1.69565;
 256.34;-0.000111112;1555.78;
 200.462;0;-1088.36;
 180;0;-1.59342;
 123.001;0;-2.33411;
 235.999;0;3.61336;
 
20258
LOKI:
Q 6.6579e-06;1.33238;1.92792;-7.39027e-06;-0.986099;0.00581821;
Torque -0.00224194;3.1107;-2.17618;0.0020266;-0.00856867;-0.00121205;
MotorD 180;0;-1.49463;
 256.34;0.00061371;1555.35;
 200.462;0;-1088.09;
 179.999;0;2.00158;
 123.001;0;-2.50022;
 235.999;0;3.84694;
 
20258
THOR:
Q 0.128992;1.54093;2.20411;0.000501939;-1.03802;0.0251091;
Torque -2.14778;-0.629382;0.731463;-0.404462;1.21871;2.22648;
MotorD 187.391;0;-1431.86;
 268.289;0;-314.691;
 216.286;24.708;365.732;
 180.038;0;-399.468;
 118.368;26.6208;-785.559;
 237.316;0;-1688.31;
 
20294
FRIGG:
Q 9.58738e-06;1.33238;1.92792;-6.59132e-06;-0.986099;0.00581834;
Torque -0.00163207;3.11174;-2.17715;0.00184384;-0.00775691;-0.00130407;
MotorD 180.001;0;-1.08804;
 256.34;-0.000998815;1555.87;
 200.462;0;-1088.58;
 179.999;0;1.82108;
 123.001;0;-2.14845;
 235.999;0;3.59741;
 
20294
ODIN:
Q 7.19053e-06;1.33238;1.92792;5.99211e-06;-0.986099;0.0058183;
Torque -0.000708156;3.11141;-2.17657;-0.00147234;-0.00821948;-0.00136355;
MotorD 180;0;-0.472104;
 256.34;0.000180773;1555.7;
 200.462;0;-1088.29;
 180;0;-1.45417;
 123.001;0;-2.28672;
 235.999;0;3.80178;
 
20294
LOKI:
Q 6.12527e-06;1.33238;1.92792;-7.39027e-06;-0.986098;0.00581821;
Torque -0.00071234;3.11026;-2.17562;0.00203234;-0.00906154;-0.00143908;
MotorD 180;0;-0.474893;
 256.34;0.000954455;1555.13;
 200.462;0;-1087.81;
 179.999;0;2.00725;
 123.001;0;-2.55663;
 235.999;0;4.15562;
 
20294
THOR:
Q 0.112387;1.51874;2.22582;0.000984904;-1.01492;0.014718;
Torque -2.27015;-0.461679;0.632667;-0.571323;1.13;1.35197;
MotorD 186.439;0;-1513.43;
 267.017;0;-230.84;
 217.53;25.0288;316.333;
 180.075;0;-564.27;
 120.584;26.343;-332.579;
 236.886;0;-1169.61;
 
20337
FRIGG:
Q 7.72317e-06;1.33238;1.92792;-6.59132e-06;-0.986099;0.00581843;
Torque -0.000789965;3.11104;-2.17644;0.00193838;-0.00837591;-0.00148519;
MotorD 180;0;-0.526643;
 256.34;0.00045999;1555.52;
 200.462;0;-1088.22;
 179.999;0;1.91445;
 123.001;0;-2.27708;
 235.999;0;3.9273;
 
20337
ODIN:
Q 5.06001e-06;1.33238;1.92792;5.79238e-06;-0.986099;0.00581843;
Torque -0.000261331;3.11117;-2.17632;-0.00162548;-0.00843407;-0.00151738;
MotorD 180;0;-0.174221;
 256.34;0.000455187;1555.58;
 200.462;0;-1088.16;
 180;0;-1.60541;
 123.001;0;-2.28074;
 235.999;0;3.96672;
 
20337
LOKI:
Q 4.26106e-06;1.33238;1.92792;-7.39027e-06;-0.986098;0.0058183;
Torque -0.000118662;3.11099;-2.17634;0.00199315;-0.00850557;-0.00146646;
MotorD 180;0;-0.0791082;
 256.34;-0.000503693;1555.5;
 200.462;0;-1088.17;
 179.999;0;1.96854;
 123.001;0;-2.33551;
 235.999;0;3.96491;
 
20337
THOR:
Q 0.0960405;1.49474;2.24582;0.00137419;-0.992696;0.00883184;
Torque -2.30792;0.586537;-2.09297;-0.554498;2.15769;0.631744;
MotorD 185.503;0;-1538.62;
 265.642;0;293.269;
 218.676;19.9197;-1046.49;
 180.105;0;-547.652;
 122.364;24.353;448.174;
 236.118;0;-1150.11;
 
20371
FRIGG:
Q 5.85895e-06;1.33238;1.92792;-6.79106e-06;-0.986099;0.00581847;
Torque -0.000601487;3.11054;-2.17591;0.00204453;-0.00880565;-0.00155651;
MotorD 180;0;-0.400991;
 256.34;0.00104117;1555.27;
 200.462;0;-1087.95;
 179.999;0;2.01929;
 123.001;0;-2.39662;
 235.999;0;4.12608;
 
20371
ODIN:
Q 3.99474e-06;1.33238;1.92792;5.99211e-06;-0.986099;0.00581852;
Torque -0.000657709;3.11057;-2.1756;-0.00174344;-0.00903804;-0.00157656;
MotorD 180;0;-0.438472;
 256.34;0.0010998;1555.29;
 200.462;0;-1087.8;
 180;0;-1.72191;
 123.001;0;-2.47156;
 235.999;0;4.22329;
 
20371
LOKI:
Q 3.19579e-06;1.33238;1.92792;-6.9908e-06;-0.986099;0.00581847;
Torque -0.000584884;3.11149;-2.17684;0.00185028;-0.00798642;-0.001348;
MotorD 180;0;-0.389922;
 256.34;-0.0010863;1555.75;
 200.462;0;-1088.42;
 179.999;0;1.82744;
 123.001;0;-2.20905;
 235.999;0;3.70682;
 
20371
THOR:
Q 0.0960405;1.49474;2.24582;0.00137419;-0.992696;0.00883184;
Torque -2.30792;0.586537;-2.09297;-0.554498;2.15769;0.631744;
MotorD 185.503;0;-1538.62;
 265.642;0;293.269;
 218.676;19.9197;-1046.49;
 180.105;0;-547.652;
 122.364;24.353;448.174;
 236.118;0;-1150.11;
 
20404
FRIGG:
Q 5.85895e-06;1.33238;1.92792;-6.79106e-06;-0.986099;0.00581847;
Torque -0.000601487;3.11054;-2.17591;0.00204453;-0.00880565;-0.00155651;
MotorD 180;0;-0.400991;
 256.34;0.00104117;1555.27;
 200.462;0;-1087.95;
 179.999;0;2.01929;
 123.001;0;-2.39662;
 235.999;0;4.12608;
 
20404
ODIN:
Q 3.99474e-06;1.33238;1.92792;5.99211e-06;-0.986099;0.00581852;
Torque -0.000657709;3.11057;-2.1756;-0.00174344;-0.00903804;-0.00157656;
MotorD 180;0;-0.438472;
 256.34;0.0010998;1555.29;
 200.462;0;-1087.8;
 180;0;-1.72191;
 123.001;0;-2.47156;
 235.999;0;4.22329;
 
20404
LOKI:
Q 3.19579e-06;1.33238;1.92792;-6.9908e-06;-0.986099;0.00581847;
Torque -0.000584884;3.11149;-2.17684;0.00185028;-0.00798642;-0.001348;
MotorD 180;0;-0.389922;
 256.34;-0.0010863;1555.75;
 200.462;0;-1088.42;
 179.999;0;1.82744;
 123.001;0;-2.20905;
 235.999;0;3.70682;
 
20404
THOR:
Q 0.0797034;1.46677;2.26023;0.00150961;-0.972459;0.00565948;
Torque -2.27994;1.68143;-2.68;-0.438062;3.34113;0.196085;
MotorD 184.567;0;-1519.96;
 264.04;0;840.713;
 219.502;13.6115;-1340;
 180.115;0;-432.654;
 123.796;22.2504;1128.52;
 235.231;0;-1346.39;
 
20449
FRIGG:
Q 5.06001e-06;1.33238;1.92792;-6.59132e-06;-0.986098;0.00581861;
Torque -0.00151006;3.11036;-2.17569;0.00159084;-0.00902015;-0.00159425;
MotorD 180;0;-1.00671;
 256.34;0.000894936;1555.18;
 200.462;0;-1087.85;
 179.999;0;1.5712;
 123.001;0;-2.4551;
 235.999;0;4.22649;
 
20449
ODIN:
Q 3.72843e-06;1.33238;1.92792;6.19185e-06;-0.986099;0.00581856;
Torque -0.00111667;3.11204;-2.17701;-0.00175475;-0.00776746;-0.00134493;
MotorD 180;0;-0.744448;
 256.34;-0.00157163;1556.02;
 200.462;0;-1088.51;
 180;0;-1.73309;
 123.001;0;-2.12965;
 235.999;0;3.62402;
 
20449
LOKI:
Q 2.92948e-06;1.33238;1.92792;-7.19053e-06;-0.986099;0.00581839;
Torque -0.000415759;3.11167;-2.17709;0.00224562;-0.00774467;-0.00121747;
MotorD 180;0;-0.277173;
 256.34;-0.0009385;1555.84;
 200.462;0;-1088.54;
 179.999;0;2.21789;
 123.001;0;-2.19202;
 235.999;0;3.54477;
 
20449
THOR:
Q 0.0631606;1.43587;2.26989;0.00152619;-0.953671;0.00402519;
Torque -2.19333;2.37342;-2.85534;-0.43269;4.04932;-0.0993611;
MotorD 183.619;0;-1462.22;
 262.269;0;1186.71;
 220.055;8.96517;-1427.67;
 180.117;0;-427.348;
 125.013;20.9755;1554.95;
 234.295;0;-1444.55;
 
20487
FRIGG:
Q 6.12527e-06;1.33238;1.92792;-6.19185e-06;-0.986098;0.00581856;
Torque -0.00252277;3.11069;-2.176;0.0013667;-0.00868884;-0.0014509;
MotorD 180;0;-1.68185;
 256.34;7.54796e-05;1555.35;
 200.462;0;-1088;
 180;0;1.34982;
 123.001;0;-2.41203;
 235.999;0;4.02414;
 
20487
ODIN:
Q 4.26106e-06;1.33238;1.92792;6.19185e-06;-0.986099;0.00581847;
Torque -0.00154912;3.11289;-2.17797;-0.00167386;-0.00690451;-0.00114632;
MotorD 180;0;-1.03275;
 256.34;-0.002213;1556.44;
 200.462;0;-1088.98;
 180;0;-1.65319;
 123.001;0;-1.92038;
 235.999;0;3.19407;
 
20487
LOKI:
Q 2.39684e-06;1.33238;1.92792;-7.59001e-06;-0.986099;0.0058183;
Torque -0.000564978;3.11137;-2.17674;0.00238706;-0.00799045;-0.00119886;
MotorD 180;0;-0.376652;
 256.34;-0.00011795;1555.69;
 200.462;0;-1088.37;
 179.999;0;2.35759;
 123.001;0;-2.29339;
 235.999;0;3.62546;
 
20487
THOR:
Q 0.0462972;1.4034;2.27632;0.00153778;-0.935713;0.00322234;
Torque -2.0916;5.59981;-3.47437;-0.434189;4.4826;-0.259666;
MotorD 182.653;0;-1394.4;
 260.409;0;2799.91;
 220.424;0;-1737.19;
 180.117;0;-428.828;
 126.111;20.2053;1804.48;
 233.335;0;-1515.96;
 
20527
FRIGG:
Q 7.98948e-06;1.33238;1.92792;-5.59264e-06;-0.986098;0.00581856;
Torque -0.00352778;3.11087;-2.1762;0.00083386;-0.00849818;-0.00143068;
MotorD 180;0;-2.35185;
 256.34;-0.000197875;1555.43;
 200.462;0;-1088.1;
 180;0;0.823565;
 123.001;0;-2.35265;
 235.999;0;3.9423;
 
20527
ODIN:
Q 5.06001e-06;1.33238;1.92793;5.99211e-06;-0.9861;0.00581839;
Torque -0.00190779;3.1144;-2.17937;-0.00162857;-0.00571049;-0.000919197;
MotorD 180;0;-1.27186;
 256.34;-0.00412698;1557.2;
 200.462;0;-1089.69;
 180;0;-1.60846;
 123.001;0;-1.60433;
 235.999;0;2.62566;
 
20527
LOKI:
Q 2.66316e-06;1.33238;1.92792;-7.98948e-06;-0.986099;0.00581825;
Torque -0.000536214;3.11119;-2.17654;0.00284091;-0.00809774;-0.00106719;
MotorD 180;0;-0.357476;
 256.34;0.000156197;1555.6;
 200.462;0;-1088.27;
 179.999;0;2.80583;
 123.001;0;-2.40628;
 235.999;0;3.59205;
 
20527
THOR:
Q 0.0294202;1.37381;2.28308;0.00152979;-0.919063;0.00298088;
Torque 1.95275;10.9444;-5.77441;-0.396506;5.93724;-0.444545;
MotorD 181.686;0;1301.83;
 258.714;0;5472.19;
 220.811;0;-2887.21;
 180.117;0;-391.611;
 127.085;17.7892;2445.95;
 232.402;0;-1952.01;
 
20566
FRIGG:
Q 2.50337e-05;1.33238;1.92792;-3.39553e-06;-0.986099;0.00581723;
Torque -0.0222148;3.11147;-2.17677;-0.000291154;-0.00712853;0.00154116;
MotorD 180.001;0;-14.8099;
 256.34;-0.00109756;1555.73;
 200.462;0;-1088.39;
 180;0;-0.287559;
 123.001;0;-3.4964;
 235.999;0;1.78399;
 
20566
ODIN:
Q 1.97074e-05;1.33237;1.92793;6.59132e-06;-0.986102;0.00581705;
Torque -0.0194724;3.11559;-2.18095;-0.00246135;-0.00337383;0.00203347;
MotorD 180.001;0;-12.9816;
 256.339;-0.00369693;1557.8;
 200.462;0;-1090.48;
 180.001;0;-2.43096;
 123.001;0;-2.37927;
 236;0;0.119859;
 
20566
LOKI:
Q 1.54463e-05;1.33238;1.92792;-8.58869e-06;-0.986099;0.00581679;
Torque -0.0176461;3.1106;-2.176;0.00188586;-0.0078311;0.00141919;
MotorD 180.001;0;-11.7641;
 256.34;0.00105521;1555.3;
 200.462;0;-1088;
 179.999;0;1.86258;
 123.001;0;-3.68884;
 235.999;0;2.11197;
 
20566
THOR:
Q 0.0294202;1.37381;2.28308;0.00152979;-0.919063;0.00298088;
Torque 1.95275;10.9444;-5.77441;-0.396506;5.93724;-0.444545;
MotorD 181.686;0;1301.83;
 258.714;0;5472.19;
 220.811;0;-2887.21;
 180.117;0;-391.611;
 127.085;17.7892;2445.95;
 232.402;0;-1952.01;
 
20602
FRIGG:
Q 2.50337e-05;1.33238;1.92792;-3.39553e-06;-0.986099;0.00581723;
Torque -0.0222148;3.11147;-2.17677;-0.000291154;-0.00712853;0.00154116;
MotorD 180.001;0;-14.8099;
 256.34;-0.00109756;1555.73;
 200.462;0;-1088.39;
 180;0;-0.287559;
 123.001;0;-3.4964;
 235.999;0;1.78399;
 
20603
ODIN:
Q 1.97074e-05;1.33237;1.92793;6.59132e-06;-0.986102;0.00581705;
Torque -0.0194724;3.11559;-2.18095;-0.00246135;-0.00337383;0.00203347;
MotorD 180.001;0;-12.9816;
 256.339;-0.00369693;1557.8;
 200.462;0;-1090.48;
 180.001;0;-2.43096;
 123.001;0;-2.37927;
 236;0;0.119859;
 
20603
LOKI:
Q 1.54463e-05;1.33238;1.92792;-8.58869e-06;-0.986099;0.00581679;
Torque -0.0176461;3.1106;-2.176;0.00188586;-0.0078311;0.00141919;
MotorD 180.001;0;-11.7641;
 256.34;0.00105521;1555.3;
 200.462;0;-1088;
 179.999;0;1.86258;
 123.001;0;-3.68884;
 235.999;0;2.11197;
 
20603
THOR:
Q 0.0140279;1.3472;2.28874;0.00103923;-0.904577;0.00296166;
Torque 4.71132;14.9165;-6.0107;0.328081;7.28067;-0.298354;
MotorD 180.804;0;3140.88;
 257.189;-29.475;7458.27;
 221.135;0;-3005.35;
 180.079;0;324.03;
 127.917;15.7099;2862.3;
 231.574;0;-2530.79;
 
20639
FRIGG:
Q 5.56601e-05;1.33238;1.92792;-1.79763e-06;-0.986099;0.00581421;
Torque -0.0314194;3.11183;-2.17712;-9.02301e-06;-0.00619875;0.00358987;
MotorD 180.003;0;-20.9462;
 256.34;-0.00123535;1555.91;
 200.462;0;-1088.56;
 180;0;-0.00891161;
 123.001;0;-4.29021;
 236;0;0.301462;
 
20639
ODIN:
Q 4.98011e-05;1.33237;1.92793;8.18922e-06;-0.986102;0.00581412;
Torque -0.0303295;3.11153;-2.17684;-0.00317707;-0.00634197;0.00348566;
MotorD 180.003;0;-20.2197;
 256.339;0.0037501;1555.77;
 200.462;0;-1088.42;
 180.001;0;-3.13785;
 123.001;0;-4.28536;
 236;0;0.4124;
 
20639
LOKI:
Q 4.58064e-05;1.33238;1.92792;-6.39159e-06;-0.986099;0.00581408;
Torque -0.0302393;3.11027;-2.17562;6.3253e-05;-0.0075584;0.00325139;
MotorD 180.003;0;-20.1596;
 256.34;0.00119384;1555.13;
 200.462;0;-1087.81;
 180;0;0.0624721;
 123.001;0;-4.60574;
 236;0;0.993079;
 
20639
THOR:
Q 0.00147459;1.32239;2.29233;-0.00051692;-0.891363;0.00296889;
Torque 6.20063;14.383;-5.86978;1.38608;7.88873;-0.239493;
MotorD 180.084;0;4133.76;
 255.768;-27.4372;7191.52;
 221.341;0;-2934.89;
 179.961;0;1368.97;
 128.673;14.7653;3054.8;
 230.816;0;-2788.7;
 
20684
FRIGG:
Q 7.59001e-05;1.33238;1.92792;-1.5979e-06;-0.986099;0.00581173;
Torque -0.0287756;3.11216;-2.17749;0.000482462;-0.00586911;0.00363699;
MotorD 180.004;0;-19.1838;
 256.34;-0.00131849;1556.08;
 200.462;0;-1088.75;
 180;0;0.476506;
 123.001;0;-4.1943;
 236;0;0.153194;
 
20684
ODIN:
Q 7.1639e-05;1.33238;1.92793;9.38764e-06;-0.9861;0.00581182;
Torque -0.0288619;3.10915;-2.17424;-0.0031465;-0.00862071;0.00322579;
MotorD 180.004;0;-19.2413;
 256.34;0.00597497;1554.57;
 200.462;0;-1087.12;
 180.001;0;-3.10765;
 123.001;0;-4.98496;
 236;0;1.40075;
 
20684
LOKI:
Q 7.00411e-05;1.33238;1.92792;-3.59527e-06;-0.986098;0.00581173;
Torque -0.0301116;3.10993;-2.17528;-0.000538469;-0.00782329;0.00329404;
MotorD 180.004;0;-20.0744;
 256.34;0.00127845;1554.97;
 200.462;0;-1087.64;
 180;0;-0.531821;
 123.001;0;-4.72754;
 236;0;1.06749;
 
20684
THOR:
Q 0.00147459;1.32239;2.29233;-0.00051692;-0.891363;0.00296889;
Torque 6.20063;14.383;-5.86978;1.38608;7.88873;-0.239493;
MotorD 180.084;0;4133.76;
 255.768;-27.4372;7191.52;
 221.341;0;-2934.89;
 179.961;0;1368.97;
 128.673;14.7653;3054.8;
 230.816;0;-2788.7;
 
20710
FRIGG:
Q 7.59001e-05;1.33238;1.92792;-1.5979e-06;-0.986099;0.00581173;
Torque -0.0287756;3.11216;-2.17749;0.000482462;-0.00586911;0.00363699;
MotorD 180.004;0;-19.1838;
 256.34;-0.00131849;1556.08;
 200.462;0;-1088.75;
 180;0;0.476506;
 123.001;0;-4.1943;
 236;0;0.153194;
 
20710
ODIN:
Q 7.1639e-05;1.33238;1.92793;9.38764e-06;-0.9861;0.00581182;
Torque -0.0288619;3.10915;-2.17424;-0.0031465;-0.00862071;0.00322579;
MotorD 180.004;0;-19.2413;
 256.34;0.00597497;1554.57;
 200.462;0;-1087.12;
 180.001;0;-3.10765;
 123.001;0;-4.98496;
 236;0;1.40075;
 
20710
LOKI:
Q 7.00411e-05;1.33238;1.92792;-3.59527e-06;-0.986098;0.00581173;
Torque -0.0301116;3.10993;-2.17528;-0.000538469;-0.00782329;0.00329404;
MotorD 180.004;0;-20.0744;
 256.34;0.00127845;1554.97;
 200.462;0;-1087.64;
 180;0;-0.531821;
 123.001;0;-4.72754;
 236;0;1.06749;
 
20710
THOR:
Q -0.0139038;1.27872;2.29546;-0.00515561;-0.865991;0.00302091;
Torque 6.56002;13.091;-5.50813;2.77798;8.03588;-0.255258;
MotorD 179.203;-5.35902;4373.34;
 253.265;-22.5019;6545.5;
 221.52;0;-2754.07;
 179.606;-2.48951;2743.69;
 130.123;14.5223;3118.06;
 229.358;0;-2834.44;
 
20753
FRIGG:
Q 8.20254e-05;1.33238;1.92793;-1.99737e-06;-0.9861;0.00581013;
Torque -0.019229;3.11166;-2.177;0.000655856;-0.00660161;0.00240939;
MotorD 180.005;0;-12.8194;
 256.34;0.000253808;1555.83;
 200.462;0;-1088.5;
 180;0;0.647759;
 123.001;0;-3.78359;
 236;0;1.10649;
 
20753
ODIN:
Q 8.12264e-05;1.33238;1.92792;1.01866e-05;-0.986098;0.00581013;
Torque -0.0196285;3.10954;-2.17458;-0.00289888;-0.00871817;0.00213563;
MotorD 180.005;0;-13.0857;
 256.34;0.00148067;1554.77;
 200.462;0;-1087.29;
 180.001;0;-2.86309;
 123.001;0;-4.41542;
 236;0;2.04249;
 
20753
LOKI:
Q 8.38896e-05;1.33238;1.92792;-5.99211e-07;-0.986098;0.00581004;
Torque -0.020757;3.11043;-2.17577;-2.08553e-05;-0.00771126;0.00233305;
MotorD 180.005;0;-13.838;
 256.34;-0.000293068;1555.22;
 200.462;0;-1087.89;
 180;0;-0.0205978;
 123.001;0;-4.15216;
 236;0;1.55988;
 
20753
THOR:
Q -0.0139038;1.27872;2.29546;-0.00515561;-0.865991;0.00302091;
Torque 6.56002;13.091;-5.50813;2.77798;8.03588;-0.255258;
MotorD 179.203;-5.35902;4373.34;
 253.265;-22.5019;6545.5;
 221.52;0;-2754.07;
 179.606;-2.48951;2743.69;
 130.123;14.5223;3118.06;
 229.358;0;-2834.44;
 
20787
FRIGG:
Q 8.20254e-05;1.33238;1.92793;-1.99737e-06;-0.9861;0.00581013;
Torque -0.019229;3.11166;-2.177;0.000655856;-0.00660161;0.00240939;
MotorD 180.005;0;-12.8194;
 256.34;0.000253808;1555.83;
 200.462;0;-1088.5;
 180;0;0.647759;
 123.001;0;-3.78359;
 236;0;1.10649;
 
20787
ODIN:
Q 8.12264e-05;1.33238;1.92792;1.01866e-05;-0.986098;0.00581013;
Torque -0.0196285;3.10954;-2.17458;-0.00289888;-0.00871817;0.00213563;
MotorD 180.005;0;-13.0857;
 256.34;0.00148067;1554.77;
 200.462;0;-1087.29;
 180.001;0;-2.86309;
 123.001;0;-4.41542;
 236;0;2.04249;
 
20787
LOKI:
Q 8.38896e-05;1.33238;1.92792;-5.99211e-07;-0.986098;0.00581004;
Torque -0.020757;3.11043;-2.17577;-2.08553e-05;-0.00771126;0.00233305;
MotorD 180.005;0;-13.838;
 256.34;-0.000293068;1555.22;
 200.462;0;-1087.89;
 180;0;-0.0205978;
 123.001;0;-4.15216;
 236;0;1.55988;
 
20787
THOR:
Q -0.0171926;1.26037;2.29595;-0.00695944;-0.853254;0.00304896;
Torque 5.89088;12.3416;-5.36448;2.80719;7.93678;-0.27609;
MotorD 179.015;-2.3852;3927.25;
 252.214;-19.6394;6170.79;
 221.548;0;-2682.24;
 179.468;-1.6135;2772.54;
 130.85;14.6708;3092.93;
 228.626;0;-2786.16;
 
20826
FRIGG:
Q 7.45685e-05;1.33238;1.92792;-1.99737e-06;-0.9861;0.00581048;
Torque -0.014221;3.11102;-2.17631;0.000619475;-0.00742253;0.00159007;
MotorD 180.004;0;-9.48064;
 256.34;0.00117477;1555.51;
 200.462;0;-1088.15;
 180;0;0.611827;
 123.001;0;-3.63246;
 236;0;1.86571;
 
20826
ODIN:
Q 7.43022e-05;1.33238;1.92792;1.01866e-05;-0.986098;0.00581044;
Torque -0.014396;3.11073;-2.17582;-0.00278205;-0.00784776;0.00153901;
MotorD 180.004;0;-9.59737;
 256.34;-0.000855054;1555.36;
 200.462;0;-1087.91;
 180.001;0;-2.7477;
 123.001;0;-3.76158;
 236;0;2.05157;
 
20826
LOKI:
Q 7.69654e-05;1.33238;1.92792;-7.98948e-07;-0.986098;0.0058104;
Torque -0.0147383;3.11111;-2.17643;0.000515115;-0.00733215;0.00168138;
MotorD 180.004;0;-9.82556;
 256.34;-0.0012136;1555.55;
 200.462;0;-1088.22;
 180;0;0.508755;
 123.001;0;-3.64971;
 236;0;1.78151;
 
20826
THOR:
Q -0.0181468;1.2446;2.29608;-0.00785526;-0.840371;0.00306867;
Torque 4.95575;11.5443;-5.27031;2.39225;7.81743;-0.286071;
MotorD 178.96;-0.107123;3303.83;
 251.31;-16.5941;5772.16;
 221.556;0;-2635.15;
 179.4;-0.382609;2362.71;
 131.587;14.857;3054.27;
 227.886;0;-2736.42;
 
20851
FRIGG:
Q 7.45685e-05;1.33238;1.92792;-1.99737e-06;-0.9861;0.00581048;
Torque -0.014221;3.11102;-2.17631;0.000619475;-0.00742253;0.00159007;
MotorD 180.004;0;-9.48064;
 256.34;0.00117477;1555.51;
 200.462;0;-1088.15;
 180;0;0.611827;
 123.001;0;-3.63246;
 236;0;1.86571;
 
20851
ODIN:
Q 6.17853e-05;1.33238;1.92792;9.98685e-06;-0.986098;0.00581137;
Torque -0.00397211;3.11154;-2.17672;-0.00233685;-0.00747977;0.000175212;
MotorD 180.004;0;-2.64807;
 256.34;-0.00179651;1555.77;
 200.462;0;-1088.36;
 180.001;0;-2.308;
 123.001;0;-2.86762;
 236;0;2.67294;
 
20851
LOKI:
Q 6.33832e-05;1.33238;1.92792;-1.5979e-06;-0.986099;0.00581124;
Torque -0.00367722;3.11162;-2.17697;0.00122673;-0.00729433;0.000251103;
MotorD 180.004;0;-2.45148;
 256.34;-0.00151282;1555.81;
 200.462;0;-1088.48;
 180;0;1.21159;
 123.001;0;-2.84111;
 236;0;2.5621;
 
20851
THOR:
Q -0.017575;1.23157;2.29614;-0.0078996;-0.827317;0.00305829;
Torque 4.01402;10.7063;-5.27733;2.18782;7.70676;-0.266043;
MotorD 178.993;1.39663;2676.01;
 250.564;-13.3932;5353.17;
 221.559;0;-2638.67;
 179.397;0.0191169;2160.81;
 132.335;15.0437;3002.16;
 227.139;0;-2706.56;
 
20892
FRIGG:
Q 3.80832e-05;1.33238;1.92792;-2.99606e-06;-0.986099;0.00581333;
Torque 0.00142949;3.10978;-2.17503;0.00128452;-0.00923991;-0.000912954;
MotorD 180.002;0;0.952996;
 256.34;0.00200407;1554.89;
 200.462;0;-1087.51;
 180;0;1.26866;
 123.001;0;-2.91499;
 236;0;3.92939;
 
20892
ODIN:
Q 3.83495e-05;1.33238;1.92792;9.18791e-06;-0.986099;0.00581341;
Torque 0.00119237;3.11177;-2.17701;-0.00215733;-0.00748522;-0.000708345;
MotorD 180.002;0;0.794915;
 256.34;-0.00143778;1555.89;
 200.462;0;-1088.5;
 180.001;0;-2.1307;
 123.001;0;-2.37878;
 236;0;3.16583;
 
20892
LOKI:
Q 3.86158e-05;1.33238;1.92792;-2.99606e-06;-0.986099;0.00581333;
Torque 0.00192964;3.11235;-2.17775;0.00158546;-0.00691342;-0.000601192;
MotorD 180.002;0;1.28642;
 256.34;-0.00204234;1556.17;
 200.462;0;-1088.87;
 180;0;1.56589;
 123.001;0;-2.22653;
 236;0;2.89452;
 
20892
THOR:
Q -0.017575;1.23157;2.29614;-0.0078996;-0.827317;0.00305829;
Torque 4.01402;10.7063;-5.27733;2.18782;7.70676;-0.266043;
MotorD 178.993;1.39663;2676.01;
 250.564;-13.3932;5353.17;
 221.559;0;-2638.67;
 179.397;0.0191169;2160.81;
 132.335;15.0437;3002.16;
 227.139;0;-2706.56;
 
20928
FRIGG:
Q 3.80832e-05;1.33238;1.92792;-2.99606e-06;-0.986099;0.00581333;
Torque 0.00142949;3.10978;-2.17503;0.00128452;-0.00923991;-0.000912954;
MotorD 180.002;0;0.952996;
 256.34;0.00200407;1554.89;
 200.462;0;-1087.51;
 180;0;1.26866;
 123.001;0;-2.91499;
 236;0;3.92939;
 
20928
ODIN:
Q 3.83495e-05;1.33238;1.92792;9.18791e-06;-0.986099;0.00581341;
Torque 0.00119237;3.11177;-2.17701;-0.00215733;-0.00748522;-0.000708345;
MotorD 180.002;0;0.794915;
 256.34;-0.00143778;1555.89;
 200.462;0;-1088.5;
 180.001;0;-2.1307;
 123.001;0;-2.37878;
 236;0;3.16583;
 
20928
LOKI:
Q 3.86158e-05;1.33238;1.92792;-2.99606e-06;-0.986099;0.00581333;
Torque 0.00192964;3.11235;-2.17775;0.00158546;-0.00691342;-0.000601192;
MotorD 180.002;0;1.28642;
 256.34;-0.00204234;1556.17;
 200.462;0;-1088.87;
 180;0;1.56589;
 123.001;0;-2.22653;
 236;0;2.89452;
 
20928
THOR:
Q -0.0157907;1.22133;2.29618;-0.0078247;-0.814124;0.00303148;
Torque 2.94312;9.87195;-5.28595;2.05228;7.62534;-0.255985;
MotorD 179.095;2.52176;1962.08;
 249.977;-10.2061;4935.98;
 221.562;0;-2642.98;
 179.402;0.231719;2026.94;
 133.094;15.1788;2966.41;
 226.385;0;-2681.99;
 
20969
FRIGG:
Q 2.18379e-05;1.33238;1.92792;-3.59527e-06;-0.986098;0.00581479;
Torque 0.00335252;3.11029;-2.17551;0.00145199;-0.00891401;-0.00111527;
MotorD 180.001;0;2.23502;
 256.34;0.000464573;1555.15;
 200.462;0;-1087.75;
 180;0;1.43407;
 123.001;0;-2.68189;
 236;0;3.92108;
 
20969
ODIN:
Q 2.21042e-05;1.33238;1.92792;8.58869e-06;-0.986099;0.00581475;
Torque 0.00315038;3.1115;-2.17675;-0.00188934;-0.00779957;-0.000984248;
MotorD 180.001;0;2.10025;
 256.34;-0.000481718;1555.75;
 200.462;0;-1088.37;
 180.001;0;-1.86602;
 123.001;0;-2.34192;
 236;0;3.43553;
 
20969
LOKI:
Q 2.15716e-05;1.33238;1.92793;-3.99474e-06;-0.9861;0.00581475;
Torque 0.00365041;3.11186;-2.17726;0.00159585;-0.00736533;-0.000942295;
MotorD 180.001;0;2.43361;
 256.34;-0.000501516;1555.93;
 200.462;0;-1088.63;
 180;0;1.57615;
 123.001;0;-2.2044;
 236;0;3.2514;
 
20969
THOR:
Q -0.0133201;1.21386;2.29622;-0.00740665;-0.800831;0.00299526;
Torque 2.00275;9.04373;-5.29357;1.67399;7.56732;-0.239264;
MotorD 179.237;3.0437;1335.17;
 249.549;-7.04251;4521.86;
 221.564;0;-2646.78;
 179.434;0.717133;1653.33;
 133.858;15.2796;2935.63;
 225.627;0;-2669.79;
 
21012
FRIGG:
Q 8.2558e-06;1.33238;1.92792;-4.39422e-06;-0.986098;0.00581594;
Torque 0.0051466;3.1109;-2.17616;0.0016501;-0.00841207;-0.00131769;
MotorD 180;0;3.43107;
 256.34;-0.000638493;1555.45;
 200.462;0;-1088.08;
 180;0;1.62973;
 123.001;0;-2.38353;
 235.999;0;3.84763;
 
21012
ODIN:
Q 8.52212e-06;1.33238;1.92792;7.78975e-06;-0.986099;0.00581599;
Torque 0.0050483;3.11109;-2.17635;-0.00162288;-0.0081847;-0.00131036;
MotorD 180;0;3.36554;
 256.34;0.000299402;1555.54;
 200.462;0;-1088.17;
 180.001;0;-1.60284;
 123.001;0;-2.30339;
 235.999;0;3.75935;
 
21012
LOKI:
Q 7.72317e-06;1.33238;1.92792;-4.59395e-06;-0.9861;0.0058159;
Torque 0.0050788;3.11125;-2.17661;0.00159528;-0.00800041;-0.00131102;
MotorD 180;0;3.38587;
 256.34;0.000600712;1555.63;
 200.462;0;-1088.31;
 180;0;1.57559;
 123.001;0;-2.23477;
 236;0;3.69146;
 
21012
THOR:
Q -0.0105805;1.20914;2.29626;-0.00657455;-0.787459;0.00294945;
Torque 1.19361;8.22194;-5.30038;1.20977;7.52304;-0.216129;
MotorD 179.394;3.17639;795.738;
 249.279;-3.90351;4110.97;
 221.566;0;-2650.19;
 179.498;1.14829;1194.84;
 134.628;15.3616;2906.38;
 224.865;0;-2666.24;
 
21046
FRIGG:
Q -2.92948e-06;1.33238;1.92792;-4.99343e-06;-0.986099;0.00581688;
Torque 0.00696784;3.11122;-2.17651;0.00181759;-0.00815764;-0.00156105;
MotorD 180;0;4.64523;
 256.34;-0.000883979;1555.61;
 200.462;0;-1088.26;
 180;0;1.79516;
 123.001;0;-2.1541;
 235.999;0;3.8886;
 
21047
ODIN:
Q -2.66316e-06;1.33238;1.92792;6.9908e-06;-0.986099;0.00581697;
Torque 0.00688636;3.11083;-2.17607;-0.00143232;-0.00851657;-0.00164143;
MotorD 180;0;4.59091;
 256.34;0.000609446;1555.41;
 200.462;0;-1088.03;
 180.001;0;-1.41463;
 123.001;0;-2.24238;
 235.999;0;4.06619;
 
21047
LOKI:
Q -2.92948e-06;1.33238;1.92792;-4.99343e-06;-0.986099;0.00581697;
Torque 0.00660457;3.11093;-2.17627;0.00162812;-0.00838976;-0.00164368;
MotorD 180;0;4.40305;
 256.34;0.000847488;1555.46;
 200.462;0;-1088.13;
 180;0;1.60802;
 123.001;0;-2.19416;
 235.999;0;4.02047;
 
21047
THOR:
Q -0.00817058;1.20724;2.29629;-0.00559224;-0.775636;0.00290143;
Torque 0.554175;7.45152;-5.30619;0.788425;7.48867;-0.190792;
MotorD 179.532;3.07768;369.45;
 249.17;-1.15978;3725.76;
 221.568;0;-2653.09;
 179.573;1.372;778.691;
 135.31;15.4243;2879.58;
 224.191;0;-2667.59;
 
21083
FRIGG:
Q -1.14516e-05;1.33238;1.92792;-5.59264e-06;-0.986099;0.00581768;
Torque 0.00808072;3.11127;-2.17655;0.00190615;-0.00815208;-0.0017558;
MotorD 179.999;0;5.38715;
 256.34;-0.000651693;1555.63;
 200.462;0;-1088.28;
 180;0;1.88262;
 123.001;0;-2.04384;
 235.999;0;3.99474;
 
21083
ODIN:
Q -1.11853e-05;1.33238;1.92792;6.19185e-06;-0.986099;0.00581776;
Torque 0.00804718;3.11071;-2.17598;-0.00133426;-0.00866438;-0.00187427;
MotorD 179.999;0;5.36479;
 256.34;0.000514962;1555.36;
 200.462;0;-1087.99;
 180;0;-1.31779;
 123.001;0;-2.16777;
 235.999;0;4.25029;
 
21083
LOKI:
Q -1.14516e-05;1.33238;1.92792;-5.19316e-06;-0.986099;0.00581781;
Torque 0.00768716;3.11092;-2.17621;0.00168271;-0.00850753;-0.00187014;
MotorD 179.999;0;5.12477;
 256.34;0.00057969;1555.46;
 200.462;0;-1088.1;
 180;0;1.66194;
 123.001;0;-2.11197;
 235.999;0;4.18991;
 
21083
THOR:
Q -0.00785047;1.20715;2.29629;-0.00544703;-0.77402;0.00289441;
Torque 0.523466;7.40602;-5.30651;0.764127;7.4869;-0.189032;
MotorD 179.55;3.04842;348.977;
 249.164;-0.786942;3703.01;
 221.568;0;-2653.26;
 179.584;1.39276;754.693;
 135.403;15.4324;2877.94;
 224.099;0;-2667.91;
 
21127
FRIGG:
Q -1.19842e-05;1.33238;1.92792;-5.59264e-06;-0.986099;0.00581772;
Torque 0.00809793;3.11128;-2.17656;0.00190689;-0.00817473;-0.00176126;
MotorD 179.999;0;5.39862;
 256.34;-0.000616516;1555.64;
 200.462;0;-1088.28;
 180;0;1.88335;
 123.001;0;-2.0492;
 235.999;0;4.00616;
 
21127
ODIN:
Q -1.17179e-05;1.33238;1.92792;6.19185e-06;-0.986099;0.00581776;
Torque 0.00798608;3.11072;-2.17599;-0.00133849;-0.00866351;-0.00186544;
MotorD 179.999;0;5.32406;
 256.34;0.00050541;1555.36;
 200.462;0;-1087.99;
 180;0;-1.32197;
 123.001;0;-2.17236;
 235.999;0;4.24506;
 
21127
LOKI:
Q -1.14516e-05;1.33238;1.92792;-5.19316e-06;-0.986099;0.00581781;
Torque 0.00760789;3.11091;-2.17621;0.00167768;-0.00849726;-0.00185442;
MotorD 179.999;0;5.07192;
 256.34;0.00057969;1555.45;
 200.462;0;-1088.11;
 180;0;1.65697;
 123.001;0;-2.1169;
 235.999;0;4.17737;
 
21127
THOR:
Q -0.0053202;1.20731;2.29624;-0.00420926;-0.7601;0.0028218;
Torque 0.00408947;6.97099;-5.18962;0.410347;6.79496;-0.209936;
MotorD 179.695;2.73569;2.72632;
 249.174;0.874741;3485.5;
 221.565;0;-2594.81;
 179.678;0;405.281;
 136.207;16.5295;2633.28;
 223.308;0;-2400.02;
 
21163
FRIGG:
Q -1.94411e-05;1.33238;1.92792;-6.59132e-06;-0.986099;0.00581839;
Torque 0.00928357;3.1112;-2.17648;0.00238907;-0.00824092;-0.00186595;
MotorD 179.999;0;6.18905;
 256.34;-0.000280967;1555.6;
 200.462;0;-1088.24;
 179.999;0;2.35957;
 123.001;0;-2.01555;
 235.999;0;4.08883;
 
21163
ODIN:
Q -1.83758e-05;1.33238;1.92792;5.79238e-06;-0.986098;0.00581847;
Torque 0.0084161;3.10909;-2.17431;-0.00131744;-0.0101407;-0.0021873;
MotorD 179.999;0;5.61073;
 256.34;0.00270364;1554.54;
 200.462;0;-1087.15;
 180;0;-1.30117;
 123.001;0;-2.54067;
 235.999;0;4.971;
 
21163
LOKI:
Q -1.73105e-05;1.33238;1.92792;-5.19316e-06;-0.986099;0.00581856;
Torque 0.00740242;3.11099;-2.1763;0.00127684;-0.00846567;-0.00199522;
MotorD 179.999;0;4.93495;
 256.34;0.000246147;1555.49;
 200.462;0;-1088.15;
 180;0;1.26107;
 123.001;0;-2.02698;
 235.999;0;4.24389;
 
21163
THOR:
Q -0.00312895;1.20864;2.29591;-0.0030372;-0.745255;0.00267754;
Torque -0.353404;6.64465;-4.88318;0.164555;6.26011;-0.146845;
MotorD 179.821;0;-235.603;
 249.25;2.12128;3322.32;
 221.546;0;-2441.59;
 179.768;0;162.524;
 137.07;17.4155;2400.14;
 222.47;0;-2236.98;
 
21204
FRIGG:
Q -2.50337e-05;1.33238;1.92792;-7.19053e-06;-0.986099;0.00581892;
Torque 0.0092043;3.11106;-2.17633;0.00220233;-0.00839284;-0.00199292;
MotorD 179.999;0;6.1362;
 256.34;4.30731e-05;1555.53;
 200.462;0;-1088.16;
 179.999;0;2.17514;
 123.001;0;-2.00128;
 235.999;0;4.21564;
 
21204
ODIN:
Q -2.31695e-05;1.33238;1.92792;5.3929e-06;-0.986098;0.00581892;
Torque 0.0084359;3.10971;-2.1749;-0.00130537;-0.00970436;-0.00218558;
MotorD 179.999;0;5.62393;
 256.34;0.000724254;1554.85;
 200.462;0;-1087.45;
 180;0;-1.28926;
 123.001;0;-2.38;
 235.999;0;4.80842;
 
21204
LOKI:
Q -2.1039e-05;1.33238;1.92792;-4.99343e-06;-0.986099;0.00581901;
Torque 0.00764224;3.11112;-2.17645;0.00149654;-0.00831208;-0.00198566;
MotorD 179.999;0;5.09483;
 256.34;-7.74747e-05;1555.56;
 200.462;0;-1088.22;
 180;0;1.47807;
 123.001;0;-1.9754;
 235.999;0;4.18169;
 
21204
THOR:
Q -0.00136327;1.21106;2.29527;-0.00204251;-0.72972;0.00248571;
Torque -0.55926;6.32036;-4.5621;0.0200179;5.81994;-0.105306;
MotorD 179.922;0;-372.84;
 249.388;3.35997;3160.18;
 221.509;0;-2281.05;
 179.844;0;19.7708;
 137.976;18.1397;2214.04;
 221.596;0;-2097.03;
 
21238
FRIGG:
Q -2.76969e-05;1.33238;1.92792;-7.19053e-06;-0.986099;0.00581927;
Torque 0.00829493;3.111;-2.17625;0.00193646;-0.00846681;-0.00198882;
MotorD 179.998;0;5.52995;
 256.34;0.000106912;1555.5;
 200.462;0;-1088.13;
 179.999;0;1.91255;
 123.001;0;-2.03095;
 235.999;0;4.24075;
 
21238
ODIN:
Q -2.58327e-05;1.33238;1.92792;5.19316e-06;-0.986098;0.00581936;
Torque 0.00795576;3.11071;-2.17595;-0.00129616;-0.00875357;-0.0020336;
MotorD 179.999;0;5.30384;
 256.34;-0.00106026;1555.35;
 200.462;0;-1087.97;
 180;0;-1.28016;
 123.001;0;-2.11229;
 235.999;0;4.37184;
 
21238
LOKI:
Q -2.37021e-05;1.33238;1.92792;-5.3929e-06;-0.986099;0.00581936;
Torque 0.00761798;3.11119;-2.17652;0.00173275;-0.00822414;-0.00194447;
MotorD 179.999;0;5.07866;
 256.34;-0.000141397;1555.59;
 200.462;0;-1088.26;
 180;0;1.71136;
 123.001;0;-1.96572;
 235.999;0;4.12624;
 
21238
THOR:
Q -0.00136327;1.21106;2.29527;-0.00204251;-0.72972;0.00248571;
Torque -0.55926;6.32036;-4.5621;0.0200179;5.81994;-0.105306;
MotorD 179.922;0;-372.84;
 249.388;3.35997;3160.18;
 221.509;0;-2281.05;
 179.844;0;19.7708;
 137.976;18.1397;2214.04;
 221.596;0;-2097.03;
 
21277
FRIGG:
Q -2.76969e-05;1.33238;1.92792;-7.19053e-06;-0.986099;0.00581927;
Torque 0.00829493;3.111;-2.17625;0.00193646;-0.00846681;-0.00198882;
MotorD 179.998;0;5.52995;
 256.34;0.000106912;1555.5;
 200.462;0;-1088.13;
 179.999;0;1.91255;
 123.001;0;-2.03095;
 235.999;0;4.24075;
 
21277
ODIN:
Q -2.66316e-05;1.33238;1.92792;4.99343e-06;-0.986098;0.00581945;
Torque 0.00722325;3.11133;-2.17664;-0.00128729;-0.00814449;-0.0018812;
MotorD 179.998;0;4.8155;
 256.34;-0.00163004;1555.66;
 200.462;0;-1088.32;
 180;0;-1.2714;
 123.001;0;-1.97137;
 235.999;0;4.06159;
 
21277
LOKI:
Q -2.37021e-05;1.33238;1.92792;-5.3929e-06;-0.986099;0.00581936;
Torque 0.00761798;3.11119;-2.17652;0.00173275;-0.00822414;-0.00194447;
MotorD 179.999;0;5.07866;
 256.34;-0.000141397;1555.59;
 200.462;0;-1088.26;
 180;0;1.71136;
 123.001;0;-1.96572;
 235.999;0;4.12624;
 
21277
THOR:
Q -6.31169e-05;1.21454;2.29444;-0.00128731;-0.713596;0.00230328;
Torque -0.626669;6.00622;-4.26673;-0.0314095;5.42065;-0.110494;
MotorD 179.996;0;-417.779;
 249.588;4.55989;3003.11;
 221.462;0;-2133.36;
 179.902;0;-31.0217;
 138.916;18.7761;2069.03;
 220.688;0;-1946.26;
 
21319
FRIGG:
Q -2.79632e-05;1.33238;1.92792;-6.9908e-06;-0.986099;0.00581945;
Torque 0.0072101;3.11105;-2.17628;0.00175795;-0.00839745;-0.00190024;
MotorD 179.998;0;4.80673;
 256.34;3.21647e-06;1555.52;
 200.462;0;-1088.14;
 179.999;0;1.73624;
 123.001;0;-2.05448;
 235.999;0;4.16586;
 
21319
ODIN:
Q -2.66316e-05;1.33238;1.92792;4.99343e-06;-0.986098;0.00581945;
Torque 0.00722325;3.11133;-2.17664;-0.00128729;-0.00814449;-0.0018812;
MotorD 179.998;0;4.8155;
 256.34;-0.00163004;1555.66;
 200.462;0;-1088.32;
 180;0;-1.2714;
 123.001;0;-1.97137;
 235.999;0;4.06159;
 
21319
LOKI:
Q -2.50337e-05;1.33238;1.92792;-5.79238e-06;-0.986099;0.00581945;
Torque 0.00718663;3.11117;-2.17647;0.0018443;-0.00825173;-0.0018908;
MotorD 179.999;0;4.79108;
 256.34;-3.57637e-05;1555.58;
 200.462;0;-1088.23;
 180;0;1.82153;
 123.001;0;-2.00575;
 235.999;0;4.10664;
 
21319
THOR:
Q 0.000768322;1.21903;2.29354;-0.000795952;-0.696947;0.0021687;
Torque -0.575275;5.71368;-4.00014;-0.00365156;5.04997;-0.158883;
MotorD 180.044;0;-383.517;
 249.845;5.67732;2856.84;
 221.41;0;-2000.07;
 179.939;0;-3.60648;
 139.881;19.3459;1958.63;
 219.746;0;-1782.09;
 
21358
FRIGG:
Q -2.66316e-05;1.33238;1.92792;-6.59132e-06;-0.986099;0.00581945;
Torque 0.00608676;3.11112;-2.17638;0.00168902;-0.00825237;-0.00175474;
MotorD 179.998;0;4.05784;
 256.34;-0.000137394;1555.56;
 200.462;0;-1088.19;
 179.999;0;1.66817;
 123.001;0;-2.08158;
 235.999;0;4.03129;
 
21358
ODIN:
Q -2.58327e-05;1.33238;1.92792;4.79369e-06;-0.986099;0.00581945;
Torque 0.00624531;3.11147;-2.17679;-0.00129127;-0.00791319;-0.00173846;
MotorD 179.999;0;4.16354;
 256.34;-0.00122803;1555.73;
 200.462;0;-1088.4;
 180;0;-1.27533;
 123.001;0;-1.965;
 235.999;0;3.89662;
 
21359
LOKI:
Q -2.50337e-05;1.33238;1.92792;-5.99211e-06;-0.986099;0.00581945;
Torque 0.00627143;3.11109;-2.17639;0.00181177;-0.00828777;-0.00179982;
MotorD 179.999;0;4.18095;
 256.34;0.000104492;1555.55;
 200.462;0;-1088.2;
 180;0;1.7894;
 123.001;0;-2.06964;
 235.999;0;4.06945;
 
21359
THOR:
Q 0.00115874;1.22451;2.29243;-0.000565056;-0.680399;0.0020936;
Torque -0.428499;5.36729;-3.32461;0.0892683;-0.634711;-0.925579;
MotorD 180.066;0;-285.666;
 250.159;7.00045;2683.64;
 221.347;0;-1662.3;
 179.957;0;88.1662;
 140.836;17.5652;279.132;
 218.804;0;749.289;
 
21400
FRIGG:
Q -2.42348e-05;1.33238;1.92792;-6.39159e-06;-0.986099;0.00581936;
Torque 0.00501629;3.11119;-2.17645;0.00171769;-0.0081314;-0.00158472;
MotorD 179.999;0;3.3442;
 256.34;-0.000202277;1555.59;
 200.462;0;-1088.23;
 180;0;1.69648;
 123.001;0;-2.13123;
 235.999;0;3.89203;
 
21400
ODIN:
Q -2.39684e-05;1.33238;1.92792;4.79369e-06;-0.986099;0.00581945;
Torque 0.00509562;3.11118;-2.17649;-0.00131806;-0.0081361;-0.00162921;
MotorD 179.999;0;3.39708;
 256.34;-0.000301317;1555.59;
 200.462;0;-1088.24;
 180;0;-1.30179;
 123.001;0;-2.10825;
 235.999;0;3.91849;
 
21400
LOKI:
Q -2.34358e-05;1.33238;1.92792;-5.99211e-06;-0.986099;0.00581941;
Torque 0.00498692;3.11103;-2.17632;0.00165792;-0.0082831;-0.00167355;
MotorD 179.999;0;3.32461;
 256.34;0.00016948;1555.51;
 200.462;0;-1088.16;
 180;0;1.63745;
 123.001;0;-2.13806;
 235.999;0;3.99757;
 
21400
THOR:
Q 0.00122745;1.23169;2.29049;-0.000533298;-0.667486;0.00204007;
Torque -0.331874;4.7264;-2.43026;0.142938;-2.29824;-1.13879;
MotorD 180.07;0;-221.249;
 250.57;9.44847;2363.2;
 221.235;0;-1215.13;
 179.959;0;141.173;
 141.581;12.1861;-218.535;
 218.069;0;1483.86;
 
21433
FRIGG:
Q -1.78432e-05;1.33238;1.92792;-6.19185e-06;-0.986099;0.00581874;
Torque -0.000187284;3.1114;-2.17663;0.0015143;-0.00770935;-0.000756714;
MotorD 179.999;0;-0.124856;
 256.34;-0.000421649;1555.7;
 200.462;0;-1088.32;
 180;0;1.4956;
 123.001;0;-2.43492;
 235.999;0;3.27571;
 
21433
ODIN:
Q -1.75769e-05;1.33238;1.92792;4.99343e-06;-0.986099;0.00581892;
Torque -0.000201947;3.11077;-2.17611;-0.0015586;-0.00823158;-0.000877315;
MotorD 179.999;0;-0.134631;
 256.34;0.000405853;1555.39;
 200.462;0;-1088.05;
 180;0;-1.53936;
 123.001;0;-2.56134;
 235.999;0;3.53613;
 
21434
LOKI:
Q -1.67779e-05;1.33238;1.92792;-5.79238e-06;-0.986099;0.00581896;
Torque -0.000544288;3.11082;-2.17614;0.00124434;-0.00819016;-0.000909734;
MotorD 179.999;0;-0.362859;
 256.34;0.000388335;1555.41;
 200.462;0;-1088.07;
 180;0;1.22898;
 123.001;0;-2.52798;
 235.999;0;3.5388;
 
21434
THOR:
Q 0.00122745;1.23169;2.29049;-0.000533298;-0.667486;0.00204007;
Torque -0.331874;4.7264;-2.43026;0.142938;-2.29824;-1.13879;
MotorD 180.07;0;-221.249;
 250.57;9.44847;2363.2;
 221.235;0;-1215.13;
 179.959;0;141.173;
 141.581;12.1861;-218.535;
 218.069;0;1483.86;
 
21461
FRIGG:
Q -1.78432e-05;1.33238;1.92792;-6.19185e-06;-0.986099;0.00581874;
Torque -0.000187284;3.1114;-2.17663;0.0015143;-0.00770935;-0.000756714;
MotorD 179.999;0;-0.124856;
 256.34;-0.000421649;1555.7;
 200.462;0;-1088.32;
 180;0;1.4956;
 123.001;0;-2.43492;
 235.999;0;3.27571;
 
21461
ODIN:
Q -1.75769e-05;1.33238;1.92792;4.99343e-06;-0.986099;0.00581892;
Torque -0.000201947;3.11077;-2.17611;-0.0015586;-0.00823158;-0.000877315;
MotorD 179.999;0;-0.134631;
 256.34;0.000405853;1555.39;
 200.462;0;-1088.05;
 180;0;-1.53936;
 123.001;0;-2.56134;
 235.999;0;3.53613;
 
21461
LOKI:
Q -1.67779e-05;1.33238;1.92792;-5.79238e-06;-0.986099;0.00581896;
Torque -0.000544288;3.11082;-2.17614;0.00124434;-0.00819016;-0.000909734;
MotorD 179.999;0;-0.362859;
 256.34;0.000388335;1555.41;
 200.462;0;-1088.07;
 180;0;1.22898;
 123.001;0;-2.52798;
 235.999;0;3.5388;
 
21461
THOR:
Q 0.00120455;1.24108;2.28837;-0.000527106;-0.659075;0.00199666;
Torque -0.303979;4.08294;-1.93934;0.14376;-1.84359;-1.06391;
MotorD 180.069;0;-202.652;
 251.109;11.9063;2041.47;
 221.114;0;-969.672;
 179.96;0;141.985;
 142.066;7.5033;-91.7489;
 217.591;0;1273.87;
 
21500
FRIGG:
Q -1.14516e-05;1.33238;1.92792;-5.99211e-06;-0.986099;0.00581821;
Torque 0.000681528;3.11133;-2.1766;0.00164255;-0.00779972;-0.000838905;
MotorD 179.999;0;0.454352;
 256.34;-0.000160107;1555.66;
 200.462;0;-1088.3;
 180;0;1.62227;
 123.001;0;-2.42273;
 235.999;0;3.35484;
 
21500
ODIN:
Q -1.11853e-05;1.33238;1.92792;5.19316e-06;-0.986099;0.00581839;
Torque 0.000446604;3.11035;-2.1757;-0.0015527;-0.00862789;-0.00101129;
MotorD 179.999;0;0.297736;
 256.34;0.000909567;1555.17;
 200.462;0;-1087.85;
 180;0;-1.53353;
 123.001;0;-2.63369;
 235.999;0;3.75734;
 
21500
LOKI:
Q -1.012e-05;1.33238;1.92792;-5.19316e-06;-0.986099;0.00581839;
Torque -6.22006e-05;3.11089;-2.17617;0.00114597;-0.00818599;-0.000986409;
MotorD 179.999;0;-0.0414671;
 256.34;0.000127751;1555.44;
 200.462;0;-1088.09;
 180;0;1.13182;
 123.001;0;-2.48384;
 235.999;0;3.57985;
 
21500
THOR:
Q 0.00116513;1.25235;2.28657;-0.000522912;-0.65409;0.00195583;
Torque -0.289804;3.60421;-1.72432;0.143035;-0.995392;-0.934737;
MotorD 180.067;0;-193.203;
 251.755;13.7349;1802.1;
 221.011;0;-862.159;
 179.96;0;141.269;
 142.355;4.28526;150.635;
 217.309;0;887.962;
 
21534
FRIGG:
Q -9.05475e-06;1.33238;1.92792;-5.99211e-06;-0.986099;0.00581803;
Torque 0.00157906;3.11116;-2.1764;0.0017047;-0.0079527;-0.000993071;
MotorD 179.999;0;1.0527;
 256.34;0.000156021;1555.58;
 200.462;0;-1088.2;
 180;0;1.68365;
 123.001;0;-2.39374;
 235.999;0;3.49715;
 
21534
ODIN:
Q -8.52212e-06;1.33238;1.92792;5.3929e-06;-0.986099;0.00581812;
Torque 0.00118739;3.11024;-2.17553;-0.00153898;-0.00877671;-0.00115737;
MotorD 180;0;0.791591;
 256.34;0.000746708;1555.12;
 200.462;0;-1087.77;
 180;0;-1.51998;
 123.001;0;-2.60765;
 235.999;0;3.89362;
 
21534
LOKI:
Q -6.92422e-06;1.33238;1.92792;-4.79369e-06;-0.986099;0.00581821;
Torque 0.000682744;3.11109;-2.17635;0.00115939;-0.00803132;-0.00108059;
MotorD 180;0;0.455162;
 256.34;-0.000188304;1555.54;
 200.462;0;-1088.17;
 180;0;1.14508;
 123.001;0;-2.37424;
 235.999;0;3.57489;
 
21534
THOR:
Q 0.00112359;1.2649;2.28526;-0.000518917;-0.651319;0.00191623;
Torque -0.278524;3.30598;-1.66078;0.142072;-0.285064;-0.823917;
MotorD 180.064;0;-185.682;
 252.473;14.8741;1652.99;
 220.936;0;-830.392;
 179.96;0;140.318;
 142.517;0;352.152;
 217.153;0;563.311;
 
21570
FRIGG:
Q -7.98948e-06;1.33238;1.92792;-5.99211e-06;-0.986099;0.0058179;
Torque 0.00179375;3.11103;-2.17625;0.00164346;-0.008084;-0.00107579;
MotorD 180;0;1.19584;
 256.34;0.000293865;1555.51;
 200.462;0;-1088.13;
 180;0;1.62317;
 123.001;0;-2.39641;
 235.999;0;3.59174;
 
21571
ODIN:
Q -7.19053e-06;1.33238;1.92792;5.3929e-06;-0.986098;0.00581803;
Torque 0.00143207;3.11049;-2.17578;-0.00153488;-0.00857707;-0.00118165;
MotorD 180;0;0.954711;
 256.34;8.01569e-05;1555.25;
 200.462;0;-1087.89;
 180;0;-1.51593;
 123.001;0;-2.52022;
 235.999;0;3.83317;
 
21571
LOKI:
Q -5.59264e-06;1.33238;1.92792;-4.59395e-06;-0.986099;0.00581812;
Torque 0.00108276;3.11122;-2.17649;0.00124109;-0.00793382;-0.00110785;
MotorD 180;0;0.721843;
 256.34;-0.000325545;1555.61;
 200.462;0;-1088.24;
 180;0;1.22577;
 123.001;0;-2.32298;
 235.999;0;3.55393;
 
21571
THOR:
Q 0.00108284;1.27819;2.2844;-0.000515122;-0.649869;0.00187735;
Torque -0.268171;3.14177;-1.67863;0.141052;0.247513;-0.737027;
MotorD 180.062;0;-178.781;
 253.235;15.5013;1570.89;
 220.886;0;-839.317;
 179.961;0;139.311;
 142.604;0;501.131;
 217.073;0;317.788;
 
21603
FRIGG:
Q -7.45685e-06;1.33238;1.92792;-5.79238e-06;-0.986099;0.00581794;
Torque 0.00166437;3.11099;-2.17621;0.00152893;-0.00815254;-0.0011087;
MotorD 180;0;1.10958;
 256.34;0.000243098;1555.49;
 200.462;0;-1088.11;
 180;0;1.51006;
 123.001;0;-2.40351;
 235.999;0;3.6354;
 
21603
ODIN:
Q -6.39159e-06;1.33238;1.92792;5.3929e-06;-0.986098;0.00581803;
Torque 0.00148004;3.11092;-2.17622;-0.00151892;-0.00821494;-0.00114774;
MotorD 180;0;0.986693;
 256.34;-0.000612036;1555.46;
 200.462;0;-1088.11;
 180;0;-1.50016;
 123.001;0;-2.40494;
 235.999;0;3.6802;
 
21603
LOKI:
Q -5.32632e-06;1.33238;1.92792;-4.59395e-06;-0.986099;0.00581803;
Torque 0.00134484;3.11126;-2.17656;0.00134859;-0.0078762;-0.0011113;
MotorD 180;0;0.896559;
 256.34;-0.000273866;1555.63;
 200.462;0;-1088.28;
 180;0;1.33194;
 123.001;0;-2.29972;
 235.999;0;3.5345;
 
21603
THOR:
Q 0.00108284;1.27819;2.2844;-0.000515122;-0.649869;0.00187735;
Torque -0.268171;3.14177;-1.67863;0.141052;0.247513;-0.737027;
MotorD 180.062;0;-178.781;
 253.235;15.5013;1570.89;
 220.886;0;-839.317;
 179.961;0;139.311;
 142.604;0;501.131;
 217.073;0;317.788;
 
21640
FRIGG:
Q -7.45685e-06;1.33238;1.92792;-5.79238e-06;-0.986099;0.00581794;
Torque 0.00166437;3.11099;-2.17621;0.00152893;-0.00815254;-0.0011087;
MotorD 180;0;1.10958;
 256.34;0.000243098;1555.49;
 200.462;0;-1088.11;
 180;0;1.51006;
 123.001;0;-2.40351;
 235.999;0;3.6354;
 
21640
ODIN:
Q -6.39159e-06;1.33238;1.92792;5.3929e-06;-0.986098;0.00581803;
Torque 0.00148004;3.11092;-2.17622;-0.00151892;-0.00821494;-0.00114774;
MotorD 180;0;0.986693;
 256.34;-0.000612036;1555.46;
 200.462;0;-1088.11;
 180;0;-1.50016;
 123.001;0;-2.40494;
 235.999;0;3.6802;
 
21640
LOKI:
Q -5.32632e-06;1.33238;1.92792;-4.79369e-06;-0.986099;0.00581803;
Torque 0.00150836;3.11121;-2.17651;0.00142658;-0.00790744;-0.00112137;
MotorD 180;0;1.00557;
 256.34;-0.000122853;1555.61;
 200.462;0;-1088.26;
 180;0;1.40897;
 123.001;0;-2.3057;
 235.999;0;3.55166;
 
21640
THOR:
Q 0.00104316;1.29187;2.28391;-0.000511527;-0.649174;0.00183936;
Torque -0.258338;3.06873;-1.74058;0.140015;0.61939;-0.671874;
MotorD 180.06;0;-172.225;
 254.019;15.7803;1534.37;
 220.858;0;-870.292;
 179.961;0;138.287;
 142.647;0;602.667;
 217.037;0;143.86;
 
21681
FRIGG:
Q -6.92422e-06;1.33238;1.92792;-5.59264e-06;-0.986099;0.0058179;
Torque 0.00146895;3.11104;-2.17626;0.00143428;-0.00812555;-0.00110923;
MotorD 180;0;0.979297;
 256.34;9.20922e-05;1555.52;
 200.462;0;-1088.13;
 180;0;1.41658;
 123.001;0;-2.39322;
 235.999;0;3.6257;
 
21681
ODIN:
Q -6.12527e-06;1.33238;1.92792;5.3929e-06;-0.986099;0.00581803;
Torque 0.00148288;3.11128;-2.17659;-0.0014902;-0.00785478;-0.00110226;
MotorD 180;0;0.988586;
 256.34;-0.000928496;1555.64;
 200.462;0;-1088.3;
 180;0;-1.47181;
 123.001;0;-2.29681;
 235.999;0;3.52154;
 
21681
LOKI:
Q -5.32632e-06;1.33238;1.92792;-4.79369e-06;-0.986099;0.00581803;
Torque 0.00150836;3.11121;-2.17651;0.00142658;-0.00790744;-0.00112137;
MotorD 180;0;1.00557;
 256.34;-0.000122853;1555.61;
 200.462;0;-1088.26;
 180;0;1.40897;
 123.001;0;-2.3057;
 235.999;0;3.55166;
 
21681
THOR:
Q 0.00100508;1.30568;2.2837;-0.000507732;-0.64889;0.00180207;
Torque -0.248914;3.05352;-1.82324;0.138979;0.878238;-0.622107;
MotorD 180.058;0;-165.943;
 254.81;15.8384;1526.76;
 220.846;0;-911.618;
 179.961;0;137.263;
 142.666;0;670.888;
 217.024;0;20.3414;
 
21720
FRIGG:
Q -6.12527e-06;1.33238;1.92792;-5.3929e-06;-0.986099;0.00581794;
Torque 0.0013337;3.11111;-2.17634;0.00139035;-0.00801519;-0.00109098;
MotorD 180;0;0.889131;
 256.34;-5.13866e-05;1555.56;
 200.462;0;-1088.17;
 180;0;1.37319;
 123.001;0;-2.36249;
 235.999;0;3.57469;
 
21720
ODIN:
Q -5.85895e-06;1.33238;1.92792;5.3929e-06;-0.986099;0.00581794;
Torque 0.00147474;3.11142;-2.17673;-0.00145907;-0.0076937;-0.00108073;
MotorD 180;0;0.983161;
 256.34;-0.000823052;1555.71;
 200.462;0;-1088.37;
 180;0;-1.44106;
 123.001;0;-2.24912;
 235.999;0;3.44992;
 
21720
LOKI:
Q -5.32632e-06;1.33238;1.92792;-4.79369e-06;-0.986099;0.00581803;
Torque 0.0015606;3.11117;-2.17643;0.00145077;-0.00793877;-0.00113071;
MotorD 180;0;1.0404;
 256.34;2.24182e-05;1555.58;
 200.462;0;-1088.22;
 180;0;1.43286;
 123.001;0;-2.31211;
 235.999;0;3.56846;
 
21720
THOR:
Q 0.000968325;1.31922;2.28345;-0.000503937;-0.648801;0.00176568;
Torque -0.239841;1.40618;-1.34639;0.137955;0.859699;-0.609597;
MotorD 180.055;0;-159.894;
 255.586;14.6261;703.09;
 220.832;0;-673.196;
 179.962;0;136.252;
 142.675;0;657.072;
 217.022;0;20.2577;
 
21762
FRIGG:
Q -5.85895e-06;1.33238;1.92792;-5.3929e-06;-0.986099;0.00581781;
Torque 0.00176457;3.11124;-2.17644;0.00181568;-0.0079137;-0.00101156;
MotorD 180;0;1.17638;
 256.34;-0.000228022;1555.62;
 200.462;0;-1088.22;
 180;0;1.79326;
 123.001;0;-2.36902;
 235.999;0;3.49298;
 
21762
ODIN:
Q -5.59264e-06;1.33238;1.92792;5.3929e-06;-0.986099;0.00581794;
Torque 0.00144981;3.11001;-2.17541;-0.00143779;-0.00884056;-0.0012342;
MotorD 180;0;0.966538;
 256.34;0.00186594;1555;
 200.462;0;-1087.7;
 180;0;-1.42004;
 123.001;0;-2.58861;
 235.999;0;3.95995;
 
21762
LOKI:
Q -5.32632e-06;1.33238;1.92792;-4.79369e-06;-0.986099;0.00581803;
Torque 0.00103377;3.11104;-2.17634;0.00100518;-0.00807937;-0.00121417;
MotorD 180;0;0.689178;
 256.34;0.000197822;1555.52;
 200.462;0;-1088.17;
 180;0;0.992767;
 123.001;0;-2.31782;
 235.999;0;3.6669;
 
21762
THOR:
Q 0.000933172;1.33053;2.28185;-0.000500341;-0.64835;0.0017299;
Torque -0.231081;0.0304087;-0.0812526;0.136949;-0.425314;-0.766259;
MotorD 180.053;0;-154.054;
 256.234;11.4213;15.2043;
 220.741;0;-40.6263;
 179.962;0;135.259;
 142.704;0;268.176;
 216.999;0;583.223;
 
21801
FRIGG:
Q -6.6579e-06;1.33238;1.92792;-5.99211e-06;-0.986099;0.00581785;
Torque 0.0023302;3.11125;-2.17649;0.00202081;-0.00785758;-0.00106057;
MotorD 180;0;1.55347;
 256.34;-0.000190769;1555.62;
 200.462;0;-1088.24;
 180;0;1.99586;
 123.001;0;-2.32101;
 235.999;0;3.49942;
 
21801
ODIN:
Q -5.59264e-06;1.33238;1.92792;5.3929e-06;-0.986098;0.00581803;
Torque 0.00139517;3.10887;-2.17407;-0.00143563;-0.0100144;-0.00139206;
MotorD 180;0;0.930111;
 256.34;0.00281161;1554.44;
 200.462;0;-1087.03;
 180;0;-1.4179;
 123.001;0;-2.93569;
 235.999;0;4.48242;
 
21801
LOKI:
Q -4.26106e-06;1.33238;1.92792;-3.99474e-06;-0.986099;0.00581803;
Torque 0.000373112;3.11103;-2.17629;0.000779181;-0.00809599;-0.00115911;
MotorD 180;0;0.248742;
 256.34;0.000162118;1555.52;
 200.462;0;-1088.14;
 180;0;0.769562;
 123.001;0;-2.35457;
 235.999;0;3.64246;
 
21801
THOR:
Q 0.000899083;1.33917;2.27937;-0.000496546;-0.647244;0.00169492;
Torque -0.222633;-0.800689;0.858529;0.135953;-1.96995;-0.957847;
MotorD 180.052;0;-148.422;
 256.729;8.55702;-400.345;
 220.598;0;429.264;
 179.962;0;134.275;
 142.77;0;-197.474;
 216.939;0;1261.75;
 
21844
FRIGG:
Q -7.19053e-06;1.33238;1.92792;-6.39159e-06;-0.986099;0.0058179;
Torque 0.00205299;3.11118;-2.17642;0.00179171;-0.0079205;-0.0011163;
MotorD 180;0;1.36866;
 256.34;4.83221e-07;1555.59;
 200.462;0;-1088.21;
 180;0;1.76959;
 123.001;0;-2.31335;
 235.999;0;3.55369;
 
21844
ODIN:
Q -5.32632e-06;1.33239;1.92792;5.19316e-06;-0.986098;0.00581803;
Torque 0.00132493;3.10954;-2.1747;-0.0014371;-0.0094678;-0.00131837;
MotorD 180;0;0.883287;
 256.34;0.000676161;1554.77;
 200.462;0;-1087.35;
 180;0;-1.41936;
 123.001;0;-2.77416;
 235.999;0;4.23902;
 
21844
LOKI:
Q -3.19579e-06;1.33238;1.92792;-3.795e-06;-0.986099;0.00581803;
Torque 0.000550743;3.1111;-2.17636;0.000987461;-0.00799284;-0.00109617;
MotorD 180;0;0.367162;
 256.34;-2.91477e-05;1555.55;
 200.462;0;-1088.18;
 180;0;0.97527;
 123.001;0;-2.35133;
 235.999;0;3.56929;
 
21844
THOR:
Q 0.000899083;1.33917;2.27937;-0.000496546;-0.647244;0.00169492;
Torque -0.222633;-0.800689;0.858529;0.135953;-1.96995;-0.957847;
MotorD 180.052;0;-148.422;
 256.729;8.55702;-400.345;
 220.598;0;429.264;
 179.962;0;134.275;
 142.77;0;-197.474;
 216.939;0;1261.75;
 
21883
FRIGG:
Q -7.19053e-06;1.33238;1.92792;-6.39159e-06;-0.986099;0.0058179;
Torque 0.00205299;3.11118;-2.17642;0.00179171;-0.0079205;-0.0011163;
MotorD 180;0;1.36866;
 256.34;4.83221e-07;1555.59;
 200.462;0;-1088.21;
 180;0;1.76959;
 123.001;0;-2.31335;
 235.999;0;3.55369;
 
21884
ODIN:
Q -5.32632e-06;1.33239;1.92792;5.19316e-06;-0.986098;0.00581803;
Torque 0.00132493;3.10954;-2.1747;-0.0014371;-0.0094678;-0.00131837;
MotorD 180;0;0.883287;
 256.34;0.000676161;1554.77;
 200.462;0;-1087.35;
 180;0;-1.41936;
 123.001;0;-2.77416;
 235.999;0;4.23902;
 
21884
LOKI:
Q -3.19579e-06;1.33238;1.92792;-3.795e-06;-0.986099;0.00581803;
Torque 0.000550743;3.1111;-2.17636;0.000987461;-0.00799284;-0.00109617;
MotorD 180;0;0.367162;
 256.34;-2.91477e-05;1555.55;
 200.462;0;-1088.18;
 180;0;0.97527;
 123.001;0;-2.35133;
 235.999;0;3.56929;
 
21884
THOR:
Q 0.000866326;1.34552;2.27681;-0.000492951;-0.645818;0.00166066;
Torque -0.214477;-1.2676;1.42202;0.134957;-3.08611;-1.09259;
MotorD 180.05;0;-142.985;
 257.093;6.17133;-633.802;
 220.452;0;711.008;
 179.962;0;133.291;
 142.855;0;-536.008;
 216.86;0;1750;
 
21920
FRIGG:
Q -6.92422e-06;1.33238;1.92792;-5.99211e-06;-0.986099;0.0058179;
Torque 0.00142196;3.11112;-2.17632;0.00144806;-0.00802593;-0.00114754;
MotorD 180;0;0.947973;
 256.34;0.000120497;1555.56;
 200.462;0;-1088.16;
 180;0;1.43018;
 123.001;0;-2.33505;
 235.999;0;3.61009;
 
21920
ODIN:
Q -5.06001e-06;1.33238;1.92792;5.19316e-06;-0.986098;0.00581803;
Torque 0.00126653;3.11083;-2.17601;-0.00143004;-0.00836398;-0.00116918;
MotorD 180;0;0.844354;
 256.34;-0.0015431;1555.41;
 200.462;0;-1088.01;
 180;0;-1.41239;
 123.001;0;-2.44822;
 235.999;0;3.74731;
 
21920
LOKI:
Q -3.19579e-06;1.33238;1.92792;-3.795e-06;-0.986099;0.00581803;
Torque 0.00108687;3.11119;-2.17646;0.00131055;-0.00788752;-0.00106278;
MotorD 180;0;0.72458;
 256.34;-0.000147951;1555.6;
 200.462;0;-1088.23;
 180;0;1.29437;
 123.001;0;-2.33087;
 235.999;0;3.51174;
 
21920
THOR:
Q 0.000834635;1.34997;2.27468;-0.000489356;-0.644478;0.00162701;
Torque -0.206651;-1.40749;1.64068;0.13396;-3.62465;-1.15062;
MotorD 180.048;0;-137.767;
 257.347;0;-703.746;
 220.329;0;820.338;
 179.963;0;132.306;
 142.934;0;-703.232;
 216.786;0;1981.69;
 
21958
FRIGG:
Q -5.85895e-06;1.33238;1.92792;-5.59264e-06;-0.986099;0.0058179;
Torque 0.000844386;3.11109;-2.17629;0.00118169;-0.0080262;-0.0011429;
MotorD 180;0;0.562924;
 256.34;0.000114141;1555.54;
 200.462;0;-1088.14;
 180;0;1.1671;
 123.001;0;-2.33772;
 235.999;0;3.60761;
 
21958
ODIN:
Q -4.79369e-06;1.33238;1.92792;5.19316e-06;-0.986098;0.00581799;
Torque 0.00122851;3.11189;-2.1771;-0.00141245;-0.00734912;-0.00103152;
MotorD 180;0;0.819007;
 256.34;-0.00258424;1555.94;
 200.462;0;-1088.55;
 180;0;-1.39502;
 123.001;0;-2.14883;
 235.999;0;3.29496;
 
21958
LOKI:
Q -3.72843e-06;1.33238;1.92792;-4.39422e-06;-0.986099;0.00581794;
Torque 0.00157315;3.11122;-2.17649;0.00155637;-0.00784773;-0.0010601;
MotorD 180;0;1.04877;
 256.34;-0.000141395;1555.61;
 200.462;0;-1088.24;
 180;0;1.53716;
 123.001;0;-2.31762;
 235.999;0;3.49551;
 
21958
THOR:
Q 0.00080534;1.35269;2.27329;-0.00048596;-0.643518;0.00159399;
Torque -0.199052;-1.24792;1.55585;0.132958;-3.64258;-1.13864;
MotorD 180.046;0;-132.701;
 257.503;0;-623.959;
 220.25;0;777.924;
 179.963;0;131.317;
 142.992;0;-716.527;
 216.734;0;1981.68;
 
21999
FRIGG:
Q -4.52737e-06;1.33238;1.92792;-4.99343e-06;-0.986099;0.00581803;
Torque 0.000488113;3.1111;-2.17633;0.00104986;-0.00798549;-0.00112291;
MotorD 180;0;0.325409;
 256.34;3.59934e-05;1555.55;
 200.462;0;-1088.16;
 180;0;1.0369;
 123.001;0;-2.33375;
 235.999;0;3.58142;
 
21999
ODIN:
Q -4.79369e-06;1.33238;1.92792;5.19316e-06;-0.986099;0.00581794;
Torque 0.0012033;3.11244;-2.17767;-0.0013904;-0.0068602;-0.000964421;
MotorD 180;0;0.802197;
 256.34;-0.00248736;1556.22;
 200.462;0;-1088.83;
 180;0;-1.37323;
 123.001;0;-2.00503;
 235.999;0;3.0766;
 
21999
LOKI:
Q -4.52737e-06;1.33238;1.92792;-4.79369e-06;-0.986099;0.0058179;
Torque 0.00182701;3.11121;-2.17645;0.00166774;-0.00788682;-0.0010771;
MotorD 180;0;1.218;
 256.34;-6.68502e-05;1555.61;
 200.462;0;-1088.22;
 180;0;1.64715;
 123.001;0;-2.32266;
 235.999;0;3.51943;
 
21999
THOR:
Q 0.000804008;1.35277;2.27325;-0.000485761;-0.643487;0.00159408;
Torque -0.199106;-1.24885;1.55667;0.132966;-3.64318;-1.13957;
MotorD 180.046;0;-132.737;
 257.508;0;-624.423;
 220.248;0;778.336;
 179.963;0;131.324;
 142.994;0;-716.229;
 216.732;0;1982.42;
 
22041
FRIGG:
Q -4.52737e-06;1.33238;1.92792;-4.99343e-06;-0.986099;0.00581803;
Torque 0.00049894;3.1111;-2.17633;0.00105297;-0.00798766;-0.00112397;
MotorD 180;0;0.332627;
 256.34;3.59934e-05;1555.55;
 200.462;0;-1088.16;
 180;0;1.03997;
 123.001;0;-2.33396;
 235.999;0;3.58282;
 
22041
ODIN:
Q -4.79369e-06;1.33238;1.92792;5.19316e-06;-0.986099;0.00581799;
Torque 0.00120368;3.11242;-2.17765;-0.00139004;-0.00686057;-0.000964448;
MotorD 180;0;0.802457;
 256.34;-0.00243766;1556.21;
 200.462;0;-1088.83;
 180;0;-1.37288;
 123.001;0;-2.00515;
 235.999;0;3.07676;
 
22041
LOKI:
Q -4.79369e-06;1.33238;1.92792;-4.79369e-06;-0.986099;0.0058179;
Torque 0.00183039;3.11121;-2.17645;0.00166475;-0.007886;-0.00107698;
MotorD 180;0;1.22026;
 256.34;-6.31751e-05;1555.61;
 200.462;0;-1088.22;
 180;0;1.6442;
 123.001;0;-2.32242;
 235.999;0;3.51906;
 
22041
THOR:
Q 0.000774714;1.35416;2.27264;-0.000482165;-0.642969;0.00156186;
Torque -0.191839;-0.833727;1.22193;0.13198;-3.2484;-1.0737;
MotorD 180.044;0;-127.893;
 257.588;0;-416.864;
 220.213;0;610.965;
 179.963;0;130.35;
 143.026;0;-606.609;
 216.705;0;1799.61;
 
22078
FRIGG:
Q -3.46211e-06;1.33238;1.92792;-4.39422e-06;-0.986099;0.00581803;
Torque 0.000391143;3.11114;-2.17634;0.00104162;-0.00794821;-0.00110579;
MotorD 180;0;0.260762;
 256.34;-3.82592e-05;1555.57;
 200.462;0;-1088.17;
 180;0;1.02876;
 123.001;0;-2.32945;
 235.999;0;3.55811;
 
22078
ODIN:
Q -4.52737e-06;1.33238;1.92792;5.19316e-06;-0.9861;0.00581794;
Torque 0.00117992;3.11248;-2.17773;-0.00137018;-0.00678956;-0.000954065;
MotorD 180;0;0.786614;
 256.34;-0.00161612;1556.24;
 200.462;0;-1088.87;
 180;0;-1.35327;
 123.001;0;-1.98462;
 235.999;0;3.04469;
 
22078
LOKI:
Q -5.59264e-06;1.33238;1.92792;-5.19316e-06;-0.986099;0.00581794;
Torque 0.00185405;3.11117;-2.17641;0.00165594;-0.0078864;-0.00108835;
MotorD 180;0;1.23604;
 256.34;1.1619e-05;1555.59;
 200.462;0;-1088.2;
 180;0;1.63549;
 123.001;0;-2.31625;
 235.999;0;3.52552;
 
22078
THOR:
Q 0.000746484;1.35434;2.27266;-0.00047857;-0.642897;0.00153025;
Torque -0.184851;-0.307969;0.936136;0.131004;-2.86999;-1.0103;
MotorD 180.043;0;-123.234;
 257.598;0;-153.985;
 220.214;0;468.068;
 179.963;0;129.387;
 143.033;0;-501.685;
 216.704;0;1624.24;
 
22119
FRIGG:
Q -2.39684e-06;1.33238;1.92792;-3.99474e-06;-0.986099;0.00581803;
Torque -7.83835e-05;3.1111;-2.17634;0.000704953;-0.00798402;-0.00114415;
MotorD 180;0;-0.0522557;
 256.34;2.16665e-05;1555.55;
 200.462;0;-1088.17;
 180;0;0.69625;
 123.001;0;-2.32141;
 235.999;0;3.59268;
 
22120
ODIN:
Q -4.52737e-06;1.33238;1.92793;4.99343e-06;-0.9861;0.00581799;
Torque 0.0011504;3.11364;-2.17881;-0.00135351;-0.00581603;-0.000823313;
MotorD 180;0;0.766934;
 256.34;-0.00285405;1556.82;
 200.462;0;-1089.4;
 180;0;-1.3368;
 123.001;0;-1.69669;
 235.999;0;2.61148;
 
22120
LOKI:
Q -6.12527e-06;1.33238;1.92792;-5.59264e-06;-0.986099;0.00581794;
Torque 0.00224113;3.11121;-2.17644;0.00197252;-0.0078499;-0.00104792;
MotorD 180;0;1.49409;
 256.34;-4.84798e-05;1555.6;
 200.462;0;-1088.22;
 180;0;1.94817;
 123.001;0;-2.32519;
 235.999;0;3.48955;
 
22120
THOR:
Q 0.00071932;1.35387;2.27316;-0.000475175;-0.642909;0.00149927;
Torque -0.178116;0.141157;0.536824;0.130038;-2.83831;-0.993376;
MotorD 180.041;0;-118.744;
 257.571;0;70.5787;
 220.243;0;268.412;
 179.964;0;128.433;
 143.035;0;-499.349;
 216.707;0;1603.1;
 
22152
FRIGG:
Q -1.5979e-06;1.33238;1.92792;-3.59527e-06;-0.986099;0.00581803;
Torque 0.000149753;3.11116;-2.17639;0.000992964;-0.00792172;-0.00106991;
MotorD 180;0;0.0998353;
 256.34;-7.55189e-05;1555.58;
 200.462;0;-1088.19;
 180;0;0.980706;
 123.001;0;-2.33957;
 235.999;0;3.52837;
 
22152
ODIN:
Q -4.26106e-06;1.33238;1.92793;4.99343e-06;-0.986101;0.0058179;
Torque 0.0011165;3.11274;-2.17799;-0.00134188;-0.00646099;-0.000909253;
MotorD 180;0;0.744335;
 256.339;-0.000393453;1556.37;
 200.462;0;-1089;
 180;0;-1.32531;
 123.001;0;-1.88782;
 235.999;0;2.8981;
 
22152
LOKI:
Q -6.6579e-06;1.33238;1.92792;-5.99211e-06;-0.986099;0.00581794;
Torque 0.00193655;3.11115;-2.17639;0.0016648;-0.00791159;-0.0011205;
MotorD 180;0;1.29103;
 256.34;4.8255e-05;1555.58;
 200.462;0;-1088.19;
 180;0;1.64425;
 123.001;0;-2.30772;
 235.999;0;3.55272;
 
22152
THOR:
Q 0.000707602;1.3535;2.27351;-0.000473577;-0.642918;0.00148578;
Torque -0.175004;0.376871;0.335136;0.129586;-2.82294;-0.98541;
MotorD 180.041;0;-116.67;
 257.55;0;188.436;
 220.262;0;167.568;
 179.964;0;127.987;
 143.036;0;-498.085;
 216.709;0;1592.98;
 
22190
FRIGG:
Q -1.33158e-06;1.33238;1.92792;-3.59527e-06;-0.986099;0.00581794;
Torque 0.000400154;3.1112;-2.1764;0.00113934;-0.0078677;-0.00105561;
MotorD 180;0;0.266769;
 256.34;-9.7552e-05;1555.6;
 200.462;0;-1088.2;
 180;0;1.12528;
 123.001;0;-2.32752;
 235.999;0;3.50041;
 
22190
ODIN:
Q -4.26106e-06;1.33238;1.92793;4.99343e-06;-0.986101;0.00581794;
Torque 0.00109231;3.11208;-2.17734;-0.00134012;-0.00709166;-0.00099332;
MotorD 180;0;0.728206;
 256.34;0.000731365;1556.04;
 200.462;0;-1088.67;
 180;0;-1.32357;
 123.001;0;-2.07469;
 235.999;0;3.17838;
 
22190
LOKI:
Q -6.6579e-06;1.33238;1.92792;-5.99211e-06;-0.986099;0.00581794;
Torque 0.0016741;3.11114;-2.17638;0.00152265;-0.00792629;-0.00112876;
MotorD 180;0;1.11607;
 256.34;7.02824e-05;1555.57;
 200.462;0;-1088.19;
 180;0;1.50385;
 123.001;0;-2.30857;
 235.999;0;3.56275;
 
22190
THOR:
Q 0.000692955;1.35292;2.27404;-0.000471579;-0.642932;0.00146891;
Torque -0.171585;0.645447;0.104111;0.129085;-2.80392;-0.976319;
MotorD 180.04;0;-114.39;
 257.517;0;322.723;
 220.293;0;52.0555;
 179.964;0;127.491;
 143.036;0;-496.09;
 216.711;0;1580.89;
 
22229
FRIGG:
Q -1.5979e-06;1.33238;1.92792;-3.795e-06;-0.986099;0.00581794;
Torque 0.000664134;3.1112;-2.1764;0.00128477;-0.00786663;-0.00105483;
MotorD 180;0;0.442756;
 256.34;-9.70692e-05;1555.6;
 200.462;0;-1088.2;
 180;0;1.26891;
 123.001;0;-2.32755;
 235.999;0;3.49959;
 
22229
ODIN:
Q -4.26106e-06;1.33238;1.92793;4.99343e-06;-0.986101;0.0058179;
Torque 0.00106741;3.11152;-2.17674;-0.00134035;-0.00757872;-0.00105866;
MotorD 180;0;0.711608;
 256.34;0.00157195;1555.76;
 200.462;0;-1088.37;
 180;0;-1.32381;
 123.001;0;-2.21879;
 235.999;0;3.39508;
 
22229
LOKI:
Q -6.39159e-06;1.33238;1.92792;-5.79238e-06;-0.986099;0.00581794;
Torque 0.00134917;3.11111;-2.17637;0.00135328;-0.00792761;-0.00112898;
MotorD 180;0;0.899444;
 256.34;7.05566e-05;1555.56;
 200.462;0;-1088.19;
 180;0;1.33657;
 123.001;0;-2.30894;
 235.999;0;3.56336;
 
22229
THOR:
Q 0.000667654;1.35164;2.27518;-0.000468184;-0.642966;0.00143917;
Torque -0.165301;1.14484;-0.331357;0.128143;-2.76145;-0.958487;
MotorD 180.038;0;-110.201;
 257.443;0;572.421;
 220.358;0;-165.679;
 179.964;0;126.561;
 143.037;0;-490.266;
 216.716;0;1555.25;
 
22268
FRIGG:
Q -2.13053e-06;1.33238;1.92792;-4.19448e-06;-0.986099;0.00581794;
Torque 0.000981136;3.1112;-2.1764;0.00142113;-0.00785528;-0.00106695;
MotorD 180;0;0.65409;
 256.34;-3.93482e-05;1555.6;
 200.462;0;-1088.2;
 180;0;1.40359;
 123.001;0;-2.31661;
 235.999;0;3.50211;
 
22268
ODIN:
Q -3.99474e-06;1.33238;1.92793;4.99343e-06;-0.9861;0.0058179;
Torque 0.00100736;3.11088;-2.17603;-0.00134327;-0.00817799;-0.00113815;
MotorD 180;0;0.671575;
 256.34;0.00197899;1555.44;
 200.462;0;-1088.02;
 180;0;-1.32669;
 123.001;0;-2.39658;
 235.999;0;3.66119;
 
22268
LOKI:
Q -5.59264e-06;1.33238;1.92792;-5.19316e-06;-0.986099;0.00581794;
Torque 0.000958648;3.11114;-2.17637;0.00119744;-0.00789826;-0.00110981;
MotorD 180;0;0.639099;
 256.34;1.35795e-05;1555.57;
 200.462;0;-1088.19;
 180;0;1.18266;
 123.001;0;-2.30872;
 235.999;0;3.54184;
 
22268
THOR:
Q 0.000643153;1.35019;2.27646;-0.000464788;-0.643048;0.00141006;
Torque -0.159248;1.59436;-0.709621;0.127207;-2.52583;-0.915132;
MotorD 180.037;0;-106.165;
 257.36;0;797.178;
 220.432;0;-354.81;
 179.964;0;125.636;
 143.035;0;-427.086;
 216.723;0;1443.9;
 
22300
FRIGG:
Q -2.66316e-06;1.33238;1.92792;-4.59395e-06;-0.986099;0.00581794;
Torque 0.0010321;3.11117;-2.17637;0.00141533;-0.00789243;-0.00108684;
MotorD 180;0;0.68807;
 256.34;2.64786e-05;1555.58;
 200.462;0;-1088.18;
 180;0;1.39786;
 123.001;0;-2.31932;
 235.999;0;3.52692;
 
22300
ODIN:
Q -3.72843e-06;1.33238;1.92792;4.99343e-06;-0.9861;0.0058179;
Torque 0.000950656;3.11079;-2.1759;-0.00134314;-0.00827326;-0.00114951;
MotorD 180;0;0.633771;
 256.34;0.00136388;1555.39;
 200.462;0;-1087.95;
 180;0;-1.32656;
 123.001;0;-2.42556;
 235.999;0;3.70279;
 
22300
LOKI:
Q -4.79369e-06;1.33238;1.92792;-4.79369e-06;-0.986099;0.00581794;
Torque 0.00083628;3.11118;-2.17641;0.00118377;-0.00786196;-0.00108832;
MotorD 180;0;0.55752;
 256.34;-5.1858e-05;1555.59;
 200.462;0;-1088.2;
 180;0;1.16916;
 123.001;0;-2.30721;
 235.999;0;3.51646;
 
22300
THOR:
Q 0.000619718;1.34872;2.27774;-0.000461193;-0.643301;0.00138147;
Torque -0.153416;1.9557;-1.02739;0.126271;-2.08687;-0.844896;
MotorD 180.036;0;-102.277;
 257.276;0;977.849;
 220.505;0;-513.697;
 179.965;0;124.712;
 143.023;0;-303.529;
 216.74;0;1242.3;
 
22337
FRIGG:
Q -2.92948e-06;1.33238;1.92792;-4.59395e-06;-0.986099;0.00581794;
Torque 0.00091772;3.11112;-2.17632;0.00134127;-0.00790756;-0.00109627;
MotorD 180;0;0.611813;
 256.34;4.84714e-05;1555.56;
 200.462;0;-1088.16;
 180;0;1.32471;
 123.001;0;-2.31968;
 235.999;0;3.53776;
 
22337
ODIN:
Q -3.72843e-06;1.33238;1.92792;4.99343e-06;-0.9861;0.0058179;
Torque 0.000907394;3.11101;-2.17614;-0.00133574;-0.00807213;-0.00112085;
MotorD 180;0;0.60493;
 256.34;0.000512036;1555.5;
 200.462;0;-1088.07;
 180;0;-1.31925;
 123.001;0;-2.36698;
 235.999;0;3.61238;
 
22337
LOKI:
Q -3.99474e-06;1.33238;1.92792;-4.59395e-06;-0.986099;0.00581794;
Torque 0.000882645;3.11122;-2.17645;0.00123856;-0.00780636;-0.00107193;
MotorD 180;0;0.58843;
 256.34;-7.37451e-05;1555.61;
 200.462;0;-1088.23;
 180;0;1.22327;
 123.001;0;-2.29573;
 235.999;0;3.48676;
 
22337
THOR:
Q 0.000619718;1.34872;2.27774;-0.000461193;-0.643301;0.00138147;
Torque -0.153416;1.9557;-1.02739;0.126271;-2.08687;-0.844896;
MotorD 180.036;0;-102.277;
 257.276;0;977.849;
 220.505;0;-513.697;
 179.965;0;124.712;
 143.023;0;-303.529;
 216.74;0;1242.3;
 
22375
FRIGG:
Q -2.92948e-06;1.33238;1.92792;-4.59395e-06;-0.986099;0.00581794;
Torque 0.00091772;3.11112;-2.17632;0.00134127;-0.00790756;-0.00109627;
MotorD 180;0;0.611813;
 256.34;4.84714e-05;1555.56;
 200.462;0;-1088.16;
 180;0;1.32471;
 123.001;0;-2.31968;
 235.999;0;3.53776;
 
22375
ODIN:
Q -3.72843e-06;1.33238;1.92792;4.99343e-06;-0.9861;0.0058179;
Torque 0.000907394;3.11101;-2.17614;-0.00133574;-0.00807213;-0.00112085;
MotorD 180;0;0.60493;
 256.34;0.000512036;1555.5;
 200.462;0;-1088.07;
 180;0;-1.31925;
 123.001;0;-2.36698;
 235.999;0;3.61238;
 
22375
LOKI:
Q -3.99474e-06;1.33238;1.92792;-4.59395e-06;-0.986099;0.00581794;
Torque 0.000882645;3.11122;-2.17645;0.00123856;-0.00780636;-0.00107193;
MotorD 180;0;0.58843;
 256.34;-7.37451e-05;1555.61;
 200.462;0;-1088.23;
 180;0;1.22327;
 123.001;0;-2.29573;
 235.999;0;3.48676;
 
22375
THOR:
Q 0.000597081;1.34736;2.27893;-0.000457797;-0.643694;0.00135351;
Torque -0.147825;2.23854;-1.28478;0.125339;-1.67352;-0.778328;
MotorD 180.034;0;-98.5497;
 257.198;-1.4752;1119.27;
 220.573;0;-642.39;
 179.965;0;123.791;
 143.003;0;-187.419;
 216.765;0;1052.23;
 
22418
FRIGG:
Q -2.92948e-06;1.33238;1.92792;-4.59395e-06;-0.986099;0.00581794;
Torque 0.000761592;3.11113;-2.17633;0.00126208;-0.00789845;-0.00109514;
MotorD 180;0;0.507728;
 256.34;2.62125e-05;1555.57;
 200.462;0;-1088.17;
 180;0;1.2465;
 123.001;0;-2.31694;
 235.999;0;3.53376;
 
22418
ODIN:
Q -3.46211e-06;1.33238;1.92792;4.79369e-06;-0.986099;0.00581794;
Torque 0.000877732;3.1113;-2.17642;-0.00132188;-0.00781388;-0.0010847;
MotorD 180;0;0.585155;
 256.34;-9.71297e-05;1555.65;
 200.462;0;-1088.21;
 180;0;-1.30556;
 123.001;0;-2.29142;
 235.999;0;3.49664;
 
22418
LOKI:
Q -3.72843e-06;1.33238;1.92792;-4.59395e-06;-0.986099;0.00581794;
Torque 0.000972923;3.11121;-2.17644;0.00129856;-0.0078161;-0.00107133;
MotorD 180;0;0.648616;
 256.34;-5.15245e-05;1555.6;
 200.462;0;-1088.22;
 180;0;1.28253;
 123.001;0;-2.29967;
 235.999;0;3.49004;
 
22418
THOR:
Q 0.000575243;1.34617;2.27999;-0.000454602;-0.644139;0.00132608;
Torque -0.142434;2.44786;-1.47533;0.12441;-1.35604;-0.724764;
MotorD 180.033;0;-94.9563;
 257.13;-1.25977;1223.93;
 220.634;0;-737.664;
 179.965;0;122.874;
 142.98;0;-99.5903;
 216.792;0;904.883;
 
22456
FRIGG:
Q -2.92948e-06;1.33238;1.92792;-4.59395e-06;-0.986099;0.00581794;
Torque 0.000657914;3.11116;-2.17636;0.0012215;-0.00787744;-0.00108752;
MotorD 180;0;0.43861;
 256.34;-1.60084e-05;1555.58;
 200.462;0;-1088.18;
 180;0;1.20642;
 123.001;0;-2.31339;
 235.999;0;3.52175;
 
22456
ODIN:
Q -3.46211e-06;1.33238;1.92792;4.79369e-06;-0.9861;0.0058179;
Torque 0.000856702;3.11145;-2.17659;-0.00130551;-0.00767534;-0.0010649;
MotorD 180;0;0.571135;
 256.34;-0.000275344;1555.73;
 200.462;0;-1088.3;
 180;0;-1.28939;
 123.001;0;-2.25111;
 235.999;0;3.43433;
 
22456
LOKI:
Q -3.72843e-06;1.33238;1.92792;-4.59395e-06;-0.986099;0.00581794;
Torque 0.00101402;3.11119;-2.17642;0.00132017;-0.00783666;-0.0010774;
MotorD 180;0;0.676012;
 256.34;-9.27823e-06;1555.59;
 200.462;0;-1088.21;
 180;0;1.30387;
 123.001;0;-2.30391;
 235.999;0;3.50102;
 
22456
THOR:
Q 0.000554204;1.34518;2.28087;-0.000451206;-0.644557;0.00129936;
Torque -0.137247;2.58253;-1.59608;0.123489;-1.15332;-0.686733;
MotorD 180.032;0;-91.4981;
 257.073;-1.00798;1291.27;
 220.684;0;-798.038;
 179.966;0;121.965;
 142.958;0;-45.6361;
 216.819;0;808.672;
 
22498
FRIGG:
Q -2.66316e-06;1.33238;1.92792;-4.39422e-06;-0.986099;0.00581794;
Torque 0.000630111;3.11117;-2.17638;0.00122312;-0.00785966;-0.00107908;
MotorD 180;0;0.420074;
 256.34;-4.87816e-05;1555.59;
 200.462;0;-1088.19;
 180;0;1.20802;
 123.001;0;-2.3115;
 235.999;0;3.51048;
 
22498
ODIN:
Q -3.19579e-06;1.33238;1.92792;4.79369e-06;-0.9861;0.0058179;
Torque 0.000836162;3.11141;-2.17656;-0.00129075;-0.00769126;-0.00106631;
MotorD 180;0;0.557441;
 256.34;-0.000136039;1555.71;
 200.462;0;-1088.28;
 180;0;-1.27482;
 123.001;0;-2.25622;
 235.999;0;3.44101;
 
22498
LOKI:
Q -3.72843e-06;1.33238;1.92792;-4.59395e-06;-0.986099;0.00581794;
Torque 0.000982034;3.11117;-2.1764;0.00129975;-0.00785406;-0.00108457;
MotorD 180;0;0.65469;
 256.34;2.34876e-05;1555.58;
 200.462;0;-1088.2;
 180;0;1.28371;
 123.001;0;-2.30637;
 235.999;0;3.51145;
 
22498
THOR:
Q 0.000533964;1.34443;2.28154;-0.000447811;-0.6449;0.00127308;
Torque -0.132242;2.64521;-1.65086;0.122579;-1.0555;-0.662911;
MotorD 180.031;0;-88.1613;
 257.03;-0.737028;1322.6;
 220.723;0;-825.429;
 179.966;0;121.065;
 142.941;0;-22.6438;
 216.841;0;759.211;
 
22536
FRIGG:
Q -2.39684e-06;1.33238;1.92792;-4.39422e-06;-0.986099;0.00581794;
Torque 0.000660806;3.11121;-2.17638;0.00125114;-0.0078535;-0.00107377;
MotorD 180;0;0.440538;
 256.34;-5.53977e-05;1555.6;
 200.462;0;-1088.19;
 180;0;1.2357;
 123.001;0;-2.31216;
 235.999;0;3.50524;
 
22536
ODIN:
Q -3.19579e-06;1.33238;1.92792;4.79369e-06;-0.9861;0.00581794;
Torque 0.000810077;3.11128;-2.17645;-0.00127986;-0.00777159;-0.0010765;
MotorD 180;0;0.540051;
 256.34;0.00012309;1555.64;
 200.462;0;-1088.23;
 180;0;-1.26406;
 123.001;0;-2.28031;
 235.999;0;3.47642;
 
22536
LOKI:
Q -3.46211e-06;1.33238;1.92792;-4.59395e-06;-0.986099;0.00581794;
Torque 0.000892145;3.11116;-2.1764;0.00125298;-0.00785961;-0.00108819;
MotorD 180;0;0.594763;
 256.34;3.16133e-05;1555.58;
 200.462;0;-1088.2;
 180;0;1.23751;
 123.001;0;-2.30642;
 235.999;0;3.51552;
 
22536
THOR:
Q 0.000533964;1.34443;2.28154;-0.000447811;-0.6449;0.00127308;
Torque -0.132242;2.64521;-1.65086;0.122579;-1.0555;-0.662911;
MotorD 180.031;0;-88.1613;
 257.03;-0.737028;1322.6;
 220.723;0;-825.429;
 179.966;0;121.065;
 142.941;0;-22.6438;
 216.841;0;759.211;
 
22570
FRIGG:
Q -2.39684e-06;1.33238;1.92792;-4.39422e-06;-0.986099;0.00581794;
Torque 0.000660806;3.11121;-2.17638;0.00125114;-0.0078535;-0.00107377;
MotorD 180;0;0.440538;
 256.34;-5.53977e-05;1555.6;
 200.462;0;-1088.19;
 180;0;1.2357;
 123.001;0;-2.31216;
 235.999;0;3.50524;
 
22570
ODIN:
Q -3.19579e-06;1.33238;1.92792;4.79369e-06;-0.9861;0.00581794;
Torque 0.000810077;3.11128;-2.17645;-0.00127986;-0.00777159;-0.0010765;
MotorD 180;0;0.540051;
 256.34;0.00012309;1555.64;
 200.462;0;-1088.23;
 180;0;-1.26406;
 123.001;0;-2.28031;
 235.999;0;3.47642;
 
22570
LOKI:
Q -3.46211e-06;1.33238;1.92792;-4.59395e-06;-0.986099;0.00581794;
Torque 0.000892145;3.11116;-2.1764;0.00125298;-0.00785961;-0.00108819;
MotorD 180;0;0.594763;
 256.34;3.16133e-05;1555.58;
 200.462;0;-1088.2;
 180;0;1.23751;
 123.001;0;-2.30642;
 235.999;0;3.51552;
 
22570
THOR:
Q 0.000514523;1.34391;2.282;-0.000444615;-0.645142;0.00124742;
Torque -0.127411;2.64147;-1.64591;0.121676;-1.04846;-0.651403;
MotorD 180.029;0;-84.9406;
 257;-0.462612;1320.73;
 220.749;0;-822.955;
 179.966;0;120.174;
 142.929;0;-26.4295;
 216.857;0;750.21;
 
22612
FRIGG:
Q -2.39684e-06;1.33238;1.92792;-4.39422e-06;-0.986099;0.00581785;
Torque 0.000710056;3.1112;-2.1764;0.00128274;-0.00781999;-0.00106747;
MotorD 180;0;0.47337;
 256.34;-4.13386e-05;1555.6;
 200.462;0;-1088.2;
 180;0;1.2669;
 123.001;0;-2.30325;
 235.999;0;3.48933;
 
22612
ODIN:
Q -2.92948e-06;1.33238;1.92792;4.79369e-06;-0.9861;0.0058179;
Torque 0.00077894;3.11114;-2.17628;-0.00127247;-0.00790706;-0.00109431;
MotorD 180;0;0.519293;
 256.34;0.00031947;1555.57;
 200.462;0;-1088.14;
 180;0;-1.25676;
 123.001;0;-2.32059;
 235.999;0;3.53649;
 
22612
LOKI:
Q -3.46211e-06;1.33238;1.92792;-4.59395e-06;-0.986099;0.00581794;
Torque 0.000787035;3.11117;-2.17637;0.00120286;-0.00785389;-0.00108774;
MotorD 180;0;0.52469;
 256.34;1.78195e-05;1555.59;
 200.462;0;-1088.19;
 180;0;1.18801;
 123.001;0;-2.30455;
 235.999;0;3.51315;
 
22612
THOR:
Q 0.000495614;1.34362;2.28225;-0.000441219;-0.645276;0.00122212;
Torque -0.122753;2.58049;-1.59042;0.120782;-1.11593;-0.650048;
MotorD 180.028;0;-81.8354;
 256.984;-0.200091;1290.24;
 220.764;0;-795.212;
 179.966;0;119.291;
 142.923;0;-52.1699;
 216.867;0;774.446;
 
22651
FRIGG:
Q -2.66316e-06;1.33238;1.92792;-4.59395e-06;-0.986099;0.00581785;
Torque 0.000743751;3.11119;-2.17639;0.00130131;-0.00783088;-0.00106929;
MotorD 180;0;0.495834;
 256.34;-1.82716e-05;1555.59;
 200.462;0;-1088.2;
 180;0;1.28525;
 123.001;0;-2.30628;
 235.999;0;3.49437;
 
22651
ODIN:
Q -2.92948e-06;1.33238;1.92792;4.59395e-06;-0.986099;0.00581794;
Torque 0.000745398;3.11102;-2.17615;-0.00126665;-0.0080174;-0.00110833;
MotorD 180;0;0.496932;
 256.34;0.000373711;1555.51;
 200.462;0;-1088.08;
 180;0;-1.25101;
 123.001;0;-2.35367;
 235.999;0;3.58515;
 
22651
LOKI:
Q -3.19579e-06;1.33238;1.92792;-4.39422e-06;-0.986099;0.00581794;
Torque 0.000699955;3.11118;-2.17638;0.00116589;-0.00784266;-0.00108465;
MotorD 180;0;0.466637;
 256.34;-5.20547e-06;1555.59;
 200.462;0;-1088.19;
 180;0;1.1515;
 123.001;0;-2.3021;
 235.999;0;3.50727;
 
22651
THOR:
Q 0.000477505;1.34355;2.28233;-0.000438023;-0.645322;0.00119736;
Torque -0.118262;2.50582;-1.53513;0.119894;-1.16335;-0.646232;
MotorD 180.027;0;-78.8415;
 256.98;-0.019688;1252.91;
 220.768;0;-767.563;
 179.967;0;118.414;
 142.923;0;-71.8532;
 216.871;0;789.888;
 
22691
FRIGG:
Q -2.66316e-06;1.33238;1.92792;-4.59395e-06;-0.986099;0.00581785;
Torque 0.000880592;3.1112;-2.1764;0.00142114;-0.00782201;-0.00105104;
MotorD 180;0;0.587062;
 256.34;-2.90472e-05;1555.6;
 200.462;0;-1088.2;
 180;0;1.4036;
 123.001;0;-2.31313;
 235.999;0;3.48095;
 
22692
ODIN:
Q -2.92948e-06;1.33238;1.92792;4.59395e-06;-0.986099;0.0058179;
Torque 0.000711572;3.11058;-2.17574;-0.00126116;-0.00838258;-0.00115641;
MotorD 180;0;0.474381;
 256.34;0.000951708;1555.29;
 200.462;0;-1087.87;
 180;0;-1.24559;
 123.001;0;-2.46221;
 235.999;0;3.74711;
 
22692
LOKI:
Q -2.66316e-06;1.33238;1.92792;-4.19448e-06;-0.9861;0.0058179;
Torque 0.000510133;3.11118;-2.17638;0.00102768;-0.0078123;-0.00109633;
MotorD 180;0;0.340089;
 256.34;5.53288e-06;1555.59;
 200.462;0;-1088.19;
 180;0;1.01499;
 123.001;0;-2.28437;
 235.999;0;3.50252;
 
22692
THOR:
Q 0.000460194;1.34354;2.28234;-0.000434828;-0.645346;0.00117312;
Torque -0.113939;2.49958;-1.52894;0.119013;-1.15409;-0.635044;
MotorD 180.026;0;-75.9592;
 256.979;-0.00389521;1249.79;
 220.769;0;-764.468;
 179.967;0;117.544;
 142.924;0;-74.6381;
 216.875;0;780.243;
 
22729
FRIGG:
Q -2.92948e-06;1.33238;1.92792;-4.79369e-06;-0.986099;0.00581785;
Torque 0.00090895;3.11121;-2.17638;0.00138695;-0.00780157;-0.00107103;
MotorD 180;0;0.605967;
 256.34;1.15734e-06;1555.61;
 200.462;0;-1088.19;
 180;0;1.36983;
 123.001;0;-2.29445;
 235.999;0;3.48449;
 
22729
ODIN:
Q -2.66316e-06;1.33238;1.92792;4.59395e-06;-0.986099;0.0058179;
Torque 0.000678372;3.11059;-2.17567;-0.00125549;-0.00841963;-0.00116034;
MotorD 180;0;0.452248;
 256.34;0.000576745;1555.29;
 200.462;0;-1087.83;
 180;0;-1.23999;
 123.001;0;-2.47375;
 235.999;0;3.76302;
 
22729
LOKI:
Q -2.39684e-06;1.33238;1.92792;-3.99474e-06;-0.9861;0.0058179;
Torque 0.000430877;3.11119;-2.17639;0.00104375;-0.00779315;-0.00106962;
MotorD 180;0;0.287252;
 256.34;-2.37963e-05;1555.6;
 200.462;0;-1088.2;
 180;0;1.03087;
 123.001;0;-2.29212;
 235.999;0;3.48058;
 
22729
THOR:
Q 0.000443416;1.34354;2.28235;-0.000431632;-0.645367;0.00114933;
Torque -0.10978;2.4991;-1.52985;0.118135;-1.13855;-0.623239;
MotorD 180.025;0;-73.1864;
 256.979;-0.00181189;1249.55;
 220.769;0;-764.924;
 179.967;0;116.677;
 142.924;0;-75.4413;
 216.878;0;767.929;
 
22773
FRIGG:
Q -2.92948e-06;1.33238;1.92792;-4.79369e-06;-0.986099;0.00581785;
Torque 0.00069887;3.11116;-2.17637;0.00125611;-0.00781951;-0.00108301;
MotorD 180;0;0.465913;
 256.34;2.98392e-05;1555.58;
 200.462;0;-1088.18;
 180;0;1.24061;
 123.001;0;-2.29444;
 235.999;0;3.49779;
 
22773
ODIN:
Q -2.66316e-06;1.33238;1.92792;4.59395e-06;-0.986099;0.0058179;
Torque 0.000652492;3.11103;-2.17612;-0.0012457;-0.00803405;-0.0011077;
MotorD 180;0;0.434994;
 256.34;-0.00033211;1555.52;
 200.462;0;-1088.06;
 180;0;-1.23032;
 123.001;0;-2.36018;
 235.999;0;3.59096;
 
22773
LOKI:
Q -2.13053e-06;1.33238;1.92792;-3.99474e-06;-0.9861;0.0058179;
Torque 0.000592235;3.11121;-2.17641;0.00115656;-0.00777513;-0.00105626;
MotorD 180;0;0.394824;
 256.34;-5.32368e-05;1555.6;
 200.462;0;-1088.2;
 180;0;1.14228;
 123.001;0;-2.29287;
 235.999;0;3.46649;
 
22773
THOR:
Q 0.000443416;1.34354;2.28235;-0.000431632;-0.645367;0.00114933;
Torque -0.10978;2.4991;-1.52985;0.118135;-1.13855;-0.623239;
MotorD 180.025;0;-73.1864;
 256.979;-0.00181189;1249.55;
 220.769;0;-764.924;
 179.967;0;116.677;
 142.924;0;-75.4413;
 216.878;0;767.929;
 
22811
FRIGG:
Q -2.92948e-06;1.33238;1.92792;-4.79369e-06;-0.986099;0.00581785;
Torque 0.00069887;3.11116;-2.17637;0.00125611;-0.00781951;-0.00108301;
MotorD 180;0;0.465913;
 256.34;2.98392e-05;1555.58;
 200.462;0;-1088.18;
 180;0;1.24061;
 123.001;0;-2.29444;
 235.999;0;3.49779;
 
22811
ODIN:
Q -2.66316e-06;1.33238;1.92792;4.59395e-06;-0.986099;0.0058179;
Torque 0.000652492;3.11103;-2.17612;-0.0012457;-0.00803405;-0.0011077;
MotorD 180;0;0.434994;
 256.34;-0.00033211;1555.52;
 200.462;0;-1088.06;
 180;0;-1.23032;
 123.001;0;-2.36018;
 235.999;0;3.59096;
 
22811
LOKI:
Q -2.13053e-06;1.33238;1.92792;-3.99474e-06;-0.9861;0.0058179;
Torque 0.000592235;3.11121;-2.17641;0.00115656;-0.00777513;-0.00105626;
MotorD 180;0;0.394824;
 256.34;-5.32368e-05;1555.6;
 200.462;0;-1088.2;
 180;0;1.14228;
 123.001;0;-2.29287;
 235.999;0;3.46649;
 
22811
THOR:
Q 0.000427171;1.34354;2.28236;-0.000428436;-0.645387;0.00112616;
Torque -0.105778;2.49913;-1.53143;0.117261;-1.1226;-0.611576;
MotorD 180.024;0;-70.5185;
 256.979;-0.00125097;1249.57;
 220.769;0;-765.715;
 179.967;0;115.813;
 142.925;0;-76.0126;
 216.881;0;755.542;
 
22841
FRIGG:
Q -2.66316e-06;1.33238;1.92792;-4.59395e-06;-0.986099;0.00581785;
Torque 0.000490594;3.11117;-2.17634;0.00115594;-0.00781536;-0.00107987;
MotorD 180;0;0.327063;
 256.34;2.00762e-05;1555.58;
 200.462;0;-1088.17;
 180;0;1.14167;
 123.001;0;-2.29465;
 235.999;0;3.49451;
 
22841
ODIN:
Q -2.39684e-06;1.33238;1.92792;4.59395e-06;-0.986099;0.00581794;
Torque 0.00063466;3.11143;-2.17655;-0.00123227;-0.00768253;-0.00105962;
MotorD 180;0;0.423107;
 256.34;-0.000786846;1555.72;
 200.462;0;-1088.27;
 180;0;-1.21706;
 123.001;0;-2.2567;
 235.999;0;3.43406;
 
22841
LOKI:
Q -2.13053e-06;1.33238;1.92792;-3.99474e-06;-0.986099;0.00581785;
Torque 0.00075378;3.11123;-2.17644;0.00123885;-0.00777881;-0.00105818;
MotorD 180;0;0.50252;
 256.34;-4.19254e-05;1555.62;
 200.462;0;-1088.22;
 180;0;1.22355;
 123.001;0;-2.29316;
 235.999;0;3.46892;
 
22841
THOR:
Q 0.000411458;1.34354;2.28236;-0.00042524;-0.645407;0.00110344;
Torque -0.101924;2.49944;-1.53329;0.116393;-1.10663;-0.600096;
MotorD 180.024;0;-67.9492;
 256.979;-0.00128803;1249.72;
 220.77;0;-766.644;
 179.968;0;114.956;
 142.926;0;-76.4746;
 216.884;0;743.248;
 
22879
FRIGG:
Q -2.13053e-06;1.33238;1.92792;-4.39422e-06;-0.986099;0.00581785;
Torque 0.000383001;3.11119;-2.17636;0.00111831;-0.00779893;-0.00107037;
MotorD 180;0;0.255334;
 256.34;-1.08075e-05;1555.59;
 200.462;0;-1088.18;
 180;0;1.10451;
 123.001;0;-2.29384;
 235.999;0;3.48314;
 
22879
ODIN:
Q -2.39684e-06;1.33238;1.92792;4.59395e-06;-0.986099;0.00581794;
Torque 0.000620471;3.11155;-2.17671;-0.00121817;-0.00750183;-0.00103467;
MotorD 180;0;0.413648;
 256.34;-0.000712243;1555.78;
 200.462;0;-1088.36;
 180;0;-1.20313;
 123.001;0;-2.20364;
 235.999;0;3.35327;
 
22879
LOKI:
Q -2.39684e-06;1.33238;1.92792;-4.19448e-06;-0.9861;0.0058179;
Torque 0.000816028;3.11122;-2.17642;0.00125872;-0.00775608;-0.00106111;
MotorD 180;0;0.544019;
 256.34;-1.08653e-05;1555.61;
 200.462;0;-1088.21;
 180;0;1.24318;
 123.001;0;-2.28311;
 235.999;0;3.46213;
 
22879
THOR:
Q 0.000396545;1.34354;2.28237;-0.000422044;-0.645427;0.00108107;
Torque -0.098206;2.49996;-1.53531;0.115531;-1.09072;-0.588816;
MotorD 180.023;0;-65.4707;
 256.979;-0.00160669;1249.98;
 220.77;0;-767.654;
 179.968;0;114.105;
 142.927;0;-76.8502;
 216.887;0;731.09;
 
22917
FRIGG:
Q -1.86421e-06;1.33238;1.92792;-4.19448e-06;-0.986099;0.00581785;
Torque 0.000377205;3.1112;-2.17637;0.00113102;-0.00778512;-0.00106217;
MotorD 180;0;0.25147;
 256.34;-3.50543e-05;1555.6;
 200.462;0;-1088.18;
 180;0;1.11706;
 123.001;0;-2.29328;
 235.999;0;3.47347;
 
22917
ODIN:
Q -2.39684e-06;1.33238;1.92792;4.39422e-06;-0.9861;0.00581794;
Torque 0.000605056;3.11149;-2.17665;-0.00120623;-0.0075452;-0.00103988;
MotorD 180;0;0.40337;
 256.34;-0.00035256;1555.75;
 200.462;0;-1088.32;
 180;0;-1.19134;
 123.001;0;-2.21681;
 235.999;0;3.37223;
 
22917
LOKI:
Q -2.66316e-06;1.33238;1.92792;-4.19448e-06;-0.9861;0.0058179;
Torque 0.00077927;3.11121;-2.17641;0.00122843;-0.00776954;-0.00106806;
MotorD 180;0;0.519513;
 256.34;1.34351e-05;1555.6;
 200.462;0;-1088.2;
 180;0;1.21326;
 123.001;0;-2.28424;
 235.999;0;3.47098;
 
22917
THOR:
Q 0.000382164;1.34354;2.28238;-0.000419048;-0.645447;0.00105914;
Torque -0.0946229;2.50055;-1.5374;0.11468;-1.07494;-0.577744;
MotorD 180.022;0;-63.0819;
 256.979;-0.00193434;1250.28;
 220.771;0;-768.702;
 179.968;0;113.264;
 142.928;0;-77.1585;
 216.89;0;719.097;
 
22958
FRIGG:
Q -1.5979e-06;1.33238;1.92792;-4.19448e-06;-0.986099;0.00581785;
Torque 0.000424225;3.11123;-2.1764;0.00116379;-0.00778135;-0.00105845;
MotorD 180;0;0.282817;
 256.34;-3.77333e-05;1555.62;
 200.462;0;-1088.2;
 180;0;1.14942;
 123.001;0;-2.29395;
 235.999;0;3.47001;
 
22958
ODIN:
Q -2.13053e-06;1.33238;1.92792;4.39422e-06;-0.9861;0.00581794;
Torque 0.000584168;3.11133;-2.17648;-0.00119758;-0.00768019;-0.0010576;
MotorD 180;0;0.389446;
 256.34;1.41775e-05;1555.67;
 200.462;0;-1088.24;
 180;0;-1.1828;
 123.001;0;-2.25696;
 235.999;0;3.43207;
 
22958
LOKI:
Q -2.66316e-06;1.33238;1.92792;-4.19448e-06;-0.9861;0.0058179;
Torque 0.000689476;3.1112;-2.17637;0.00117814;-0.00777275;-0.00107047;
MotorD 180;0;0.459651;
 256.34;1.74049e-05;1555.6;
 200.462;0;-1088.19;
 180;0;1.16359;
 123.001;0;-2.28409;
 235.999;0;3.4735;
 
22958
THOR:
Q 0.000382164;1.34354;2.28238;-0.000419048;-0.645447;0.00105914;
Torque -0.0946229;2.50055;-1.5374;0.11468;-1.07494;-0.577744;
MotorD 180.022;0;-63.0819;
 256.979;-0.00193434;1250.28;
 220.771;0;-768.702;
 179.968;0;113.264;
 142.928;0;-77.1585;
 216.89;0;719.097;
 
22998
FRIGG:
Q -1.5979e-06;1.33238;1.92792;-4.19448e-06;-0.986099;0.00581785;
Torque 0.000424225;3.11123;-2.1764;0.00116379;-0.00778135;-0.00105845;
MotorD 180;0;0.282817;
 256.34;-3.77333e-05;1555.62;
 200.462;0;-1088.2;
 180;0;1.14942;
 123.001;0;-2.29395;
 235.999;0;3.47001;
 
22998
ODIN:
Q -2.13053e-06;1.33238;1.92792;4.39422e-06;-0.9861;0.00581794;
Torque 0.000584168;3.11133;-2.17648;-0.00119758;-0.00768019;-0.0010576;
MotorD 180;0;0.389446;
 256.34;1.41775e-05;1555.67;
 200.462;0;-1088.24;
 180;0;-1.1828;
 123.001;0;-2.25696;
 235.999;0;3.43207;
 
22998
LOKI:
Q -2.66316e-06;1.33238;1.92792;-4.19448e-06;-0.9861;0.0058179;
Torque 0.000689476;3.1112;-2.17637;0.00117814;-0.00777275;-0.00107047;
MotorD 180;0;0.459651;
 256.34;1.74049e-05;1555.6;
 200.462;0;-1088.19;
 180;0;1.16359;
 123.001;0;-2.28409;
 235.999;0;3.4735;
 
22998
THOR:
Q 0.000368049;1.34353;2.28239;-0.000415853;-0.645466;0.00103766;
Torque -0.0911645;2.50113;-1.53942;0.113835;-1.05945;-0.566888;
MotorD 180.021;0;-60.7763;
 256.979;-0.0021054;1250.56;
 220.771;0;-769.711;
 179.968;0;112.429;
 142.928;0;-77.4503;
 216.893;0;707.326;
 
23031
FRIGG:
Q -1.5979e-06;1.33238;1.92792;-4.19448e-06;-0.9861;0.0058179;
Torque 0.000473631;3.11122;-2.1764;0.0011898;-0.0077477;-0.00105398;
MotorD 180;0;0.315754;
 256.34;-2.38036e-05;1555.61;
 200.462;0;-1088.2;
 180;0;1.17511;
 123.001;0;-2.28398;
 235.999;0;3.45507;
 
23031
ODIN:
Q -2.13053e-06;1.33238;1.92792;4.39422e-06;-0.9861;0.00581794;
Torque 0.000560292;3.11119;-2.17633;-0.00119127;-0.00782283;-0.00107627;
MotorD 180;0;0.373528;
 256.34;0.000220473;1555.6;
 200.462;0;-1088.17;
 180;0;-1.17656;
 123.001;0;-2.29942;
 235.999;0;3.49527;
 
23031
LOKI:
Q -2.39684e-06;1.33238;1.92792;-4.19448e-06;-0.9861;0.0058179;
Torque 0.000600875;3.11121;-2.17638;0.00113483;-0.00776662;-0.00106885;
MotorD 180;0;0.400583;
 256.34;3.95465e-06;1555.61;
 200.462;0;-1088.19;
 180;0;1.12082;
 123.001;0;-2.28272;
 235.999;0;3.47033;
 
23031
THOR:
Q 0.000354733;1.34353;2.28239;-0.000412857;-0.645485;0.00101671;
Torque -0.0878304;2.5016;-1.54134;0.112997;-1.0442;-0.556236;
MotorD 180.02;0;-58.5536;
 256.979;-0.00209576;1250.8;
 220.772;0;-770.672;
 179.968;0;111.602;
 142.929;0;-77.7209;
 216.896;0;695.761;
 
23067
FRIGG:
Q -1.5979e-06;1.33238;1.92792;-4.19448e-06;-0.9861;0.0058179;
Torque 0.00049244;3.11122;-2.17639;0.00119613;-0.00775749;-0.00105664;
MotorD 180;0;0.328293;
 256.34;-5.75597e-06;1555.61;
 200.462;0;-1088.19;
 180;0;1.18137;
 123.001;0;-2.28612;
 235.999;0;3.46016;
 
23067
ODIN:
Q -2.13053e-06;1.33238;1.92792;4.39422e-06;-0.9861;0.0058179;
Torque 0.000534647;3.11115;-2.17625;-0.00118549;-0.00787682;-0.0010828;
MotorD 180;0;0.356432;
 256.34;0.000238813;1555.58;
 200.462;0;-1088.13;
 180;0;-1.17086;
 123.001;0;-2.31578;
 235.999;0;3.5189;
 
23067
LOKI:
Q -2.39684e-06;1.33238;1.92792;-4.19448e-06;-0.9861;0.0058179;
Torque 0.000542972;3.11122;-2.17639;0.00111126;-0.00775729;-0.00106485;
MotorD 180;0;0.361982;
 256.34;-1.40707e-05;1555.61;
 200.462;0;-1088.19;
 180;0;1.09754;
 123.001;0;-2.28149;
 235.999;0;3.46465;
 
23067
THOR:
Q 0.000341684;1.34353;2.2824;-0.00040986;-0.645504;0.0009962;
Torque -0.0846253;2.50202;-1.54314;0.112165;-1.02924;-0.545806;
MotorD 180.02;0;-56.4168;
 256.979;-0.00197103;1251.01;
 220.772;0;-771.569;
 179.969;0;110.78;
 142.93;0;-77.9729;
 216.899;0;684.424;
 
23104
FRIGG:
Q -1.5979e-06;1.33238;1.92792;-4.19448e-06;-0.9861;0.0058179;
Torque 0.000476492;3.11121;-2.17638;0.00118409;-0.00776353;-0.00105901;
MotorD 180;0;0.317661;
 256.34;5.41741e-06;1555.6;
 200.462;0;-1088.19;
 180;0;1.16947;
 123.001;0;-2.28704;
 235.999;0;3.46372;
 
23104
ODIN:
Q -1.86421e-06;1.33238;1.92792;4.39422e-06;-0.986099;0.00581785;
Torque 0.00051103;3.11114;-2.17627;-0.00117863;-0.00787171;-0.00108133;
MotorD 180;0;0.340687;
 256.34;0.000136747;1555.57;
 200.462;0;-1088.14;
 180;0;-1.16408;
 123.001;0;-2.31471;
 235.999;0;3.51619;
 
23104
LOKI:
Q -2.13053e-06;1.33238;1.92792;-3.99474e-06;-0.9861;0.0058179;
Torque 0.000521046;3.11123;-2.1764;0.00110619;-0.00775089;-0.00106123;
MotorD 180;0;0.347364;
 256.34;-2.52244e-05;1555.61;
 200.462;0;-1088.2;
 180;0;1.09254;
 123.001;0;-2.28113;
 235.999;0;3.46028;
 
23104
THOR:
Q 0.000341684;1.34353;2.2824;-0.00040986;-0.645504;0.0009962;
Torque -0.0846253;2.50202;-1.54314;0.112165;-1.02924;-0.545806;
MotorD 180.02;0;-56.4168;
 256.979;-0.00197103;1251.01;
 220.772;0;-771.569;
 179.969;0;110.78;
 142.93;0;-77.9729;
 216.899;0;684.424;
 
23142
FRIGG:
Q -1.5979e-06;1.33238;1.92792;-4.19448e-06;-0.9861;0.0058179;
Torque 0.000476492;3.11121;-2.17638;0.00118409;-0.00776353;-0.00105901;
MotorD 180;0;0.317661;
 256.34;5.41741e-06;1555.6;
 200.462;0;-1088.19;
 180;0;1.16947;
 123.001;0;-2.28704;
 235.999;0;3.46372;
 
23142
ODIN:
Q -1.86421e-06;1.33238;1.92792;4.39422e-06;-0.986099;0.00581785;
Torque 0.00051103;3.11114;-2.17627;-0.00117863;-0.00787171;-0.00108133;
MotorD 180;0;0.340687;
 256.34;0.000136747;1555.57;
 200.462;0;-1088.14;
 180;0;-1.16408;
 123.001;0;-2.31471;
 235.999;0;3.51619;
 
23142
LOKI:
Q -2.13053e-06;1.33238;1.92792;-3.99474e-06;-0.9861;0.0058179;
Torque 0.000521046;3.11123;-2.1764;0.00110619;-0.00775089;-0.00106123;
MotorD 180;0;0.347364;
 256.34;-2.52244e-05;1555.61;
 200.462;0;-1088.2;
 180;0;1.09254;
 123.001;0;-2.28113;
 235.999;0;3.46028;
 
23142
THOR:
Q 0.000329433;1.34353;2.28241;-0.000406665;-0.645523;0.00097596;
Torque -0.0815315;2.50239;-1.54486;0.111337;-1.01455;-0.535568;
MotorD 180.019;0;-54.3544;
 256.979;-0.00182311;1251.2;
 220.772;0;-772.428;
 179.969;0;109.962;
 142.93;0;-78.2218;
 216.902;0;673.298;
 
23176
FRIGG:
Q -1.5979e-06;1.33238;1.92792;-4.19448e-06;-0.9861;0.0058179;
Torque 0.000439272;3.11121;-2.17638;0.00116276;-0.00776415;-0.00105973;
MotorD 180;0;0.292848;
 256.34;5.58138e-06;1555.6;
 200.462;0;-1088.19;
 180;0;1.1484;
 123.001;0;-2.28687;
 235.999;0;3.46435;
 
23176
ODIN:
Q -1.86421e-06;1.33238;1.92792;4.39422e-06;-0.986099;0.00581785;
Torque 0.000491367;3.11121;-2.17631;-0.00117009;-0.0078125;-0.00107268;
MotorD 180;0;0.327578;
 256.34;1.146e-05;1555.6;
 200.462;0;-1088.15;
 180;0;-1.15565;
 123.001;0;-2.29758;
 235.999;0;3.48945;
 
23176
LOKI:
Q -2.13053e-06;1.33238;1.92792;-3.99474e-06;-0.9861;0.0058179;
Torque 0.000522315;3.11123;-2.1764;0.00111057;-0.00771089;-0.00105414;
MotorD 180;0;0.34821;
 256.34;-2.5443e-05;1555.61;
 200.462;0;-1088.2;
 180;0;1.09686;
 123.001;0;-2.27025;
 235.999;0;3.44152;
 
23176
THOR:
Q 0.000317182;1.34353;2.28241;-0.000403669;-0.645541;0.000956252;
Torque -0.0785581;2.50276;-1.54653;0.110514;-1.00008;-0.525543;
MotorD 180.018;0;-52.3721;
 256.978;-0.00171711;1251.38;
 220.773;0;-773.265;
 179.969;0;109.15;
 142.931;0;-78.4316;
 216.905;0;662.369;
 
23216
FRIGG:
Q -1.5979e-06;1.33238;1.92792;-4.19448e-06;-0.9861;0.0058179;
Torque 0.000398052;3.11121;-2.17635;0.00114166;-0.00776071;-0.00105889;
MotorD 180;0;0.265368;
 256.34;-2.00003e-06;1555.61;
 200.462;0;-1088.18;
 180;0;1.12757;
 123.001;0;-2.28607;
 235.999;0;3.46261;
 
23216
ODIN:
Q -1.86421e-06;1.33238;1.92792;4.39422e-06;-0.986099;0.00581785;
Torque 0.000474859;3.11125;-2.17636;-0.00116034;-0.00777104;-0.00106628;
MotorD 180;0;0.316572;
 256.34;-7.2441e-05;1555.63;
 200.462;0;-1088.18;
 180;0;-1.14601;
 123.001;0;-2.28578;
 235.999;0;3.47054;
 
23216
LOKI:
Q -1.86421e-06;1.33238;1.92792;-3.99474e-06;-0.9861;0.0058179;
Torque 0.000528469;3.11122;-2.17642;0.0011148;-0.00771429;-0.001054;
MotorD 180;0;0.352313;
 256.34;-1.77541e-05;1555.61;
 200.462;0;-1088.21;
 180;0;1.10104;
 123.001;0;-2.27159;
 235.999;0;3.4427;
 
23216
THOR:
Q 0.000305731;1.34353;2.28242;-0.000400673;-0.64556;0.0009369;
Torque -0.0756943;2.50312;-1.54817;0.109698;-0.98582;-0.515706;
MotorD 180.018;0;-50.4629;
 256.978;-0.00167188;1251.56;
 220.773;0;-774.087;
 179.969;0;108.343;
 142.932;0;-78.6149;
 216.907;0;651.622;
 
23255
FRIGG:
Q -1.5979e-06;1.33238;1.92792;-3.99474e-06;-0.9861;0.0058179;
Torque 0.0003655;3.11122;-2.17636;0.00112641;-0.0077559;-0.00105733;
MotorD 180;0;0.243667;
 256.34;-1.15246e-05;1555.61;
 200.462;0;-1088.18;
 180;0;1.11251;
 123.001;0;-2.28515;
 235.999;0;3.45996;
 
23255
ODIN:
Q -1.86421e-06;1.33238;1.92792;4.19448e-06;-0.9861;0.0058179;
Torque 0.000460107;3.11129;-2.1764;-0.00115028;-0.00771939;-0.00105863;
MotorD 180;0;0.306738;
 256.34;-9.47943e-05;1555.65;
 200.462;0;-1088.2;
 180;0;-1.13608;
 123.001;0;-2.2709;
 235.999;0;3.44716;
 
23255
LOKI:
Q -1.86421e-06;1.33238;1.92792;-3.99474e-06;-0.9861;0.0058179;
Torque 0.000527184;3.11122;-2.17642;0.00111332;-0.00771875;-0.00105452;
MotorD 180;0;0.351456;
 256.34;-8.27645e-06;1555.61;
 200.462;0;-1088.21;
 180;0;1.09957;
 123.001;0;-2.27295;
 235.999;0;3.44464;
 
23255
THOR:
Q 0.000294546;1.34352;2.28243;-0.000397876;-0.645577;0.000917903;
Torque -0.0729359;2.50354;-1.54984;0.108887;-0.971741;-0.506055;
MotorD 180.017;0;-48.624;
 256.978;-0.00167108;1251.77;
 220.773;0;-774.922;
 179.97;0;107.543;
 142.932;0;-78.7625;
 216.91;0;641.046;
 
23293
FRIGG:
Q -1.33158e-06;1.33238;1.92792;-3.99474e-06;-0.9861;0.0058179;
Torque 0.000345691;3.11122;-2.17639;0.00111772;-0.00775248;-0.00105563;
MotorD 180;0;0.230461;
 256.34;-1.75376e-05;1555.61;
 200.462;0;-1088.2;
 180;0;1.10392;
 123.001;0;-2.28483;
 235.999;0;3.45775;
 
23293
ODIN:
Q -1.5979e-06;1.33238;1.92792;4.19448e-06;-0.9861;0.0058179;
Torque 0.000445856;3.11128;-2.17639;-0.00114072;-0.00772972;-0.00105955;
MotorD 180;0;0.297237;
 256.34;-6.83576e-05;1555.64;
 200.462;0;-1088.19;
 180;0;-1.12664;
 123.001;0;-2.27422;
 235.999;0;3.4515;
 
23293
LOKI:
Q -1.86421e-06;1.33238;1.92792;-3.99474e-06;-0.9861;0.0058179;
Torque 0.000514983;3.11121;-2.17641;0.00110544;-0.00772164;-0.00105505;
MotorD 180;0;0.343322;
 256.34;-2.54235e-06;1555.61;
 200.462;0;-1088.21;
 180;0;1.09179;
 123.001;0;-2.27373;
 235.999;0;3.44601;
 
23293
THOR:
Q 0.000294546;1.34352;2.28243;-0.000397876;-0.645577;0.000917903;
Torque -0.0729359;2.50354;-1.54984;0.108887;-0.971741;-0.506055;
MotorD 180.017;0;-48.624;
 256.978;-0.00167108;1251.77;
 220.773;0;-774.922;
 179.97;0;107.543;
 142.932;0;-78.7625;
 216.91;0;641.046;
 
23329
FRIGG:
Q -1.33158e-06;1.33238;1.92792;-3.99474e-06;-0.9861;0.0058179;
Torque 0.000345691;3.11122;-2.17639;0.00111772;-0.00775248;-0.00105563;
MotorD 180;0;0.230461;
 256.34;-1.75376e-05;1555.61;
 200.462;0;-1088.2;
 180;0;1.10392;
 123.001;0;-2.28483;
 235.999;0;3.45775;
 
23329
ODIN:
Q -1.5979e-06;1.33238;1.92792;4.19448e-06;-0.9861;0.0058179;
Torque 0.000445856;3.11128;-2.17639;-0.00114072;-0.00772972;-0.00105955;
MotorD 180;0;0.297237;
 256.34;-6.83576e-05;1555.64;
 200.462;0;-1088.19;
 180;0;-1.12664;
 123.001;0;-2.27422;
 235.999;0;3.4515;
 
23329
LOKI:
Q -1.86421e-06;1.33238;1.92792;-3.99474e-06;-0.9861;0.0058179;
Torque 0.000514983;3.11121;-2.17641;0.00110544;-0.00772164;-0.00105505;
MotorD 180;0;0.343322;
 256.34;-2.54235e-06;1555.61;
 200.462;0;-1088.21;
 180;0;1.09179;
 123.001;0;-2.27373;
 235.999;0;3.44601;
 
23329
THOR:
Q 0.000283893;1.34352;2.28243;-0.00039488;-0.645595;0.00089935;
Torque -0.070276;2.50393;-1.55146;0.108083;-0.957853;-0.496581;
MotorD 180.016;0;-46.8507;
 256.978;-0.00168668;1251.97;
 220.774;0;-775.731;
 179.97;0;106.748;
 142.933;0;-78.882;
 216.913;0;630.638;
 
23366
FRIGG:
Q -1.33158e-06;1.33238;1.92792;-3.99474e-06;-0.9861;0.0058179;
Torque 0.000335017;3.11122;-2.17639;0.00111305;-0.00771299;-0.00104934;
MotorD 180;0;0.223344;
 256.34;-1.77404e-05;1555.61;
 200.462;0;-1088.2;
 180;0;1.09931;
 123.001;0;-2.2737;
 235.999;0;3.43963;
 
23366
ODIN:
Q -1.5979e-06;1.33238;1.92792;4.19448e-06;-0.9861;0.0058179;
Torque 0.000430706;3.11126;-2.1764;-0.00113202;-0.00770955;-0.00105618;
MotorD 180;0;0.287137;
 256.34;-2.7612e-05;1555.63;
 200.462;0;-1088.2;
 180;0;-1.11804;
 123.001;0;-2.26862;
 235.999;0;3.44216;
 
23366
LOKI:
Q -1.86421e-06;1.33238;1.92792;-3.99474e-06;-0.9861;0.0058179;
Torque 0.000494451;3.11121;-2.17638;0.00109364;-0.00772208;-0.00105518;
MotorD 180;0;0.329634;
 256.34;-2.06844e-06;1555.61;
 200.462;0;-1088.19;
 180;0;1.08014;
 123.001;0;-2.27382;
 235.999;0;3.44624;
 
23366
THOR:
Q 0.000273507;1.34352;2.28244;-0.000391884;-0.645613;0.000881151;
Torque -0.0677056;2.50432;-1.55308;0.107285;-0.944168;-0.487285;
MotorD 180.016;0;-45.1371;
 256.978;-0.00169415;1252.16;
 220.774;0;-776.539;
 179.97;0;105.96;
 142.933;0;-78.9781;
 216.915;0;620.406;
 
23407
FRIGG:
Q -1.33158e-06;1.33238;1.92792;-3.99474e-06;-0.9861;0.0058179;
Torque 0.000327902;3.11122;-2.17639;0.00110915;-0.00771458;-0.0010491;
MotorD 180;0;0.218602;
 256.34;-1.41778e-05;1555.61;
 200.462;0;-1088.19;
 180;0;1.09546;
 123.001;0;-2.27442;
 235.999;0;3.44008;
 
23407
ODIN:
Q -1.5979e-06;1.33238;1.92792;4.19448e-06;-0.9861;0.0058179;
Torque 0.000414828;3.11127;-2.17638;-0.00112403;-0.00772508;-0.00105774;
MotorD 180;0;0.276552;
 256.34;6.50133e-06;1555.64;
 200.462;0;-1088.19;
 180;0;-1.11015;
 123.001;0;-2.27351;
 235.999;0;3.44877;
 
23407
LOKI:
Q -1.86421e-06;1.33238;1.92792;-3.795e-06;-0.9861;0.0058179;
Torque 0.000471463;3.11122;-2.17639;0.00108118;-0.00772033;-0.00105445;
MotorD 180;0;0.314309;
 256.34;-5.64137e-06;1555.61;
 200.462;0;-1088.19;
 180;0;1.06784;
 123.001;0;-2.27358;
 235.999;0;3.44518;
 
23407
THOR:
Q 0.000263387;1.34352;2.28245;-0.000389088;-0.64563;0.000863308;
Torque -0.0652362;2.50473;-1.55468;0.106493;-0.930708;-0.478184;
MotorD 180.015;0;-43.4908;
 256.978;-0.00168183;1252.37;
 220.775;0;-777.342;
 179.97;0;105.178;
 142.934;0;-79.0489;
 216.918;0;610.365;
 
23447
FRIGG:
Q -1.33158e-06;1.33238;1.92792;-3.99474e-06;-0.9861;0.0058179;
Torque 0.000319913;3.11122;-2.17639;0.0011038;-0.00771657;-0.00104911;
MotorD 180;0;0.213275;
 256.34;-9.76419e-06;1555.61;
 200.462;0;-1088.19;
 180;0;1.09017;
 123.001;0;-2.27515;
 235.999;0;3.44083;
 
23447
ODIN:
Q -1.5979e-06;1.33238;1.92792;4.19448e-06;-0.9861;0.0058179;
Torque 0.000399176;3.11124;-2.17634;-0.00111634;-0.00773181;-0.0010583;
MotorD 180;0;0.266118;
 256.34;1.77565e-05;1555.62;
 200.462;0;-1088.17;
 180;0;-1.10256;
 123.001;0;-2.27569;
 235.999;0;3.45158;
 
23447
LOKI:
Q -1.86421e-06;1.33238;1.92792;-3.795e-06;-0.9861;0.0058179;
Torque 0.000451119;3.11122;-2.17639;0.00107034;-0.00771806;-0.00105352;
MotorD 180;0;0.300746;
 256.34;-1.00528e-05;1555.61;
 200.462;0;-1088.19;
 180;0;1.05712;
 123.001;0;-2.27325;
 235.999;0;3.44383;
 
23447
