/****************************************************************
*   Posicion inicial 320,0,-70,0,180,90                         *
*   Movimiento realizado: 320,0,50 + 300,100,120 + 320,0,-70    *
*                                                               *
*   SIM stiffness="0" damping="0.2" frictionloss="0.5"          *
****************************************************************/

THOR	0	1.34343	2.28274	2.75637e-05	-0.646851	1.42035e-06	-5.02815e-07	2.52832	-1.62962	-0.00544895	-0.00952282	0.00683557	180	0	-0.00033521	256.973	-0.00019327	1264.16	220.791	0	-814.809	180.002	0	-5.38168	142.938	0	-7.32451	217.062	0	-0.270569	18
THOR	0	1.34343	2.28274	2.7364e-05	-0.646852	1.50912e-06	-5.06525e-07	2.52838	-1.62962	-0.00540863	-0.00945262	0.00677892	180	0	-0.000337683	256.973	-0.000190308	1264.19	220.791	0	-814.809	180.002	0	-5.34185	142.938	0	-7.26704	217.062	0	-0.265096	62
THOR	0	1.34343	2.28274	2.7364e-05	-0.646852	1.50912e-06	-5.06525e-07	2.52838	-1.62962	-0.00540863	-0.00945262	0.00677892	180	0	-0.000337683	256.973	-0.000190308	1264.19	220.791	0	-814.809	180.002	0	-5.34185	142.938	0	-7.26704	217.062	0	-0.265096	100
THOR	0	1.34343	2.28274	2.71642e-05	-0.646852	1.42035e-06	-5.09461e-07	2.52841	-1.62962	-0.0053686	-0.00938226	0.00672237	180	0	-0.000339641	256.973	-0.000187858	1264.21	220.791	0	-814.809	180.002	0	-5.30232	142.938	0	-7.20956	217.062	0	-0.259735	139
THOR	0	1.34343	2.28274	2.69645e-05	-0.646852	1.50912e-06	-5.13319e-07	2.52844	-1.62962	-0.00532886	-0.00931176	0.0066659	180	0	-0.000342213	256.973	-0.00018582	1264.22	220.791	0	-814.809	180.002	0	-5.26308	142.938	0	-7.15208	217.062	0	-0.25448	175
THOR	0	1.34343	2.28274	2.67648e-05	-0.646853	1.42035e-06	-5.15481e-07	2.52851	-1.62962	-0.00528944	-0.00924098	0.00660946	180	0	-0.000343654	256.973	-0.00018272	1264.25	220.791	0	-814.809	180.002	0	-5.22413	142.938	0	-7.0945	217.062	0	-0.249335	214
THOR	0	1.34343	2.28274	2.6565e-05	-0.646853	1.42035e-06	-5.23071e-07	2.52854	-1.62962	-0.00525028	-0.00916998	0.00655304	180	0	-0.000348714	256.973	-0.000180494	1264.27	220.791	0	-814.809	180.002	0	-5.18546	142.938	0	-7.03687	217.062	0	-0.244287	255
THOR	0	1.34343	2.28274	2.6565e-05	-0.646853	1.42035e-06	-5.23071e-07	2.52854	-1.62962	-0.00525028	-0.00916998	0.00655304	180	0	-0.000348714	256.973	-0.000180494	1264.27	220.791	0	-814.809	180.002	0	-5.18546	142.938	0	-7.03687	217.062	0	-0.244287	296
THOR	0	1.34343	2.28274	2.63653e-05	-0.646853	1.33158e-06	-5.23796e-07	2.52857	-1.62968	-0.00521144	-0.00911494	0.00650746	180	0	-0.000349197	256.973	-0.000178914	1264.28	220.791	0	-814.841	180.002	0	-5.1471	142.938	0	-6.99116	217.062	0	-0.239353	335
THOR	0	1.34343	2.28274	2.61656e-05	-0.646853	1.33158e-06	-5.3235e-07	2.52863	-1.62968	-0.00517285	-0.00904369	0.00645124	180	0	-0.0003549	256.973	-0.000175742	1264.32	220.791	0	-814.84	180.002	0	-5.10899	142.938	0	-6.93353	217.062	0	-0.234506	378
THOR	0	1.34343	2.28274	2.59658e-05	-0.646854	1.24281e-06	-5.33656e-07	2.52866	-1.62968	-0.00513458	-0.00897232	0.00639513	180	0	-0.00035577	256.973	-0.000173254	1264.33	220.791	0	-814.84	180.002	0	-5.07119	142.938	0	-6.87593	217.062	0	-0.229768	416
THOR	0	1.34343	2.28274	2.57661e-05	-0.646854	1.33158e-06	-5.35748e-07	2.52869	-1.62968	-0.00509659	-0.00891684	0.00634978	180	0	-0.000357165	256.973	-0.000171207	1264.35	220.791	0	-814.84	180.002	0	-5.03367	142.938	0	-6.83019	217.062	0	-0.225123	449
THOR	0	1.34343	2.28274	2.57661e-05	-0.646854	1.33158e-06	-5.35748e-07	2.52869	-1.62968	-0.00509659	-0.00891684	0.00634978	180	0	-0.000357165	256.973	-0.000171207	1264.35	220.791	0	-814.84	180.002	0	-5.03367	142.938	0	-6.83019	217.062	0	-0.225123	486
THOR	0	1.34343	2.28274	2.55663e-05	-0.646854	1.24281e-06	-5.43195e-07	2.52876	-1.62968	-0.00505886	-0.0088451	0.00629375	180	0	-0.00036213	256.973	-0.000169284	1264.38	220.791	0	-814.84	180.002	0	-4.99641	142.938	0	-6.77249	217.062	0	-0.220566	527
THOR	0	1.34343	2.28274	2.53666e-05	-0.646855	1.24281e-06	-5.44601e-07	2.52879	-1.62968	-0.00502143	-0.00878927	0.00624851	180	0	-0.000363068	256.973	-0.000166239	1264.39	220.791	0	-814.84	180.002	0	-4.95944	142.938	0	-6.72668	217.062	0	-0.216111	563
THOR	0	1.34343	2.28274	2.51669e-05	-0.646855	1.24281e-06	-5.50047e-07	2.52882	-1.62968	-0.00498426	-0.00873321	0.00620326	180	0	-0.000366698	256.973	-0.000164229	1264.41	220.791	0	-814.84	180.002	0	-4.92272	142.938	0	-6.68078	217.062	0	-0.211736	590
THOR	0	1.34343	2.28274	2.51669e-05	-0.646855	1.24281e-06	-5.50047e-07	2.52882	-1.62968	-0.00498426	-0.00873321	0.00620326	180	0	-0.000366698	256.973	-0.000164229	1264.41	220.791	0	-814.84	180.002	0	-4.92272	142.938	0	-6.68078	217.062	0	-0.211736	629
THOR	0	1.34343	2.28274	2.49671e-05	-0.646855	1.15404e-06	-5.51068e-07	2.52885	-1.62968	-0.00494738	-0.00866097	0.0061474	180	0	-0.000367378	256.973	-0.00016208	1264.43	220.791	0	-814.84	180.002	0	-4.8863	142.938	0	-6.62299	217.062	0	-0.207457	666
THOR	0	1.34343	2.28274	2.47674e-05	-0.646855	1.15404e-06	-5.57248e-07	2.52888	-1.62968	-0.00491077	-0.00860485	0.00610244	180	0	-0.000371499	256.973	-0.000160184	1264.44	220.791	0	-814.84	180.002	0	-4.85014	142.938	0	-6.57722	217.062	0	-0.203261	707
THOR	0	1.34343	2.28274	2.47674e-05	-0.646856	1.15404e-06	-5.62737e-07	2.52894	-1.62968	-0.00487441	-0.00854833	0.00605735	180	0	-0.000375158	256.973	-0.000158309	1264.47	220.791	0	-814.84	180.002	0	-4.81423	142.938	0	-6.53124	217.062	0	-0.199145	746
THOR	0	1.34343	2.28274	2.45677e-05	-0.646856	1.15404e-06	-5.68018e-07	2.52898	-1.62968	-0.00483834	-0.0084917	0.00601235	180	0	-0.000378678	256.973	-0.000155627	1264.49	220.791	0	-814.84	180.002	0	-4.77861	142.938	0	-6.48527	217.062	0	-0.19512	783
THOR	0	1.34343	2.28274	2.43679e-05	-0.646856	1.15404e-06	-5.74528e-07	2.52901	-1.62968	-0.00480652	-0.00842771	0.00596337	180	0	-0.000383019	256.973	-0.00015387	1264.5	220.791	0	-814.84	180.002	0	-4.74718	142.938	0	-6.43436	217.062	0	-0.191609	818
THOR	0	1.34343	2.28274	2.43679e-05	-0.646856	1.15404e-06	-5.71876e-07	2.52901	-1.62968	-0.00480253	-0.00843509	0.00596751	180	0	-0.000381251	256.973	-0.000153365	1264.5	220.791	0	-814.84	180.002	0	-4.74324	142.938	0	-6.43939	217.062	0	-0.191176	858
THOR	0	1.34343	2.28274	2.41682e-05	-0.646856	1.06526e-06	-5.73949e-07	2.52904	-1.62974	-0.004767	-0.00837811	0.00592257	180	0	-0.000382633	256.973	-0.000151707	1264.52	220.791	0	-814.871	180.002	0	-4.70815	142.938	0	-6.39332	217.062	0	-0.187312	898
THOR	0	1.34343	2.28274	2.39684e-05	-0.646857	1.06526e-06	-5.80955e-07	2.52907	-1.62974	-0.00473171	-0.00832119	0.0058778	180	0	-0.000387303	256.973	-0.000149448	1264.53	220.791	0	-814.871	180.002	0	-4.6733	142.938	0	-6.34736	217.062	0	-0.183522	937
THOR	0	1.34343	2.28274	2.37687e-05	-0.646857	1.06526e-06	-5.87112e-07	2.5291	-1.62974	-0.00469669	-0.00826396	0.00583297	180	0	-0.000391408	256.973	-0.000147463	1264.55	220.791	0	-814.871	180.002	0	-4.63871	142.938	0	-6.30127	217.062	0	-0.17981	977
THOR	0	1.34343	2.28274	2.37687e-05	-0.646857	1.06526e-06	-5.87112e-07	2.5291	-1.62974	-0.00469669	-0.00826396	0.00583297	180	0	-0.000391408	256.973	-0.000147463	1264.55	220.791	0	-814.871	180.002	0	-4.63871	142.938	0	-6.30127	217.062	0	-0.17981	1011
THOR	0	1.34343	2.28274	2.3569e-05	-0.646857	1.06526e-06	-5.87596e-07	2.52913	-1.62974	-0.00466195	-0.00820684	0.00578835	180	0	-0.000391731	256.973	-0.000145574	1264.57	220.791	0	-814.871	180.002	0	-4.6044	142.938	0	-6.25532	217.062	0	-0.17618	1052
THOR	0	1.34343	2.28274	2.33692e-05	-0.646857	1.06526e-06	-5.94046e-07	2.52916	-1.62974	-0.00462744	-0.00814946	0.00574368	180	0	-0.00039603	256.973	-0.000143737	1264.58	220.791	0	-814.871	180.002	0	-4.57031	142.938	0	-6.20925	217.062	0	-0.172614	1087
THOR	0	1.34343	2.28274	2.31695e-05	-0.646857	9.76492e-07	-5.9769e-07	2.52919	-1.62974	-0.0045932	-0.00810789	0.00570969	180	0	-0.00039846	256.973	-0.000141859	1264.6	220.791	0	-814.87	180.002	0	-4.53649	142.938	0	-6.17497	217.062	0	-0.169126	1123
THOR	0	1.34343	2.28274	2.31695e-05	-0.646858	9.76492e-07	-6.0066e-07	2.52922	-1.62974	-0.00455921	-0.00805037	0.00566519	180	0	-0.00040044	256.973	-0.000140031	1264.61	220.791	0	-814.87	180.002	0	-4.50293	142.938	0	-6.12895	217.062	0	-0.165709	1163
THOR	0	1.34343	2.28274	2.31695e-05	-0.646858	9.76492e-07	-6.0066e-07	2.52922	-1.62974	-0.00455921	-0.00805037	0.00566519	180	0	-0.00040044	256.973	-0.000140031	1264.61	220.791	0	-814.87	180.002	0	-4.50293	142.938	0	-6.12895	217.062	0	-0.165709	1200
THOR	0	1.34343	2.28274	2.29698e-05	-0.646858	9.76492e-07	-6.10623e-07	2.52926	-1.62974	-0.00452546	-0.00799248	0.00562056	180	0	-0.000407082	256.973	-0.000138162	1264.63	220.791	0	-814.87	180.002	0	-4.46959	142.938	0	-6.08271	217.062	0	-0.162356	1238
THOR	0	1.34343	2.28274	2.277e-05	-0.646858	8.8772e-07	-6.11936e-07	2.52929	-1.62974	-0.00449198	-0.00795076	0.00558685	180	0	-0.000407957	256.973	-0.000136349	1264.64	220.791	0	-814.87	180.002	0	-4.43653	142.938	0	-6.04853	217.062	0	-0.159077	1276
THOR	0	1.34343	2.28274	2.25703e-05	-0.646858	8.8772e-07	-6.19348e-07	2.52932	-1.62974	-0.00445873	-0.00789281	0.00554242	180	0	-0.000412898	256.973	-0.000134534	1264.66	220.791	0	-814.87	180.002	0	-4.40368	142.938	0	-6.00239	217.062	0	-0.155859	1318
THOR	0	1.34343	2.28274	2.23706e-05	-0.646859	9.76492e-07	-6.22786e-07	2.52935	-1.62974	-0.00442574	-0.00785069	0.00550867	180	0	-0.000415191	256.973	-0.000132687	1264.67	220.791	0	-814.87	180.002	0	-4.3711	142.938	0	-5.96803	217.062	0	-0.152708	1357
THOR	0	1.34343	2.28274	2.23706e-05	-0.646859	9.76492e-07	-6.22786e-07	2.52935	-1.62974	-0.00442574	-0.00785069	0.00550867	180	0	-0.000415191	256.973	-0.000132687	1264.67	220.791	0	-814.87	180.002	0	-4.3711	142.938	0	-5.96803	217.062	0	-0.152708	1391
THOR	0	1.34343	2.28274	2.21708e-05	-0.646859	8.8772e-07	-6.32381e-07	2.52938	-1.62974	-0.00439297	-0.00779252	0.00546432	180	0	-0.000421587	256.973	-0.000130882	1264.69	220.791	0	-814.87	180.002	0	-4.33874	142.938	0	-5.92185	217.062	0	-0.149618	1437
THOR	0	1.34343	2.28274	2.21708e-05	-0.646859	8.8772e-07	-6.32924e-07	2.52941	-1.62974	-0.00436047	-0.00775025	0.0054307	180	0	-0.000421949	256.973	-0.000129059	1264.71	220.791	0	-814.87	180.002	0	-4.30663	142.938	0	-5.88752	217.062	0	-0.146595	1471
THOR	0	1.34343	2.28274	2.19711e-05	-0.646859	8.8772e-07	-6.36667e-07	2.52944	-1.62974	-0.0043282	-0.00769176	0.00538638	180	0	-0.000424445	256.973	-0.000127267	1264.72	220.791	0	-814.87	180.002	0	-4.27477	142.938	0	-5.84124	217.062	0	-0.143634	1509
THOR	0	1.34343	2.28274	2.17713e-05	-0.646859	7.98948e-07	-6.45118e-07	2.52947	-1.62974	-0.00429615	-0.00764937	0.00535289	180	0	-0.000430079	256.973	-0.000125475	1264.74	220.791	0	-814.87	180.002	0	-4.24312	142.938	0	-5.80692	217.062	0	-0.140727	1536
THOR	0	1.34343	2.28274	2.17713e-05	-0.646859	7.98948e-07	-6.45118e-07	2.52947	-1.62974	-0.00429615	-0.00764937	0.00535289	180	0	-0.000430079	256.973	-0.000125475	1264.74	220.791	0	-814.87	180.002	0	-4.24312	142.938	0	-5.80692	217.062	0	-0.140727	1578
THOR	0	1.34343	2.28274	2.15716e-05	-0.64686	7.98948e-07	-6.50303e-07	2.52951	-1.6298	-0.00426436	-0.00760666	0.0053193	180	0	-0.000433535	256.973	-0.000124237	1264.75	220.791	0	-814.902	180.002	0	-4.21172	142.938	0	-5.77245	217.062	0	-0.137883	1610
THOR	0	1.34343	2.28274	2.13719e-05	-0.64686	8.8772e-07	-6.52475e-07	2.52954	-1.6298	-0.00423282	-0.00756403	0.00528586	180	0	-0.000434983	256.973	-0.000122034	1264.77	220.791	0	-814.901	180.002	0	-4.18056	142.938	0	-5.73808	217.062	0	-0.135098	1648
THOR	0	1.34343	2.28274	2.13719e-05	-0.64686	7.10176e-07	-6.60672e-07	2.52957	-1.6298	-0.00420148	-0.00750519	0.00524172	180	0	-0.000440448	256.973	-0.000120287	1264.78	220.791	0	-814.901	180.002	0	-4.14961	142.938	0	-5.69177	217.062	0	-0.132366	1686
THOR	0	1.34343	2.28274	2.11721e-05	-0.64686	7.98948e-07	-6.63975e-07	2.5296	-1.6298	-0.00417039	-0.00746237	0.00520836	180	0	-0.00044265	256.973	-0.000119009	1264.8	220.791	0	-814.901	180.002	0	-4.11891	142.938	0	-5.65738	217.062	0	-0.129692	1730
THOR	0	1.34343	2.28274	2.11721e-05	-0.64686	7.98948e-07	-6.63975e-07	2.5296	-1.6298	-0.00417039	-0.00746237	0.00520836	180	0	-0.00044265	256.973	-0.000119009	1264.8	220.791	0	-814.901	180.002	0	-4.11891	142.938	0	-5.65738	217.062	0	-0.129692	1767
THOR	0	1.34343	2.28274	2.09724e-05	-0.64686	7.98948e-07	-6.71051e-07	2.52963	-1.6298	-0.00413952	-0.00741943	0.005175	180	0	-0.000447367	256.973	-0.000117996	1264.82	220.791	0	-814.901	180.002	0	-4.08842	142.938	0	-5.62294	217.062	0	-0.127065	1801
THOR	0	1.34343	2.28274	2.07727e-05	-0.646861	7.10176e-07	-6.77339e-07	2.52963	-1.6298	-0.00410888	-0.00737621	0.00514157	180	0	-0.000451559	256.973	-0.000116164	1264.82	220.791	0	-814.901	180.002	0	-4.05816	142.938	0	-5.58836	217.062	0	-0.124499	1836
THOR	0	1.34343	2.28274	2.05729e-05	-0.646861	7.98948e-07	-6.79055e-07	2.52966	-1.6298	-0.00407849	-0.00733327	0.00510843	180	0	-0.000452704	256.973	-0.000114403	1264.83	220.791	0	-814.901	180.002	0	-4.02814	142.938	0	-5.55404	217.062	0	-0.121988	1881
THOR	0	1.34343	2.28274	2.05729e-05	-0.646861	7.98948e-07	-6.79055e-07	2.52966	-1.6298	-0.00407849	-0.00733327	0.00510843	180	0	-0.000452704	256.973	-0.000114403	1264.83	220.791	0	-814.901	180.002	0	-4.02814	142.938	0	-5.55404	217.062	0	-0.121988	1920
THOR	0	1.34343	2.28274	2.05729e-05	-0.646861	7.10176e-07	-6.84988e-07	2.52969	-1.6298	-0.00404831	-0.0072899	0.00507508	180	0	-0.000456659	256.973	-0.000112631	1264.85	220.791	0	-814.901	180.002	0	-3.99833	142.938	0	-5.51945	217.062	0	-0.119522	1955
THOR	0	1.34343	2.28274	2.03732e-05	-0.646861	7.10176e-07	-6.8898e-07	2.52972	-1.6298	-0.00401835	-0.00724662	0.00504187	180	0	-0.00045932	256.973	-0.000110972	1264.86	220.791	0	-814.901	180.002	0	-3.96874	142.938	0	-5.48497	217.062	0	-0.117108	1994
THOR	0	1.34342	2.28274	2.01734e-05	-0.646861	7.10176e-07	-6.95454e-07	2.52976	-1.6298	-0.00398861	-0.00720317	0.00500865	180	0	-0.000463636	256.973	-0.000109517	1264.88	220.791	0	-814.901	180.002	0	-3.93937	142.938	0	-5.45042	217.062	0	-0.114742	2033
THOR	0	1.34342	2.28274	1.99737e-05	-0.646861	7.10176e-07	-7.03264e-07	2.52976	-1.6298	-0.00395909	-0.00717565	0.00498613	180	0	-0.000468843	256.973	-0.000108835	1264.88	220.791	0	-814.901	180.002	0	-3.91021	142.938	0	-5.42772	217.062	0	-0.112421	2073
THOR	0	1.34342	2.28274	1.99737e-05	-0.646861	7.10176e-07	-7.03264e-07	2.52976	-1.6298	-0.00395909	-0.00717565	0.00498613	180	0	-0.000468843	256.973	-0.000108835	1264.88	220.791	0	-814.901	180.002	0	-3.91021	142.938	0	-5.42772	217.062	0	-0.112421	2104
THOR	0	1.34342	2.28274	1.99737e-05	-0.646862	7.10176e-07	-7.08891e-07	2.52979	-1.6298	-0.00392979	-0.00713212	0.00495302	180	0	-0.000472594	256.973	-0.00010706	1264.89	220.791	0	-814.901	180.002	0	-3.88128	142.938	0	-5.3932	217.062	0	-0.11015	2139
THOR	0	1.34342	2.28274	1.9774e-05	-0.646862	7.10176e-07	-7.14357e-07	2.52982	-1.6298	-0.00390071	-0.00708845	0.0049199	180	0	-0.000476238	256.973	-0.000105303	1264.91	220.791	0	-814.901	180.002	0	-3.85255	142.938	0	-5.35863	217.062	0	-0.107925	2181
THOR	0	1.34342	2.28274	1.95742e-05	-0.646862	7.10176e-07	-7.16381e-07	2.52985	-1.6298	-0.00387185	-0.00704467	0.00488679	180	0	-0.000477587	256.973	-0.000103745	1264.92	220.791	0	-814.901	180.001	0	-3.82405	142.937	0	-5.32402	217.062	0	-0.105745	2216
THOR	0	1.34342	2.28274	1.95742e-05	-0.646862	7.10176e-07	-7.16381e-07	2.52985	-1.6298	-0.00387185	-0.00704467	0.00488679	180	0	-0.000477587	256.973	-0.000103745	1264.92	220.791	0	-814.901	180.001	0	-3.82405	142.937	0	-5.32402	217.062	0	-0.105745	2257
THOR	0	1.34342	2.28274	1.93745e-05	-0.646862	6.21404e-07	-7.21456e-07	2.52988	-1.6298	-0.00384319	-0.00701677	0.00486434	180	0	-0.000480971	256.973	-0.000102706	1264.94	220.791	0	-814.901	180.001	0	-3.79575	142.937	0	-5.30122	217.062	0	-0.103609	2300
THOR	0	1.34342	2.28274	1.93745e-05	-0.646862	7.10176e-07	-7.26496e-07	2.52988	-1.6298	-0.00381474	-0.00697306	0.00483143	180	0	-0.00048433	256.973	-0.000101568	1264.94	220.791	0	-814.901	180.001	0	-3.76764	142.937	0	-5.26674	217.062	0	-0.101514	2341
THOR	0	1.34342	2.28274	1.91748e-05	-0.646862	6.21404e-07	-7.33254e-07	2.52991	-1.6298	-0.00378651	-0.00692901	0.00479838	180	0	-0.000488836	256.973	-9.98093e-05	1264.96	220.791	0	-814.901	180.001	0	-3.73977	142.937	0	-5.23207	217.062	0	-0.0994635	2377
THOR	0	1.34342	2.28274	1.8975e-05	-0.646862	5.32632e-07	-7.41732e-07	2.52994	-1.6298	-0.00375847	-0.00690088	0.004776	180	0	-0.000494488	256.973	-9.84085e-05	1264.97	220.791	0	-814.901	180.001	0	-3.71207	142.937	0	-5.20921	217.062	0	-0.097451	2423
THOR	0	1.34342	2.28274	1.8975e-05	-0.646862	5.32632e-07	-7.41732e-07	2.52994	-1.6298	-0.00375847	-0.00690088	0.004776	180	0	-0.000494488	256.973	-9.84085e-05	1264.97	220.791	0	-814.901	180.001	0	-3.71207	142.937	0	-5.20921	217.062	0	-0.097451	2453
THOR	0	1.34342	2.28274	1.8975e-05	-0.646863	6.21404e-07	-7.4386e-07	2.52998	-1.6298	-0.00373067	-0.00685685	0.00474311	180	0	-0.000495906	256.973	-9.78641e-05	1264.99	220.791	0	-814.901	180.001	0	-3.68462	142.937	0	-5.17463	217.062	0	-0.0954844	2498
THOR	0	1.34342	2.28274	1.87753e-05	-0.646863	6.21404e-07	-7.52194e-07	2.52997	-1.6298	-0.00370305	-0.0068286	0.0047208	180	0	-0.000501463	256.973	-9.60472e-05	1264.99	220.791	0	-814.901	180.001	0	-3.65734	142.937	0	-5.15177	217.062	0	-0.0935538	2536
THOR	0	1.34342	2.28274	1.85755e-05	-0.646863	5.32632e-07	-7.60288e-07	2.53001	-1.6298	-0.00367565	-0.00678414	0.00468776	180	0	-0.000506859	256.973	-9.43278e-05	1265	220.791	0	-814.901	180.001	0	-3.63027	142.937	0	-5.11695	217.062	0	-0.0916632	2577
THOR	0	1.34342	2.28274	1.85755e-05	-0.646863	5.32632e-07	-7.61592e-07	2.53004	-1.6298	-0.00364846	-0.006756	0.00466567	180	0	-0.000507728	256.973	-9.33784e-05	1265.02	220.791	0	-814.901	180.001	0	-3.60342	142.937	0	-5.09426	217.062	0	-0.0898149	2614
THOR	0	1.34342	2.28274	1.83758e-05	-0.646863	5.32632e-07	-7.68624e-07	2.53004	-1.6298	-0.00362145	-0.00671169	0.00463286	180	0	-0.000512416	256.973	-9.24092e-05	1265.02	220.791	0	-814.901	180.001	0	-3.57674	142.937	0	-5.05962	217.062	0	-0.0879991	2654
THOR	0	1.34342	2.28274	1.83758e-05	-0.646863	5.32632e-07	-7.68624e-07	2.53004	-1.6298	-0.00362145	-0.00671169	0.00463286	180	0	-0.000512416	256.973	-9.24092e-05	1265.02	220.791	0	-814.901	180.001	0	-3.57674	142.937	0	-5.05962	217.062	0	-0.0879991	2692
THOR	0	1.34342	2.28274	1.81761e-05	-0.646863	5.32632e-07	-7.72728e-07	2.53007	-1.62987	-0.00359466	-0.00668323	0.00461069	180	0	-0.000515152	256.973	-9.06614e-05	1265.03	220.791	0	-814.933	180.001	0	-3.55028	142.937	0	-5.03677	217.063	0	-0.0862223	2722
THOR	0	1.34342	2.28274	1.79763e-05	-0.646863	5.32632e-07	-7.78239e-07	2.5301	-1.62986	-0.00356806	-0.00665454	0.00458843	180	0	-0.000518826	256.973	-8.96986e-05	1265.05	220.791	0	-814.932	180.001	0	-3.52401	142.937	0	-5.01377	217.063	0	-0.0844817	2756
THOR	0	1.34342	2.28274	1.79763e-05	-0.646864	6.21404e-07	-7.85653e-07	2.5301	-1.62986	-0.00354164	-0.00661003	0.00455568	180	0	-0.000523769	256.973	-8.87426e-05	1265.05	220.791	0	-814.932	180.001	0	-3.49792	142.937	0	-4.97909	217.063	0	-0.0827725	2800
THOR	0	1.34342	2.28274	1.79763e-05	-0.646864	5.32632e-07	-7.84991e-07	2.5301	-1.62986	-0.00353765	-0.0066106	0.0045556	180	0	-0.000523327	256.973	-8.8739e-05	1265.05	220.791	0	-814.932	180.001	0	-3.49397	142.937	0	-4.97926	217.063	0	-0.0825169	2839
THOR	0	1.34342	2.28274	1.77766e-05	-0.646864	5.32632e-07	-7.90469e-07	2.53013	-1.62986	-0.00351543	-0.00658147	0.00453363	180	0	-0.000526979	256.972	-8.70409e-05	1265.07	220.791	0	-814.932	180.001	0	-3.47203	142.937	0	-4.95626	217.063	0	-0.0811022	2878
THOR	0	1.34342	2.28274	1.77766e-05	-0.646864	5.32632e-07	-7.95211e-07	2.53016	-1.62986	-0.00348942	-0.00655269	0.0045115	180	0	-0.00053014	256.972	-8.6455e-05	1265.08	220.791	0	-814.932	180.001	0	-3.44634	142.937	0	-4.93331	217.063	0	-0.0794641	2916
THOR	0	1.34342	2.28274	1.75769e-05	-0.646864	5.32632e-07	-8.01832e-07	2.53016	-1.62986	-0.00346358	-0.00650777	0.00447866	180	0	-0.000534554	256.972	-8.50644e-05	1265.08	220.791	0	-814.932	180.001	0	-3.42082	142.937	0	-4.89843	217.063	0	-0.0778596	2957
THOR	0	1.34342	2.28274	1.73771e-05	-0.646864	5.32632e-07	-8.04765e-07	2.53019	-1.62986	-0.00343797	-0.00647913	0.00445674	180	0	-0.00053651	256.972	-8.35172e-05	1265.1	220.791	0	-814.932	180.001	0	-3.39552	142.937	0	-4.87564	217.063	0	-0.0762887	2988
THOR	0	1.34342	2.28274	1.73771e-05	-0.646864	5.32632e-07	-8.04765e-07	2.53019	-1.62986	-0.00343797	-0.00647913	0.00445674	180	0	-0.00053651	256.972	-8.35172e-05	1265.1	220.791	0	-814.932	180.001	0	-3.39552	142.937	0	-4.87564	217.063	0	-0.0762887	3023
THOR	0	1.34342	2.28274	1.73771e-05	-0.646864	4.4386e-07	-8.13472e-07	2.53019	-1.62986	-0.00341251	-0.00645027	0.00443472	180	0	-0.000542315	256.972	-8.32316e-05	1265.1	220.791	0	-814.932	180.001	0	-3.37038	142.937	0	-4.85272	217.063	0	-0.0747452	3059
THOR	0	1.34342	2.28274	1.71774e-05	-0.646864	4.4386e-07	-8.17806e-07	2.53022	-1.62986	-0.00338726	-0.00642133	0.00441271	180	0	-0.000545204	256.972	-8.14911e-05	1265.11	220.791	0	-814.932	180.001	0	-3.34544	142.937	0	-4.82978	217.063	0	-0.0732368	3103
THOR	0	1.34342	2.28274	1.69777e-05	-0.646865	5.32632e-07	-8.23072e-07	2.53026	-1.62986	-0.00336219	-0.00639226	0.00439067	180	0	-0.000548715	256.972	-8.04271e-05	1265.13	220.791	0	-814.932	180.001	0	-3.32068	142.937	0	-4.80677	217.063	0	-0.0717584	3144
THOR	0	1.34342	2.28274	1.69777e-05	-0.646865	5.32632e-07	-8.23072e-07	2.53026	-1.62986	-0.00336219	-0.00639226	0.00439067	180	0	-0.000548715	256.972	-8.04271e-05	1265.13	220.791	0	-814.932	180.001	0	-3.32068	142.937	0	-4.80677	217.063	0	-0.0717584	3168
THOR	0	1.34342	2.28274	1.69777e-05	-0.646865	4.4386e-07	-8.30274e-07	2.53026	-1.62986	-0.0033373	-0.00636329	0.00436875	180	0	-0.000553516	256.972	-7.95963e-05	1265.13	220.791	0	-814.932	180.001	0	-3.2961	142.937	0	-4.78385	217.063	0	-0.0703086	3210
THOR	0	1.34342	2.28274	1.67779e-05	-0.646865	5.32632e-07	-8.35132e-07	2.53029	-1.62986	-0.0033126	-0.00633412	0.00434675	180	0	-0.000556755	256.972	-7.80759e-05	1265.14	220.791	0	-814.932	180.001	0	-3.27171	142.937	0	-4.76083	217.063	0	-0.0688891	3241
THOR	0	1.34342	2.28274	1.65782e-05	-0.646865	4.4386e-07	-8.39029e-07	2.53029	-1.62986	-0.0032881	-0.00630499	0.00432483	180	0	-0.000559352	256.972	-7.77377e-05	1265.14	220.791	0	-814.932	180.001	0	-3.2475	142.937	0	-4.73787	217.063	0	-0.0674992	3283
THOR	0	1.34342	2.28274	1.65782e-05	-0.646865	4.4386e-07	-8.46421e-07	2.53032	-1.62986	-0.00326376	-0.00627576	0.00430289	180	0	-0.00056428	256.972	-7.60363e-05	1265.16	220.791	0	-814.932	180.001	0	-3.22346	142.937	0	-4.71485	217.063	0	-0.0661356	3323
THOR	0	1.34342	2.28274	1.63784e-05	-0.646865	4.4386e-07	-8.5184e-07	2.53032	-1.62986	-0.0032396	-0.00624657	0.00428102	180	0	-0.000567893	256.972	-7.58958e-05	1265.16	220.791	0	-814.932	180.001	0	-3.19961	142.937	0	-4.69189	217.063	0	-0.0648001	3363
THOR	0	1.34342	2.28274	1.63784e-05	-0.646865	4.4386e-07	-8.5184e-07	2.53032	-1.62986	-0.0032396	-0.00624657	0.00428102	180	0	-0.000567893	256.972	-7.58958e-05	1265.16	220.791	0	-814.932	180.001	0	-3.19961	142.937	0	-4.69189	217.063	0	-0.0648001	3402
THOR	0	1.34342	2.28274	1.63784e-05	-0.646865	4.4386e-07	-8.55826e-07	2.53035	-1.62986	-0.00321564	-0.00621726	0.00425913	180	0	-0.000570551	256.972	-7.41398e-05	1265.17	220.791	0	-814.932	180.001	0	-3.17594	142.937	0	-4.66887	217.063	0	-0.0634938	3442
THOR	0	1.34342	2.28274	1.61787e-05	-0.646865	4.4386e-07	-8.7017e-07	2.53038	-1.62986	-0.0031918	-0.00618793	0.00423726	180	0	-0.000580113	256.972	-7.4069e-05	1265.19	220.791	0	-814.932	180.001	0	-3.15239	142.937	0	-4.64586	217.063	0	-0.0622042	3480
THOR	0	1.34342	2.28274	1.5979e-05	-0.646865	4.4386e-07	-8.67663e-07	2.53038	-1.62986	-0.0031682	-0.00615855	0.00421542	180	0	-0.000578442	256.972	-7.231e-05	1265.19	220.791	0	-814.932	180.001	0	-3.12909	142.937	0	-4.62285	217.063	0	-0.0609542	3521
THOR	0	1.34342	2.28274	1.5979e-05	-0.646866	3.55088e-07	-8.73541e-07	2.53041	-1.62986	-0.00314476	-0.00612904	0.00419353	180	0	-0.00058236	256.972	-7.14264e-05	1265.21	220.791	0	-814.932	180.001	0	-3.10593	142.937	0	-4.59975	217.063	0	-0.0597238	3566
THOR	0	1.34342	2.28274	1.5979e-05	-0.646866	3.55088e-07	-8.73541e-07	2.53041	-1.62986	-0.00314476	-0.00612904	0.00419353	180	0	-0.00058236	256.972	-7.14264e-05	1265.21	220.791	0	-814.932	180.001	0	-3.10593	142.937	0	-4.59975	217.063	0	-0.0597238	3591
THOR	0	1.34342	2.28274	1.57792e-05	-0.646866	4.4386e-07	-8.78687e-07	2.53041	-1.62986	-0.00312148	-0.00609952	0.00417168	180	0	-0.000585791	256.972	-7.04333e-05	1265.21	220.791	0	-814.932	180.001	0	-3.08295	142.937	0	-4.57668	217.063	0	-0.0585181	3633
THOR	0	1.34342	2.28274	1.57792e-05	-0.646866	3.55088e-07	-8.83423e-07	2.53044	-1.62986	-0.00309839	-0.0060859	0.00416048	180	0	-0.000588949	256.972	-6.91902e-05	1265.22	220.791	0	-814.932	180.001	0	-3.06014	142.937	0	-4.56541	217.063	0	-0.0573381	3670
THOR	0	1.3439	2.27789	1.55795e-05	-0.655201	3.55088e-07	-2.27652e-05	6.77359	-4.94538	-0.00308197	-3.02372	2.01591	180	0	-0.0151768	257	1.62875	3386.8	220.514	0	-2472.69	180.001	0	-3.04392	142.46	0	-2239.85	217.54	0	-0.0557794	3705
THOR	2.66316e-07	1.34659	2.2694	1.55795e-05	-0.672197	4.4386e-07	-3.52464e-05	6.07603	-4.47295	-0.00306301	-1.4531	0.96883	180	0	-0.0234976	257.154	4.29324	3038.02	220.027	0	-2236.48	180.001	0	-3.02519	141.486	0	-1076.42	218.514	0	-0.0546323	3742
THOR	2.66316e-07	1.34659	2.2694	1.55795e-05	-0.672197	4.4386e-07	-3.52464e-05	6.07603	-4.47295	-0.00306301	-1.4531	0.96883	180	0	-0.0234976	257.154	4.29324	3038.02	220.027	0	-2236.48	180.001	0	-3.02519	141.486	0	-1076.42	218.514	0	-0.0546323	3772
THOR	2.66316e-07	1.35119	2.25997	1.53798e-05	-0.692581	3.55088e-07	-2.69055e-05	5.61783	-4.29845	-0.00303577	-0.825234	0.550251	180	0	-0.017937	257.417	6.04344	2808.92	219.487	0	-2149.22	180.001	0	-2.99829	140.318	0	-611.337	219.682	0	-0.0527862	3811
THOR	2.66316e-07	1.357	2.25009	1.518e-05	-0.714305	3.55088e-07	-2.32658e-06	5.32479	-4.18359	-0.00300406	-0.583196	0.388889	180	0	-0.00155105	257.751	7.16276	2662.4	218.921	0	-2091.8	180.001	0	-2.96697	139.073	0	-432.048	220.927	0	-0.0509253	3845
THOR	0	1.36362	2.23987	1.518e-05	-0.736502	3.55088e-07	2.07384e-05	5.12195	-4.08711	-0.00297465	-0.513049	0.342122	180	0	0.0138256	258.13	7.93756	2560.98	218.335	0	-2043.56	180.001	0	-2.93792	137.802	0	-380.086	222.198	0	-0.0495804	3879
THOR	0	1.36362	2.23987	1.518e-05	-0.736502	3.55088e-07	2.07384e-05	5.12195	-4.08711	-0.00297465	-0.513049	0.342122	180	0	0.0138256	258.13	7.93756	2560.98	218.335	0	-2043.56	180.001	0	-2.93792	137.802	0	-380.086	222.198	0	-0.0495804	3919
THOR	0	1.37083	2.22934	1.49803e-05	-0.758794	3.55088e-07	2.85962e-05	4.96323	-4.00071	-0.00295183	-0.514005	0.342758	180	0	0.0190642	258.543	8.54385	2481.61	217.732	0	-2000.36	180.001	0	-2.91539	136.524	0	-380.793	223.476	0	-0.0489179	3958
THOR	0	1.37852	2.21854	1.49803e-05	-0.781021	3.55088e-07	1.93683e-05	4.83176	-3.92187	-0.00293513	-0.545579	0.363807	180	0	0.0129122	258.984	9.04603	2415.88	217.113	0	-1960.93	180.001	0	-2.89889	135.251	0	-404.181	224.749	0	-0.048638	3997
THOR	0	1.38662	2.20748	1.47805e-05	-0.803119	3.55088e-07	1.42377e-06	4.71834	-3.8506	-0.00292067	-0.588581	0.392474	180	0	0.000949182	259.447	9.47925	2359.17	216.48	0	-1925.3	180.001	0	-2.88461	133.985	0	-436.034	226.015	0	-0.048262	4038
THOR	0	1.38662	2.20748	1.47805e-05	-0.803119	3.55088e-07	1.42377e-06	4.71834	-3.8506	-0.00292067	-0.588581	0.392474	180	0	0.000949182	259.447	9.47925	2359.17	216.48	0	-1925.3	180.001	0	-2.88461	133.985	0	-436.034	226.015	0	-0.048262	4073
THOR	0	1.39507	2.19621	1.47805e-05	-0.825067	3.55088e-07	-1.38476e-05	4.61931	-3.787	-0.00290422	-0.634549	0.423118	180	0	-0.00923175	259.931	9.85752	2309.65	215.833	0	-1893.5	180.001	0	-2.86837	132.727	0	-470.084	227.273	0	-0.0474617	4110
THOR	0	1.40382	2.18473	1.45808e-05	-0.846861	3.55088e-07	-1.94382e-05	4.53056	-3.73176	-0.00288367	-0.679925	0.453366	180	0	-0.0129588	260.433	10.1965	2265.28	215.176	0	-1865.88	180.001	0	-2.84807	131.478	0	-503.694	228.522	0	-0.0462326	4147
THOR	0	1.41287	2.17309	1.45808e-05	-0.868507	3.55088e-07	-1.50706e-05	4.44931	-3.68455	-0.00285963	-0.722755	0.481918	180	0	-0.0100471	260.951	10.5069	2224.66	214.509	0	-1842.28	180.001	0	-2.82433	130.238	0	-535.419	229.762	0	-0.0448175	4182
THOR	0	1.42216	2.1613	1.43811e-05	-0.890016	3.55088e-07	-5.66249e-06	4.37511	-3.64371	-0.00283447	-0.762079	0.508131	180	0	-0.003775	261.484	10.7903	2187.55	213.833	0	-1821.86	180.001	0	-2.79948	129.006	0	-564.546	230.994	0	-0.0435176	4223
THOR	0	1.43212	2.15002	1.41813e-05	-0.911184	3.10702e-07	2.31958e-06	3.93631	-2.28343	-0.0028114	-0.987587	0.658468	180	0	0.00154638	262.054	12.4664	1968.15	213.187	0	-1141.72	180.001	0	-2.77669	127.793	0	-731.589	232.207	0	-0.0428628	4264
THOR	0	1.43212	2.15002	1.41813e-05	-0.911184	3.10702e-07	2.31958e-06	3.93631	-2.28343	-0.0028114	-0.987587	0.658468	180	0	0.00154638	262.054	12.4664	1968.15	213.187	0	-1141.72	180.001	0	-2.77669	127.793	0	-731.589	232.207	0	-0.0428628	4302
THOR	0	1.44412	2.14165	1.41813e-05	-0.931307	2.66316e-07	6.40762e-06	3.31968	-1.88199	-0.00278935	-1.29576	0.863915	180	0	0.00427175	262.742	14.8217	1659.84	212.707	0	-940.994	180.001	0	-2.75491	126.64	0	-959.863	233.36	0	-0.0420716	4333
THOR	0	1.4578	2.13599	1.39816e-05	-0.950596	3.55088e-07	1.09489e-05	2.9188	-1.75957	-0.00276685	-1.49007	0.993455	180	0	0.00729926	263.526	16.353	1459.4	212.383	0	-879.786	180.001	0	-2.73269	125.535	0	-1103.8	234.465	0	-0.041146	4369
THOR	0	1.47251	2.1323	1.39816e-05	-0.969404	2.66316e-07	1.39029e-05	2.692	-1.7486	-0.00274555	-1.59219	1.06154	180	0	0.00926857	264.368	17.2193	1346	212.172	0	-874.3	180.001	0	-2.71165	124.457	0	-1179.44	235.543	0	-0.0403965	4409
THOR	0	1.47251	2.1323	1.39816e-05	-0.969404	2.66316e-07	1.39029e-05	2.692	-1.7486	-0.00274555	-1.59219	1.06154	180	0	0.00926857	264.368	17.2193	1346	212.172	0	-874.3	180.001	0	-2.71165	124.457	0	-1179.44	235.543	0	-0.0403965	4443
THOR	0	1.48775	2.12997	1.37819e-05	-0.987984	2.66316e-07	1.19768e-05	2.58177	-1.80297	-0.0027268	-1.63329	1.08893	180	0	0.00798453	265.242	17.6403	1290.89	212.038	0	-901.487	180.001	0	-2.69314	123.393	0	-1209.88	236.607	0	-0.0398841	4486
THOR	0	1.50322	2.12858	1.37819e-05	-1.0065	3.10702e-07	4.96487e-06	2.54841	-1.89257	-0.00271019	-1.63549	1.0904	180	0	0.00330991	266.128	17.7678	1274.2	211.959	0	-946.286	180.001	0	-2.67674	122.332	0	-1211.51	237.668	0	-0.0394671	4520
THOR	0	1.51871	2.12783	1.35821e-05	-1.02505	2.66316e-07	-3.70212e-06	2.56352	-2.0004	-0.00269394	-1.61404	1.0761	180	0	-0.00246808	267.016	17.7101	1281.76	211.916	0	-1000.2	180.001	0	-2.66068	121.269	0	-1195.63	238.731	0	-0.0389679	4559
THOR	0	1.53409	2.1275	1.35821e-05	-1.0437	3.55088e-07	-9.87941e-06	2.60671	-2.1185	-0.00267616	-1.57926	1.05291	180	0	-0.00658627	267.897	17.5451	1303.36	211.897	0	-1059.25	180.001	0	-2.64312	120.2	0	-1169.86	239.8	0	-0.0382703	4596
THOR	0	1.53409	2.1275	1.35821e-05	-1.0437	3.55088e-07	-9.87941e-06	2.60671	-2.1185	-0.00267616	-1.57926	1.05291	180	0	-0.00658627	267.897	17.5451	1303.36	211.897	0	-1059.25	180.001	0	-2.64312	120.2	0	-1169.86	239.8	0	-0.0382703	4635
THOR	0	1.54928	2.12741	1.33824e-05	-1.06249	3.10702e-07	-1.11242e-05	2.68445	-2.16852	-0.00265607	-1.52769	1.01853	180	0	-0.00741615	268.767	17.2481	1342.23	211.892	0	-1084.26	180.001	0	-2.62328	119.124	0	-1131.66	240.876	0	-0.0373648	4672
THOR	0	1.56418	2.12736	1.33824e-05	-1.08147	3.55088e-07	-8.06064e-06	2.77003	-2.16181	-0.00263442	-1.4722	0.981534	180	0	-0.00537376	269.621	16.9213	1385.01	211.889	0	-1080.9	180.001	0	-2.60189	118.036	0	-1090.56	241.964	0	-0.0363998	4714
THOR	0	1.57846	2.12735	1.31826e-05	-1.09962	3.55088e-07	-2.03055e-07	3.14829	-2.20487	-0.00261215	1.27578	-0.850453	180	0	-0.00013537	270.439	15.4764	1574.15	211.888	0	-1102.43	180.001	0	-2.5799	116.996	0	944.983	243.004	0	-0.0356106	4752
THOR	0	1.59095	2.12751	1.31826e-05	-1.11318	3.55088e-07	5.74148e-06	3.70801	-2.44439	-0.00259203	1.64342	-1.09555	180	0	0.00382765	271.155	13.3384	1854	211.897	0	-1222.19	180.001	0	-2.56003	116.22	0	1217.31	243.78	0	-0.0351733	4790
THOR	0	1.59095	2.12751	1.31826e-05	-1.11318	3.55088e-07	5.74148e-06	3.70801	-2.44439	-0.00259203	1.64342	-1.09555	180	0	0.00382765	271.155	13.3384	1854	211.897	0	-1222.19	180.001	0	-2.56003	116.22	0	1217.31	243.78	0	-0.0351733	4830
THOR	0	1.60185	2.12801	1.29829e-05	-1.12158	2.66316e-07	3.9095e-06	4.1104	-2.69487	-0.002575	1.18303	-0.788621	180	0	0.00260633	271.779	11.8014	2055.2	211.926	0	-1347.43	180.001	0	-2.54321	115.738	0	876.281	244.262	0	-0.0348163	4864
THOR	0	1.61169	2.12851	1.29829e-05	-1.12627	3.99474e-07	-1.18644e-06	4.34964	-2.74662	-0.00255857	0.681223	-0.454087	180	0	-0.000790958	272.343	10.8876	2174.82	211.954	0	-1373.31	180.001	0	-2.52698	115.469	0	504.575	244.53	0	-0.0342616	4904
THOR	0	1.62099	2.12881	1.27832e-05	-1.12867	2.2193e-07	-3.92167e-06	4.4417	-2.6928	-0.00254025	0.281015	-0.187283	180	0	-0.00261444	272.876	10.5359	2220.85	211.972	0	-1346.4	180.001	0	-2.50889	115.332	0	208.126	244.668	0	-0.0333932	4938
THOR	0	1.6302	2.12891	1.27832e-05	-1.12976	2.2193e-07	-1.79425e-06	4.41434	-2.63921	-0.00251945	-0.0108707	0.00730537	180	0	-0.00119617	273.404	10.6405	2207.17	211.977	0	-1319.61	180.001	0	-2.48835	115.269	0	-8.08471	244.731	0	-0.0323646	4974
THOR	0	1.6302	2.12891	1.27832e-05	-1.12976	2.2193e-07	-1.79425e-06	4.41434	-2.63921	-0.00251945	-0.0108707	0.00730537	180	0	-0.00119617	273.404	10.6405	2207.17	211.977	0	-1319.61	180.001	0	-2.48835	115.269	0	-8.08471	244.731	0	-0.0323646	5016
THOR	0	1.63965	2.12896	1.27832e-05	-1.13013	2.2193e-07	4.00279e-06	4.31217	-2.64576	-0.00249732	-0.220724	0.147206	180	0	0.00266853	273.945	11.0307	2156.08	211.98	0	-1322.88	180.001	0	-2.46649	115.248	0	-163.53	244.751	0	-0.031415	5055
THOR	0	1.64939	2.12897	1.25834e-05	-1.13018	1.77544e-07	1.24341e-05	2.39881	-2.59179	-0.00247349	-0.290137	0.19348	180	0	0.00828939	274.503	11.0688	1199.41	211.981	0	-1295.9	180.001	0	-2.44295	115.246	0	-214.947	244.754	0	-0.0305212	5092
THOR	0	1.65826	2.12839	1.23837e-05	-1.13017	2.66316e-07	2.96548e-05	1.00917	-1.7795	-0.00244489	-0.305498	0.203718	180	0	0.0197699	275.011	9.14806	504.583	211.948	0	-889.749	180.001	0	-2.4147	115.246	0	-226.324	244.754	0	-0.0296362	5133
THOR	0	1.66528	2.12683	1.23837e-05	-1.13015	1.77544e-07	4.14012e-05	0.20728	-0.945623	-0.00242247	-0.325753	0.217222	180	0	0.0276008	275.413	7.06212	103.64	211.858	0	-472.811	180.001	0	-2.39257	115.247	0	-241.328	244.753	0	-0.0296925	5172
THOR	0	1.66528	2.12683	1.23837e-05	-1.13015	1.77544e-07	4.14012e-05	0.20728	-0.945623	-0.00242247	-0.325753	0.217222	180	0	0.0276008	275.413	7.06212	103.64	211.858	0	-472.811	180.001	0	-2.39257	115.247	0	-241.328	244.753	0	-0.0296925	5212
THOR	0	1.6706	2.12495	1.2184e-05	-1.13005	2.2193e-07	3.49584e-05	-0.271746	-0.444043	-0.00241083	-0.447747	0.298552	180	0	0.0233056	275.718	5.23375	-135.873	211.751	0	-222.022	180.001	0	-2.38107	115.253	0	-331.694	244.747	0	-0.0300792	5249
THOR	0	1.67441	2.12331	1.2184e-05	-1.12976	2.66316e-07	1.25808e-05	-0.440626	-0.225955	-0.00240617	-0.620326	0.413605	180	0	0.00838721	275.936	3.59288	-220.313	211.657	0	-112.977	180.001	0	-2.37646	115.27	0	-459.531	244.73	0	-0.0300657	5283
THOR	0	1.67688	2.12213	1.2184e-05	-1.12941	2.66316e-07	-1.27224e-05	-0.366349	-0.232675	-0.00240092	-0.690007	0.460058	180	0	-0.00848159	276.078	0	-183.175	211.589	0	-116.338	180.001	0	-2.37128	115.29	0	-511.146	244.71	0	-0.0294609	5316
THOR	0	1.67807	2.12159	1.19842e-05	-1.12921	1.77544e-07	-2.73092e-05	-0.136227	-0.398055	-0.00239085	-0.647903	0.431987	180	0	-0.0182061	276.146	0	-68.1136	211.558	0	-199.027	180.001	0	-2.36133	115.301	0	-479.957	244.699	0	-0.0286214	5353
THOR	0	1.67822	2.12154	1.19842e-05	-1.12918	1.77544e-07	-2.82383e-05	-0.0963907	-0.428909	-0.00238906	-0.63591	0.423991	180	0	-0.0188256	276.155	0	-48.1954	211.555	0	-214.455	180.001	0	-2.35957	115.303	0	-471.073	244.697	0	-0.0285105	5398
THOR	0	1.67856	2.12145	1.19842e-05	-1.12914	2.2193e-07	-2.98793e-05	0.326126	-0.613681	-0.00237084	-0.577359	0.384955	180	0	-0.0199196	276.174	0	163.063	211.55	0	-306.84	180.001	0	-2.34157	115.305	0	-427.701	244.695	0	-0.0276091	5430
THOR	2.66316e-07	1.67839	2.1216	1.19842e-05	-1.12914	2.66316e-07	-2.70949e-05	0.542426	-0.786095	-0.00235151	-0.567713	0.378524	180	0	-0.0180633	276.165	0	271.213	211.559	0	-393.048	180.001	0	-2.32248	115.305	0	-420.555	244.695	0	-0.0269091	5466
THOR	2.66316e-07	1.67797	2.12196	1.17845e-05	-1.12916	2.2193e-07	-1.50012e-05	0.788904	-0.994156	-0.00232655	-0.561543	0.374409	180	0	-0.0100008	276.141	0	394.452	211.579	0	-497.078	180.001	0	-2.29783	115.304	0	-415.984	244.696	0	-0.0261207	5505
THOR	2.66316e-07	1.67737	2.12247	1.17845e-05	-1.12917	1.77544e-07	2.40117e-06	1.04169	-1.21242	-0.00229968	-0.553793	0.369241	180	0	0.00160078	276.106	0	520.845	211.609	0	-606.212	180.001	0	-2.27129	115.303	0	-410.243	244.697	0	-0.0254973	5550
THOR	2.66316e-07	1.67737	2.12247	1.17845e-05	-1.12917	1.77544e-07	2.40117e-06	1.04169	-1.21242	-0.00229968	-0.553793	0.369241	180	0	0.00160078	276.106	0	520.845	211.609	0	-606.212	180.001	0	-2.27129	115.303	0	-410.243	244.697	0	-0.0254973	5585
THOR	0	1.67666	2.12309	1.15848e-05	-1.1292	2.2193e-07	1.65686e-05	1.27699	-1.42101	-0.00227591	-0.544738	0.363204	180	0	0.0110457	276.065	0	638.496	211.644	0	-710.505	180.001	0	-2.24782	115.302	0	-403.535	244.698	0	-0.0251127	5621
THOR	0	1.67591	2.12374	1.15848e-05	-1.12922	2.2193e-07	2.09909e-05	1.48125	-1.60315	-0.00225805	-0.534859	0.356617	180	0	0.0139939	276.023	0	740.627	211.682	0	-801.573	180.001	0	-2.23018	115.3	0	-396.217	244.7	0	-0.0248588	5657
THOR	0	1.67519	2.12438	1.1385e-05	-1.12925	2.2193e-07	1.5421e-05	1.64527	-1.7483	-0.00224536	-0.524554	0.349747	180	0	0.0102807	275.981	0	822.636	211.718	0	-874.149	180.001	0	-2.21764	115.299	0	-388.583	244.701	0	-0.0245887	5693
THOR	0	1.67519	2.12438	1.1385e-05	-1.12925	2.2193e-07	1.5421e-05	1.64527	-1.7483	-0.00224536	-0.524554	0.349747	180	0	0.0102807	275.981	0	822.636	211.718	0	-874.149	180.001	0	-2.21764	115.299	0	-388.583	244.701	0	-0.0245887	5729
THOR	0	1.67454	2.12495	1.1385e-05	-1.12929	3.10702e-07	4.88316e-06	1.76436	-1.85248	-0.00223461	-0.514026	0.342728	180	0	0.00325544	275.944	-0.687783	882.178	211.751	0	-926.238	180.001	0	-2.20703	115.297	0	-380.784	244.703	0	-0.0241886	5771
THOR	0	1.674	2.12542	1.11853e-05	-1.12932	2.66316e-07	-4.32016e-06	1.83863	-1.91594	-0.00222243	-0.503692	0.335837	180	0	-0.0028801	275.913	-0.551357	919.316	211.778	0	-957.969	180.001	0	-2.195	115.295	0	-373.129	244.705	0	-0.0236346	5810
THOR	0	1.67359	2.12578	1.11853e-05	-1.12936	2.66316e-07	-8.06818e-06	1.87094	-1.94163	-0.00220708	-0.493752	0.329209	180	0	-0.00537879	275.889	-0.399997	935.469	211.798	0	-970.813	180.001	0	-2.17983	115.292	0	-365.765	244.708	0	-0.0229887	5841
THOR	0	1.67331	2.12602	1.11853e-05	-1.1294	2.66316e-07	-6.0137e-06	1.86548	-1.93492	-0.00218889	-0.484339	0.322933	180	0	-0.00400913	275.874	-0.245783	932.738	211.812	0	-967.46	180.001	0	-2.16187	115.29	0	-358.792	244.71	0	-0.0223504	5882
THOR	0	1.67331	2.12602	1.11853e-05	-1.1294	2.66316e-07	-6.0137e-06	1.86548	-1.93492	-0.00218889	-0.484339	0.322933	180	0	-0.00400913	275.874	-0.245783	932.738	211.812	0	-967.46	180.001	0	-2.16187	115.29	0	-358.792	244.71	0	-0.0223504	5920
THOR	0	1.67316	2.12614	1.09855e-05	-1.12943	2.2193e-07	-7.39751e-07	1.82783	-1.90266	-0.00216958	-0.475646	0.317136	180	0	-0.000493167	275.865	-0.0980383	913.917	211.819	0	-951.328	180.001	0	-2.14279	115.288	0	-352.352	244.712	0	-0.0218004	5966
THOR	0	1.67312	2.12619	1.09855e-05	-1.12946	2.2193e-07	5.15753e-06	1.80242	-1.89638	-0.00215024	-0.472244	0.314868	180	0	0.00343836	275.863	-0.0286515	901.208	211.822	0	-948.19	180.001	0	-2.1237	115.287	0	-349.832	244.713	0	-0.0213318	6001
THOR	0	1.6731	2.12623	1.07858e-05	-1.12949	2.66316e-07	9.25013e-06	1.8061	-1.90295	-0.0021325	-0.466601	0.311105	180	0	0.00616676	275.861	-0.0241843	903.048	211.824	0	-951.477	180.001	0	-2.10617	115.285	0	-345.651	244.715	0	-0.0209788	6043
THOR	0	1.67308	2.12626	1.07858e-05	-1.12951	2.66316e-07	8.63057e-06	1.81108	-1.91107	-0.00211764	-0.460443	0.306999	180	0	0.00575371	275.86	-0.0230651	905.539	211.826	0	-955.534	180.001	0	-2.09149	115.284	0	-341.09	244.716	0	-0.020704	6075
THOR	0	1.67308	2.12626	1.07858e-05	-1.12951	2.66316e-07	8.63057e-06	1.81108	-1.91107	-0.00211764	-0.460443	0.306999	180	0	0.00575371	275.86	-0.0230651	905.539	211.826	0	-955.534	180.001	0	-2.09149	115.284	0	-341.09	244.716	0	-0.020704	6105
THOR	0	1.67306	2.1263	1.05861e-05	-1.12953	1.77544e-07	4.16327e-06	1.81614	-1.91917	-0.00210466	-0.454316	0.302914	180	0	0.00277551	275.859	-0.022533	908.071	211.828	0	-959.583	180.001	0	-2.07867	115.282	0	-336.551	244.718	0	-0.0203984	6145
THOR	0	1.67304	2.12633	1.05861e-05	-1.12956	2.2193e-07	-1.10622e-06	1.82131	-1.92732	-0.00209175	-0.448192	0.298831	180	0	-0.000737477	275.858	-0.0223177	910.654	211.83	0	-963.658	180.001	0	-2.06592	115.281	0	-332.014	244.719	0	-0.0200058	6185
THOR	0	1.67302	2.12636	1.05861e-05	-1.12958	2.2193e-07	-4.3161e-06	1.82651	-1.93543	-0.00207752	-0.442096	0.294766	180	0	-0.0028774	275.857	-0.0222383	913.256	211.831	0	-967.714	180.001	0	-2.05187	115.28	0	-327.498	244.72	0	-0.0195391	6224
THOR	0	1.673	2.12639	1.03863e-05	-1.1296	2.2193e-07	-4.39837e-06	1.83171	-1.94341	-0.0020617	-0.436101	0.290768	180	0	-0.00293224	275.856	-0.0221424	915.854	211.833	0	-971.704	180.001	0	-2.03625	115.278	0	-323.057	244.722	0	-0.0190543	6256
THOR	0	1.673	2.12639	1.03863e-05	-1.1296	2.2193e-07	-4.39837e-06	1.83171	-1.94341	-0.0020617	-0.436101	0.290768	180	0	-0.00293224	275.856	-0.0221424	915.854	211.833	0	-971.704	180.001	0	-2.03625	115.278	0	-323.057	244.722	0	-0.0190543	6297
THOR	0	1.67298	2.12642	1.03863e-05	-1.12963	2.2193e-07	-2.15776e-06	1.83678	-1.95126	-0.00204496	-0.430187	0.286825	180	0	-0.0014385	275.855	-0.0219386	918.392	211.835	0	-975.632	180.001	0	-2.01972	115.277	0	-318.675	244.723	0	-0.0186045	6338
THOR	0	1.67296	2.12645	1.03863e-05	-1.12965	2.2193e-07	6.35008e-07	1.84178	-1.95882	-0.00202831	-0.424351	0.282933	180	0	0.000423339	275.854	-0.0216398	920.889	211.837	0	-979.412	180.001	0	-2.00327	115.276	0	-314.352	244.724	0	-0.0182143	6373
THOR	0	1.67294	2.12648	1.01866e-05	-1.12967	8.8772e-08	2.44986e-06	1.84665	-1.9663	-0.00201247	-0.418614	0.279108	180	0	0.00163324	275.853	-0.0212921	923.324	211.838	0	-983.151	180.001	0	-1.98762	115.275	0	-310.102	244.725	0	-0.0178743	6411
THOR	0	1.67292	2.12651	1.01866e-05	-1.12969	1.33158e-07	2.66621e-06	1.85141	-1.9735	-0.00199764	-0.412986	0.275356	180	0	0.00177747	275.852	-0.0209288	925.707	211.84	0	-986.751	180.001	0	-1.97297	115.273	0	-305.933	244.727	0	-0.0175596	6451
THOR	0	1.67292	2.12651	1.01866e-05	-1.12969	1.33158e-07	2.66621e-06	1.85141	-1.9735	-0.00199764	-0.412986	0.275356	180	0	0.00177747	275.852	-0.0209288	925.707	211.84	0	-986.751	180.001	0	-1.97297	115.273	0	-305.933	244.727	0	-0.0175596	6490
THOR	0	1.67291	2.12653	9.98685e-06	-1.12971	8.8772e-08	1.62591e-06	1.85614	-1.98061	-0.00198347	-0.407407	0.271636	180	0	0.00108394	275.85	-0.0206092	928.07	211.841	0	-990.305	180.001	0	-1.95899	115.272	0	-301.801	244.728	0	-0.0172397	6517
THOR	0	1.67289	2.12656	9.98685e-06	-1.12974	2.2193e-07	1.76374e-07	1.86082	-1.98755	-0.00196952	-0.401916	0.267974	180	0	0.000117583	275.849	-0.020323	930.409	211.843	0	-993.773	180.001	0	-1.94521	115.271	0	-297.732	244.729	0	-0.016903	6550
THOR	0	1.67287	2.12659	9.98685e-06	-1.12976	1.77544e-07	-9.2234e-07	1.86545	-1.99438	-0.00195539	-0.39648	0.26435	180	0	-0.000614893	275.848	-0.0200702	932.725	211.844	0	-997.191	180.001	0	-1.93125	115.27	0	-293.705	244.73	0	-0.0165521	6586
THOR	0	1.67285	2.12661	9.78712e-06	-1.12978	1.77544e-07	-1.31042e-06	1.87006	-2.00117	-0.00194086	-0.390757	0.260534	180	0	-0.000873612	275.847	-0.019836	935.029	211.846	0	-1000.58	180.001	0	-1.9169	115.269	0	-289.466	244.731	0	-0.016176	6626
THOR	0	1.67285	2.12661	9.78712e-06	-1.12978	1.77544e-07	-1.30777e-06	1.87002	-2.00109	-0.00194097	-0.391105	0.260766	180	0	-0.000871847	275.847	-0.0198268	935.011	211.846	0	-1000.55	180.001	0	-1.91701	115.269	0	-289.724	244.731	0	-0.0161984	6664
THOR	0	1.67284	2.12664	9.78712e-06	-1.1298	2.2193e-07	-1.08143e-06	1.87452	-2.00768	-0.00192637	-0.385829	0.257248	180	0	-0.000720954	275.846	-0.019576	937.262	211.847	0	-1003.84	180.001	0	-1.90259	115.267	0	-285.815	244.733	0	-0.0158551	6698
THOR	0	1.67282	2.12666	9.78712e-06	-1.12982	8.8772e-08	-5.83053e-07	1.87896	-2.01413	-0.00191179	-0.380643	0.25379	180	0	-0.000388702	275.845	-0.0193175	939.48	211.849	0	-1007.07	180.001	0	-1.88818	115.266	0	-281.974	244.734	0	-0.0155275	6738
THOR	0	1.6728	2.12669	9.58738e-06	-1.12984	1.33158e-07	-1.69152e-07	1.88336	-2.0204	-0.0018974	-0.375493	0.250356	180	0	-0.000112768	275.845	-0.019053	941.68	211.85	0	-1010.2	180.001	0	-1.87398	115.265	0	-278.158	244.735	0	-0.015217	6777
THOR	0	1.6728	2.12669	9.58738e-06	-1.12984	1.33158e-07	-1.69152e-07	1.88336	-2.0204	-0.0018974	-0.375493	0.250356	180	0	-0.000112768	275.845	-0.019053	941.68	211.85	0	-1010.2	180.001	0	-1.87398	115.265	0	-278.158	244.735	0	-0.015217	6809
THOR	0	1.67279	2.12671	9.58738e-06	-1.12986	2.2193e-07	-2.94317e-08	1.88767	-2.02661	-0.00188329	-0.370437	0.246985	180	0	-1.96212e-05	275.844	-0.0187957	943.833	211.852	0	-1013.3	180.001	0	-1.86004	115.264	0	-274.413	244.736	0	-0.0149175	6852
THOR	0	1.67277	2.12674	9.58738e-06	-1.12988	2.2193e-07	-1.66987e-07	1.89194	-2.03262	-0.00186941	-0.365439	0.243652	180	0	-0.000111325	275.843	-0.0185339	945.97	211.853	0	-1016.31	180.001	0	-1.84633	115.263	0	-270.71	244.737	0	-0.0146238	6891
THOR	0	1.67275	2.12676	9.38764e-06	-1.12989	1.33158e-07	-4.49851e-07	1.89612	-2.03858	-0.0018557	-0.360506	0.240363	180	0	-0.000299901	275.842	-0.0182807	948.06	211.854	0	-1019.29	180.001	0	-1.83279	115.262	0	-267.056	244.738	0	-0.014333	6917
THOR	0	1.67274	2.12678	9.38764e-06	-1.12991	1.77544e-07	-7.26467e-07	1.90027	-2.04436	-0.00184206	-0.355632	0.237113	180	0	-0.000484311	275.841	-0.0180381	950.137	211.856	0	-1022.18	180.001	0	-1.81932	115.261	0	-263.445	244.739	0	-0.014044	6956
THOR	0	1.67272	2.1268	9.38764e-06	-1.12993	1.77544e-07	-9.01406e-07	1.90437	-2.05008	-0.00182846	-0.350853	0.233927	180	0	-0.000600938	275.84	-0.0178009	952.183	211.857	0	-1025.04	180.001	0	-1.80589	115.26	0	-259.905	244.74	0	-0.0137579	6998
THOR	0	1.67272	2.1268	9.38764e-06	-1.12993	1.77544e-07	-9.01406e-07	1.90437	-2.05008	-0.00182846	-0.350853	0.233927	180	0	-0.000600938	275.84	-0.0178009	952.183	211.857	0	-1025.04	180.001	0	-1.80589	115.26	0	-259.905	244.74	0	-0.0137579	7037
THOR	0	1.67271	2.12682	9.18791e-06	-1.12995	1.33158e-07	-9.57298e-07	1.90843	-2.05567	-0.00181491	-0.346106	0.230761	180	0	-0.000638199	275.839	-0.0175626	954.213	211.858	0	-1027.83	180.001	0	-1.7925	115.259	0	-256.388	244.741	0	-0.0134776	7075
THOR	0	1.67269	2.12685	9.18791e-06	-1.12997	2.2193e-07	-9.36128e-07	1.91239	-2.06114	-0.00180143	-0.341451	0.227658	180	0	-0.000624086	275.838	-0.0173257	956.194	211.859	0	-1030.57	180.001	0	-1.77919	115.258	0	-252.94	244.742	0	-0.0132039	7116
THOR	0	1.67268	2.12687	9.18791e-06	-1.12999	1.33158e-07	-9.01562e-07	1.91632	-2.06649	-0.00178804	-0.336857	0.224595	180	0	-0.000601041	275.837	-0.0170966	958.162	211.86	0	-1033.24	180.001	0	-1.76597	115.257	0	-249.537	244.743	0	-0.0129371	7158
THOR	0	1.67268	2.12687	9.18791e-06	-1.12999	1.33158e-07	-9.01562e-07	1.91632	-2.06649	-0.00178804	-0.336857	0.224595	180	0	-0.000601041	275.837	-0.0170966	958.162	211.86	0	-1033.24	180.001	0	-1.76597	115.257	0	-249.537	244.743	0	-0.0129371	7195
THOR	0	1.67266	2.12689	8.98817e-06	-1.13	2.2193e-07	-8.96314e-07	1.92023	-2.07171	-0.00177478	-0.332295	0.221553	180	0	-0.000597543	275.836	-0.016865	960.113	211.862	0	-1035.85	180.001	0	-1.75287	115.256	0	-246.157	244.744	0	-0.0126773	7240
THOR	0	1.67265	2.12691	8.98817e-06	-1.13002	1.77544e-07	-9.35714e-07	1.92403	-2.07687	-0.00176164	-0.327827	0.218574	180	0	-0.000623809	275.836	-0.0166392	962.017	211.863	0	-1038.44	180.001	0	-1.73989	115.255	0	-242.847	244.745	0	-0.0124229	7271
THOR	0	1.67263	2.12693	8.98817e-06	-1.13004	2.2193e-07	-1.00678e-06	1.92781	-2.08191	-0.00174861	-0.323419	0.215634	180	0	-0.000671188	275.835	-0.0164157	963.906	211.864	0	-1040.95	180.001	0	-1.72702	115.254	0	-239.582	244.746	0	-0.0121735	7312
THOR	0	1.67263	2.12693	8.98817e-06	-1.13004	2.2193e-07	-1.00678e-06	1.92781	-2.08191	-0.00174861	-0.323419	0.215634	180	0	-0.000671188	275.835	-0.0164157	963.906	211.864	0	-1040.95	180.001	0	-1.72702	115.254	0	-239.582	244.746	0	-0.0121735	7348
THOR	0	1.67262	2.12695	8.78843e-06	-1.13005	8.8772e-08	-1.08866e-06	1.93156	-2.08683	-0.00173568	-0.319073	0.212737	180	0	-0.000725775	275.834	-0.0161962	965.78	211.865	0	-1043.41	180.001	0	-1.71425	115.253	0	-236.363	244.747	0	-0.0119281	7386
THOR	0	1.6726	2.12696	8.78843e-06	-1.13007	1.33158e-07	-1.15822e-06	1.93521	-2.09168	-0.00172284	-0.31476	0.209861	180	0	-0.000772148	275.833	-0.0159781	967.606	211.866	0	-1045.84	180.001	0	-1.70157	115.252	0	-233.167	244.748	0	-0.0116878	7426
THOR	0	1.67259	2.12698	8.78843e-06	-1.13009	2.2193e-07	-1.21031e-06	1.93883	-2.09641	-0.00171009	-0.310538	0.207046	180	0	-0.00080687	275.832	-0.0157645	969.417	211.867	0	-1048.21	180.001	0	-1.68897	115.251	0	-230.04	244.749	0	-0.0114515	7463
THOR	0	1.67258	2.127	8.58869e-06	-1.1301	1.33158e-07	-1.24572e-06	1.94242	-2.10102	-0.00169742	-0.306349	0.204253	180	0	-0.000830478	275.832	-0.0155531	971.212	211.868	0	-1050.51	180.001	0	-1.67647	115.25	0	-226.937	244.75	0	-0.0112205	7498
THOR	0	1.67256	2.12702	8.58869e-06	-1.13012	1.77544e-07	-1.27381e-06	1.94595	-2.10557	-0.00168484	-0.302221	0.2015	180	0	-0.000849204	275.831	-0.0153471	972.977	211.869	0	-1052.78	180.001	0	-1.66404	115.249	0	-223.878	244.751	0	-0.0109942	7538
THOR	0	1.67256	2.12702	8.58869e-06	-1.13012	1.77544e-07	-1.27381e-06	1.94595	-2.10557	-0.00168484	-0.302221	0.2015	180	0	-0.000849204	275.831	-0.0153471	972.977	211.869	0	-1052.78	180.001	0	-1.66404	115.249	0	-223.878	244.751	0	-0.0109942	7579
THOR	0	1.67255	2.12704	8.58869e-06	-1.13013	1.77544e-07	-1.30193e-06	1.94945	-2.11006	-0.00167236	-0.298153	0.198788	180	0	-0.000867952	275.83	-0.015143	974.726	211.87	0	-1055.03	180.001	0	-1.65171	115.248	0	-220.865	244.752	0	-0.0107724	7613
THOR	0	1.67254	2.12705	8.38896e-06	-1.13015	1.33158e-07	-1.33385e-06	1.95288	-2.11442	-0.00165998	-0.294152	0.19612	180	0	-0.000889234	275.829	-0.0149377	976.442	211.871	0	-1057.21	180.001	0	-1.63949	115.247	0	-217.901	244.753	0	-0.0105557	7652
THOR	0	1.67252	2.12707	8.38896e-06	-1.13016	1.33158e-07	-1.37043e-06	1.95626	-2.11872	-0.00164769	-0.290211	0.193492	180	0	-0.000913618	275.829	-0.0147396	978.128	211.872	0	-1059.36	180.001	0	-1.62735	115.246	0	-214.981	244.754	0	-0.0103433	7694
THOR	0	1.67252	2.12707	8.38896e-06	-1.13016	1.33158e-07	-1.37043e-06	1.95626	-2.11872	-0.00164769	-0.290211	0.193492	180	0	-0.000913618	275.829	-0.0147396	978.128	211.872	0	-1059.36	180.001	0	-1.62735	115.246	0	-214.981	244.754	0	-0.0103433	7728
THOR	0	1.67251	2.12709	8.38896e-06	-1.13018	1.77544e-07	-1.41092e-06	1.95963	-2.1229	-0.00163548	-0.286297	0.190883	180	0	-0.000940615	275.828	-0.0145451	979.815	211.873	0	-1061.45	180.001	0	-1.61529	115.245	0	-212.082	244.755	0	-0.0101344	7772
THOR	0	1.6725	2.1271	8.18922e-06	-1.13019	1.33158e-07	-1.44831e-06	1.96291	-2.12702	-0.00162338	-0.282452	0.188319	180	0	-0.000965542	275.827	-0.0143459	981.453	211.874	0	-1063.51	180.001	0	-1.60334	115.245	0	-209.233	244.755	0	-0.00993066	7811
THOR	0	1.67249	2.12712	8.18922e-06	-1.13021	1.77544e-07	-1.48768e-06	1.96619	-2.13102	-0.00161134	-0.278658	0.18579	180	0	-0.000991789	275.826	-0.0141601	983.094	211.875	0	-1065.51	180.001	0	-1.59145	115.244	0	-206.423	244.756	0	-0.00972916	7845
THOR	0	1.67247	2.12713	8.18922e-06	-1.13022	1.77544e-07	-1.51502e-06	1.96937	-2.13495	-0.00159942	-0.274908	0.183289	180	0	-0.00101001	275.826	-0.0139664	984.685	211.876	0	-1067.47	180.001	0	-1.57968	115.243	0	-203.645	244.757	0	-0.00953416	7885
THOR	0	1.67247	2.12713	8.18922e-06	-1.13022	1.77544e-07	-1.51502e-06	1.96937	-2.13495	-0.00159942	-0.274908	0.183289	180	0	-0.00101001	275.826	-0.0139664	984.685	211.876	0	-1067.47	180.001	0	-1.57968	115.243	0	-203.645	244.757	0	-0.00953416	7926
THOR	0	1.67246	2.12715	7.98948e-06	-1.13024	1.33158e-07	-1.5434e-06	1.97255	-2.13882	-0.00158758	-0.271217	0.180828	180	0	-0.00102893	275.825	-0.013778	986.277	211.877	0	-1069.41	180.001	0	-1.56798	115.242	0	-200.911	244.758	0	-0.00934239	7957
THOR	0	1.67245	2.12716	7.98948e-06	-1.13025	1.77544e-07	-1.57132e-06	1.97568	-2.14263	-0.00157583	-0.267586	0.178407	180	0	-0.00104755	275.824	-0.0135936	987.838	211.877	0	-1071.31	180.001	0	-1.55637	115.241	0	-198.221	244.759	0	-0.00915425	7999
THOR	0	1.67244	2.12718	7.98948e-06	-1.13027	1.33158e-07	-1.59877e-06	1.97877	-2.14631	-0.00156416	-0.263985	0.176006	180	0	-0.00106585	275.824	-0.0134126	989.384	211.878	0	-1073.16	180.001	0	-1.54485	115.241	0	-195.554	244.759	0	-0.00896986	8037
THOR	0	1.67243	2.12719	7.98948e-06	-1.13028	1.33158e-07	-1.62487e-06	1.9818	-2.14994	-0.00155258	-0.260448	0.173648	180	0	-0.00108325	275.823	-0.0132309	990.898	211.879	0	-1074.97	180.001	0	-1.53341	115.24	0	-192.934	244.76	0	-0.00878936	8079
THOR	0	1.67243	2.12719	7.98948e-06	-1.13028	1.33158e-07	-1.62487e-06	1.9818	-2.14994	-0.00155258	-0.260448	0.173648	180	0	-0.00108325	275.823	-0.0132309	990.898	211.879	0	-1074.97	180.001	0	-1.53341	115.24	0	-192.934	244.76	0	-0.00878936	8106
THOR	0	1.67242	2.1272	7.78975e-06	-1.13029	1.33158e-07	-1.65206e-06	1.98483	-2.1535	-0.00154108	-0.256939	0.171308	180	0	-0.00110137	275.822	-0.0130555	992.413	211.88	0	-1076.75	180.001	0	-1.52205	115.239	0	-190.334	244.761	0	-0.00861219	8150
THOR	0	1.6724	2.12722	7.78975e-06	-1.13031	1.77544e-07	-1.67812e-06	1.98779	-2.15701	-0.00152967	-0.253495	0.169012	180	0	-0.00111875	275.822	-0.0128804	993.896	211.881	0	-1078.5	180.001	0	-1.51078	115.238	0	-187.782	244.762	0	-0.00843896	8189
THOR	0	1.67239	2.12723	7.78975e-06	-1.13032	1.77544e-07	-1.70293e-06	1.99069	-2.16045	-0.00151835	-0.250114	0.166757	180	0	-0.00113529	275.821	-0.0127065	995.347	211.881	0	-1080.22	180.001	0	-1.4996	115.237	0	-185.278	244.762	0	-0.00826921	8232
THOR	0	1.67238	2.12724	7.59001e-06	-1.13033	1.77544e-07	-1.72695e-06	1.9936	-2.16377	-0.0015071	-0.246761	0.164522	180	0	-0.0011513	275.82	-0.012537	996.799	211.882	0	-1081.88	180.001	0	-1.4885	115.237	0	-182.794	244.763	0	-0.00810271	8264
THOR	0	1.67238	2.12724	7.59001e-06	-1.13033	1.77544e-07	-1.72695e-06	1.9936	-2.16377	-0.0015071	-0.246761	0.164522	180	0	-0.0011513	275.82	-0.012537	996.799	211.882	0	-1081.88	180.001	0	-1.4885	115.237	0	-182.794	244.763	0	-0.00810271	8309
THOR	0	1.67237	2.12726	7.59001e-06	-1.13034	1.77544e-07	-1.74925e-06	1.99644	-2.16709	-0.00149594	-0.243441	0.162308	180	0	-0.00116617	275.82	-0.0123691	998.22	211.883	0	-1083.54	180.001	0	-1.47748	115.236	0	-180.335	244.764	0	-0.00793968	8346
THOR	0	1.67236	2.12727	7.59001e-06	-1.13036	1.77544e-07	-1.77148e-06	1.99925	-2.17028	-0.00148487	-0.240182	0.160135	180	0	-0.00118099	275.819	-0.0122046	999.625	211.884	0	-1085.14	180.001	0	-1.46653	115.235	0	-177.92	244.765	0	-0.00777989	8390
THOR	0	1.67235	2.12728	7.59001e-06	-1.13037	1.33158e-07	-1.79274e-06	2.002	-2.17342	-0.00147387	-0.236953	0.157982	180	0	-0.00119516	275.819	-0.0120413	1001	211.884	0	-1086.71	180.001	0	-1.45567	115.235	0	-175.528	244.765	0	-0.00762331	8426
THOR	0	1.67235	2.12728	7.59001e-06	-1.13037	1.33158e-07	-1.79274e-06	2.002	-2.17342	-0.00147387	-0.236953	0.157982	180	0	-0.00119516	275.819	-0.0120413	1001	211.884	0	-1086.71	180.001	0	-1.45567	115.235	0	-175.528	244.765	0	-0.00762331	8463
THOR	0	1.67234	2.12729	7.39027e-06	-1.13038	8.8772e-08	-1.81332e-06	2.00475	-2.17649	-0.00146296	-0.233787	0.155872	180	0	-0.00120888	275.818	-0.0118818	1002.37	211.885	0	-1088.24	180.001	0	-1.4449	115.234	0	-173.183	244.766	0	-0.00746985	8505
THOR	0	1.67233	2.12731	7.39027e-06	-1.13039	2.2193e-07	-1.83337e-06	2.00743	-2.17956	-0.00145212	-0.230652	0.153781	180	0	-0.00122225	275.817	-0.0117224	1003.72	211.886	0	-1089.78	180.001	0	-1.4342	115.233	0	-170.861	244.767	0	-0.00731954	8540
THOR	0	1.67232	2.12732	7.39027e-06	-1.13041	1.77544e-07	-1.85192e-06	2.01008	-2.18251	-0.00144137	-0.227581	0.151733	180	0	-0.00123461	275.817	-0.0115646	1005.04	211.886	0	-1091.26	180.001	0	-1.42358	115.233	0	-168.585	244.767	0	-0.00717244	8580
THOR	0	1.67232	2.12732	7.39027e-06	-1.13041	1.77544e-07	-1.85192e-06	2.01008	-2.18251	-0.00144137	-0.227581	0.151733	180	0	-0.00123461	275.817	-0.0115646	1005.04	211.886	0	-1091.26	180.001	0	-1.42358	115.233	0	-168.585	244.767	0	-0.00717244	8615
THOR	0	1.67231	2.12733	7.19053e-06	-1.13042	1.33158e-07	-1.8707e-06	2.01271	-2.1854	-0.0014307	-0.224539	0.149706	180	0	-0.00124713	275.816	-0.0114096	1006.35	211.887	0	-1092.7	180.001	0	-1.41304	115.232	0	-166.332	244.768	0	-0.00702814	8653
THOR	0	1.6723	2.12734	7.19053e-06	-1.13043	1.77544e-07	-1.88941e-06	2.0153	-2.18822	-0.0014201	-0.221528	0.147698	180	0	-0.00125961	275.816	-0.0112573	1007.65	211.888	0	-1094.11	180.001	0	-1.40257	115.231	0	-164.102	244.769	0	-0.00688659	8697
THOR	0	1.67229	2.12735	7.19053e-06	-1.13044	1.77544e-07	-1.90602e-06	2.01786	-2.19105	-0.00140959	-0.218548	0.145711	180	0	-0.00127068	275.815	-0.0111071	1008.93	211.888	0	-1095.53	180.001	0	-1.39219	115.231	0	-161.894	244.769	0	-0.00674828	8732
THOR	0	1.67228	2.12736	7.19053e-06	-1.13045	8.8772e-08	-1.92264e-06	2.02039	-2.19376	-0.00139915	-0.215631	0.143766	180	0	-0.00128176	275.815	-0.0109592	1010.19	211.889	0	-1096.88	180.001	0	-1.38188	115.23	0	-159.733	244.77	0	-0.0066125	8773
THOR	0	1.67227	2.12737	6.9908e-06	-1.13046	1.33158e-07	-1.93993e-06	2.02289	-2.19646	-0.00138879	-0.212745	0.141842	180	0	-0.00129329	275.814	-0.010811	1011.44	211.889	0	-1098.23	180.001	0	-1.37165	115.229	0	-157.596	244.771	0	-0.00647957	8805
THOR	0	1.67227	2.12737	6.9908e-06	-1.13046	1.33158e-07	-1.93993e-06	2.02289	-2.19646	-0.00138879	-0.212745	0.141842	180	0	-0.00129329	275.814	-0.010811	1011.44	211.889	0	-1098.23	180.001	0	-1.37165	115.229	0	-157.596	244.771	0	-0.00647957	8848
THOR	0	1.67226	2.12738	6.9908e-06	-1.13047	1.33158e-07	-1.95503e-06	2.02532	-2.1991	-0.00137851	-0.209919	0.139958	180	0	-0.00130335	275.813	-0.0106669	1012.66	211.89	0	-1099.55	180.001	0	-1.36149	115.229	0	-155.502	244.771	0	-0.00634904	8881
THOR	0	1.67225	2.12739	6.9908e-06	-1.13048	1.77544e-07	-1.96991e-06	2.02776	-2.20162	-0.0013683	-0.207095	0.138075	180	0	-0.00131328	275.813	-0.0105254	1013.88	211.891	0	-1100.81	180.001	0	-1.35141	115.228	0	-153.41	244.772	0	-0.00622154	8916
THOR	0	1.67224	2.1274	6.9908e-06	-1.13049	1.77544e-07	-1.98439e-06	2.03013	-2.20414	-0.00135817	-0.204334	0.136234	180	0	-0.00132293	275.812	-0.010384	1015.06	211.891	0	-1102.07	180.001	0	-1.3414	115.227	0	-151.365	244.773	0	-0.00609654	8956
THOR	0	1.67223	2.12741	6.79106e-06	-1.13051	1.33158e-07	-1.99872e-06	2.0325	-2.2066	-0.00134811	-0.201602	0.134412	180	0	-0.00133248	275.812	-0.010245	1016.25	211.892	0	-1103.3	180.001	0	-1.33147	115.227	0	-149.341	244.773	0	-0.00597394	8988
THOR	0	1.67223	2.12741	6.79106e-06	-1.13051	1.33158e-07	-1.99872e-06	2.0325	-2.2066	-0.00134811	-0.201602	0.134412	180	0	-0.00133248	275.812	-0.010245	1016.25	211.892	0	-1103.3	180.001	0	-1.33147	115.227	0	-149.341	244.773	0	-0.00597394	9022
THOR	0	1.67222	2.12742	6.79106e-06	-1.13052	1.77544e-07	-2.01285e-06	2.03481	-2.20906	-0.00133813	-0.198932	0.132632	180	0	-0.0013419	275.811	-0.0101091	1017.41	211.892	0	-1104.53	180.001	0	-1.32161	115.226	0	-147.363	244.774	0	-0.0058537	9052
THOR	0	1.67222	2.12743	6.79106e-06	-1.13053	2.2193e-07	-2.02635e-06	2.03712	-2.21139	-0.00132822	-0.196264	0.130853	180	0	-0.0013509	275.811	-0.00997389	1018.56	211.893	0	-1105.7	180.001	0	-1.31182	115.226	0	-145.387	244.774	0	-0.00573624	9092
THOR	0	1.67221	2.12744	6.79106e-06	-1.13054	1.77544e-07	-2.03843e-06	2.03937	-2.21373	-0.00131838	-0.193657	0.129115	180	0	-0.00135895	275.81	-0.00984103	1019.69	211.893	0	-1106.86	180.001	0	-1.30211	115.225	0	-143.455	244.775	0	-0.00562081	9130
THOR	0	1.67221	2.12744	6.79106e-06	-1.13054	1.77544e-07	-2.03843e-06	2.03937	-2.21373	-0.00131838	-0.193657	0.129115	180	0	-0.00135895	275.81	-0.00984103	1019.69	211.893	0	-1106.86	180.001	0	-1.30211	115.225	0	-143.455	244.775	0	-0.00562081	9171
THOR	0	1.6722	2.12745	6.59132e-06	-1.13055	8.8772e-08	-2.05081e-06	2.04162	-2.216	-0.00130863	-0.191082	0.127398	180	0	-0.0013672	275.81	-0.0097069	1020.81	211.894	0	-1108	180.001	0	-1.29247	115.225	0	-141.548	244.775	0	-0.00550801	9212
THOR	0	1.67219	2.12746	6.59132e-06	-1.13056	1.77544e-07	-2.06275e-06	2.0438	-2.21821	-0.00129894	-0.188537	0.125701	180	0	-0.00137517	275.809	-0.00957796	1021.9	211.894	0	-1109.11	180.001	0	-1.2829	115.224	0	-139.662	244.776	0	-0.00539738	9249
THOR	0	1.67218	2.12746	6.59132e-06	-1.13056	1.77544e-07	-2.07426e-06	2.04599	-2.22043	-0.00128932	-0.186024	0.124025	180	0	-0.00138284	275.809	-0.0094495	1023	211.895	0	-1110.21	180.001	0	-1.2734	115.223	0	-137.801	244.777	0	-0.00528902	9285
THOR	0	1.67217	2.12747	6.59132e-06	-1.13057	1.77544e-07	-2.08572e-06	2.04815	-2.22258	-0.00127977	-0.183539	0.122369	180	0	-0.00139048	275.808	-0.00932503	1024.07	211.895	0	-1111.29	180.001	0	-1.26397	115.223	0	-135.96	244.777	0	-0.00518261	9326
THOR	0	1.67217	2.12747	6.59132e-06	-1.13057	1.33158e-07	-2.08629e-06	2.04823	-2.22266	-0.00127924	-0.183409	0.122282	180	0	-0.00139086	275.808	-0.00931999	1024.12	211.895	0	-1111.33	180.001	0	-1.26344	115.223	0	-135.864	244.777	0	-0.00517675	9363
THOR	0	1.67217	2.12748	6.39159e-06	-1.13058	1.33158e-07	-2.09628e-06	2.05024	-2.22467	-0.00127029	-0.181088	0.120735	180	0	-0.00139752	275.808	-0.00919889	1025.12	211.896	0	-1112.33	180	0	-1.25461	115.222	0	-134.145	244.778	0	-0.00507868	9404
THOR	0	1.67216	2.12749	6.39159e-06	-1.13059	1.77544e-07	-2.10662e-06	2.05233	-2.22669	-0.00126089	-0.178666	0.11912	180	0	-0.00140441	275.808	-0.00907739	1026.16	211.896	0	-1113.35	180	0	-1.24532	115.222	0	-132.35	244.778	0	-0.00497659	9448
THOR	0	1.67215	2.1275	6.39159e-06	-1.1306	1.77544e-07	-2.11697e-06	2.05439	-2.22872	-0.00125155	-0.176308	0.117548	180	0	-0.00141131	275.807	-0.00895604	1027.2	211.897	0	-1114.36	180	0	-1.2361	115.221	0	-130.604	244.779	0	-0.00487674	9488
THOR	0	1.67214	2.1275	6.39159e-06	-1.13061	2.2193e-07	-2.12709e-06	2.05642	-2.23069	-0.00124228	-0.17395	0.115975	180	0	-0.00141806	275.807	-0.00883627	1028.21	211.897	0	-1115.34	180	0	-1.22695	115.221	0	-128.857	244.779	0	-0.00477882	9528
THOR	0	1.67213	2.12751	6.19185e-06	-1.13062	1.33158e-07	-2.13697e-06	2.05845	-2.23259	-0.00123308	-0.171652	0.114443	180	0	-0.00142464	275.806	-0.00871881	1029.23	211.897	0	-1116.3	180	0	-1.21786	115.22	0	-127.154	244.78	0	-0.00468273	9568
THOR	0	1.67213	2.12751	6.19185e-06	-1.13062	1.33158e-07	-2.13697e-06	2.05845	-2.23259	-0.00123308	-0.171652	0.114443	180	0	-0.00142464	275.806	-0.00871881	1029.23	211.897	0	-1116.3	180	0	-1.21786	115.22	0	-127.154	244.78	0	-0.00468273	9605
THOR	0	1.67213	2.12752	6.19185e-06	-1.13063	2.2193e-07	-2.14579e-06	2.06042	-2.2345	-0.00122395	-0.169356	0.112912	180	0	-0.00143053	275.806	-0.00860145	1030.21	211.898	0	-1117.25	180	0	-1.20884	115.22	0	-125.453	244.78	0	-0.00458889	9637
THOR	0	1.67212	2.12753	6.19185e-06	-1.13064	1.33158e-07	-2.15435e-06	2.06238	-2.23634	-0.00121489	-0.167122	0.111422	180	0	-0.00143623	275.805	-0.0084861	1031.19	211.898	0	-1118.17	180	0	-1.19989	115.219	0	-123.798	244.781	0	-0.00449685	9681
THOR	0	1.67211	2.12753	6.19185e-06	-1.13065	1.77544e-07	-2.16349e-06	2.06429	-2.23819	-0.00120589	-0.164885	0.109932	180	0	-0.00144233	275.805	-0.00837443	1032.14	211.899	0	-1119.09	180	0	-1.191	115.219	0	-122.142	244.781	0	-0.0044064	9718
THOR	0	1.67211	2.12753	6.19185e-06	-1.13065	1.77544e-07	-2.16349e-06	2.06429	-2.23819	-0.00120589	-0.164885	0.109932	180	0	-0.00144233	275.805	-0.00837443	1032.14	211.899	0	-1119.09	180	0	-1.191	115.219	0	-122.142	244.781	0	-0.0044064	9757
THOR	0	1.6721	2.12754	6.19185e-06	-1.13065	2.2193e-07	-2.17109e-06	2.06619	-2.23997	-0.00119697	-0.162715	0.108484	180	0	-0.0014474	275.805	-0.00826053	1033.1	211.899	0	-1119.98	180	0	-1.18219	115.218	0	-120.534	244.782	0	-0.00431809	9793
THOR	0	1.6721	2.12755	5.99211e-06	-1.13066	1.33158e-07	-2.18005e-06	2.06807	-2.24169	-0.0011881	-0.16054	0.107034	180	0	-0.00145337	275.804	-0.00815282	1034.03	211.899	0	-1120.84	180	0	-1.17343	115.218	0	-118.923	244.782	0	-0.00423136	9832
THOR	0	1.67209	2.12755	5.99211e-06	-1.13067	2.2193e-07	-2.18791e-06	2.06991	-2.24341	-0.0011793	-0.158398	0.105606	180	0	-0.0014586	275.804	-0.0080437	1034.95	211.9	0	-1121.7	180	0	-1.16474	115.217	0	-117.336	244.783	0	-0.00414649	9873
THOR	0	1.67209	2.12756	5.99211e-06	-1.13067	2.2193e-07	-2.19089e-06	2.07075	-2.24417	-0.00117531	-0.157476	0.104991	180	0	-0.0014606	275.804	-0.00799482	1035.37	211.9	0	-1122.09	180	0	-1.1608	115.217	0	-116.653	244.783	0	-0.00411188	9909
THOR	0	1.67208	2.12756	5.99211e-06	-1.13068	2.2193e-07	-2.19637e-06	2.07175	-2.24507	-0.00117056	-0.156317	0.104219	180	0	-0.00146425	275.803	-0.00793894	1035.88	211.9	0	-1122.54	180	0	-1.15611	115.217	0	-115.795	244.783	0	-0.00406299	9945
THOR	0	1.67208	2.12757	5.99211e-06	-1.13069	2.2193e-07	-2.20257e-06	2.07356	-2.24673	-0.0011619	-0.154241	0.102834	180	0	-0.00146838	275.803	-0.00782996	1036.78	211.901	0	-1123.36	180	0	-1.14756	115.216	0	-114.257	244.784	0	-0.00398195	9985
THOR	0	1.67207	2.12757	5.79238e-06	-1.13069	1.77544e-07	-2.21016e-06	2.07534	-2.24833	-0.0011533	-0.152192	0.101468	180	0	-0.00147344	275.803	-0.00772503	1037.67	211.901	0	-1124.16	180	0	-1.13906	115.216	0	-112.738	244.784	0	-0.00390193	10026
THOR	0	1.67206	2.12758	5.79238e-06	-1.1307	8.8772e-08	-2.21749e-06	2.07709	-2.24986	-0.00114475	-0.150173	0.100122	180	0	-0.00147833	275.802	-0.00762308	1038.55	211.901	0	-1124.93	180	0	-1.13062	115.215	0	-111.243	244.784	0	-0.00382346	10063
THOR	0	1.67206	2.12758	5.79238e-06	-1.13071	1.77544e-07	-2.22301e-06	2.07881	-2.25146	-0.00113628	-0.148188	0.0987989	180	0	-0.00148201	275.802	-0.00751962	1039.4	211.902	0	-1125.73	180	0	-1.12225	115.215	0	-109.773	244.785	0	-0.00374717	10102
THOR	0	1.67206	2.12758	5.79238e-06	-1.13071	1.77544e-07	-2.22301e-06	2.07881	-2.25146	-0.00113628	-0.148188	0.0987989	180	0	-0.00148201	275.802	-0.00751962	1039.4	211.902	0	-1125.73	180	0	-1.12225	115.215	0	-109.773	244.785	0	-0.00374717	10141
THOR	0	1.67205	2.12759	5.79238e-06	-1.13072	1.77544e-07	-2.23021e-06	2.08053	-2.25293	-0.00112786	-0.146232	0.0974945	180	0	-0.00148681	275.801	-0.00742079	1040.26	211.902	0	-1126.47	180	0	-1.11394	115.215	0	-108.324	244.785	0	-0.00367184	10182
THOR	0	1.67204	2.1276	5.79238e-06	-1.13073	1.33158e-07	-2.23598e-06	2.08221	-2.25441	-0.00111951	-0.144309	0.0962127	180	0	-0.00149065	275.801	-0.00732025	1041.11	211.902	0	-1127.2	180	0	-1.10569	115.214	0	-106.899	244.786	0	-0.00359838	10216
THOR	0	1.67204	2.1276	5.59264e-06	-1.13073	1.33158e-07	-2.2424e-06	2.08387	-2.25588	-0.00111122	-0.142385	0.0949295	180	0	-0.00149493	275.801	-0.00722294	1041.93	211.903	0	-1127.94	180	0	-1.0975	115.214	0	-105.474	244.786	0	-0.00352633	10255
THOR	0	1.67203	2.12761	5.59264e-06	-1.13074	4.4386e-08	-2.24911e-06	2.08549	-2.2573	-0.00110299	-0.140489	0.0936658	180	0	-0.00149941	275.8	-0.00712779	1042.75	211.903	0	-1128.65	180	0	-1.08937	115.213	0	-104.07	244.787	0	-0.00345552	10294
THOR	0	1.67203	2.12761	5.59264e-06	-1.13074	4.4386e-08	-2.24911e-06	2.08549	-2.2573	-0.00110299	-0.140489	0.0936658	180	0	-0.00149941	275.8	-0.00712779	1042.75	211.903	0	-1128.65	180	0	-1.08937	115.213	0	-104.07	244.787	0	-0.00345552	10328
THOR	0	1.67202	2.12761	5.59264e-06	-1.13075	8.8772e-08	-2.25424e-06	2.08711	-2.25871	-0.00109483	-0.13866	0.0924462	180	0	-0.00150283	275.8	-0.00703111	1043.56	211.903	0	-1129.36	180	0	-1.08131	115.213	0	-102.715	244.787	0	-0.00338638	10364
THOR	0	1.67202	2.12762	5.59264e-06	-1.13075	8.8772e-08	-2.25996e-06	2.08871	-2.26006	-0.00108672	-0.136828	0.0912249	180	0	-0.00150664	275.8	-0.00693762	1044.35	211.904	0	-1130.03	180	0	-1.0733	115.213	0	-101.358	244.787	0	-0.0033185	10399
THOR	0	1.67201	2.12762	5.59264e-06	-1.13076	1.33158e-07	-2.26507e-06	2.0903	-2.26141	-0.00107867	-0.134997	0.090004	180	0	-0.00151004	275.799	-0.00684397	1045.15	211.904	0	-1130.71	180	0	-1.06536	115.212	0	-100.001	244.788	0	-0.00325213	10442
THOR	0	1.67201	2.12762	5.59264e-06	-1.13076	1.33158e-07	-2.26507e-06	2.0903	-2.26141	-0.00107867	-0.134997	0.090004	180	0	-0.00151004	275.799	-0.00684397	1045.15	211.904	0	-1130.71	180	0	-1.06536	115.212	0	-100.001	244.788	0	-0.00325213	10482
THOR	0	1.67201	2.12763	5.3929e-06	-1.13077	8.8772e-08	-2.27032e-06	2.09186	-2.2627	-0.00107069	-0.133229	0.088825	180	0	-0.00151355	275.799	-0.00675188	1045.93	211.904	0	-1131.35	180	0	-1.05747	115.212	0	-98.6913	244.788	0	-0.00318704	10523
THOR	0	1.672	2.12763	5.3929e-06	-1.13077	4.4386e-08	-2.27545e-06	2.09339	-2.26399	-0.00106275	-0.131458	0.0876445	180	0	-0.00151697	275.799	-0.00666376	1046.7	211.904	0	-1132	180	0	-1.04963	115.211	0	-97.3797	244.789	0	-0.00312316	10562
THOR	0	1.67199	2.12764	5.3929e-06	-1.13078	8.8772e-08	-2.27985e-06	2.09489	-2.26522	-0.00105489	-0.129753	0.0865077	180	0	-0.0015199	275.798	-0.00657354	1047.44	211.905	0	-1132.61	180	0	-1.04186	115.211	0	-96.1167	244.789	0	-0.00306067	10604
THOR	0	1.67199	2.12764	5.3929e-06	-1.13079	8.8772e-08	-2.28477e-06	2.09639	-2.26645	-0.00104708	-0.128046	0.0853696	180	0	-0.00152318	275.798	-0.00648574	1048.19	211.905	0	-1133.23	180	0	-1.03415	115.211	0	-94.8521	244.789	0	-0.00299949	10644
THOR	0	1.67199	2.12764	5.3929e-06	-1.13079	8.8772e-08	-2.28477e-06	2.09639	-2.26645	-0.00104708	-0.128046	0.0853696	180	0	-0.00152318	275.798	-0.00648574	1048.19	211.905	0	-1133.23	180	0	-1.03415	115.211	0	-94.8521	244.789	0	-0.00299949	10683
THOR	0	1.67198	2.12765	5.3929e-06	-1.13079	4.4386e-08	-2.29033e-06	2.09786	-2.26768	-0.00103932	-0.126338	0.0842306	180	0	-0.00152689	275.798	-0.00640012	1048.93	211.905	0	-1133.84	180	0	-1.02649	115.21	0	-93.5866	244.79	0	-0.00293933	10718
THOR	0	1.67309	2.12371	5.19316e-06	-1.13889	8.8772e-08	-2.49124e-05	6.45382	-5.38869	-0.00104582	-3.11789	2.07865	180	0	-0.0166083	275.861	2.85019	3226.91	211.68	0	-2694.34	180	0	-1.03291	114.747	0	-2309.58	245.253	0	-0.0329633	10758
THOR	2.66316e-07	1.67699	2.1169	5.19316e-06	-1.15557	0	-3.76124e-05	5.68615	-5.01109	-0.00104233	-1.53422	1.02287	180	0	-0.025075	276.085	5.78247	2843.08	211.289	0	-2505.55	180	0	-1.02946	113.791	0	-1136.49	246.209	0	-0.0320247	10795
THOR	2.66316e-07	1.68292	2.10932	5.19316e-06	-1.17571	1.33158e-07	-2.33871e-05	5.2159	-4.86026	-0.00102322	-0.888362	0.592297	180	0	-0.0155914	276.424	7.57872	2607.95	210.855	0	-2430.13	180	0	-1.01059	112.637	0	-658.077	247.363	0	-0.030508	10839
THOR	2.66316e-07	1.68292	2.10932	5.19316e-06	-1.17571	1.33158e-07	-2.33871e-05	5.2159	-4.86026	-0.00102322	-0.888362	0.592297	180	0	-0.0155914	276.424	7.57872	2607.95	210.855	0	-2430.13	180	0	-1.01059	112.637	0	-658.077	247.363	0	-0.030508	10873
THOR	2.66316e-07	1.69008	2.10133	5.19316e-06	-1.19725	8.8772e-08	6.01978e-06	4.91973	-4.75394	-0.000998621	-0.630403	0.420321	180	0	0.00401318	276.834	8.71001	2459.86	210.397	0	-2376.97	180	0	-0.986292	111.402	0	-466.994	248.598	0	-0.0290638	10912
THOR	0	1.69805	2.09301	5.19316e-06	-1.21932	8.8772e-08	2.92627e-05	4.71204	-4.66096	-0.000980845	-0.544403	0.362986	180	0	0.0195085	277.291	9.50332	2356.02	209.921	0	-2330.48	180	0	-0.968736	110.138	0	-403.29	249.862	0	-0.0282389	10948
THOR	0	1.70664	2.0844	4.99343e-06	-1.24153	4.4386e-08	3.31511e-05	4.54918	-4.57491	-0.000975362	-0.533378	0.355636	180	0	0.0221008	277.783	10.1254	2274.59	209.427	0	-2287.45	180	0	-0.96332	108.866	0	-395.123	251.134	0	-0.0281512	10981
THOR	0	1.71203	2.07909	4.99343e-06	-1.25485	8.8772e-08	2.50392e-05	4.45467	-4.52307	-0.000977116	-0.544548	0.363083	180	0	0.0166928	278.092	10.4522	2227.34	209.123	0	-2261.53	180	0	-0.965053	108.103	0	-403.397	251.897	0	-0.0283207	11024
THOR	0	1.71571	2.0755	4.99343e-06	-1.26371	8.8772e-08	1.89382e-05	3.92893	-4.46916	-0.000978828	-0.554586	0.369775	180	0	0.0126255	278.303	10.5492	1964.47	208.917	0	-2234.58	180	0	-0.966744	107.595	0	-410.833	252.405	0	-0.0284008	11060
THOR	0	1.72417	2.06543	4.99343e-06	-1.28569	8.8772e-08	5.32185e-06	2.64807	-3.87721	-0.000977764	-0.670362	0.446958	180	0	0.0035479	278.787	8.63785	1324.03	208.34	0	-1938.6	180	0	-0.965693	106.335	0	-496.592	253.665	0	-0.02792	11093
THOR	0	1.73063	2.05337	4.99343e-06	-1.30708	4.4386e-08	7.5831e-07	2.12247	-3.34236	-0.000971777	-0.884975	0.590033	180	0	0.00050554	279.158	6.30885	1061.23	207.65	0	-1671.18	180	0	-0.95978	105.11	0	-655.564	254.89	0	-0.0272942	11133
THOR	0	1.73523	2.03987	4.99343e-06	-1.32773	1.33158e-07	-1.19614e-06	1.88901	-2.99616	-0.00096551	-1.09894	0.732674	180	0	-0.000797425	279.421	4.38407	944.505	206.876	0	-1498.08	180	0	-0.953591	103.926	0	-814.055	256.074	0	-0.0268386	11173
THOR	0	1.73836	2.02548	4.79369e-06	-1.34773	8.8772e-08	-4.91709e-06	1.8128	-2.81685	-0.000960707	-0.435132	0.290136	180	0	-0.00327806	279.6	2.91574	906.401	206.052	0	-1408.43	180	0	-0.948846	102.78	0	-322.346	257.22	0	-0.0265346	11213
THOR	0	1.73836	2.02548	4.79369e-06	-1.34773	8.8772e-08	-4.91709e-06	1.8128	-2.81685	-0.000960707	-0.435132	0.290136	180	0	-0.00327806	279.6	2.91574	906.401	206.052	0	-1408.43	180	0	-0.948846	102.78	0	-322.346	257.22	0	-0.0265346	11254
THOR	0	1.74023	2.01151	4.79369e-06	-1.36507	4.4386e-08	-8.00208e-06	2.10588	-3.23393	-0.000956159	1.26795	-0.845255	180	0	-0.00533472	279.708	1.38733	1052.94	205.251	0	-1616.96	180	0	-0.944354	101.787	0	939.199	258.213	0	-0.0263467	11285
THOR	0	1.74077	1.9991	4.79369e-06	-1.37677	1.33158e-07	-1.17584e-05	2.64629	-3.70656	-0.000951693	1.10252	-0.734969	180	0	-0.0078389	279.739	0.0805748	1323.14	204.54	0	-1853.28	180	0	-0.939944	101.117	0	816.658	258.883	0	-0.0260359	11324
THOR	0	1.74078	1.98831	4.79369e-06	-1.38376	8.8772e-08	-1.77794e-05	2.68732	-4.15553	-0.000948295	0.67058	-0.447007	180	0	-0.0118529	279.739	-0.00530087	1343.66	203.922	0	-2077.76	180	0	-0.936587	100.717	0	496.7	259.283	0	-0.0256602	11367
THOR	0	1.74077	1.97854	4.79369e-06	-1.3877	1.33158e-07	-1.81811e-05	2.69843	-4.34676	-0.000939911	0.314517	-0.209633	180	0	-0.0121207	279.739	-0.019853	1349.21	203.362	0	-2173.38	180	0	-0.928307	100.491	0	232.951	259.509	0	-0.0247251	11403
THOR	0	1.74077	1.97854	4.79369e-06	-1.3877	1.33158e-07	-1.82627e-05	2.69829	-4.3451	-0.00094009	0.319692	-0.213084	180	0	-0.0121751	279.739	-0.019853	1349.15	203.362	0	-2172.55	180	0	-0.928484	100.491	0	236.784	259.509	0	-0.024742	11440
THOR	2.66316e-07	1.74075	1.96911	4.79369e-06	-1.38982	1.77544e-07	-9.60694e-06	2.70529	-4.37771	-0.000926511	0.0583572	-0.0388623	180	0	-0.00640463	279.738	-0.0232022	1352.65	202.822	0	-2188.86	180	0	-0.915073	100.369	0	43.2039	259.631	0	-0.0236129	11472
THOR	0	1.74074	1.95976	4.79369e-06	-1.39079	1.77544e-07	5.58024e-06	2.678	-2.98962	-0.000909979	-0.394115	0.262784	180	0	0.00372016	279.737	0.0321697	1339	202.286	0	-1494.81	180	0	-0.898745	100.314	0	-291.96	259.686	0	-0.0226809	11508
THOR	0	1.74125	1.95159	4.59395e-06	-1.39084	4.4386e-08	2.23836e-05	1.93044	-1.88121	-0.000893925	-0.57453	0.38306	180	0	0.0149224	279.766	1.19934	965.219	201.818	0	-940.604	180	0	-0.882889	100.311	0	-425.6	259.689	0	-0.0221988	11546
THOR	0	1.74274	1.94535	4.59395e-06	-1.39083	0	3.18373e-05	1.0874	-1.31076	-0.000883365	-0.588012	0.392048	180	0	0.0212249	279.852	2.04115	543.7	201.461	0	-655.379	180	0	-0.872459	100.311	0	-435.586	259.689	0	-0.0221352	11587
THOR	0	1.74274	1.94535	4.59395e-06	-1.39083	0	3.18373e-05	1.0874	-1.31076	-0.000883365	-0.588012	0.392048	180	0	0.0212249	279.852	2.04115	543.7	201.461	0	-655.379	180	0	-0.872459	100.311	0	-435.586	259.689	0	-0.0221352	11628
THOR	0	1.74461	1.94077	4.59395e-06	-1.39081	8.8772e-08	2.97788e-05	0.520206	-0.959791	-0.000879761	-0.599865	0.39995	180	0	0.0198525	279.959	2.15715	260.103	201.198	0	-479.896	180	0	-0.8689	100.313	0	-444.367	259.687	0	-0.0222277	11664
THOR	0	1.74636	1.93751	4.59395e-06	-1.39078	0	1.65918e-05	0.235647	-0.800499	-0.000882071	-0.610694	0.407169	180	0	0.0110612	280.059	0	117.824	201.011	0	-400.249	180	0	-0.871181	100.314	0	-452.388	259.686	0	-0.0222128	11708
THOR	0	1.74767	1.93535	4.39422e-06	-1.39074	8.8772e-08	-1.87119e-06	0.20167	-0.822128	-0.000886223	-0.619246	0.41287	180	0	-0.00124746	280.134	0	100.835	200.887	0	-411.064	180	0	-0.875282	100.316	0	-458.723	259.684	0	-0.0219125	11745
THOR	0	1.74767	1.93535	4.39422e-06	-1.39074	8.8772e-08	-1.87119e-06	0.20167	-0.822128	-0.000886223	-0.619246	0.41287	180	0	-0.00124746	280.134	0	100.835	200.887	0	-411.064	180	0	-0.875282	100.316	0	-458.723	259.684	0	-0.0219125	11785
THOR	0	1.74839	1.93411	4.39422e-06	-1.39071	0	-1.77232e-05	0.37308	-1.00465	-0.000887671	-0.624746	0.416536	180	0	-0.0118155	280.175	0	186.54	200.817	0	-502.323	180	0	-0.876712	100.318	0	-462.796	259.682	0	-0.0213604	11824
THOR	0	1.74855	1.9337	4.39422e-06	-1.39069	4.4386e-08	-2.58093e-05	0.585302	-1.35864	-0.000884704	-0.61786	0.411944	180	0	-0.0172062	280.184	0	292.651	200.793	0	-679.322	180	0	-0.873782	100.319	0	-457.695	259.681	0	-0.0207563	11861
THOR	2.66316e-07	1.74844	1.93372	4.39422e-06	-1.3907	4.4386e-08	-3.064e-05	0.7556	-1.42431	-0.000880816	-0.59972	0.39985	180	0	-0.0204267	280.178	0	377.8	200.794	0	-712.155	180	0	-0.869942	100.319	0	-444.258	259.681	0	-0.0202302	11904
THOR	2.66316e-07	1.74809	1.93377	4.39422e-06	-1.39072	8.8772e-08	-2.49837e-05	0.982438	-1.4457	-0.000869489	-0.591542	0.394396	180	0	-0.0166558	280.158	0	491.219	200.797	0	-722.849	180	0	-0.858754	100.317	0	-438.199	259.683	0	-0.0195117	11939
THOR	2.66316e-07	1.74809	1.93377	4.39422e-06	-1.39072	8.8772e-08	-2.49837e-05	0.982438	-1.4457	-0.000869489	-0.591542	0.394396	180	0	-0.0166558	280.158	0	491.219	200.797	0	-722.849	180	0	-0.858754	100.317	0	-438.199	259.683	0	-0.0195117	11976
THOR	2.66316e-07	1.74758	1.93386	4.39422e-06	-1.39075	1.33158e-07	-9.54889e-06	1.16396	-1.51451	-0.000853212	-0.583334	0.388923	180	0	-0.00636593	280.129	0	581.978	200.802	0	-757.253	180	0	-0.842678	100.316	0	-432.118	259.684	0	-0.0189001	12017
THOR	0	1.74706	1.93405	4.39422e-06	-1.39077	1.77544e-07	7.3285e-06	1.29204	-1.62972	-0.000837361	-0.574643	0.383129	180	0	0.00488567	280.099	0	646.018	200.813	0	-814.86	180	0	-0.827023	100.314	0	-425.68	259.685	0	-0.0184972	12054
THOR	0	1.74658	1.93432	4.19448e-06	-1.3908	-8.8772e-08	1.73741e-05	1.3995	-1.73297	-0.000826553	-0.565453	0.377002	180	0	0.0115827	280.071	0	699.749	200.828	0	-866.486	180	0	-0.816349	100.313	0	-418.873	259.687	0	-0.0182933	12086
THOR	0	1.74614	1.93461	4.19448e-06	-1.39083	8.8772e-08	1.69643e-05	1.48432	-1.81356	-0.00082205	-0.556	0.370699	180	0	0.0113096	280.046	0	742.161	200.845	0	-906.778	180	0	-0.811901	100.311	0	-411.87	259.689	0	-0.0181693	12127
THOR	0	1.74614	1.93461	4.19448e-06	-1.39083	8.8772e-08	1.69643e-05	1.48432	-1.81356	-0.00082205	-0.556	0.370699	180	0	0.0113096	280.046	0	742.161	200.845	0	-906.778	180	0	-0.811901	100.311	0	-411.87	259.689	0	-0.0181693	12162
THOR	0	1.74576	1.93489	4.19448e-06	-1.39087	-4.4386e-08	8.58363e-06	1.54419	-1.86933	-0.000821612	-0.546591	0.364426	180	0	0.00572242	280.025	0	772.096	200.861	0	-934.664	180	0	-0.811469	100.309	0	-404.9	259.691	0	-0.0179869	12192
THOR	0	1.74546	1.93512	4.19448e-06	-1.3909	8.8772e-08	-1.85827e-06	1.57982	-1.90138	-0.000821468	-0.537367	0.358277	180	0	-0.00123885	280.008	-0.303383	789.911	200.874	0	-950.691	180	0	-0.811326	100.307	0	-398.068	259.693	0	-0.017665	12237
THOR	0	1.74524	1.9353	4.19448e-06	-1.39093	4.4386e-08	-8.81897e-06	1.59321	-1.91251	-0.000818675	-0.528432	0.352319	180	0	-0.00587932	279.995	-0.213517	796.607	200.885	0	-956.256	180	0	-0.808568	100.305	0	-391.448	259.695	0	-0.0172203	12275
THOR	0	1.74524	1.9353	4.19448e-06	-1.39093	4.4386e-08	-8.81897e-06	1.59321	-1.91251	-0.000818675	-0.528432	0.352319	180	0	-0.00587932	279.995	-0.213517	796.607	200.885	0	-956.256	180	0	-0.808568	100.305	0	-391.448	259.695	0	-0.0172203	12307
THOR	0	1.74509	1.93542	4.19448e-06	-1.39097	-4.4386e-08	-9.95546e-06	1.58724	-1.90625	-0.000812411	-0.519831	0.346584	180	0	-0.00663698	279.986	-0.126557	793.619	200.891	0	-953.127	180	0	-0.802382	100.303	0	-385.077	259.697	0	-0.0167272	12351
THOR	0	1.74502	1.93548	4.19448e-06	-1.391	-8.8772e-08	-6.30681e-06	1.56222	-1.90538	-0.000803684	-0.513106	0.3421	180	0	-0.00420454	279.982	-0.0433619	781.109	200.895	0	-952.692	180	0	-0.793761	100.302	0	-380.095	259.698	0	-0.0162654	12392
THOR	0	1.74499	1.93553	3.99474e-06	-1.39103	4.4386e-08	-2.20934e-07	1.56654	-1.91372	-0.000793979	-0.507282	0.338217	180	0	-0.000147289	279.981	-0.034833	783.269	200.898	0	-956.858	180	0	-0.784177	100.3	0	-375.78	259.7	0	-0.0158741	12433
THOR	0	1.74496	1.93557	3.99474e-06	-1.39105	0	4.15832e-06	1.57385	-1.9248	-0.000785957	-0.500559	0.333734	180	0	0.00277222	279.979	-0.0334871	786.924	200.9	0	-962.4	180	0	-0.776254	100.298	0	-370.8	259.702	0	-0.0156042	12472
THOR	0	1.74493	1.93562	3.99474e-06	-1.39108	-4.4386e-08	4.60162e-06	1.58124	-1.93589	-0.00078044	-0.493859	0.329267	180	0	0.00306775	279.977	-0.0327238	790.619	200.903	0	-967.945	180	0	-0.770805	100.297	0	-365.837	259.703	0	-0.0153903	12513
THOR	0	1.74493	1.93562	3.99474e-06	-1.39108	-4.4386e-08	4.60162e-06	1.58124	-1.93589	-0.00078044	-0.493859	0.329267	180	0	0.00306775	279.977	-0.0327238	790.619	200.903	0	-967.945	180	0	-0.770805	100.297	0	-365.837	259.703	0	-0.0153903	12555
THOR	0	1.7449	1.93566	3.99474e-06	-1.39111	0	1.82986e-06	1.58859	-1.94684	-0.000776582	-0.487206	0.324831	180	0	0.00121991	279.976	-0.0321972	794.295	200.905	0	-973.421	180	0	-0.766994	100.296	0	-360.908	259.704	0	-0.0151578	12591
THOR	0	1.74487	1.9357	3.99474e-06	-1.39113	8.8772e-08	-1.80938e-06	1.59593	-1.95766	-0.000772897	-0.480616	0.320437	180	0	-0.00120625	279.974	-0.0318295	797.965	200.908	0	-978.829	180	0	-0.763355	100.294	0	-356.027	259.706	0	-0.0148716	12635
THOR	0	1.74485	1.93574	3.99474e-06	-1.39116	-8.8772e-08	-4.20047e-06	1.60324	-1.96829	-0.000768268	-0.474079	0.316079	180	0	-0.00280031	279.972	-0.0315272	801.619	200.91	0	-984.147	180	0	-0.758783	100.293	0	-351.184	259.707	0	-0.0145393	12662
THOR	0	1.74485	1.93574	3.99474e-06	-1.39116	-8.8772e-08	-4.20047e-06	1.60324	-1.96829	-0.000768268	-0.474079	0.316079	180	0	-0.00280031	279.972	-0.0315272	801.619	200.91	0	-984.147	180	0	-0.758783	100.293	0	-351.184	259.707	0	-0.0145393	12697
THOR	0	1.74482	1.93578	3.99474e-06	-1.39118	-8.8772e-08	-4.51093e-06	1.61048	-1.97874	-0.000762429	-0.467665	0.311802	180	0	-0.00300729	279.971	-0.0312159	805.239	200.912	0	-989.372	180	0	-0.753016	100.291	0	-346.432	259.709	0	-0.0141933	12737
THOR	0	1.74479	1.93582	3.795e-06	-1.39121	4.4386e-08	-3.21741e-06	1.61759	-1.98902	-0.000755836	-0.461325	0.307575	180	0	-0.00214494	279.969	-0.0308542	808.797	200.914	0	-994.508	180	0	-0.746504	100.29	0	-341.736	259.71	0	-0.0138667	12766
THOR	0	1.74477	1.93586	3.795e-06	-1.39123	8.8772e-08	-1.47677e-06	1.62458	-1.999	-0.000749207	-0.455053	0.303393	180	0	-0.000984515	279.968	-0.0304337	812.292	200.917	0	-999.5	180	0	-0.739958	100.288	0	-337.09	259.712	0	-0.0135742	12795
THOR	0	1.74474	1.9359	3.795e-06	-1.39125	-4.4386e-08	-2.92033e-07	1.63146	-2.00878	-0.000743072	-0.448919	0.299303	180	0	-0.000194689	279.966	-0.0299835	815.731	200.919	0	-1004.39	180	0	-0.733898	100.287	0	-332.546	259.713	0	-0.0133131	12837
THOR	0	1.74473	1.93591	3.795e-06	-1.39126	-4.4386e-08	-1.52538e-07	1.63304	-2.01102	-0.000741738	-0.447479	0.298343	180	0	-0.000101692	279.966	-0.0298959	816.522	200.919	0	-1005.51	180	0	-0.732581	100.287	0	-331.479	259.713	0	-0.0132551	12877
THOR	0	1.74471	1.93594	3.795e-06	-1.39128	8.8772e-08	-7.68635e-08	1.63825	-2.01838	-0.000737562	-0.442843	0.295252	180	0	-5.12424e-05	279.965	-0.0295452	819.125	200.921	0	-1009.19	180	0	-0.728457	100.286	0	-328.045	259.714	0	-0.0130671	12912
THOR	0	1.74469	1.93597	3.795e-06	-1.3913	-4.4386e-08	-6.40931e-07	1.64495	-2.02774	-0.000732489	-0.436858	0.291262	180	0	-0.000427287	279.963	-0.0291334	822.477	200.923	0	-1013.87	180	0	-0.723446	100.284	0	-323.612	259.716	0	-0.0128219	12951
THOR	0	1.74466	1.93601	3.795e-06	-1.39132	4.4386e-08	-1.47956e-06	1.65157	-2.03696	-0.000727534	-0.430963	0.287331	180	0	-0.000986376	279.962	-0.0287437	825.787	200.925	0	-1018.48	180	0	-0.718552	100.283	0	-319.245	259.717	0	-0.0125695	12988
THOR	0	1.74464	1.93604	3.795e-06	-1.39134	4.4386e-08	-2.12413e-06	1.65811	-2.04597	-0.000722447	-0.425124	0.283438	180	0	-0.00141608	279.96	-0.0283718	829.053	200.927	0	-1022.98	180	0	-0.713528	100.282	0	-314.919	259.718	0	-0.0123106	13015
THOR	0	1.74464	1.93604	3.795e-06	-1.39134	4.4386e-08	-2.12413e-06	1.65811	-2.04597	-0.000722447	-0.425124	0.283438	180	0	-0.00141608	279.96	-0.0283718	829.053	200.927	0	-1022.98	180	0	-0.713528	100.282	0	-314.919	259.718	0	-0.0123106	13049
THOR	0	1.74461	1.93608	3.59527e-06	-1.39137	-4.4386e-08	-2.3538e-06	1.66455	-2.05483	-0.000717143	-0.419379	0.279607	180	0	-0.0015692	279.959	-0.0280076	832.273	200.929	0	-1027.42	180	0	-0.708289	100.281	0	-310.663	259.719	0	-0.0120514	13082
THOR	0	1.74459	1.93611	3.59527e-06	-1.39139	-4.4386e-08	-2.21941e-06	1.67092	-2.0635	-0.000711692	-0.413698	0.27582	180	0	-0.0014796	279.958	-0.0276417	835.46	200.931	0	-1031.75	180	0	-0.702906	100.279	0	-306.454	259.721	0	-0.0117988	13116
THOR	0	1.74456	1.93615	3.59527e-06	-1.39141	0	-1.92686e-06	1.6772	-2.07201	-0.000706224	-0.408114	0.272097	180	0	-0.00128457	279.956	-0.0272726	838.598	200.933	0	-1036.01	180	0	-0.697506	100.278	0	-302.318	259.722	0	-0.0115561	13150
THOR	0	1.74454	1.93618	3.59527e-06	-1.39143	-4.4386e-08	-1.67883e-06	1.68338	-2.08031	-0.000700847	-0.402588	0.268413	180	0	-0.00111922	279.955	-0.0269103	841.69	200.935	0	-1040.16	180	0	-0.692195	100.277	0	-298.225	259.723	0	-0.011323	13190
THOR	0	1.74452	1.93621	3.59527e-06	-1.39145	0	-1.58877e-06	1.68955	-2.089	-0.000695281	-0.396809	0.264559	180	0	-0.00105918	279.954	-0.0265635	844.774	200.937	0	-1044.5	180	0	-0.686697	100.276	0	-293.944	259.724	0	-0.0110833	13222
THOR	0	1.74452	1.93621	3.59527e-06	-1.39145	0	-1.58959e-06	1.6895	-2.08849	-0.000695612	-0.397156	0.264791	180	0	-0.00105973	279.953	-0.0265506	844.75	200.937	0	-1044.24	180	0	-0.687024	100.276	0	-294.201	259.724	0	-0.0110975	13255
THOR	0	1.74449	1.93624	3.59527e-06	-1.39147	-4.4386e-08	-1.65841e-06	1.69552	-2.09647	-0.000690504	-0.391791	0.261213	180	0	-0.00110561	279.952	-0.0261903	847.761	200.938	0	-1048.24	180	0	-0.681979	100.275	0	-290.226	259.725	0	-0.0108769	13303
THOR	0	1.74447	1.93627	3.59527e-06	-1.39149	0	-1.81116e-06	1.70146	-2.10431	-0.000685467	-0.386482	0.257674	180	0	-0.00120744	279.951	-0.0258419	850.728	200.94	0	-1052.16	180	0	-0.677004	100.273	0	-286.293	259.727	0	-0.0106588	13336
THOR	0	1.74445	1.9363	3.59527e-06	-1.39151	8.8772e-08	-1.96022e-06	1.70733	-2.11196	-0.000680456	-0.381271	0.254199	180	0	-0.00130682	279.95	-0.0254988	853.664	200.942	0	-1055.98	180	0	-0.672056	100.272	0	-282.433	259.728	0	-0.0104434	13370
THOR	0	1.74445	1.9363	3.59527e-06	-1.39151	8.8772e-08	-1.96022e-06	1.70733	-2.11196	-0.000680456	-0.381271	0.254199	180	0	-0.00130682	279.95	-0.0254988	853.664	200.942	0	-1055.98	180	0	-0.672056	100.272	0	-282.433	259.728	0	-0.0104434	13410
THOR	0	1.74443	1.93633	3.39553e-06	-1.39153	-4.4386e-08	-2.05105e-06	1.7131	-2.1195	-0.000675442	-0.376116	0.250762	180	0	-0.00136737	279.948	-0.0251614	856.552	200.944	0	-1059.75	180	0	-0.667103	100.271	0	-278.614	259.729	0	-0.0102304	13450
THOR	0	1.74441	1.93636	3.39553e-06	-1.39155	4.4386e-08	-2.07477e-06	1.71882	-2.12687	-0.00067043	-0.371059	0.247391	180	0	-0.00138318	279.947	-0.0248268	859.41	200.945	0	-1063.44	180	0	-0.662153	100.27	0	-274.868	259.73	0	-0.010022	13484
THOR	0	1.74438	1.93639	3.39553e-06	-1.39157	8.8772e-08	-2.05657e-06	1.72447	-2.1341	-0.000665435	-0.366031	0.244038	180	0	-0.00137105	279.946	-0.0244971	862.236	200.947	0	-1067.05	180	0	-0.65722	100.269	0	-271.144	259.731	0	-0.00981816	13518
THOR	0	1.74438	1.93639	3.39553e-06	-1.39157	8.8772e-08	-2.05657e-06	1.72447	-2.1341	-0.000665435	-0.366031	0.244038	180	0	-0.00137105	279.946	-0.0244971	862.236	200.947	0	-1067.05	180	0	-0.65722	100.269	0	-271.144	259.731	0	-0.00981816	13556
THOR	0	1.74436	1.93641	3.39553e-06	-1.39159	0	-2.03078e-06	1.73003	-2.14116	-0.000660479	-0.361096	0.240748	180	0	-0.00135385	279.945	-0.0241689	865.015	200.948	0	-1070.58	180	0	-0.652325	100.268	0	-267.488	259.732	0	-0.00961932	13594
THOR	0	1.74434	1.93644	3.39553e-06	-1.39161	4.4386e-08	-2.02243e-06	1.73549	-2.14808	-0.000655572	-0.356224	0.237499	180	0	-0.00134829	279.943	-0.0238476	867.747	200.95	0	-1074.04	180	0	-0.647479	100.267	0	-263.879	259.733	0	-0.00942496	13628
THOR	0	1.74432	1.93647	3.39553e-06	-1.39163	0	-2.03942e-06	1.74093	-2.15487	-0.000650716	-0.351412	0.234291	180	0	-0.00135962	279.942	-0.0235297	870.464	200.951	0	-1077.44	180	0	-0.642682	100.266	0	-260.314	259.734	0	-0.00923475	13666
THOR	0	1.7443	1.93649	3.39553e-06	-1.39165	0	-2.07394e-06	1.74627	-2.16154	-0.000645907	-0.346696	0.231147	180	0	-0.00138263	279.941	-0.0232159	873.134	200.953	0	-1080.77	180	0	-0.637933	100.265	0	-256.821	259.735	0	-0.00904851	13706
THOR	0	1.74428	1.93652	3.39553e-06	-1.39166	-4.4386e-08	-2.1137e-06	1.75155	-2.16806	-0.000641133	-0.342009	0.228022	180	0	-0.00140913	279.94	-0.0229096	875.774	200.954	0	-1084.03	180	0	-0.633217	100.264	0	-253.349	259.736	0	-0.00886548	13745
THOR	0	1.74428	1.93652	3.39553e-06	-1.39166	-4.4386e-08	-2.1137e-06	1.75155	-2.16806	-0.000641133	-0.342009	0.228022	180	0	-0.00140913	279.94	-0.0229096	875.774	200.954	0	-1084.03	180	0	-0.633217	100.264	0	-253.349	259.736	0	-0.00886548	13787
THOR	0	1.74426	1.93654	3.19579e-06	-1.39168	0	-2.14758e-06	1.75673	-2.17445	-0.000636392	-0.337385	0.224939	180	0	-0.00143172	279.939	-0.0226016	878.365	200.956	0	-1087.22	180	0	-0.628536	100.263	0	-249.923	259.737	0	-0.00868609	13822
THOR	0	1.74424	1.93657	3.19579e-06	-1.3917	-4.4386e-08	-2.17138e-06	1.76185	-2.18072	-0.000631679	-0.332854	0.221918	180	0	-0.00144758	279.938	-0.0223024	880.926	200.957	0	-1090.36	180	0	-0.623881	100.262	0	-246.567	259.738	0	-0.00851008	13850
THOR	0	1.74422	1.93659	3.19579e-06	-1.39172	4.4386e-08	-2.18613e-06	1.76691	-2.18687	-0.000626996	-0.328351	0.218916	180	0	-0.00145742	279.937	-0.0220091	883.456	200.958	0	-1093.43	180	0	-0.619255	100.261	0	-243.231	259.739	0	-0.00833757	13890
THOR	0	1.7442	1.93661	3.19579e-06	-1.39173	0	-2.19662e-06	1.77191	-2.19289	-0.000622349	-0.323948	0.21598	180	0	-0.00146441	279.935	-0.021713	885.953	200.96	0	-1096.44	180	0	-0.614666	100.26	0	-239.969	259.74	0	-0.00816894	13931
THOR	0	1.7442	1.93661	3.19579e-06	-1.39173	0	-2.19662e-06	1.77191	-2.19289	-0.000622349	-0.323948	0.21598	180	0	-0.00146441	279.935	-0.021713	885.953	200.96	0	-1096.44	180	0	-0.614666	100.26	0	-239.969	259.74	0	-0.00816894	13971
THOR	0	1.74418	1.93664	3.19579e-06	-1.39175	-8.8772e-08	-2.20786e-06	1.77684	-2.19876	-0.000617736	-0.319571	0.213062	180	0	-0.00147191	279.934	-0.0214235	888.42	200.961	0	-1099.38	180	0	-0.61011	100.259	0	-236.727	259.741	0	-0.00800363	14010
THOR	0	1.74417	1.93666	3.19579e-06	-1.39177	-4.4386e-08	-2.2228e-06	1.78171	-2.20454	-0.000613159	-0.315256	0.210185	180	0	-0.00148187	279.933	-0.0211398	890.857	200.962	0	-1102.27	180	0	-0.605589	100.258	0	-233.531	259.742	0	-0.0078417	14050
THOR	0	1.74415	1.93668	3.19579e-06	-1.39178	0	-2.23809e-06	1.78652	-2.21019	-0.000608617	-0.311035	0.207371	180	0	-0.00149206	279.932	-0.0208596	893.262	200.964	0	-1105.1	180	0	-0.601103	100.257	0	-230.404	259.743	0	-0.00768303	14090
THOR	0	1.74415	1.93668	3.19579e-06	-1.39178	0	-2.23809e-06	1.78652	-2.21019	-0.000608617	-0.311035	0.207371	180	0	-0.00149206	279.932	-0.0208596	893.262	200.964	0	-1105.1	180	0	-0.601103	100.257	0	-230.404	259.743	0	-0.00768303	14125
THOR	0	1.74413	1.9367	3.19579e-06	-1.3918	4.4386e-08	-2.25479e-06	1.79124	-2.21575	-0.000604112	-0.306847	0.204578	180	0	-0.00150319	279.931	-0.0205781	895.618	200.965	0	-1107.88	180	0	-0.596653	100.256	0	-227.302	259.744	0	-0.00752779	14163
THOR	0	1.74411	1.93672	2.99606e-06	-1.39181	0	-2.27294e-06	1.79592	-2.22119	-0.000599639	-0.30272	0.201827	180	0	-0.00151529	279.93	-0.0203068	897.961	200.966	0	-1110.6	180	0	-0.592236	100.255	0	-224.245	259.745	0	-0.00737552	14196
THOR	0	1.74409	1.93674	2.99606e-06	-1.39183	8.8772e-08	-2.2888e-06	1.80054	-2.22651	-0.000595197	-0.298621	0.199094	180	0	-0.00152586	279.929	-0.0200367	900.272	200.967	0	-1113.26	180	0	-0.587848	100.254	0	-221.208	259.746	0	-0.0072262	14226
THOR	0	1.74408	1.93676	2.99606e-06	-1.39185	-8.8772e-08	-2.30249e-06	1.80507	-2.23173	-0.000590789	-0.29462	0.196426	180	0	-0.00153499	279.928	-0.019767	902.535	200.968	0	-1115.87	180	0	-0.583495	100.253	0	-218.244	259.747	0	-0.00708008	14263
THOR	0	1.74408	1.93676	2.99606e-06	-1.39185	-8.8772e-08	-2.30249e-06	1.80507	-2.23173	-0.000590789	-0.29462	0.196426	180	0	-0.00153499	279.928	-0.019767	902.535	200.968	0	-1115.87	180	0	-0.583495	100.253	0	-218.244	259.747	0	-0.00708008	14304
THOR	0	1.74406	1.93678	2.99606e-06	-1.39186	4.4386e-08	-2.31469e-06	1.80957	-2.23684	-0.000586411	-0.290645	0.193776	180	0	-0.00154313	279.927	-0.0195121	904.786	200.97	0	-1118.42	180	0	-0.579171	100.252	0	-215.299	259.748	0	-0.00693667	14339
THOR	0	1.74404	1.9368	2.99606e-06	-1.39188	4.4386e-08	-2.32629e-06	1.814	-2.24185	-0.000582067	-0.286735	0.191169	180	0	-0.00155086	279.926	-0.019247	907.001	200.971	0	-1120.92	180	0	-0.574881	100.251	0	-212.403	259.749	0	-0.00679636	14377
THOR	0	1.74403	1.93682	2.99606e-06	-1.39189	0	-2.33812e-06	1.81838	-2.24677	-0.000577753	-0.282885	0.188602	180	0	-0.00155875	279.925	-0.0189928	909.188	200.972	0	-1123.38	180	0	-0.570621	100.251	0	-209.551	259.749	0	-0.00665876	14408
THOR	0	1.74401	1.93684	2.99606e-06	-1.39191	-8.8772e-08	-2.34982e-06	1.82268	-2.25156	-0.000573474	-0.27907	0.186058	180	0	-0.00156655	279.924	-0.0187386	911.342	200.973	0	-1125.78	180	0	-0.566395	100.25	0	-206.725	259.75	0	-0.0065242	14436
THOR	0	1.74401	1.93684	2.99606e-06	-1.39191	-8.8772e-08	-2.34982e-06	1.82268	-2.25156	-0.000573474	-0.27907	0.186058	180	0	-0.00156655	279.924	-0.0187386	911.342	200.973	0	-1125.78	180	0	-0.566395	100.25	0	-206.725	259.75	0	-0.0065242	14474
THOR	0	1.74399	1.93686	2.99606e-06	-1.39192	8.8772e-08	-2.36133e-06	1.82693	-2.25629	-0.000569228	-0.275347	0.183576	180	0	-0.00157422	279.923	-0.0184877	913.465	200.974	0	-1128.14	180	0	-0.5622	100.249	0	-203.967	259.751	0	-0.00639227	14511
THOR	0	1.74398	1.93688	2.99606e-06	-1.39193	4.4386e-08	-2.37252e-06	1.83111	-2.2609	-0.000565011	-0.271621	0.181092	180	0	-0.00158168	279.923	-0.0182419	915.557	200.975	0	-1130.45	180	0	-0.558036	100.248	0	-201.207	259.752	0	-0.00626292	14537
THOR	0	1.74396	1.9369	2.99606e-06	-1.39195	-8.8772e-08	-2.38334e-06	1.83527	-2.26542	-0.000560825	-0.267989	0.178671	180	0	-0.00158889	279.922	-0.0180004	917.635	200.976	0	-1132.71	180	0	-0.553901	100.247	0	-198.517	259.753	0	-0.00613611	14581
THOR	0	1.74396	1.9369	2.79632e-06	-1.39195	-4.4386e-08	-2.38602e-06	1.83627	-2.26652	-0.000559791	-0.267115	0.178087	180	0	-0.00159068	279.921	-0.0179535	918.134	200.976	0	-1133.26	180	0	-0.55288	100.247	0	-197.869	259.753	0	-0.00610504	14616
THOR	0	1.74395	1.93691	2.79632e-06	-1.39196	-8.8772e-08	-2.39359e-06	1.83936	-2.26988	-0.000556671	-0.26439	0.176271	180	0	-0.00159573	279.921	-0.0177615	919.68	200.977	0	-1134.94	180	0	-0.549798	100.246	0	-195.85	259.754	0	-0.0060121	14651
THOR	0	1.74393	1.93693	2.79632e-06	-1.39198	4.4386e-08	-2.4035e-06	1.84339	-2.27421	-0.000552549	-0.260821	0.173891	180	0	-0.00160233	279.92	-0.0175246	921.694	200.978	0	-1137.1	180	0	-0.545727	100.246	0	-193.207	259.754	0	-0.0058905	14696
THOR	0	1.74392	1.93695	2.79632e-06	-1.39199	4.4386e-08	-2.41289e-06	1.84735	-2.27848	-0.000548455	-0.257344	0.171573	180	0	-0.00160859	279.919	-0.0172916	923.677	200.979	0	-1139.24	180	0	-0.541684	100.245	0	-190.631	259.755	0	-0.00577128	14731
THOR	0	1.7439	1.93696	2.79632e-06	-1.392	4.4386e-08	-2.42199e-06	1.85129	-2.28263	-0.000544392	-0.253868	0.169255	180	0	-0.00161466	279.918	-0.0170616	925.645	200.98	0	-1141.31	180	0	-0.537671	100.244	0	-188.056	259.756	0	-0.00565454	14763
THOR	0	1.7439	1.93696	2.79632e-06	-1.392	4.4386e-08	-2.42199e-06	1.85129	-2.28263	-0.000544392	-0.253868	0.169255	180	0	-0.00161466	279.918	-0.0170616	925.645	200.98	0	-1141.31	180	0	-0.537671	100.244	0	-188.056	259.756	0	-0.00565454	14802
THOR	0	1.74389	1.93698	2.79632e-06	-1.39202	-4.4386e-08	-2.4307e-06	1.85516	-2.28672	-0.00054036	-0.250486	0.167001	180	0	-0.00162047	279.917	-0.0168354	927.581	200.981	0	-1143.36	180	0	-0.533688	100.243	0	-185.551	259.757	0	-0.0055402	14833
THOR	0	1.74387	1.93699	2.79632e-06	-1.39203	4.4386e-08	-2.43911e-06	1.859	-2.29074	-0.000536356	-0.247101	0.164744	180	0	-0.00162608	279.916	-0.0166138	929.502	200.982	0	-1145.37	180	0	-0.529734	100.243	0	-183.043	259.757	0	-0.00542803	14873
THOR	0	1.74386	1.93701	2.79632e-06	-1.39204	-4.4386e-08	-2.44736e-06	1.86275	-2.29468	-0.000532383	-0.243813	0.162551	180	0	-0.00163157	279.916	-0.0163923	931.376	200.982	0	-1147.34	180	0	-0.52581	100.242	0	-180.607	259.758	0	-0.00531824	14911
THOR	0	1.74384	1.93702	2.79632e-06	-1.39205	-8.8772e-08	-2.45524e-06	1.8665	-2.29852	-0.00052844	-0.240522	0.160358	180	0	-0.00163683	279.915	-0.0161732	933.249	200.983	0	-1149.26	180	0	-0.521916	100.241	0	-178.17	259.759	0	-0.0052107	14945
THOR	0	1.74383	1.93704	2.79632e-06	-1.39207	-4.4386e-08	-2.46288e-06	1.87011	-2.30227	-0.000524557	-0.237352	0.158244	180	0	-0.00164192	279.914	-0.0159648	935.053	200.984	0	-1151.13	180	0	-0.518081	100.241	0	-175.821	259.759	0	-0.00510615	14974
THOR	0	1.74383	1.93704	2.79632e-06	-1.39207	0	-2.46299e-06	1.87015	-2.30227	-0.000524525	-0.237294	0.158205	180	0	-0.00164199	279.914	-0.0159578	935.076	200.984	0	-1151.13	180	0	-0.518049	100.241	0	-175.778	259.759	0	-0.00510525	15013
THOR	0	1.74381	1.93705	2.59658e-06	-1.39208	-4.4386e-08	-2.47033e-06	1.87377	-2.30599	-0.00052064	-0.23413	0.156096	180	0	-0.00164689	279.913	-0.0157445	936.887	200.985	0	-1152.99	180	0	-0.514213	100.24	0	-173.435	259.76	0	-0.00500209	15041
THOR	0	1.7438	1.93707	2.59658e-06	-1.39209	4.4386e-08	-2.47721e-06	1.87737	-2.30958	-0.000516784	-0.230995	0.154006	180	0	-0.00165148	279.912	-0.0155356	938.683	200.986	0	-1154.79	180	0	-0.510404	100.239	0	-171.112	259.761	0	-0.00490094	15079
THOR	0	1.74379	1.93708	2.59658e-06	-1.3921	-4.4386e-08	-2.48403e-06	1.88086	-2.31315	-0.000512955	-0.227891	0.151936	180	0	-0.00165602	279.912	-0.0153302	940.432	200.987	0	-1156.57	180	0	-0.506622	100.238	0	-168.813	259.762	0	-0.00480181	15124
THOR	0	1.74379	1.93708	2.59658e-06	-1.3921	-4.4386e-08	-2.48403e-06	1.88086	-2.31315	-0.000512955	-0.227891	0.151936	180	0	-0.00165602	279.912	-0.0153302	940.432	200.987	0	-1156.57	180	0	-0.506622	100.238	0	-168.813	259.762	0	-0.00480181	15158
THOR	0	1.74377	1.93709	2.59658e-06	-1.39211	8.8772e-08	-2.49059e-06	1.88436	-2.31662	-0.000509155	-0.224848	0.149907	180	0	-0.00166039	279.911	-0.0151261	942.181	200.987	0	-1158.31	180	0	-0.502869	100.238	0	-166.559	259.762	0	-0.00470462	15192
THOR	0	1.74376	1.93711	2.59658e-06	-1.39212	4.4386e-08	-2.49687e-06	1.8878	-2.32003	-0.000505384	-0.22184	0.147901	180	0	-0.00166458	279.91	-0.0149238	943.898	200.988	0	-1160.02	180	0	-0.499145	100.237	0	-164.33	259.763	0	-0.00460958	15223
THOR	0	1.74375	1.93712	2.59658e-06	-1.39214	-4.4386e-08	-2.50316e-06	1.89117	-2.32335	-0.00050164	-0.218859	0.145914	180	0	-0.00166877	279.909	-0.0147249	945.584	200.989	0	-1161.67	180	0	-0.495447	100.236	0	-162.123	259.764	0	-0.00451635	15259
THOR	0	1.74374	1.93713	2.59658e-06	-1.39215	-4.4386e-08	-2.50895e-06	1.89451	-2.32664	-0.000497925	-0.215943	0.14397	180	0	-0.00167263	279.909	-0.0145289	947.255	200.99	0	-1163.32	180	0	-0.491778	100.236	0	-159.962	259.764	0	-0.00442504	15302
THOR	0	1.74374	1.93713	2.59658e-06	-1.39215	-4.4386e-08	-2.50895e-06	1.89451	-2.32664	-0.000497925	-0.215943	0.14397	180	0	-0.00167263	279.909	-0.0145289	947.255	200.99	0	-1163.32	180	0	-0.491778	100.236	0	-159.962	259.764	0	-0.00442504	15337
THOR	0	1.74372	1.93715	2.59658e-06	-1.39216	-4.4386e-08	-2.51456e-06	1.89782	-2.32984	-0.000494236	-0.213056	0.142045	180	0	-0.00167638	279.908	-0.0143379	948.911	200.99	0	-1164.92	180	0	-0.488134	100.235	0	-157.823	259.765	0	-0.00433551	15378
THOR	0	1.74371	1.93716	2.59658e-06	-1.39217	4.4386e-08	-2.52104e-06	1.90107	-2.33297	-0.000490576	-0.210201	0.140141	180	0	-0.00168069	279.907	-0.0141462	950.534	200.991	0	-1166.48	180	0	-0.484519	100.235	0	-155.708	259.765	0	-0.00424796	15414
THOR	0	1.7437	1.93717	2.59658e-06	-1.39218	8.8772e-08	-2.52554e-06	1.90429	-2.33604	-0.00048694	-0.207407	0.138279	180	0	-0.00168369	279.907	-0.0139596	952.143	200.992	0	-1168.02	180	0	-0.480928	100.234	0	-153.639	259.766	0	-0.00416187	15452
THOR	0	1.74369	1.93718	2.59658e-06	-1.39219	4.4386e-08	-2.52952e-06	1.90747	-2.33905	-0.000483332	-0.204645	0.136437	180	0	-0.00168635	279.906	-0.0137735	953.736	200.992	0	-1169.53	180	0	-0.477365	100.233	0	-151.593	259.767	0	-0.00407768	15490
THOR	0	1.74369	1.93718	2.59658e-06	-1.39219	4.4386e-08	-2.52952e-06	1.90747	-2.33905	-0.000483332	-0.204645	0.136437	180	0	-0.00168635	279.906	-0.0137735	953.736	200.992	0	-1169.53	180	0	-0.477365	100.233	0	-151.593	259.767	0	-0.00407768	15523
THOR	0	1.74367	1.93719	2.39684e-06	-1.3922	0	-2.53456e-06	1.91059	-2.342	-0.000479752	-0.201914	0.134617	180	0	-0.00168971	279.905	-0.0135907	955.297	200.993	0	-1171	180	0	-0.473829	100.233	0	-149.57	259.767	0	-0.00399534	15556
THOR	0	1.74366	1.9372	2.39684e-06	-1.39221	-8.8772e-08	-2.54043e-06	1.91369	-2.34493	-0.000476199	-0.199214	0.132816	180	0	-0.00169362	279.904	-0.0134089	956.843	200.994	0	-1172.46	180	0	-0.47032	100.232	0	-147.57	259.768	0	-0.00391455	15597
THOR	0	1.74365	1.93721	2.39684e-06	-1.39222	-4.4386e-08	-2.54523e-06	1.91671	-2.34775	-0.000472671	-0.196544	0.131036	180	0	-0.00169682	279.904	-0.0132323	958.357	200.994	0	-1173.88	180	0	-0.466835	100.232	0	-145.592	259.768	0	-0.00383535	15638
THOR	0	1.74364	1.93723	2.39684e-06	-1.39223	-8.8772e-08	-2.54965e-06	1.91971	-2.35052	-0.00046917	-0.193939	0.129299	180	0	-0.00169977	279.903	-0.0130536	959.856	200.995	0	-1175.26	180	0	-0.463378	100.231	0	-143.662	259.769	0	-0.00375784	15679
THOR	0	1.74364	1.93723	2.39684e-06	-1.39223	-8.8772e-08	-2.54965e-06	1.91971	-2.35052	-0.00046917	-0.193939	0.129299	180	0	-0.00169977	279.903	-0.0130536	959.856	200.995	0	-1175.26	180	0	-0.463378	100.231	0	-143.662	259.769	0	-0.00375784	15719
THOR	0	1.74363	1.93724	2.39684e-06	-1.39224	4.4386e-08	-2.55369e-06	1.92268	-2.35325	-0.000465694	-0.191331	0.12756	180	0	-0.00170246	279.902	-0.0128828	961.34	200.995	0	-1176.63	180	0	-0.459945	100.23	0	-141.73	259.77	0	-0.00368182	15752
THOR	0	1.74362	1.93725	2.39684e-06	-1.39225	-4.4386e-08	-2.5574e-06	1.92561	-2.35593	-0.000462244	-0.188786	0.125864	180	0	-0.00170493	279.902	-0.0127101	962.807	200.996	0	-1177.96	180	0	-0.456538	100.23	0	-139.845	259.77	0	-0.00360741	15784
THOR	0	1.74361	1.93726	2.39684e-06	-1.39226	-4.4386e-08	-2.56119e-06	1.92849	-2.35854	-0.00045882	-0.186272	0.124188	180	0	-0.00170746	279.901	-0.0125427	964.244	200.997	0	-1179.27	180	0	-0.453155	100.229	0	-137.983	259.771	0	-0.00353446	15819
THOR	0	1.74359	1.93727	2.39684e-06	-1.39227	-8.8772e-08	-2.56498e-06	1.93133	-2.36109	-0.000455422	-0.18379	0.122533	180	0	-0.00170998	279.901	-0.0123731	965.664	200.997	0	-1180.54	180	0	-0.449799	100.229	0	-136.144	259.771	0	-0.00346307	15865
THOR	0	1.74359	1.93727	2.39684e-06	-1.39227	-8.8772e-08	-2.56498e-06	1.93133	-2.36109	-0.000455422	-0.18379	0.122533	180	0	-0.00170998	279.901	-0.0123731	965.664	200.997	0	-1180.54	180	0	-0.449799	100.229	0	-136.144	259.771	0	-0.00346307	15903
THOR	0	1.74358	1.93728	2.39684e-06	-1.39228	-1.33158e-07	-2.56877e-06	1.93414	-2.36361	-0.000452048	-0.181338	0.120898	180	0	-0.00171252	279.9	-0.0122087	967.07	200.998	0	-1181.8	180	0	-0.446467	100.228	0	-134.328	259.772	0	-0.00339303	15937
THOR	0	1.74357	1.93729	2.39684e-06	-1.39229	-4.4386e-08	-2.57246e-06	1.93692	-2.36607	-0.000448698	-0.178915	0.119283	180	0	-0.00171497	279.899	-0.0120497	968.46	200.998	0	-1183.03	180	0	-0.443159	100.228	0	-132.533	259.772	0	-0.00332439	15971
THOR	0	1.74356	1.9373	2.39684e-06	-1.3923	-4.4386e-08	-2.57593e-06	1.93967	-2.3685	-0.000445375	-0.176559	0.117712	180	0	-0.00171729	279.899	-0.0118877	969.834	200.999	0	-1184.25	180	0	-0.439877	100.227	0	-130.787	259.773	0	-0.00325726	16008
THOR	0	1.74355	1.9373	2.39684e-06	-1.39231	-4.4386e-08	-2.57925e-06	1.94235	-2.37083	-0.000442076	-0.174199	0.116138	180	0	-0.0017195	279.898	-0.0117299	971.177	200.999	0	-1185.42	180	0	-0.436618	100.227	0	-129.039	259.773	0	-0.00319139	16046
THOR	0	1.74355	1.9373	2.39684e-06	-1.39231	-4.4386e-08	-2.57925e-06	1.94235	-2.37083	-0.000442076	-0.174199	0.116138	180	0	-0.0017195	279.898	-0.0117299	971.177	200.999	0	-1185.42	180	0	-0.436618	100.227	0	-129.039	259.773	0	-0.00319139	16087
THOR	0	1.74354	1.93731	2.19711e-06	-1.39232	-8.8772e-08	-2.58252e-06	1.94501	-2.37317	-0.0004388	-0.17187	0.114586	180	0	-0.00172168	279.898	-0.0115754	972.504	201	0	-1186.58	180	0	-0.433383	100.226	0	-127.314	259.774	0	-0.00312683	16115
THOR	0	1.74353	1.93732	2.19711e-06	-1.39233	-4.4386e-08	-2.58549e-06	1.94763	-2.37541	-0.00043555	-0.169605	0.113076	180	0	-0.00172366	279.897	-0.0114213	973.816	201	0	-1187.7	180	0	-0.430173	100.226	0	-125.637	259.774	0	-0.00306364	16153
THOR	0	1.74352	1.93733	2.19711e-06	-1.39233	-1.77544e-07	-2.58849e-06	1.95026	-2.37765	-0.000432323	-0.167339	0.111565	180	0	-0.00172566	279.896	-0.0112694	975.128	201.001	0	-1188.83	180	0	-0.426986	100.225	0	-123.958	259.775	0	-0.0030017	16196
THOR	0	1.74351	1.93734	2.19711e-06	-1.39234	-1.33158e-07	-2.59128e-06	1.95278	-2.37984	-0.000429122	-0.165105	0.110076	180	0	-0.00172752	279.896	-0.0111187	976.392	201.001	0	-1189.92	180	0	-0.423824	100.225	0	-122.303	259.775	0	-0.0029411	16234
THOR	0	1.74351	1.93734	2.19711e-06	-1.39234	-1.33158e-07	-2.59128e-06	1.95278	-2.37984	-0.000429122	-0.165105	0.110076	180	0	-0.00172752	279.896	-0.0111187	976.392	201.001	0	-1189.92	180	0	-0.423824	100.225	0	-122.303	259.775	0	-0.0029411	16272
THOR	0	1.7435	1.93735	2.19711e-06	-1.39235	0	-2.59402e-06	1.95531	-2.38196	-0.000425942	-0.162933	0.108627	180	0	-0.00172935	279.895	-0.0109707	977.657	201.002	0	-1190.98	180	0	-0.420684	100.224	0	-120.694	259.776	0	-0.00288164	16312
THOR	0	1.74349	1.93736	2.19711e-06	-1.39236	-8.8772e-08	-2.59678e-06	1.95781	-2.38405	-0.000422786	-0.16076	0.107178	180	0	-0.00173119	279.895	-0.0108257	978.906	201.002	0	-1192.02	180	0	-0.417567	100.224	0	-119.084	259.776	0	-0.00282338	16355
THOR	0	1.74348	1.93736	2.19711e-06	-1.39237	0	-2.59927e-06	1.96028	-2.3861	-0.000419655	-0.158618	0.105751	180	0	-0.00173284	279.894	-0.010681	980.139	201.003	0	-1193.05	180	0	-0.414474	100.223	0	-117.498	259.777	0	-0.00276635	16390
THOR	0	1.74348	1.93736	2.19711e-06	-1.39237	0	-2.59927e-06	1.96028	-2.3861	-0.000419655	-0.158618	0.105751	180	0	-0.00173284	279.894	-0.010681	980.139	201.003	0	-1193.05	180	0	-0.414474	100.223	0	-117.498	259.777	0	-0.00276635	16428
THOR	0	1.74348	1.93737	2.19711e-06	-1.39238	-1.77544e-07	-2.60176e-06	1.96268	-2.3881	-0.000416546	-0.15654	0.104365	180	0	-0.0017345	279.894	-0.0105393	981.342	201.003	0	-1194.05	180	0	-0.411404	100.223	0	-115.958	259.777	0	-0.00271044	16459
THOR	0	1.74347	1.93738	2.19711e-06	-1.39238	0	-2.60426e-06	1.96509	-2.39007	-0.000413459	-0.154459	0.102977	180	0	-0.00173617	279.893	-0.0104006	982.545	201.004	0	-1195.03	180	0	-0.408355	100.222	0	-114.417	259.778	0	-0.00265559	16501
THOR	0	1.74346	1.93739	2.19711e-06	-1.39239	-4.4386e-08	-2.60656e-06	1.96746	-2.39201	-0.000410396	-0.15241	0.101612	180	0	-0.0017377	279.893	-0.0102621	983.731	201.004	0	-1196	180	0	-0.40533	100.222	0	-112.899	259.778	0	-0.00260193	16533
THOR	0	1.74345	1.93739	2.19711e-06	-1.3924	-1.33158e-07	-2.60887e-06	1.96977	-2.39388	-0.000407356	-0.150394	0.100267	180	0	-0.00173924	279.892	-0.0101261	984.887	201.004	0	-1196.94	180	0	-0.402327	100.221	0	-111.405	259.779	0	-0.00254934	16572
THOR	0	1.74345	1.93739	2.19711e-06	-1.3924	-1.33158e-07	-2.60887e-06	1.96977	-2.39388	-0.000407356	-0.150394	0.100267	180	0	-0.00173924	279.892	-0.0101261	984.887	201.004	0	-1196.94	180	0	-0.402327	100.221	0	-111.405	259.779	0	-0.00254934	16606
THOR	0	1.74344	1.9374	2.19711e-06	-1.39241	-4.4386e-08	-2.611e-06	1.97208	-2.39576	-0.000404338	-0.148407	0.0989427	180	0	-0.00174067	279.892	-0.00999146	986.042	201.005	0	-1197.88	180	0	-0.399346	100.221	0	-109.934	259.779	0	-0.00249783	16647
THOR	0	1.74343	1.93741	1.99737e-06	-1.39241	0	-2.6131e-06	1.97433	-2.39757	-0.000401343	-0.146421	0.0976182	180	0	-0.00174207	279.891	-0.0098579	987.166	201.005	0	-1198.78	180	0	-0.396388	100.221	0	-108.462	259.779	0	-0.00244736	16687
THOR	0	1.74342	1.93742	1.99737e-06	-1.39242	-4.4386e-08	-2.6151e-06	1.97658	-2.39932	-0.000398368	-0.144496	0.0963352	180	0	-0.0017434	279.891	-0.00972858	988.291	201.006	0	-1199.66	180	0	-0.39345	100.22	0	-107.037	259.78	0	-0.00239789	16723
THOR	0	1.74341	1.93742	1.99737e-06	-1.39243	-4.4386e-08	-2.61705e-06	1.9788	-2.40107	-0.000395418	-0.142571	0.0950518	180	0	-0.0017447	279.89	-0.00959865	989.4	201.006	0	-1200.54	180	0	-0.390536	100.22	0	-105.611	259.78	0	-0.00234943	16756
THOR	0	1.74341	1.93743	1.99737e-06	-1.39244	-1.33158e-07	-2.61894e-06	1.98099	-2.40279	-0.000392489	-0.140711	0.0938112	180	0	-0.00174596	279.89	-0.00947058	990.493	201.006	0	-1201.4	180	0	-0.387644	100.219	0	-104.232	259.781	0	-0.002302	16797
THOR	0	1.74341	1.93743	1.99737e-06	-1.39244	-1.33158e-07	-2.61894e-06	1.98099	-2.40279	-0.000392489	-0.140711	0.0938112	180	0	-0.00174596	279.89	-0.00947058	990.493	201.006	0	-1201.4	180	0	-0.387644	100.219	0	-104.232	259.781	0	-0.002302	16835
THOR	0	1.7434	1.93743	1.99737e-06	-1.39244	-8.8772e-08	-2.62078e-06	1.98311	-2.40445	-0.000389582	-0.138848	0.0925697	180	0	-0.00174719	279.889	-0.00934427	991.554	201.007	0	-1202.23	180	0	-0.384772	100.219	0	-102.853	259.781	0	-0.0022555	16873
THOR	0	1.74339	1.93744	1.99737e-06	-1.39245	-4.4386e-08	-2.62245e-06	1.98523	-2.40608	-0.000386695	-0.137017	0.0913488	180	0	-0.0017483	279.889	-0.00922021	992.616	201.007	0	-1203.04	180	0	-0.381921	100.218	0	-101.496	259.782	0	-0.00220992	16912
THOR	0	1.74338	1.93745	1.99737e-06	-1.39246	-1.77544e-07	-2.62427e-06	1.98733	-2.40768	-0.000383823	-0.135179	0.0901232	180	0	-0.00174951	279.888	-0.0091087	993.665	201.008	0	-1203.84	180	0	-0.379084	100.218	0	-100.135	259.782	0	-0.00216492	16952
THOR	0	1.74338	1.93745	1.99737e-06	-1.39246	-1.77544e-07	-2.62427e-06	1.98733	-2.40768	-0.000383823	-0.135179	0.0901232	180	0	-0.00174951	279.888	-0.0091087	993.665	201.008	0	-1203.84	180	0	-0.379084	100.218	0	-100.135	259.782	0	-0.00216492	16989
THOR	0	1.74337	1.93745	1.99737e-06	-1.39246	-4.4386e-08	-2.62571e-06	1.98942	-2.40928	-0.000380986	-0.133417	0.0889485	180	0	-0.00175047	279.888	-0.00897736	994.709	201.008	0	-1204.64	180	0	-0.376282	100.218	0	-98.8295	259.782	0	-0.0021215	17030
THOR	0	1.74336	1.93746	1.99737e-06	-1.39247	-8.8772e-08	-2.62755e-06	1.99145	-2.41081	-0.000378163	-0.131648	0.0877691	180	0	-0.0017517	279.887	-0.00885786	995.723	201.008	0	-1205.41	180	0	-0.373495	100.217	0	-97.5192	259.783	0	-0.00207863	17071
THOR	0	1.74336	1.93747	1.99737e-06	-1.39248	-1.77544e-07	-2.62903e-06	1.99345	-2.41232	-0.000375361	-0.129909	0.0866097	180	0	-0.00175269	279.887	-0.0087401	996.723	201.009	0	-1206.16	180	0	-0.370727	100.217	0	-96.231	259.783	0	-0.00203661	17107
THOR	0	1.74335	1.93747	1.99737e-06	-1.39248	-1.33158e-07	-2.63041e-06	1.99544	-2.41379	-0.00037258	-0.128203	0.085472	180	0	-0.00175361	279.887	-0.00862391	997.722	201.009	0	-1206.9	180	0	-0.36798	100.217	0	-94.9669	259.784	0	-0.00199547	17151
THOR	0	1.74335	1.93747	1.99737e-06	-1.39248	-1.33158e-07	-2.63041e-06	1.99544	-2.41379	-0.00037258	-0.128203	0.085472	180	0	-0.00175361	279.887	-0.00862391	997.722	201.009	0	-1206.9	180	0	-0.36798	100.217	0	-94.9669	259.784	0	-0.00199547	17186
THOR	0	1.74334	1.93748	1.99737e-06	-1.39249	-8.8772e-08	-2.63194e-06	1.99742	-2.41524	-0.000369817	-0.126524	0.0843531	180	0	-0.00175462	279.886	-0.0085175	998.708	201.009	0	-1207.62	180	0	-0.365251	100.216	0	-93.7237	259.784	0	-0.001955	17227
THOR	0	1.74334	1.93748	1.99737e-06	-1.3925	-8.8772e-08	-2.63312e-06	1.99932	-2.41668	-0.000367079	-0.12485	0.0832368	180	0	-0.00175541	279.886	-0.00839839	999.659	201.01	0	-1208.34	180	0	-0.362547	100.216	0	-92.4834	259.784	0	-0.00191562	17267
THOR	0	1.74333	1.93749	1.99737e-06	-1.3925	-8.8772e-08	-2.63453e-06	2.00122	-2.41807	-0.00036436	-0.123205	0.0821404	180	0	-0.00175635	279.885	-0.00828502	1000.61	201.01	0	-1209.03	180	0	-0.359862	100.215	0	-91.2652	259.785	0	-0.00187696	17302
THOR	0	1.74332	1.93749	1.79763e-06	-1.39251	-1.77544e-07	-2.63589e-06	2.00313	-2.41942	-0.00036166	-0.121591	0.0810641	180	0	-0.00175726	279.885	-0.00817598	1001.56	201.01	0	-1209.71	180	0	-0.357195	100.215	0	-90.0694	259.785	0	-0.00183903	17343
THOR	0	1.74332	1.93749	1.79763e-06	-1.39251	-1.77544e-07	-2.63589e-06	2.00313	-2.41942	-0.00036166	-0.121591	0.0810641	180	0	-0.00175726	279.885	-0.00817598	1001.56	201.01	0	-1209.71	180	0	-0.357195	100.215	0	-90.0694	259.785	0	-0.00183903	17384
THOR	0	1.74331	1.9375	1.79763e-06	-1.39252	-4.4386e-08	-2.63724e-06	2.00497	-2.42077	-0.00035898	-0.119976	0.0799875	180	0	-0.00175816	279.885	-0.00806841	1002.49	201.01	0	-1210.39	180	0	-0.354548	100.215	0	-88.8732	259.785	0	-0.00180186	17420
THOR	0	1.74331	1.9375	1.79763e-06	-1.39252	-4.4386e-08	-2.6384e-06	2.00681	-2.42206	-0.000356321	-0.118426	0.0789537	180	0	-0.00175894	279.884	-0.0079601	1003.41	201.011	0	-1211.03	180	0	-0.351922	100.214	0	-87.7245	259.786	0	-0.0017655	17462
THOR	0	1.7433	1.93751	1.79763e-06	-1.39253	-1.77544e-07	-2.63953e-06	2.00862	-2.42335	-0.000353681	-0.116874	0.0779191	180	0	-0.00175968	279.884	-0.00785475	1004.31	201.011	0	-1211.68	180	0	-0.349315	100.214	0	-86.575	259.786	0	-0.00172984	17502
THOR	0	1.7433	1.93751	1.79763e-06	-1.39253	-8.8772e-08	-2.63992e-06	2.00927	-2.42381	-0.000352714	-0.116302	0.077538	180	0	-0.00175994	279.884	-0.00782184	1004.64	201.011	0	-1211.91	180	0	-0.34836	100.214	0	-86.1516	259.786	0	-0.00171689	17540
THOR	0	1.74329	1.93751	1.79763e-06	-1.39253	-1.33158e-07	-2.64059e-06	2.0104	-2.42461	-0.00035106	-0.115321	0.076884	180	0	-0.00176039	279.883	-0.007751	1005.2	201.011	0	-1212.31	180	0	-0.346726	100.214	0	-85.425	259.786	0	-0.00169488	17583
THOR	0	1.74329	1.93752	1.79763e-06	-1.39254	-1.33158e-07	-2.64171e-06	2.01215	-2.42584	-0.00034846	-0.113801	0.0758702	180	0	-0.00176114	279.883	-0.00764766	1006.08	201.012	0	-1212.92	180	0	-0.344158	100.213	0	-84.2986	259.787	0	-0.00166067	17620
THOR	0	1.74328	1.93752	1.79763e-06	-1.39255	0	-2.64281e-06	2.0139	-2.42704	-0.000345878	-0.112311	0.0748767	180	0	-0.00176187	279.883	-0.00754604	1006.95	201.012	0	-1213.52	180	0	-0.341608	100.213	0	-83.1948	259.787	0	-0.00162713	17655
THOR	0	1.74327	1.93753	1.79763e-06	-1.39255	-8.8772e-08	-2.64386e-06	2.01562	-2.42824	-0.000343316	-0.110853	0.0739048	180	0	-0.00176258	279.882	-0.00744525	1007.81	201.012	0	-1214.12	180	0	-0.339077	100.213	0	-82.1149	259.787	0	-0.0015943	17689
THOR	0	1.74327	1.93753	1.79763e-06	-1.39256	-1.77544e-07	-2.64483e-06	2.01731	-2.4294	-0.000340772	-0.109394	0.072932	180	0	-0.00176322	279.882	-0.00734718	1008.65	201.012	0	-1214.7	180	0	-0.336565	100.212	0	-81.0339	259.788	0	-0.0015621	17729
THOR	0	1.74327	1.93753	1.79763e-06	-1.39256	-1.77544e-07	-2.64483e-06	2.01731	-2.4294	-0.000340772	-0.109394	0.072932	180	0	-0.00176322	279.882	-0.00734718	1008.65	201.012	0	-1214.7	180	0	-0.336565	100.212	0	-81.0339	259.788	0	-0.0015621	17770
THOR	0	1.74326	1.93754	1.79763e-06	-1.39256	-1.33158e-07	-2.64577e-06	2.01896	-2.43051	-0.000338248	-0.107966	0.0719804	180	0	-0.00176384	279.881	-0.00724792	1009.48	201.013	0	-1215.25	180	0	-0.334072	100.212	0	-79.9767	259.788	0	-0.00153058	17810
THOR	0	1.74325	1.93754	1.79763e-06	-1.39257	-1.33158e-07	-2.64731e-06	2.02062	-2.43165	-0.000335743	-0.10657	0.0710495	180	0	-0.00176487	279.881	-0.00715206	1010.31	201.013	0	-1215.82	180	0	-0.331598	100.212	0	-78.9424	259.788	0	-0.00149975	17848
THOR	0	1.74325	1.93754	1.79763e-06	-1.39257	-8.8772e-08	-2.64789e-06	2.02224	-2.43272	-0.000333253	-0.105173	0.0701178	180	0	-0.00176526	279.881	-0.00705835	1011.12	201.013	0	-1216.36	180	0	-0.329139	100.211	0	-77.9072	259.789	0	-0.00146932	17886
THOR	0	1.74325	1.93754	1.79763e-06	-1.39257	-8.8772e-08	-2.64789e-06	2.02224	-2.43272	-0.000333253	-0.105173	0.0701178	180	0	-0.00176526	279.881	-0.00705835	1011.12	201.013	0	-1216.36	180	0	-0.329139	100.211	0	-77.9072	259.789	0	-0.00146932	17920
THOR	0	1.74324	1.93755	1.79763e-06	-1.39258	-1.33158e-07	-2.6479e-06	2.02383	-2.4338	-0.000330785	-0.103808	0.0692079	180	0	-0.00176527	279.88	-0.00696356	1011.92	201.013	0	-1216.9	180	0	-0.326701	100.211	0	-76.8962	259.789	0	-0.00143972	17960
THOR	0	1.74324	1.93755	1.79763e-06	-1.39258	-1.77544e-07	-2.64875e-06	2.02543	-2.43484	-0.000328334	-0.102441	0.0682968	180	0	-0.00176583	279.88	-0.00687188	1012.71	201.014	0	-1217.42	180	0	-0.324281	100.211	0	-75.8839	259.789	0	-0.00141065	17998
THOR	0	1.74323	1.93756	1.79763e-06	-1.39259	-4.4386e-08	-2.64877e-06	2.02699	-2.43586	-0.000325901	-0.101107	0.0674073	180	0	-0.00176585	279.88	-0.00677914	1013.49	201.014	0	-1217.93	180	0	-0.321877	100.211	0	-74.8956	259.789	0	-0.00138212	18034
THOR	0	1.74322	1.93756	1.79763e-06	-1.39259	-1.33158e-07	-2.65103e-06	2.02852	-2.43687	-0.000323485	-0.0997704	0.066516	180	0	-0.00176735	279.879	-0.00669294	1014.26	201.014	0	-1218.44	180	0	-0.319492	100.21	0	-73.9054	259.79	0	-0.00135424	18071
THOR	0	1.74322	1.93756	1.5979e-06	-1.3926	-4.4386e-08	-2.65244e-06	2.03005	-2.43785	-0.000321091	-0.0984687	0.0656482	180	0	-0.00176829	279.879	-0.00660057	1015.02	201.014	0	-1218.93	180	0	-0.317127	100.21	0	-72.9411	259.79	0	-0.00132699	18118
THOR	0	1.74322	1.93756	1.5979e-06	-1.3926	-4.4386e-08	-2.65244e-06	2.03005	-2.43785	-0.000321091	-0.0984687	0.0656482	180	0	-0.00176829	279.879	-0.00660057	1015.02	201.014	0	-1218.93	180	0	-0.317127	100.21	0	-72.9411	259.79	0	-0.00132699	18155
THOR	0	1.74321	1.93757	1.5979e-06	-1.3926	-1.77544e-07	-2.65316e-06	2.03155	-2.43881	-0.000318712	-0.0971961	0.0647997	180	0	-0.00176878	279.879	-0.00651362	1015.77	201.014	0	-1219.4	180	0	-0.314777	100.21	0	-71.9984	259.79	0	-0.00130017	18192
THOR	0	1.74321	1.93757	1.5979e-06	-1.39261	0	-2.65353e-06	2.03301	-2.43976	-0.00031635	-0.0959229	0.0639509	180	0	-0.00176902	279.878	-0.00642849	1016.51	201.015	0	-1219.88	180	0	-0.312444	100.209	0	-71.0553	259.791	0	-0.0012739	18235
THOR	0	1.7432	1.93758	1.5979e-06	-1.39261	-1.77544e-07	-2.65383e-06	2.03448	-2.44068	-0.000314006	-0.0946818	0.0631234	180	0	-0.00176922	279.878	-0.00634171	1017.24	201.015	0	-1220.34	180	0	-0.310129	100.209	0	-70.1359	259.791	0	-0.0012482	18272
THOR	0	1.7432	1.93758	1.5979e-06	-1.39262	-4.4386e-08	-2.65437e-06	2.03592	-2.4416	-0.000311679	-0.0934719	0.0623168	180	0	-0.00176958	279.878	-0.00625798	1017.96	201.015	0	-1220.8	180	0	-0.307831	100.209	0	-69.2397	259.791	0	-0.00122303	18313
THOR	0	1.7432	1.93758	1.5979e-06	-1.39262	-4.4386e-08	-2.65437e-06	2.03592	-2.4416	-0.000311679	-0.0934719	0.0623168	180	0	-0.00176958	279.878	-0.00625798	1017.96	201.015	0	-1220.8	180	0	-0.307831	100.209	0	-69.2397	259.791	0	-0.00122303	18351
THOR	0	1.74319	1.93758	1.5979e-06	-1.39262	-8.8772e-08	-2.65504e-06	2.03732	-2.44249	-0.00030937	-0.0922618	0.06151	180	0	-0.00177002	279.877	-0.00617494	1018.66	201.015	0	-1221.25	180	0	-0.305551	100.209	0	-68.3433	259.791	0	-0.00119835	18390
THOR	0	1.74318	1.93759	1.5979e-06	-1.39263	-1.33158e-07	-2.65569e-06	2.03873	-2.44335	-0.000307078	-0.0910515	0.0607031	180	0	-0.00177046	279.877	-0.00609266	1019.36	201.015	0	-1221.68	180	0	-0.303287	100.208	0	-67.4467	259.792	0	-0.00117419	18432
THOR	0	1.74318	1.93759	1.5979e-06	-1.39263	-4.4386e-08	-2.65643e-06	2.0401	-2.44422	-0.000304803	-0.0898719	0.0599166	180	0	-0.00177095	279.877	-0.00601163	1020.05	201.016	0	-1222.11	180	0	-0.30104	100.208	0	-66.5729	259.792	0	-0.00115049	18462
THOR	0	1.74318	1.93759	1.5979e-06	-1.39263	-4.4386e-08	-2.65643e-06	2.0401	-2.44422	-0.000304803	-0.0898719	0.0599166	180	0	-0.00177095	279.877	-0.00601163	1020.05	201.016	0	-1222.11	180	0	-0.30104	100.208	0	-66.5729	259.792	0	-0.00115049	18505
THOR	0	1.74317	1.93759	1.5979e-06	-1.39264	-1.33158e-07	-2.65706e-06	2.04148	-2.44504	-0.000302545	-0.0886921	0.0591301	180	0	-0.00177137	279.877	-0.00593172	1020.74	201.016	0	-1222.52	180	0	-0.29881	100.208	0	-65.699	259.792	0	-0.00112729	18549
THOR	0	1.74317	1.9376	1.5979e-06	-1.39264	-8.8772e-08	-2.65769e-06	2.04282	-2.44588	-0.000300303	-0.0875433	0.0583642	180	0	-0.00177179	279.876	-0.00585353	1021.41	201.016	0	-1222.94	180	0	-0.296596	100.208	0	-64.848	259.792	0	-0.00110453	18582
THOR	0	1.74316	1.9376	1.5979e-06	-1.39265	-8.8772e-08	-2.65813e-06	2.04417	-2.44668	-0.000298076	-0.0864253	0.0576188	180	0	-0.00177208	279.876	-0.00578	1022.08	201.016	0	-1223.34	180	0	-0.294396	100.207	0	-64.0198	259.793	0	-0.00108222	18620
THOR	0	1.74316	1.9376	1.5979e-06	-1.39265	-4.4386e-08	-2.65883e-06	2.04548	-2.44747	-0.000295868	-0.0853086	0.0568743	180	0	-0.00177255	279.876	-0.00570023	1022.74	201.016	0	-1223.74	180	0	-0.292215	100.207	0	-63.1926	259.793	0	-0.00106038	18656
THOR	0	1.74316	1.9376	1.5979e-06	-1.39265	-4.4386e-08	-2.65883e-06	2.04548	-2.44747	-0.000295868	-0.0853086	0.0568743	180	0	-0.00177255	279.876	-0.00570023	1022.74	201.016	0	-1223.74	180	0	-0.292215	100.207	0	-63.1926	259.793	0	-0.00106038	18698
THOR	0	1.74315	1.9376	1.5979e-06	-1.39265	-4.4386e-08	-2.65941e-06	2.04676	-2.44824	-0.000293677	-0.0841911	0.0561293	180	0	-0.00177294	279.875	-0.00562367	1023.38	201.017	0	-1224.12	180	0	-0.290051	100.207	0	-62.3649	259.793	0	-0.00103901	18739
THOR	0	1.74315	1.93761	1.5979e-06	-1.39266	-8.8772e-08	-2.6599e-06	2.04804	-2.44898	-0.0002915	-0.0831046	0.0554049	180	0	-0.00177327	279.875	-0.00554924	1024.02	201.017	0	-1224.49	180	0	-0.287901	100.207	0	-61.56	259.793	0	-0.00101803	18775
THOR	0	1.74314	1.93761	1.5979e-06	-1.39266	4.4386e-08	-2.6603e-06	2.04932	-2.44972	-0.00028934	-0.0820503	0.054702	180	0	-0.00177353	279.875	-0.00547539	1024.66	201.017	0	-1224.86	180	0	-0.285768	100.206	0	-60.779	259.794	0	-0.000997512	18819
THOR	0	1.74191	1.94386	1.39816e-06	-1.3825	-4.4386e-08	3.94727e-05	-6.28182	4.28684	-0.000253586	2.12426	-1.41623	180	0	0.0263151	279.804	0	-3140.91	201.375	11.1274	2143.42	180	0	-0.250455	100.789	19.3448	1573.56	259.211	0	0.030077	18854
THOR	0	1.74191	1.94386	1.39816e-06	-1.3825	-4.4386e-08	3.94727e-05	-6.28182	4.28684	-0.000253586	2.12426	-1.41623	180	0	0.0263151	279.804	0	-3140.91	201.375	11.1274	2143.42	180	0	-0.250455	100.789	19.3448	1573.56	259.211	0	0.030077	18897
THOR	0	1.73675	1.95512	1.39816e-06	-1.36182	-4.4386e-08	6.35905e-05	-5.12692	3.50965	-0.000241259	0.226623	-0.151133	180	0	0.0423936	279.509	0	-2563.46	202.02	14.0961	1754.82	180	0	-0.23828	101.973	26.6316	167.897	258.027	0	0.0282323	18933
THOR	0	1.72835	1.96817	1.39816e-06	-1.33712	-8.8772e-08	2.98425e-05	-4.3115	3.10252	-0.000264244	-0.497262	0.331461	180	0	0.019895	279.027	0	-2155.75	202.768	15.6512	1551.26	180	0	-0.260982	103.389	29.4113	-368.316	256.611	0	0.0259594	18975
THOR	0	1.71766	1.98239	1.39816e-06	-1.31097	-4.4386e-08	-3.50446e-05	-3.7262	2.78354	-0.000300563	-0.725717	0.483767	180	0	-0.0233631	278.415	0	-1863.1	203.583	16.8696	1391.77	180	0	-0.296853	104.887	30.2885	-537.543	255.113	0	0.0249349	19014
THOR	0	1.70525	1.99761	1.39816e-06	-1.28447	0	-8.27422e-05	-3.25922	2.49979	-0.000322866	-0.746897	0.497886	180	0	-0.0551614	277.703	0	-1629.61	204.455	17.9535	1249.89	180	0	-0.31888	106.405	30.3699	-553.232	253.595	0	0.0251024	19055
THOR	0	1.70525	1.99761	1.39816e-06	-1.28447	0	-8.27422e-05	-3.25922	2.49979	-0.000322866	-0.746897	0.497886	180	0	-0.0551614	277.703	0	-1629.61	204.455	17.9535	1249.89	180	0	-0.31888	106.405	30.3699	-553.232	253.595	0	0.0251024	19095
THOR	2.66316e-07	1.6914	2.01374	1.5979e-06	-1.25807	0	-8.40955e-05	-2.86085	2.23689	-0.000318722	-0.679633	0.453043	180	0	-0.0560637	276.91	0	-1430.42	205.379	18.9577	1118.44	180	0	-0.314787	107.918	30.1116	-503.406	252.082	0	0.0256213	19137
THOR	2.66316e-07	1.67632	2.03071	1.5979e-06	-1.23196	0	-4.51087e-05	-2.5073	1.99344	-0.000294629	-0.577093	0.384682	180	0	-0.0300724	276.046	0	-1253.65	206.351	19.8876	996.721	180	0	-0.290992	109.414	29.7178	-427.451	250.586	0	0.0259161	19176
THOR	2.66316e-07	1.66012	2.04846	1.5979e-06	-1.20623	0	5.25493e-06	-2.19232	1.76813	-0.000267032	-0.46247	0.308267	180	0	0.00350328	275.118	0	-1096.16	207.368	20.7482	884.064	180	0	-0.263735	110.888	29.2777	-342.545	249.112	0	0.0258142	19212
THOR	2.66316e-07	1.64293	2.06693	1.39816e-06	-1.18088	0	3.80408e-05	-1.90776	1.56384	-0.000249935	-0.346726	0.231105	180	0	0.0253605	274.133	0	-953.881	208.426	21.5286	781.918	180	0	-0.24685	112.341	28.8332	-256.809	247.659	0	0.0253606	19252
THOR	2.66316e-07	1.64293	2.06693	1.39816e-06	-1.18088	0	3.80408e-05	-1.90776	1.56384	-0.000249935	-0.346726	0.231105	180	0	0.0253605	274.133	0	-953.881	208.426	21.5286	781.918	180	0	-0.24685	112.341	28.8332	-256.809	247.659	0	0.0253606	19292
THOR	0	1.62483	2.08604	1.39816e-06	-1.15591	4.4386e-08	4.10627e-05	-1.64748	1.38068	-0.000247825	-0.235987	0.157281	180	0	0.0273752	273.096	0	-823.739	209.521	22.2282	690.34	180	0	-0.244766	113.771	28.408	-174.781	246.229	0	0.0245322	19330
THOR	0	1.6059	2.10572	1.39816e-06	-1.13131	4.4386e-08	2.06881e-05	-1.40666	1.21832	-0.000256124	-0.131353	0.0875268	180	0	0.013792	272.011	0	-703.329	210.649	22.8483	609.159	180	0	-0.252962	115.181	28.0062	-97.2753	244.819	0	0.0233703	19375
THOR	0	1.5862	2.12592	1.39816e-06	-1.10704	0	-6.05591e-06	-1.18228	1.07479	-0.000266419	-0.0340564	0.0226645	180	0	-0.00403727	270.882	0	-591.138	211.806	23.3966	537.397	180	0	-0.26313	116.571	27.6326	-25.2049	243.429	0	0.0220812	19406
THOR	0	1.56577	2.14656	1.39816e-06	-1.08308	0	-2.40651e-05	-0.972369	0.948064	-0.000272061	0.0566783	-0.0378234	180	0	-0.0160434	269.712	0	-486.184	212.989	23.8806	474.032	180	0	-0.268702	117.944	27.2842	42.005	242.056	0	0.0210286	19442
THOR	0	1.56577	2.14656	1.39816e-06	-1.08308	0	-2.40651e-05	-0.972369	0.948064	-0.000272061	0.0566783	-0.0378234	180	0	-0.0160434	269.712	0	-486.184	212.989	23.8806	474.032	180	0	-0.268702	117.944	27.2842	42.005	242.056	0	0.0210286	19480
THOR	0	1.54467	2.16759	1.39816e-06	-1.05942	4.4386e-08	-2.69788e-05	-0.775799	0.837024	-0.000270958	0.141204	-0.0941728	180	0	-0.0179859	268.503	0	-387.9	214.194	24.3048	418.512	180	0	-0.267613	119.3	26.9597	104.616	240.7	0	0.0205182	19518
THOR	2.66316e-07	1.52293	2.18898	1.39816e-06	-1.03604	0	-1.7895e-05	-0.593372	0.739943	-0.000265091	0.220253	-0.146873	180	0	-0.01193	267.258	0	-296.686	215.419	24.6756	369.972	180	0	-0.261818	120.64	26.6561	163.171	239.36	0	0.0205711	19553
THOR	2.66316e-07	1.50062	2.21066	1.39816e-06	-1.0129	4.4386e-08	-4.90328e-06	-0.425013	0.656012	-0.000258051	0.294153	-0.19614	180	0	-0.00326886	265.979	0	-212.507	216.661	24.9962	328.006	180	0	-0.254865	121.965	26.3723	217.912	238.035	0	0.0209147	19587
THOR	0	1.49518	2.2159	1.39816e-06	-1.00739	0	-1.90105e-06	-0.384216	0.636497	-0.000256443	0.312293	-0.208233	180	0	-0.00126736	265.667	0	-192.108	216.962	25.0661	318.249	180	0	-0.253277	122.281	26.307	231.349	237.719	0	0.0209974	19624
THOR	0	1.4777	2.23251	1.39816e-06	-0.990041	0	4.9779e-06	-0.126103	-0.861424	-0.00025229	0.437157	-0.291476	180	0	0.0033186	264.666	0	-63.0516	217.914	24.4307	-430.712	180	0	-0.249176	123.275	25.8232	323.841	236.725	0	0.0213022	19670
THOR	0	1.452	2.25096	1.39816e-06	-0.968575	-4.4386e-08	1.0755e-05	1.11215	-2.39894	-0.000247853	1.05796	-0.705347	180	0	0.00717002	263.194	0	556.077	218.971	17.855	-1199.47	180	0	-0.244793	124.505	23.4394	783.697	235.495	0	0.0216639	19704
THOR	0	1.42252	2.26377	1.39816e-06	-0.949004	4.4386e-08	3.18316e-06	2.06782	-2.8013	-0.000250042	1.52898	-1.01935	180	0	0.00212211	261.504	0	1033.91	219.704	12.0206	-1400.65	180	0	-0.246955	125.626	21.6307	1132.59	234.374	0	0.0198828	19746
THOR	0	1.39149	2.27306	1.39816e-06	-0.93077	0	-2.0188e-05	7.30842	-4.6648	-0.00026055	1.96513	-1.31011	180	0	-0.0134586	259.726	0	3654.21	220.236	0	-2332.4	180	0	-0.257334	126.671	19.9559	1455.67	233.329	0	0.0142615	19778
THOR	0	1.39149	2.27306	1.39816e-06	-0.93077	0	-2.0188e-05	7.30842	-4.6648	-0.00026055	1.96513	-1.31011	180	0	-0.0134586	259.726	0	3654.21	220.236	0	-2332.4	180	0	-0.257334	126.671	19.9559	1455.67	233.329	0	0.0142615	19810
THOR	2.66316e-07	1.36369	2.28202	1.39816e-06	-0.914763	0	-5.1452e-05	13.1013	-6.15285	-0.000271075	2.75733	-1.83824	180	0	-0.0343013	258.133	0	6550.65	220.75	0	-3076.43	180	0	-0.267728	127.588	16.914	2042.47	232.412	0	0.00873498	19846
THOR	2.66316e-07	1.33764	2.28835	1.39816e-06	-0.900939	0	-3.92942e-05	14.8276	-6.14616	-0.000263806	3.23606	-2.15739	180	0	-0.0261961	256.641	-29.1353	7413.8	221.113	0	-3073.08	180	0	-0.260549	128.38	15.0757	2397.09	231.62	0	0.0110418	19884
THOR	2.66316e-07	1.31296	2.29219	1.39816e-06	-0.88816	0	6.3956e-06	14.3812	-5.92	-0.000246388	3.4174	-2.2783	180	0	0.00426374	255.227	-27.43	7190.58	221.333	0	-2960	180	0	-0.243346	129.112	14.3793	2531.43	230.888	0	0.0185175	19918
THOR	0	1.28998	2.29434	1.39816e-06	-0.875685	0	5.28525e-05	13.8145	-5.69763	-0.000230614	3.44531	-2.29692	180	0	0.035235	253.91	-25.2656	6907.26	221.456	0	-2848.81	180	0	-0.227767	129.827	14.2721	2552.11	230.173	0	0.0254896	19957
THOR	0	1.28998	2.29434	1.39816e-06	-0.875685	0	5.28525e-05	13.8145	-5.69763	-0.000230614	3.44531	-2.29692	180	0	0.035235	253.91	-25.2656	6907.26	221.456	0	-2848.81	180	0	-0.227767	129.827	14.2721	2552.11	230.173	0	0.0254896	19991
THOR	0	1.26906	2.29544	1.19842e-06	-0.863183	0	7.34452e-05	13.1484	-5.49927	-0.00022395	3.4127	-2.27518	180	0	0.0489635	252.712	-22.7213	6574.21	221.519	0	-2749.64	180	0	-0.221186	130.543	14.3973	2527.95	229.457	0	0.02747	20030
THOR	0	1.2505	2.29591	1.19842e-06	-0.850528	0	6.22551e-05	12.4064	-5.34606	-0.000226586	3.36005	-2.24008	180	0	0.0415034	251.649	-19.8869	6203.19	221.546	0	-2673.03	180	0	-0.223788	131.268	14.5995	2488.95	228.732	0	0.0239257	20066
THOR	0	1.23451	2.29604	1.19842e-06	-0.837692	0	3.22449e-05	11.6096	-5.25629	-0.00023365	3.30296	-2.202	180	0	0.0214966	250.732	-16.8436	5804.82	221.553	0	-2628.15	180	0	-0.230765	132.004	14.8188	2446.65	227.996	0	0.017789	20094
THOR	0	1.22126	2.29609	1.19842e-06	-0.824662	0	2.79823e-06	10.7736	-5.26386	-0.000239522	3.24986	-2.1666	180	0	0.00186549	249.973	-13.6501	5386.8	221.556	0	-2631.93	180	0	-0.236565	132.75	15.0227	2407.32	227.25	0	0.0128114	20136
THOR	0	1.22126	2.29609	1.19842e-06	-0.824662	0	2.79823e-06	10.7736	-5.26386	-0.000239522	3.24986	-2.1666	180	0	0.00186549	249.973	-13.6501	5386.8	221.556	0	-2631.93	180	0	-0.236565	132.75	15.0227	2407.32	227.25	0	0.0128114	20175
THOR	0	1.21079	2.29613	1.19842e-06	-0.811484	0	-1.19788e-05	9.94078	-5.27219	-0.000240867	3.21228	-2.14154	180	0	-0.00798588	249.373	-10.469	4970.39	221.559	0	-2636.09	180	0	-0.237893	133.505	15.167	2379.48	226.495	0	0.0111706	20210
THOR	0	1.20309	2.29617	1.19842e-06	-0.798197	8.8772e-08	-9.46226e-06	9.1139	-5.27949	-0.000237704	3.1839	-2.12262	180	0	-0.00630817	248.932	-7.31057	4556.95	221.561	0	-2639.74	180	0	-0.234769	134.267	15.276	2358.45	225.733	0	0.0125446	20243
THOR	0	1.19814	2.29621	1.19842e-06	-0.784825	0	3.89406e-06	8.29305	-5.28604	-0.000232204	3.16092	-2.1073	180	0	0.00259604	248.648	-4.17514	4146.52	221.563	0	-2643.02	180	0	-0.229337	135.033	15.3642	2341.43	224.967	0	0.0150827	20279
THOR	0	1.19591	2.29624	1.19842e-06	-0.771382	8.8772e-08	1.8427e-05	7.47773	-5.29195	-0.000226935	3.14126	-2.0942	180	0	0.0122847	248.52	-1.06087	3738.87	221.565	0	-2645.97	180	0	-0.224133	135.803	15.4397	2326.87	224.197	0	0.0169148	20312
THOR	0	1.19591	2.29624	1.19842e-06	-0.771382	8.8772e-08	1.8427e-05	7.47773	-5.29195	-0.000226935	3.14126	-2.0942	180	0	0.0122847	248.52	-1.06087	3738.87	221.565	0	-2645.97	180	0	-0.224133	135.803	15.4397	2326.87	224.197	0	0.0169148	20352
THOR	0	1.19593	2.2962	1.19842e-06	-0.757532	0	3.33491e-05	7.00503	-5.18585	-0.000221136	2.87956	-1.91974	180	0	0.0222327	248.522	0.74473	3502.52	221.563	0	-2592.93	180	0	-0.218406	136.597	16.4446	2133.03	223.403	0	0.0189396	20383
THOR	0	1.19716	2.29588	1.19842e-06	-0.742746	0	4.50249e-05	6.67726	-4.88263	-0.000216993	2.64122	-1.76085	180	0	0.0300166	248.592	1.99673	3338.63	221.544	0	-2441.31	180	0	-0.214314	137.444	17.3598	1956.48	222.556	0	0.0191295	20422
THOR	0	1.19946	2.29524	1.19842e-06	-0.727255	0	4.26498e-05	6.35132	-4.55942	-0.000216835	2.44955	-1.63306	180	0	0.0284332	248.724	3.24171	3175.66	221.508	0	-2279.71	180	0	-0.214158	138.331	18.0958	1814.5	221.669	0	0.0168809	20461
THOR	0	1.19946	2.29524	1.19842e-06	-0.727255	0	4.26498e-05	6.35132	-4.55942	-0.000216835	2.44955	-1.63306	180	0	0.0284332	248.724	3.24171	3175.66	221.508	0	-2279.71	180	0	-0.214158	138.331	18.0958	1814.5	221.669	0	0.0168809	20498
THOR	0	1.20284	2.29442	1.19842e-06	-0.711166	0	2.85437e-05	6.0353	-4.26039	-0.000219384	2.28252	-1.52171	180	0	0.0190292	248.918	4.44884	3017.65	221.461	0	-2130.2	180	0	-0.216675	139.253	18.7372	1690.77	220.747	0	0.013912	20541
THOR	0	1.20724	2.29352	1.19842e-06	-0.694549	8.8772e-08	1.17824e-05	5.74072	-3.99151	-0.000221972	2.13227	-1.42153	180	0	0.00785492	249.17	5.57403	2870.36	221.409	0	-1995.75	180	0	-0.219232	140.205	19.3142	1579.47	219.795	0	0.0119405	20572
THOR	0	1.21269	2.2923	1.19842e-06	-0.678355	8.8772e-08	1.57617e-06	5.35128	-3.19899	-0.000222261	-0.292359	0.194885	180	0	0.00105078	249.482	7.0616	2675.64	221.339	0	-1599.49	180	0	-0.219517	141.133	16.7871	-216.55	218.867	0	0.0116724	20612
THOR	0	1.21997	2.29028	1.19842e-06	-0.666142	0	1.81972e-06	4.68798	-2.35616	-0.000219725	-0.780587	0.520369	180	0	0.00121315	249.899	9.5952	2343.99	221.223	0	-1178.08	180	0	-0.217013	141.833	11.4268	-578.2	218.167	0	0.0124241	20653
THOR	0	1.21997	2.29028	1.19842e-06	-0.666142	0	1.81972e-06	4.68798	-2.35616	-0.000219725	-0.780587	0.520369	180	0	0.00121315	249.899	9.5952	2343.99	221.223	0	-1178.08	180	0	-0.217013	141.833	11.4268	-578.2	218.167	0	0.0124241	20690
THOR	0	1.22947	2.28817	1.19842e-06	-0.658293	8.8772e-08	1.07232e-05	4.05842	-1.91098	-0.000215056	-0.572022	0.381324	180	0	0.00714881	250.444	12	2029.21	221.102	0	-955.49	180	0	-0.212401	142.283	6.97898	-423.706	217.717	0	0.0133871	20733
THOR	0	1.24079	2.28642	1.19842e-06	-0.653672	8.8772e-08	2.22148e-05	3.60271	-1.71321	-0.000210195	-0.243657	0.162413	180	0	0.0148098	251.092	13.7406	1801.36	221.002	0	-856.605	180	0	-0.2076	142.547	3.96533	-180.473	217.453	0	0.0137756	20767
THOR	0	1.25331	2.28515	1.19842e-06	-0.651115	8.8772e-08	2.90591e-05	3.32031	-1.65735	-0.000207132	0.0267421	-0.0178521	180	0	0.0193728	251.81	14.8193	1660.15	220.93	0	-828.677	180	0	-0.204574	142.694	0	19.8223	217.306	0	0.0133423	20806
THOR	0	1.26654	2.28433	1.19842e-06	-0.649787	8.8772e-08	2.75282e-05	3.16549	-1.67881	-0.000206629	0.225885	-0.150612	180	0	0.0183522	252.568	15.4107	1582.74	220.883	0	-839.407	180	0	-0.204078	142.77	0	167.335	217.23	0	0.0123994	20845
THOR	0	1.28013	2.28387	1.19842e-06	-0.649156	8.8772e-08	1.92239e-05	3.09745	-1.74038	-0.000207853	0.363913	-0.242629	180	0	0.012816	253.346	15.6706	1548.73	220.856	0	-870.189	180	0	-0.205287	142.806	0	269.577	217.194	0	0.0114944	20885
THOR	0	1.28013	2.28387	1.19842e-06	-0.649156	8.8772e-08	1.92239e-05	3.09745	-1.74038	-0.000207853	0.363913	-0.242629	180	0	0.012816	253.346	15.6706	1548.73	220.856	0	-870.189	180	0	-0.205287	142.806	0	269.577	217.194	0	0.0114944	20917
THOR	0	1.29384	2.28367	1.19842e-06	-0.648902	0	9.24789e-06	3.08437	-1.82016	-0.000209133	0.45867	-0.3058	180	0	0.00616526	254.131	15.7205	1542.19	220.844	0	-910.08	180	0	-0.206552	142.821	0	339.766	217.179	0	0.0109875	20947
THOR	0	1.30749	2.2836	1.19842e-06	-0.648838	0	2.53189e-06	3.13093	-1.83205	-0.000209044	0.500824	-0.333902	180	0	0.00168793	254.914	15.5427	1565.47	220.841	0	-916.026	180	0	-0.206463	142.824	0	370.991	217.176	0	0.0109025	20990
THOR	0	1.32065	2.28332	1.19842e-06	-0.648778	8.8772e-08	4.45615e-06	1.31068	-1.26279	-0.000205297	0.413615	-0.275764	180	0	0.00297077	255.668	14.071	655.34	220.825	0	-631.393	180	0	-0.202762	142.828	0	306.393	217.172	0	0.0114273	21027
THOR	0	1.3315	2.2817	9.98685e-07	-0.648296	8.8772e-08	2.38288e-05	-0.0272872	-0.000510268	-0.000196046	-0.13867	0.0924257	180	0	0.0158858	256.29	10.9374	-13.6436	220.732	0	-0.255134	180	0	-0.193625	142.855	0	-102.707	217.145	0	0.0118502	21068
THOR	0	1.3315	2.2817	9.98685e-07	-0.648296	8.8772e-08	2.28208e-05	0.0216803	-0.0517898	-0.000196468	-0.108414	0.0722545	180	0	0.0152139	256.29	10.9374	10.8401	220.732	0	-25.8949	180	0	-0.194042	142.855	0	-80.2946	217.145	0	0.0118547	21094
THOR	0	1.33977	2.27928	9.98685e-07	-0.647186	8.8772e-08	3.92791e-05	-0.76614	0.83148	-0.000190156	-0.706674	0.471096	180	0	0.0261861	256.763	8.18152	-383.07	220.593	0	415.74	180	0	-0.187808	142.919	0	-523.451	217.081	0	0.0112217	21117
THOR	0	1.34582	2.27681	9.98685e-07	-0.645795	8.8772e-08	3.91038e-05	-1.18557	1.3607	-0.000190184	-1.12731	0.751525	180	0	0.0260692	257.11	5.86	-592.785	220.452	0	680.348	180	0	-0.187836	142.999	0	-835.037	217.001	0	0.0101779	21147
THOR	0	1.35002	2.27478	9.98685e-07	-0.644509	8.8772e-08	2.16498e-05	-1.29547	1.54917	-0.000195524	-1.32326	0.882158	180	0	0.0144332	257.351	0	-647.734	220.335	0	774.587	180	0	-0.19311	143.072	0	-980.185	216.928	0	0.00948884	21185
THOR	0	1.35002	2.27478	9.98685e-07	-0.644509	8.8772e-08	2.16498e-05	-1.29547	1.54917	-0.000195524	-1.32326	0.882158	180	0	0.0144332	257.351	0	-647.734	220.335	0	774.587	180	0	-0.19311	143.072	0	-980.185	216.928	0	0.00948884	21222
THOR	0	1.35265	2.27346	9.98685e-07	-0.643577	8.8772e-08	-2.27919e-06	-1.11868	1.44512	-0.000201875	-1.31753	0.878337	180	0	-0.00151946	257.501	0	-559.341	220.259	0	722.561	180	0	-0.199383	143.126	0	-975.94	216.874	0	0.00939704	21260
THOR	0	1.3539	2.27293	9.98685e-07	-0.643111	8.8772e-08	-1.99175e-05	-0.69225	1.10745	-0.0002052	-1.15176	0.767822	180	0	-0.0132783	257.573	0	-346.125	220.229	0	553.726	180	0	-0.202667	143.152	0	-853.145	216.848	0	0.00963941	21300
THOR	0	1.354	2.27298	9.98685e-07	-0.643061	0	-2.85821e-05	-0.19484	0.835307	-0.00020628	-1.02467	0.683094	180	0	-0.0190547	257.578	0	-97.4199	220.232	0	417.653	180	0	-0.203733	143.155	0	-759.003	216.845	0	0.00962458	21338
THOR	2.66316e-07	1.35351	2.27349	9.98685e-07	-0.643073	8.8772e-08	-2.87471e-05	0.243937	0.44935	-0.000203914	-1.01441	0.676254	180	0	-0.0191647	257.55	0	121.968	220.261	0	224.675	180	0	-0.201397	143.155	0	-751.403	216.845	0	0.00976481	21378
THOR	2.66316e-07	1.35351	2.27349	9.98685e-07	-0.643073	8.8772e-08	-2.87471e-05	0.243937	0.44935	-0.000203914	-1.01441	0.676254	180	0	-0.0191647	257.55	0	121.968	220.261	0	224.675	180	0	-0.201397	143.155	0	-751.403	216.845	0	0.00976481	21412
THOR	2.66316e-07	1.35257	2.27435	9.98685e-07	-0.643096	0	-1.50678e-05	0.727486	0.0327536	-0.00019689	-1.00218	0.668104	180	0	-0.0100452	257.496	0	363.743	220.311	0	16.3768	180	0	-0.194459	143.153	0	-742.348	216.847	0	0.00982217	21453
THOR	0	1.35132	2.27547	9.98685e-07	-0.643129	0	5.00168e-06	1.20274	-0.386089	-0.000188553	-0.987297	0.658181	180	0	0.00333445	257.425	0	601.37	220.375	0	-193.045	180	0	-0.186225	143.151	0	-731.322	216.849	0	0.00961893	21493
THOR	0	1.34992	2.2767	9.98685e-07	-0.643198	0	2.03667e-05	1.63417	-0.747986	-0.000182582	-0.912744	0.608479	180	0	0.0135778	257.345	0	817.084	220.446	0	-373.993	180	0	-0.180328	143.147	0	-676.097	216.853	0	0.00920954	21528
THOR	0	1.34851	2.27793	9.98685e-07	-0.64342	8.8772e-08	2.45953e-05	1.97679	-1.04749	-0.000180652	-0.754013	0.50266	180	0	0.0163969	257.264	0	988.396	220.516	0	-523.743	180	0	-0.178422	143.135	0	-558.52	216.865	0	0.00872764	21569
THOR	0	1.34851	2.27793	9.98685e-07	-0.64342	8.8772e-08	2.45953e-05	1.97679	-1.04749	-0.000180652	-0.754013	0.50266	180	0	0.0163969	257.264	0	988.396	220.516	0	-523.743	180	0	-0.178422	143.135	0	-558.52	216.865	0	0.00872764	21607
THOR	0	1.34721	2.27907	9.98685e-07	-0.643777	8.8772e-08	1.85597e-05	2.24278	-1.28606	-0.000181902	-0.59931	0.399525	180	0	0.0123731	257.19	-1.40628	1121.39	220.581	0	-643.03	180	0	-0.179657	143.114	0	-443.925	216.886	0	0.00832317	21644
THOR	0	1.34608	2.28007	9.98685e-07	-0.644186	8.8772e-08	8.08155e-06	2.43409	-1.46239	-0.00018411	-0.481887	0.321243	180	0	0.0053877	257.125	-1.18852	1217.04	220.638	0	-731.195	180	0	-0.181837	143.091	0	-356.945	216.909	0	0.0080746	21681
THOR	0	1.34516	2.28089	9.98685e-07	-0.644573	8.8772e-08	-3.76168e-07	2.5559	-1.57186	-0.000185186	-0.40821	0.272125	180	0	-0.000250779	257.072	-0.942859	1277.95	220.686	0	-785.931	180	0	-0.1829	143.069	0	-302.37	216.931	0	0.00798169	21722
THOR	0	1.34445	2.28152	9.98685e-07	-0.644889	8.8772e-08	-3.18518e-06	2.60929	-1.61837	-0.000184225	-0.37467	0.249766	180	0	-0.00212345	257.031	-0.681399	1304.64	220.722	0	-809.184	180	0	-0.181951	143.051	0	-277.526	216.949	0	0.00797725	21757
THOR	0	1.34445	2.28152	9.98685e-07	-0.644889	8.8772e-08	-3.18518e-06	2.60929	-1.61837	-0.000184225	-0.37467	0.249766	180	0	-0.00212345	257.031	-0.681399	1304.64	220.722	0	-809.184	180	0	-0.181951	143.051	0	-277.526	216.949	0	0.00797725	21797
THOR	0	1.34398	2.28194	9.98685e-07	-0.645109	8.8772e-08	-5.86486e-07	2.59978	-1.60875	-0.000181586	-0.375943	0.250614	180	0	-0.000390991	257.004	-0.418402	1299.89	220.746	0	-804.376	180	0	-0.179344	143.038	0	-278.468	216.962	0	0.0079698	21834
THOR	0	1.34373	2.28216	9.98685e-07	-0.645227	8.8772e-08	4.68923e-06	2.53661	-1.55143	-0.000178333	-0.405513	0.270328	180	0	0.00312615	256.99	-0.168594	1268.3	220.758	0	-775.716	180	0	-0.176131	143.031	0	-300.372	216.969	0	0.00788513	21874
THOR	0	1.34367	2.28222	9.98685e-07	-0.645267	8.8772e-08	1.03457e-05	2.47268	-1.5057	-0.00017496	-0.419431	0.279607	180	0	0.00689715	256.987	-0.0169287	1236.34	220.762	0	-752.852	180	0	-0.1728	143.029	0	-310.682	216.971	0	0.0077908	21919
THOR	0	1.34366	2.28224	9.98685e-07	-0.64529	8.8772e-08	1.54197e-05	2.46862	-1.50216	-0.000172036	-0.415999	0.277319	180	0	0.0102798	256.986	-0.00525543	1234.31	220.763	0	-751.079	180	0	-0.169912	143.028	0	-308.14	216.972	0	0.00758577	21957
THOR	0	1.34366	2.28224	9.98685e-07	-0.64529	8.8772e-08	1.54197e-05	2.46862	-1.50216	-0.000172036	-0.415999	0.277319	180	0	0.0102798	256.986	-0.00525543	1234.31	220.763	0	-751.079	180	0	-0.169912	143.028	0	-308.14	216.972	0	0.00758577	21997
THOR	0	1.34366	2.28225	9.98685e-07	-0.645312	8.8772e-08	1.5008e-05	2.46871	-1.50381	-0.000171284	-0.410719	0.2738	180	0	0.0100053	256.986	-0.00352074	1234.36	220.763	0	-751.905	180	0	-0.169169	143.026	0	-304.229	216.974	0	0.00723418	22035
THOR	0	1.34365	2.28226	9.98685e-07	-0.645333	8.8772e-08	9.04762e-06	2.4692	-1.50601	-0.000172255	-0.405321	0.270202	180	0	0.00603175	256.986	-0.00303525	1234.6	220.764	0	-753.003	180	0	-0.170129	143.025	0	-300.231	216.975	0	0.00691077	22077
THOR	0	1.34365	2.28227	9.98685e-07	-0.645354	8.8772e-08	1.39827e-06	2.46994	-1.50838	-0.000173434	-0.399905	0.266591	180	0	0.00093218	256.986	-0.00308737	1234.97	220.764	0	-754.189	180	0	-0.171293	143.024	0	-296.219	216.976	0	0.00672387	22108
THOR	0	1.34365	2.28227	9.98685e-07	-0.645354	8.8772e-08	1.39827e-06	2.46994	-1.50838	-0.000173434	-0.399905	0.266591	180	0	0.00093218	256.986	-0.00308737	1234.97	220.764	0	-754.189	180	0	-0.171293	143.024	0	-296.219	216.976	0	0.00672387	22138
THOR	0	1.34365	2.28228	9.98685e-07	-0.645375	8.8772e-08	-3.63573e-06	2.47086	-1.51089	-0.000173458	-0.394488	0.26298	180	0	-0.00242382	256.985	-0.00338337	1235.43	220.765	0	-755.444	180	0	-0.171317	143.023	0	-292.207	216.977	0	0.00667331	22179
THOR	0	1.34365	2.28229	9.98685e-07	-0.645395	8.8772e-08	-4.0896e-06	2.47185	-1.51346	-0.000171901	-0.389116	0.259399	180	0	-0.0027264	256.985	-0.00366127	1235.92	220.765	0	-756.731	180	0	-0.169779	143.022	0	-288.228	216.978	0	0.00668023	22221
THOR	0	1.34364	2.2823	9.98685e-07	-0.645415	8.8772e-08	-8.40871e-07	2.47278	-1.51596	-0.00016928	-0.383832	0.255876	180	0	-0.000560581	256.985	-0.0037833	1236.39	220.766	0	-757.979	180	0	-0.16719	143.02	0	-284.313	216.98	0	0.00665502	22261
THOR	0	1.34364	2.28231	9.98685e-07	-0.645435	0	3.49131e-06	2.47366	-1.51836	-0.000166539	-0.378631	0.252409	180	0	0.00232754	256.985	-0.00373661	1236.83	220.766	0	-759.182	180	0	-0.164483	143.019	0	-280.461	216.981	0	0.00655022	22305
THOR	0	1.34364	2.28231	9.98685e-07	-0.645435	0	3.49131e-06	2.47366	-1.51836	-0.000166539	-0.378631	0.252409	180	0	0.00232754	256.985	-0.00373661	1236.83	220.766	0	-759.182	180	0	-0.164483	143.019	0	-280.461	216.981	0	0.00655022	22333
THOR	0	1.34364	2.28231	9.98685e-07	-0.645455	0	6.43859e-06	2.47444	-1.52065	-0.000164435	-0.373526	0.249006	180	0	0.0042924	256.985	-0.00358463	1237.22	220.767	0	-760.323	180	0	-0.162405	143.018	0	-276.679	216.982	0	0.0063755	22375
THOR	0	1.34363	2.28232	7.98948e-07	-0.645474	8.8772e-08	6.91592e-06	2.47516	-1.5228	-0.000163199	-0.368503	0.245657	180	0	0.00461061	256.985	-0.00342261	1237.58	220.767	0	-761.398	180	0	-0.161185	143.017	0	-272.959	216.983	0	0.00617258	22411
THOR	0	1.34363	2.28233	7.98948e-07	-0.645493	8.8772e-08	5.34043e-06	2.47591	-1.52491	-0.000162581	-0.363553	0.242358	180	0	0.00356029	256.984	-0.00330368	1237.95	220.768	0	-762.453	180	0	-0.160574	143.016	0	-269.293	216.984	0	0.00598721	22451
THOR	0	1.34363	2.28234	7.98948e-07	-0.645512	8.8772e-08	2.99719e-06	2.47665	-1.52705	-0.000162112	-0.358665	0.239099	180	0	0.00199813	256.984	-0.00324195	1238.32	220.768	0	-763.523	180	0	-0.160111	143.015	0	-265.672	216.985	0	0.0058437	22490
THOR	0	1.34363	2.28234	7.98948e-07	-0.645522	1.77544e-07	1.8512e-06	2.47705	-1.52823	-0.000161767	-0.355993	0.237319	180	0	0.00123413	256.984	-0.00322911	1238.53	220.769	0	-764.117	180	0	-0.159769	143.014	0	-263.693	216.986	0	0.0057825	22532
THOR	0	1.34362	2.28235	7.98948e-07	-0.645531	8.8772e-08	1.14242e-06	2.47738	-1.52915	-0.000161403	-0.353837	0.235881	180	0	0.000761615	256.984	-0.00322256	1238.69	220.769	0	-764.575	180	0	-0.15941	143.014	0	-262.096	216.986	0	0.00574013	22563
THOR	0	1.34362	2.28236	7.98948e-07	-0.645549	8.8772e-08	4.1174e-07	2.47815	-1.5312	-0.000160305	-0.349062	0.232698	180	0	0.000274494	256.984	-0.00321627	1239.07	220.769	0	-765.599	180	0	-0.158326	143.013	0	-258.559	216.987	0	0.00565633	22597
THOR	0	1.34362	2.28236	7.98948e-07	-0.645549	8.8772e-08	4.1174e-07	2.47815	-1.5312	-0.000160305	-0.349062	0.232698	180	0	0.000274494	256.984	-0.00321627	1239.07	220.769	0	-765.599	180	0	-0.158326	143.013	0	-258.559	216.987	0	0.00565633	22625
THOR	0	1.34362	2.28237	7.98948e-07	-0.645585	8.8772e-08	1.48898e-06	2.47963	-1.53521	-0.000157409	-0.339731	0.226478	180	0	0.000992653	256.984	-0.00316544	1239.82	220.77	0	-767.606	180	0	-0.155466	143.011	0	-251.647	216.989	0	0.00547211	22668
THOR	0	1.34362	2.28237	7.98948e-07	-0.645585	8.8772e-08	1.48898e-06	2.47963	-1.53521	-0.000157409	-0.339731	0.226478	180	0	0.000992653	256.984	-0.00316544	1239.82	220.77	0	-767.606	180	0	-0.155466	143.011	0	-251.647	216.989	0	0.00547211	22709
THOR	0	1.34361	2.28238	7.98948e-07	-0.645602	8.8772e-08	2.17067e-06	2.48035	-1.53711	-0.000155999	-0.335153	0.223426	180	0	0.00144711	256.983	-0.00311626	1240.17	220.771	0	-768.556	180	0	-0.154073	143.01	0	-248.256	216.99	0	0.00535792	22747
FRIGG	2.66316e-07	1.3324	1.92792	-2.71642e-05	-0.986079	0.00581776	-6.79528e-05	3.10666	-2.17593	0.00538552	-0.00856607	0.00570639	180	0	-0.0453018	256.341	-0.000276934	1553.33	200.462	0	-1087.96	179.998	0	5.31903	123.002	0	-6.34284	235.998	0	0.00239944	18
FRIGG	2.66316e-07	1.3324	1.92792	-2.69645e-05	-0.986079	0.00581776	-6.79433e-05	3.10672	-2.17596	0.00534567	-0.00848829	0.0056547	180	0	-0.0452955	256.341	-0.000273461	1553.36	200.462	0	-1087.98	179.998	0	5.27967	123.002	0	-6.28531	235.998	0	0.00231055	62
FRIGG	2.66316e-07	1.3324	1.92792	-2.69645e-05	-0.986079	0.00581776	-6.79433e-05	3.10672	-2.17596	0.00534567	-0.00848829	0.0056547	180	0	-0.0452955	256.341	-0.000273461	1553.36	200.462	0	-1087.98	179.998	0	5.27967	123.002	0	-6.28531	235.998	0	0.00231055	100
FRIGG	2.66316e-07	1.3324	1.92792	-2.67648e-05	-0.986079	0.00581781	-6.79366e-05	3.10678	-2.17596	0.00530611	-0.00841073	0.005603	180	0	-0.0452911	256.341	-0.000269642	1553.39	200.462	0	-1087.98	179.998	0	5.24061	123.002	0	-6.22786	235.998	0	0.00231078	139
FRIGG	2.66316e-07	1.3324	1.92792	-2.6565e-05	-0.986079	0.00581781	-6.79243e-05	3.10685	-2.17596	0.00526684	-0.00833288	0.00555125	180	0	-0.0452828	256.341	-0.000266101	1553.42	200.462	0	-1087.98	179.998	0	5.20182	123.002	0	-6.17028	235.998	0	0.00222157	175
FRIGG	2.66316e-07	1.3324	1.92792	-2.63653e-05	-0.98608	0.00581785	-6.79181e-05	3.10691	-2.17599	0.00522788	-0.008255	0.00549933	180	0	-0.0452787	256.341	-0.000262748	1553.45	200.462	0	-1087.99	179.998	0	5.16334	123.002	0	-6.11259	235.998	0	0.00222219	214
FRIGG	2.66316e-07	1.3324	1.92792	-2.61656e-05	-0.98608	0.00581781	-6.79082e-05	3.10697	-2.17599	0.0051892	-0.0081933	0.00545836	180	0	-0.0452722	256.341	-0.000259193	1553.49	200.462	0	-1087.99	179.998	0	5.12513	123.002	0	-6.06698	235.998	0	0.00213272	255
FRIGG	2.66316e-07	1.3324	1.92792	-2.61656e-05	-0.98608	0.00581781	-6.79082e-05	3.10697	-2.17599	0.0051892	-0.0081933	0.00545836	180	0	-0.0452722	256.341	-0.000259193	1553.49	200.462	0	-1087.99	179.998	0	5.12513	123.002	0	-6.06698	235.998	0	0.00213272	296
FRIGG	2.66316e-07	1.3324	1.92792	-2.59658e-05	-0.98608	0.00581785	-6.79016e-05	3.10703	-2.17599	0.00515081	-0.00811556	0.00540654	180	0	-0.0452677	256.341	-0.000255785	1553.52	200.462	0	-1087.99	179.998	0	5.08722	123.002	0	-6.0094	235.998	0	0.00213336	335
FRIGG	2.66316e-07	1.3324	1.92792	-2.57661e-05	-0.986081	0.00581785	-6.78896e-05	3.10706	-2.17599	0.00511269	-0.00803756	0.0053547	180	0	-0.0452598	256.341	-0.000252584	1553.53	200.462	0	-1087.99	179.998	0	5.04957	123.002	0	-5.9517	235.998	0	0.0020423	378
FRIGG	2.66316e-07	1.3324	1.92792	-2.55663e-05	-0.986081	0.00581785	-6.7882e-05	3.10713	-2.17602	0.00507486	-0.00797578	0.0053135	180	0	-0.0452547	256.341	-0.000249141	1553.56	200.462	0	-1088.01	179.998	0	5.01221	123.002	0	-5.90594	235.998	0	0.0020448	416
FRIGG	2.66316e-07	1.3324	1.92792	-2.53666e-05	-0.986081	0.00581785	-6.78702e-05	3.10719	-2.17602	0.00503731	-0.00789785	0.00526156	180	0	-0.0452468	256.341	-0.000245565	1553.59	200.462	0	-1088.01	179.998	0	4.97512	123.002	0	-5.84822	235.998	0	0.00204408	449
FRIGG	2.66316e-07	1.3324	1.92792	-2.53666e-05	-0.986081	0.00581785	-6.78702e-05	3.10719	-2.17602	0.00503731	-0.00789785	0.00526156	180	0	-0.0452468	256.341	-0.000245565	1553.59	200.462	0	-1088.01	179.998	0	4.97512	123.002	0	-5.84822	235.998	0	0.00204408	486
FRIGG	2.66316e-07	1.3324	1.92792	-2.51669e-05	-0.986081	0.00581785	-6.78634e-05	3.10725	-2.17602	0.00500004	-0.00783592	0.00522043	180	0	-0.0452423	256.341	-0.00024225	1553.63	200.462	0	-1088.01	179.998	0	4.93831	123.002	0	-5.80243	235.998	0	0.00195597	527
FRIGG	2.66316e-07	1.3324	1.92792	-2.49671e-05	-0.986082	0.00581781	-6.78573e-05	3.10731	-2.17605	0.00496305	-0.00777391	0.00517909	180	0	-0.0452382	256.341	-0.000239395	1553.66	200.462	0	-1088.03	179.998	0	4.90178	123.002	0	-5.7565	235.998	0	0.00195625	563
FRIGG	2.66316e-07	1.3324	1.92792	-2.47674e-05	-0.986082	0.00581785	-6.78499e-05	3.10734	-2.17605	0.00492632	-0.00769585	0.00512721	180	0	-0.0452332	256.341	-0.000236237	1553.67	200.462	0	-1088.03	179.998	0	4.8655	123.002	0	-5.69876	235.998	0	0.00186631	590
FRIGG	2.66316e-07	1.3324	1.92792	-2.47674e-05	-0.986082	0.00581785	-6.78499e-05	3.10734	-2.17605	0.00492632	-0.00769585	0.00512721	180	0	-0.0452332	256.341	-0.000236237	1553.67	200.462	0	-1088.03	179.998	0	4.8655	123.002	0	-5.69876	235.998	0	0.00186631	629
FRIGG	2.66316e-07	1.33239	1.92792	-2.45677e-05	-0.986082	0.00581781	-6.78414e-05	3.10741	-2.17605	0.00488987	-0.00763386	0.00508588	180	0	-0.0452276	256.341	-0.000232706	1553.7	200.462	0	-1088.03	179.998	0	4.8295	123.002	0	-5.65284	235.998	0	0.00186763	666
FRIGG	2.66316e-07	1.33239	1.92792	-2.43679e-05	-0.986082	0.00581781	-6.78299e-05	3.10747	-2.17605	0.00485369	-0.00757189	0.00504456	180	0	-0.0452199	256.341	-0.000229742	1553.73	200.462	0	-1088.03	179.998	0	4.79377	123.002	0	-5.60694	235.998	0	0.00186694	707
FRIGG	2.66316e-07	1.33239	1.92792	-2.41682e-05	-0.986083	0.00581781	-6.78199e-05	3.10753	-2.17608	0.00481777	-0.00750973	0.00500329	180	0	-0.0452133	256.341	-0.000227232	1553.77	200.462	0	-1088.04	179.998	0	4.75829	123.002	0	-5.56099	235.998	0	0.00177852	746
FRIGG	2.66316e-07	1.33239	1.92792	-2.41682e-05	-0.986083	0.00581776	-6.78148e-05	3.10756	-2.17608	0.00478213	-0.00744773	0.00496195	180	0	-0.0452099	256.341	-0.000223677	1553.78	200.462	0	-1088.04	179.998	0	4.72309	123.002	0	-5.51506	235.998	0	0.00177831	783
FRIGG	2.66316e-07	1.33239	1.92792	-2.41682e-05	-0.986083	0.00581776	-6.78148e-05	3.10756	-2.17608	0.00478213	-0.00744773	0.00496195	180	0	-0.0452099	256.341	-0.000223677	1553.78	200.462	0	-1088.04	179.998	0	4.72309	123.002	0	-5.51506	235.998	0	0.00177831	818
FRIGG	2.66316e-07	1.33239	1.92792	-2.39684e-05	-0.986083	0.00581776	-6.78073e-05	3.10763	-2.17608	0.00474675	-0.0073856	0.00492053	180	0	-0.0452049	256.341	-0.000220803	1553.81	200.462	0	-1088.04	179.998	0	4.68815	123.002	0	-5.46904	235.998	0	0.00177855	858
FRIGG	2.66316e-07	1.33239	1.92792	-2.37687e-05	-0.986083	0.00581776	-6.78032e-05	3.10766	-2.17608	0.00471163	-0.00732342	0.00487924	180	0	-0.0452022	256.341	-0.000217965	1553.83	200.462	0	-1088.04	179.998	0	4.65346	123.002	0	-5.42306	235.998	0	0.00169013	898
FRIGG	2.66316e-07	1.33239	1.92792	-2.3569e-05	-0.986083	0.00581785	-6.77858e-05	3.10772	-2.17608	0.00467675	-0.00726108	0.00483768	180	0	-0.0451906	256.341	-0.000214705	1553.86	200.462	0	-1088.04	179.998	0	4.61902	123.002	0	-5.37689	235.998	0	0.00168955	937
FRIGG	2.66316e-07	1.33239	1.92792	-2.33692e-05	-0.986084	0.00581785	-6.7775e-05	3.10778	-2.17611	0.00464212	-0.00719907	0.00479634	180	0	-0.0451833	256.341	-0.00021259	1553.89	200.462	0	-1088.06	179.998	0	4.58481	123.002	0	-5.33096	235.998	0	0.00168833	977
FRIGG	2.66316e-07	1.33239	1.92792	-2.33692e-05	-0.986084	0.00581785	-6.7775e-05	3.10778	-2.17611	0.00464212	-0.00719907	0.00479634	180	0	-0.0451833	256.341	-0.00021259	1553.89	200.462	0	-1088.06	179.998	0	4.58481	123.002	0	-5.33096	235.998	0	0.00168833	1011
FRIGG	2.66316e-07	1.33239	1.92792	-2.31695e-05	-0.986084	0.00581781	-6.77756e-05	3.10781	-2.17611	0.00460782	-0.00715274	0.00476561	180	0	-0.0451837	256.341	-0.000209055	1553.91	200.462	0	-1088.06	179.998	0	4.55093	123.002	0	-5.29673	235.998	0	0.00160148	1052
FRIGG	2.66316e-07	1.33239	1.92792	-2.29698e-05	-0.986084	0.00581781	-6.77662e-05	3.10788	-2.17611	0.00457371	-0.00709056	0.00472415	180	0	-0.0451774	256.341	-0.000206884	1553.94	200.462	0	-1088.06	179.998	0	4.51725	123.002	0	-5.25066	235.998	0	0.00160129	1087
FRIGG	2.66316e-07	1.33239	1.92792	-2.277e-05	-0.986084	0.00581776	-6.77602e-05	3.10791	-2.17611	0.00453988	-0.00702835	0.00468268	180	0	-0.0451735	256.341	-0.000203613	1553.95	200.462	0	-1088.06	179.998	0	4.48383	123.002	0	-5.20458	235.998	0	0.00160137	1123
FRIGG	2.66316e-07	1.33239	1.92792	-2.277e-05	-0.986085	0.00581785	-6.77517e-05	3.10797	-2.17611	0.00450629	-0.00698188	0.00465186	180	0	-0.0451678	256.34	-0.000200978	1553.98	200.462	0	-1088.06	179.998	0	4.45066	123.002	0	-5.17025	235.998	0	0.0015131	1163
FRIGG	2.66316e-07	1.33239	1.92792	-2.277e-05	-0.986085	0.00581785	-6.77517e-05	3.10797	-2.17611	0.00450629	-0.00698188	0.00465186	180	0	-0.0451678	256.34	-0.000200978	1553.98	200.462	0	-1088.06	179.998	0	4.45066	123.002	0	-5.17025	235.998	0	0.0015131	1200
FRIGG	2.66316e-07	1.33239	1.92792	-2.25703e-05	-0.986085	0.00581785	-6.77459e-05	3.108	-2.17614	0.00447296	-0.00691963	0.00461036	180	0	-0.045164	256.34	-0.000198229	1554	200.462	0	-1088.07	179.998	0	4.41774	123.001	0	-5.12414	235.998	0	0.00151293	1238
FRIGG	2.66316e-07	1.33239	1.92792	-2.23706e-05	-0.986085	0.00581785	-6.77372e-05	3.10803	-2.17614	0.00443986	-0.00685728	0.00456879	180	0	-0.0451582	256.34	-0.000195943	1554.02	200.462	0	-1088.07	179.998	0	4.38505	123.001	0	-5.07795	235.999	0	0.00151289	1276
FRIGG	2.66316e-07	1.33239	1.92792	-2.21708e-05	-0.986085	0.00581781	-6.77294e-05	3.10809	-2.17614	0.00440701	-0.00681084	0.004538	180	0	-0.0451529	256.34	-0.000192832	1554.05	200.462	0	-1088.07	179.998	0	4.3526	123.001	0	-5.04364	235.999	0	0.00142387	1318
FRIGG	2.66316e-07	1.33239	1.92792	-2.19711e-05	-0.986085	0.00581776	-6.77208e-05	3.10813	-2.17614	0.0043744	-0.00676451	0.00450711	180	0	-0.0451472	256.34	-0.000190543	1554.06	200.462	0	-1088.07	179.998	0	4.32039	123.001	0	-5.00932	235.999	0	0.00142377	1357
FRIGG	2.66316e-07	1.33239	1.92792	-2.19711e-05	-0.986085	0.00581776	-6.77208e-05	3.10813	-2.17614	0.0043744	-0.00676451	0.00450711	180	0	-0.0451472	256.34	-0.000190543	1554.06	200.462	0	-1088.07	179.998	0	4.32039	123.001	0	-5.00932	235.999	0	0.00142377	1392
FRIGG	2.66316e-07	1.33239	1.92792	-2.17713e-05	-0.986086	0.00581785	-6.77042e-05	3.10819	-2.17614	0.004342	-0.00670203	0.00446546	180	0	-0.0451361	256.34	-0.000188564	1554.09	200.462	0	-1088.07	179.998	0	4.2884	123.001	0	-4.96304	235.999	0	0.00142235	1437
FRIGG	2.66316e-07	1.33239	1.92792	-2.17713e-05	-0.986086	0.00581785	-6.77061e-05	3.10822	-2.17617	0.0043099	-0.00665563	0.00443453	180	0	-0.0451374	256.34	-0.000185541	1554.11	200.462	0	-1088.09	179.998	0	4.25669	123.001	0	-4.92868	235.999	0	0.00142372	1471
FRIGG	2.66316e-07	1.33239	1.92792	-2.15716e-05	-0.986086	0.00581776	-6.76996e-05	3.10825	-2.17617	0.00427801	-0.00660917	0.00440371	180	0	-0.0451331	256.34	-0.000183228	1554.13	200.462	0	-1088.09	179.998	0	4.2252	123.001	0	-4.89435	235.999	0	0.00133552	1509
FRIGG	2.66316e-07	1.33239	1.92792	-2.13719e-05	-0.986086	0.00581776	-6.76927e-05	3.10831	-2.17617	0.00424636	-0.00654665	0.00436203	180	0	-0.0451285	256.34	-0.000180448	1554.16	200.462	0	-1088.09	179.998	0	4.19394	123.001	0	-4.84803	235.999	0	0.00133514	1536
FRIGG	2.66316e-07	1.33239	1.92792	-2.13719e-05	-0.986086	0.00581776	-6.76927e-05	3.10831	-2.17617	0.00424636	-0.00654665	0.00436203	180	0	-0.0451285	256.34	-0.000180448	1554.16	200.462	0	-1088.09	179.998	0	4.19394	123.001	0	-4.84803	235.999	0	0.00133514	1578
FRIGG	2.66316e-07	1.33239	1.92792	-2.11721e-05	-0.986087	0.00581776	-6.76903e-05	3.10834	-2.17617	0.00421496	-0.0065003	0.00433113	180	0	-0.0451268	256.34	-0.000177949	1554.17	200.462	0	-1088.09	179.998	0	4.16292	123.001	0	-4.8137	235.999	0	0.0013354	1610
FRIGG	2.66316e-07	1.33239	1.92792	-2.09724e-05	-0.986087	0.00581781	-6.76798e-05	3.10838	-2.17617	0.00418378	-0.00645376	0.00430026	180	0	-0.0451198	256.34	-0.000175923	1554.19	200.462	0	-1088.09	179.998	0	4.13213	123.001	0	-4.77932	235.999	0	0.00124542	1648
FRIGG	2.66316e-07	1.33239	1.92792	-2.09724e-05	-0.986087	0.00581776	-6.7669e-05	3.10844	-2.17617	0.00415282	-0.00640723	0.00426924	180	0	-0.0451127	256.34	-0.000173602	1554.22	200.462	0	-1088.09	179.998	0	4.10155	123.001	0	-4.74485	235.999	0	0.00124688	1686
FRIGG	2.66316e-07	1.33239	1.92792	-2.07727e-05	-0.986087	0.00581776	-6.76643e-05	3.10847	-2.17617	0.0041221	-0.00636066	0.0042382	180	0	-0.0451095	256.34	-0.000170812	1554.23	200.462	0	-1088.09	179.998	0	4.07121	123.001	0	-4.71035	235.999	0	0.00124671	1730
FRIGG	2.66316e-07	1.33239	1.92792	-2.07727e-05	-0.986087	0.00581776	-6.76643e-05	3.10847	-2.17617	0.0041221	-0.00636066	0.0042382	180	0	-0.0451095	256.34	-0.000170812	1554.23	200.462	0	-1088.09	179.998	0	4.07121	123.001	0	-4.71035	235.999	0	0.00124671	1767
FRIGG	2.66316e-07	1.33239	1.92792	-2.05729e-05	-0.986087	0.00581781	-6.76508e-05	3.1085	-2.1762	0.00409156	-0.0063142	0.00420722	180	0	-0.0451005	256.34	-0.000168832	1554.25	200.462	0	-1088.1	179.998	0	4.04105	123.001	0	-4.67594	235.999	0	0.0012453	1801
FRIGG	2.66316e-07	1.33239	1.92792	-2.03732e-05	-0.986087	0.00581776	-6.76504e-05	3.10853	-2.1762	0.00406132	-0.00626742	0.0041762	180	0	-0.0451003	256.34	-0.000166776	1554.27	200.462	0	-1088.1	179.998	0	4.01118	123.001	0	-4.64138	235.999	0	0.00115696	1837
FRIGG	2.66316e-07	1.33239	1.92792	-2.03732e-05	-0.986088	0.00581776	-6.76451e-05	3.10859	-2.1762	0.00403128	-0.00622086	0.00414515	180	0	-0.0450967	256.34	-0.000164471	1554.3	200.462	0	-1088.1	179.998	0	3.98151	123.001	0	-4.60688	235.999	0	0.00115823	1881
FRIGG	2.66316e-07	1.33239	1.92792	-2.03732e-05	-0.986088	0.00581776	-6.76451e-05	3.10859	-2.1762	0.00403128	-0.00622086	0.00414515	180	0	-0.0450967	256.34	-0.000164471	1554.3	200.462	0	-1088.1	179.998	0	3.98151	123.001	0	-4.60688	235.999	0	0.00115823	1920
FRIGG	2.66316e-07	1.33239	1.92792	-2.01734e-05	-0.986088	0.00581785	-6.76372e-05	3.10863	-2.1762	0.00400145	-0.00617418	0.00411404	180	0	-0.0450915	256.34	-0.000161866	1554.31	200.462	0	-1088.1	179.998	0	3.95205	123.001	0	-4.57231	235.999	0	0.00115803	1955
FRIGG	2.66316e-07	1.33239	1.92792	-1.99737e-05	-0.986088	0.00581776	-6.76315e-05	3.10866	-2.1762	0.00397185	-0.00612761	0.00408299	180	0	-0.0450877	256.34	-0.00015983	1554.33	200.462	0	-1088.1	179.998	0	3.92282	123.001	0	-4.53781	235.999	0	0.0011581	1994
FRIGG	2.66316e-07	1.33239	1.92792	-1.9774e-05	-0.986088	0.00581776	-6.76239e-05	3.10869	-2.1762	0.00394248	-0.006081	0.00405192	180	0	-0.0450826	256.34	-0.000157757	1554.34	200.462	0	-1088.1	179.998	0	3.8938	123.001	0	-4.50329	235.999	0	0.0011579	2033
FRIGG	2.66316e-07	1.33239	1.92792	-1.9774e-05	-0.986088	0.00581785	-6.76166e-05	3.10872	-2.1762	0.00391331	-0.0060341	0.00402081	180	0	-0.0450777	256.34	-0.000155845	1554.36	200.462	0	-1088.1	179.998	0	3.865	123.001	0	-4.46864	235.999	0	0.0010695	2073
FRIGG	2.66316e-07	1.33239	1.92792	-1.9774e-05	-0.986088	0.00581785	-6.76166e-05	3.10872	-2.1762	0.00391331	-0.0060341	0.00402081	180	0	-0.0450777	256.34	-0.000155845	1554.36	200.462	0	-1088.1	179.998	0	3.865	123.001	0	-4.46864	235.999	0	0.0010695	2104
FRIGG	2.66316e-07	1.33239	1.92792	-1.95742e-05	-0.986088	0.00581785	-6.76103e-05	3.10875	-2.17623	0.00388436	-0.0060035	0.00400041	180	0	-0.0450735	256.34	-0.000154112	1554.38	200.462	0	-1088.12	179.999	0	3.8364	123.001	0	-4.44597	235.999	0	0.00106948	2139
FRIGG	2.66316e-07	1.33239	1.92792	-1.93745e-05	-0.986089	0.00581785	-6.76048e-05	3.10881	-2.17623	0.00385562	-0.00595683	0.00396929	180	0	-0.0450699	256.34	-0.000152127	1554.41	200.462	0	-1088.12	179.999	0	3.80802	123.001	0	-4.4114	235.999	0	0.00106945	2181
FRIGG	2.66316e-07	1.33239	1.92792	-1.91748e-05	-0.986089	0.00581781	-6.7598e-05	3.10884	-2.17623	0.00382709	-0.00591007	0.00393812	180	0	-0.0450654	256.34	-0.000149634	1554.42	200.462	0	-1088.12	179.999	0	3.77985	123.001	0	-4.37676	235.999	0	0.00106929	2216
FRIGG	2.66316e-07	1.33239	1.92792	-1.91748e-05	-0.986089	0.00581781	-6.7598e-05	3.10884	-2.17623	0.00382709	-0.00591007	0.00393812	180	0	-0.0450654	256.34	-0.000149634	1554.42	200.462	0	-1088.12	179.999	0	3.77985	123.001	0	-4.37676	235.999	0	0.00106929	2257
FRIGG	2.66316e-07	1.33239	1.92792	-1.91748e-05	-0.986089	0.00581785	-6.75907e-05	3.10888	-2.17623	0.00379878	-0.00587929	0.0039176	180	0	-0.0450605	256.34	-0.000147466	1554.44	200.462	0	-1088.12	179.999	0	3.75188	123.001	0	-4.35396	235.999	0	0.00106919	2300
FRIGG	2.66316e-07	1.33239	1.92792	-1.8975e-05	-0.986089	0.00581781	-6.75838e-05	3.10891	-2.17623	0.00377067	-0.0058326	0.00388664	180	0	-0.0450559	256.34	-0.000145351	1554.45	200.462	0	-1088.12	179.999	0	3.72412	123.001	0	-4.31947	235.999	0	0.00098071	2341
FRIGG	2.66316e-07	1.33239	1.92792	-1.87753e-05	-0.986089	0.00581776	-6.75793e-05	3.10894	-2.17623	0.00374279	-0.00578562	0.00385531	180	0	-0.0450528	256.34	-0.000143473	1554.47	200.462	0	-1088.12	179.999	0	3.69658	123.001	0	-4.28466	235.999	0	0.000980769	2377
FRIGG	2.66316e-07	1.33239	1.92792	-1.87753e-05	-0.986089	0.00581785	-6.75687e-05	3.10897	-2.17623	0.00371507	-0.00575487	0.00383482	180	0	-0.0450458	256.34	-0.000142207	1554.48	200.462	0	-1088.12	179.999	0	3.6692	123.001	0	-4.26189	235.999	0	0.000980118	2423
FRIGG	2.66316e-07	1.33239	1.92792	-1.87753e-05	-0.986089	0.00581785	-6.75687e-05	3.10897	-2.17623	0.00371507	-0.00575487	0.00383482	180	0	-0.0450458	256.34	-0.000142207	1554.48	200.462	0	-1088.12	179.999	0	3.6692	123.001	0	-4.26189	235.999	0	0.000980118	2453
FRIGG	2.66316e-07	1.33239	1.92792	-1.85755e-05	-0.986089	0.00581776	-6.75642e-05	3.109	-2.17623	0.0036876	-0.00570802	0.00380358	180	0	-0.0450428	256.34	-0.000139705	1554.5	200.462	0	-1088.12	179.999	0	3.64207	123.001	0	-4.22719	235.999	0	0.000980341	2498
FRIGG	2.66316e-07	1.33239	1.92792	-1.83758e-05	-0.98609	0.00581785	-6.7561e-05	3.10903	-2.17627	0.00366033	-0.00567728	0.00378309	180	0	-0.0450407	256.34	-0.000138077	1554.52	200.462	0	-1088.13	179.999	0	3.61514	123.001	0	-4.20441	235.999	0	0.000980593	2537
FRIGG	2.66316e-07	1.33239	1.92792	-1.81761e-05	-0.98609	0.00581776	-6.75506e-05	3.10906	-2.17627	0.00363324	-0.00564628	0.00376258	180	0	-0.0450338	256.34	-0.000136035	1554.53	200.462	0	-1088.13	179.999	0	3.58838	123.001	0	-4.18154	235.999	0	0.000891011	2577
FRIGG	2.66316e-07	1.33239	1.92792	-1.81761e-05	-0.98609	0.00581785	-6.75484e-05	3.10909	-2.17627	0.00360638	-0.00559954	0.00373142	180	0	-0.0450323	256.34	-0.00013419	1554.55	200.462	0	-1088.13	179.999	0	3.56186	123.001	0	-4.14692	235.999	0	0.000891784	2614
FRIGG	2.66316e-07	1.33239	1.92792	-1.79763e-05	-0.98609	0.00581776	-6.75419e-05	3.10913	-2.17627	0.0035797	-0.00556865	0.00371083	180	0	-0.0450279	256.34	-0.000132345	1554.56	200.462	0	-1088.13	179.999	0	3.5355	123.001	0	-4.12404	235.999	0	0.000892063	2654
FRIGG	2.66316e-07	1.33239	1.92792	-1.79763e-05	-0.98609	0.00581776	-6.75419e-05	3.10913	-2.17627	0.0035797	-0.00556865	0.00371083	180	0	-0.0450279	256.34	-0.000132345	1554.56	200.462	0	-1088.13	179.999	0	3.5355	123.001	0	-4.12404	235.999	0	0.000892063	2692
FRIGG	2.66316e-07	1.33239	1.92792	-1.77766e-05	-0.98609	0.00581776	-6.75353e-05	3.10916	-2.17627	0.00355321	-0.00552166	0.0036795	180	0	-0.0450235	256.34	-0.000130527	1554.58	200.462	0	-1088.13	179.999	0	3.50935	123.001	0	-4.08922	235.999	0	0.000891822	2722
FRIGG	2.66316e-07	1.33239	1.92792	-1.77766e-05	-0.98609	0.00581781	-6.75303e-05	3.10919	-2.17627	0.00352693	-0.00549089	0.00365899	180	0	-0.0450202	256.34	-0.000128825	1554.59	200.462	0	-1088.13	179.999	0	3.48339	123.001	0	-4.06643	235.999	0	0.000891623	2756
FRIGG	2.66316e-07	1.33239	1.92792	-1.75769e-05	-0.98609	0.00581785	-6.75153e-05	3.10922	-2.17627	0.00350081	-0.00545994	0.00363836	180	0	-0.0450102	256.34	-0.000127269	1554.61	200.462	0	-1088.13	179.999	0	3.45759	123.001	0	-4.04351	235.999	0	0.00089061	2800
FRIGG	2.66316e-07	1.33239	1.92792	-1.75769e-05	-0.98609	0.00581785	-6.75178e-05	3.10922	-2.17627	0.00349687	-0.00546004	0.00363842	180	0	-0.0450118	256.34	-0.000126987	1554.61	200.462	0	-1088.13	179.999	0	3.4537	123.001	0	-4.04358	235.999	0	0.000891437	2839
FRIGG	2.66316e-07	1.33239	1.92792	-1.73771e-05	-0.986091	0.00581781	-6.75165e-05	3.10925	-2.17627	0.00347495	-0.00542887	0.0036178	180	0	-0.045011	256.34	-0.000125573	1554.63	200.462	0	-1088.13	179.999	0	3.43205	123.001	0	-4.02058	235.999	0	0.000803089	2878
FRIGG	2.66316e-07	1.33239	1.92792	-1.73771e-05	-0.986091	0.00581776	-6.75079e-05	3.10928	-2.17627	0.00344923	-0.00538187	0.00358647	180	0	-0.0450053	256.34	-0.000124292	1554.64	200.462	0	-1088.13	179.999	0	3.40665	123.001	0	-3.98576	235.999	0	0.000802658	2916
FRIGG	2.66316e-07	1.33239	1.92792	-1.71774e-05	-0.986091	0.00581781	-6.75036e-05	3.10928	-2.17627	0.00342371	-0.0053511	0.00356595	180	0	-0.0450024	256.34	-0.000122925	1554.64	200.462	0	-1088.13	179.999	0	3.38144	123.001	0	-3.96297	235.999	0	0.000803433	2957
FRIGG	2.66316e-07	1.33239	1.92792	-1.71774e-05	-0.986091	0.00581785	-6.75013e-05	3.10931	-2.17627	0.00339839	-0.00532012	0.0035453	180	0	-0.0450009	256.34	-0.000121126	1554.66	200.462	0	-1088.13	179.999	0	3.35644	123.001	0	-3.94002	235.999	0	0.000803181	2988
FRIGG	2.66316e-07	1.33239	1.92792	-1.71774e-05	-0.986091	0.00581785	-6.75013e-05	3.10931	-2.17627	0.00339839	-0.00532012	0.0035453	180	0	-0.0450009	256.34	-0.000121126	1554.66	200.462	0	-1088.13	179.999	0	3.35644	123.001	0	-3.94002	235.999	0	0.000803181	3023
FRIGG	2.66316e-07	1.33239	1.92792	-1.69777e-05	-0.986091	0.00581781	-6.74928e-05	3.10934	-2.1763	0.00337325	-0.00528904	0.00352458	180	0	-0.0449952	256.34	-0.000119579	1554.67	200.462	0	-1088.15	179.999	0	3.3316	123.001	0	-3.91701	235.999	0	0.000802808	3059
FRIGG	2.66316e-07	1.33239	1.92792	-1.67779e-05	-0.986091	0.00581785	-6.74871e-05	3.10938	-2.1763	0.00334829	-0.00525811	0.00350396	180	0	-0.0449914	256.34	-0.000117553	1554.69	200.462	0	-1088.15	179.999	0	3.30696	123.001	0	-3.89409	235.999	0	0.000802699	3103
FRIGG	2.66316e-07	1.33239	1.92792	-1.67779e-05	-0.986091	0.00581776	-6.74837e-05	3.10941	-2.1763	0.00332353	-0.00522707	0.00348327	180	0	-0.0449892	256.34	-0.000115803	1554.7	200.462	0	-1088.15	179.999	0	3.2825	123.001	0	-3.8711	235.999	0	0.000802819	3144
FRIGG	2.66316e-07	1.33239	1.92792	-1.67779e-05	-0.986091	0.00581776	-6.74837e-05	3.10941	-2.1763	0.00332353	-0.00522707	0.00348327	180	0	-0.0449892	256.34	-0.000115803	1554.7	200.462	0	-1088.15	179.999	0	3.2825	123.001	0	-3.8711	235.999	0	0.000802819	3168
FRIGG	2.66316e-07	1.33239	1.92792	-1.65782e-05	-0.986091	0.00581785	-6.74755e-05	3.10944	-2.1763	0.00329894	-0.00519591	0.00346265	180	0	-0.0449837	256.34	-0.000114175	1554.72	200.462	0	-1088.15	179.999	0	3.25822	123.001	0	-3.84811	235.999	0	0.000714139	3210
FRIGG	2.66316e-07	1.33239	1.92792	-1.63784e-05	-0.986092	0.00581776	-6.74713e-05	3.10947	-2.1763	0.00327455	-0.00516487	0.00344196	180	0	-0.0449809	256.34	-0.000112818	1554.73	200.462	0	-1088.15	179.999	0	3.23412	123.001	0	-3.82511	235.999	0	0.000714298	3241
FRIGG	2.66316e-07	1.33239	1.92792	-1.63784e-05	-0.986092	0.00581785	-6.74643e-05	3.10947	-2.1763	0.00325032	-0.00513388	0.0034213	180	0	-0.0449762	256.34	-0.000111958	1554.73	200.462	0	-1088.15	179.999	0	3.2102	123.001	0	-3.80216	235.999	0	0.000714242	3284
FRIGG	2.66316e-07	1.33239	1.92792	-1.61787e-05	-0.986092	0.00581776	-6.74604e-05	3.1095	-2.1763	0.00322628	-0.00510281	0.00340059	180	0	-0.0449736	256.34	-0.000110167	1554.75	200.462	0	-1088.15	179.999	0	3.18645	123.001	0	-3.77914	235.999	0	0.000714405	3323
FRIGG	2.66316e-07	1.33239	1.92792	-1.61787e-05	-0.986092	0.00581776	-6.74572e-05	3.10954	-2.1763	0.00321652	-0.00508734	0.00339028	180	0	-0.0449715	256.34	-0.000110141	1554.77	200.462	0	-1088.15	179.999	0	3.17681	123.001	0	-3.76769	235.999	0	0.000714127	3363
FRIGG	2.66316e-07	1.33239	1.92792	-1.61787e-05	-0.986092	0.00581781	-6.74529e-05	3.10953	-2.1763	0.00320241	-0.00507174	0.00337987	180	0	-0.0449686	256.34	-0.000108442	1554.77	200.462	0	-1088.15	179.999	0	3.16288	123.001	0	-3.75613	235.999	0	0.000713977	3402
FRIGG	2.66316e-07	1.33239	1.92792	-1.5979e-05	-0.986092	0.00581785	-6.745e-05	3.10956	-2.1763	0.00317873	-0.00504061	0.00335912	180	0	-0.0449667	256.34	-0.000106768	1554.78	200.462	0	-1088.15	179.999	0	3.13949	123.001	0	-3.73307	235.999	0	0.000714137	3442
FRIGG	2.66316e-07	1.33239	1.92792	-1.57792e-05	-0.986092	0.00581781	-6.74382e-05	3.10959	-2.1763	0.00315519	-0.00500939	0.00333831	180	0	-0.0449588	256.34	-0.000106054	1554.8	200.462	0	-1088.15	179.999	0	3.11624	123.001	0	-3.70995	235.999	0	0.000713333	3480
FRIGG	2.66316e-07	1.33239	1.92792	-1.57792e-05	-0.986092	0.00581785	-6.74384e-05	3.10959	-2.1763	0.00313188	-0.0049783	0.00331774	180	0	-0.0449589	256.34	-0.000104685	1554.8	200.462	0	-1088.15	179.999	0	3.09321	123.001	0	-3.687	235.999	0	0.000625264	3522
FRIGG	2.66316e-07	1.33239	1.92792	-1.55795e-05	-0.986092	0.00581776	-6.74314e-05	3.10962	-2.1763	0.0031087	-0.00496306	0.00330758	180	0	-0.0449543	256.34	-0.000102862	1554.81	200.462	0	-1088.15	179.999	0	3.07033	123.001	0	-3.67571	235.999	0	0.000625254	3566
FRIGG	2.66316e-07	1.33239	1.92792	-1.55795e-05	-0.986092	0.00581776	-6.74314e-05	3.10962	-2.1763	0.0031087	-0.00496306	0.00330758	180	0	-0.0449543	256.34	-0.000102862	1554.81	200.462	0	-1088.15	179.999	0	3.07033	123.001	0	-3.67571	235.999	0	0.000625254	3591
FRIGG	2.66316e-07	1.33239	1.92792	-1.55795e-05	-0.986092	0.00581781	-6.74276e-05	3.10966	-2.1763	0.0030857	-0.00493197	0.00328685	180	0	-0.0449517	256.34	-0.000101222	1554.83	200.462	0	-1088.15	179.999	0	3.04761	123.001	0	-3.65268	235.999	0	0.000625345	3633
FRIGG	2.66316e-07	1.33239	1.92792	-1.53798e-05	-0.986093	0.00581785	-6.74247e-05	3.10969	-2.1763	0.00306289	-0.00490086	0.00326611	180	0	-0.0449498	256.34	-9.99867e-05	1554.84	200.462	0	-1088.15	179.999	0	3.02508	123.001	0	-3.62964	235.999	0	0.000625401	3670
FRIGG	1.33158e-06	1.33239	1.92792	-1.43811e-05	-0.986093	0.00581794	-0.00123725	3.10959	-2.17622	0.00250258	-0.00488663	0.00328919	180	0	-0.824835	256.34	2.53719e-05	1554.79	200.462	0	-1088.11	179.999	0	2.47168	123.001	0	-3.63719	235.999	0	-0.0174647	3705
FRIGG	2.39684e-06	1.33239	1.92792	-1.39816e-05	-0.986093	0.00581785	-0.00066001	3.10974	-2.17634	0.00287385	-0.00487783	0.00319787	180	0	-0.440007	256.34	-0.000201394	1554.87	200.462	0	-1088.17	179.999	0	2.83837	123.001	0	-3.5832	235.999	0	0.0300137	3742
FRIGG	2.39684e-06	1.33239	1.92792	-1.39816e-05	-0.986093	0.00581785	-0.00066001	3.10974	-2.17634	0.00287385	-0.00487783	0.00319787	180	0	-0.440007	256.34	-0.000201394	1554.87	200.462	0	-1088.17	179.999	0	2.83837	123.001	0	-3.5832	235.999	0	0.0300137	3772
FRIGG	1.5979e-06	1.33239	1.92792	-1.43811e-05	-0.986093	0.00581776	0.000296972	3.10984	-2.17642	0.00321617	-0.00483139	0.00316566	180	0	0.197982	256.34	-0.000270535	1554.92	200.462	0	-1088.21	179.999	0	3.17646	123.001	0	-3.54811	235.999	0	0.0307047	3811
FRIGG	2.66316e-07	1.33239	1.92792	-1.518e-05	-0.986093	0.00581781	0.000772716	3.10985	-2.1764	0.00331302	-0.00478044	0.00316022	180	0	0.515144	256.34	-0.000165628	1554.93	200.462	0	-1088.2	179.999	0	3.27212	123.001	0	-3.52621	235.999	0	0.0148515	3845
FRIGG	-7.98948e-07	1.33239	1.92792	-1.55795e-05	-0.986093	0.00581776	0.000705141	3.10978	-2.17633	0.00321027	-0.00477006	0.00318019	180	0	0.470094	256.34	-3.26126e-05	1554.89	200.462	0	-1088.16	179.999	0	3.17064	123.001	0	-3.53346	235.999	0	-8.47108e-05	3879
FRIGG	-7.98948e-07	1.33239	1.92792	-1.55795e-05	-0.986093	0.00581776	0.000705141	3.10978	-2.17633	0.00321027	-0.00477006	0.00318019	180	0	0.470094	256.34	-3.26126e-05	1554.89	200.462	0	-1088.16	179.999	0	3.17064	123.001	0	-3.53346	235.999	0	-8.47108e-05	3920
FRIGG	-1.06526e-06	1.33239	1.92792	-1.53798e-05	-0.986093	0.00581776	0.000347248	3.10975	-2.17626	0.00303006	-0.00475749	0.00318325	180	0	0.231499	256.34	2.20265e-05	1554.88	200.462	0	-1088.13	179.999	0	2.99265	123.001	0	-3.53051	235.999	0	-0.00643739	3958
FRIGG	-7.98948e-07	1.33239	1.92792	-1.518e-05	-0.986093	0.00581785	-6.91473e-06	3.10977	-2.17625	0.00287947	-0.00472192	0.00315724	180	0	-0.00460982	256.34	-1.4036e-05	1554.89	200.462	0	-1088.13	179.999	0	2.84392	123.001	0	-3.50288	235.999	0	-0.00516228	3997
FRIGG	-2.66316e-07	1.33239	1.92792	-1.47805e-05	-0.986093	0.00581785	-0.000194984	3.10984	-2.17629	0.00280604	-0.00469953	0.00313306	180	0	-0.129989	256.34	-8.97478e-05	1554.92	200.462	0	-1088.15	179.999	0	2.7714	123.001	0	-3.48116	235.999	0	-2.0899e-05	4038
FRIGG	-2.66316e-07	1.33239	1.92792	-1.47805e-05	-0.986093	0.00581785	-0.000194984	3.10984	-2.17629	0.00280604	-0.00469953	0.00313306	180	0	-0.129989	256.34	-8.97478e-05	1554.92	200.462	0	-1088.15	179.999	0	2.7714	123.001	0	-3.48116	235.999	0	-2.0899e-05	4073
FRIGG	0	1.33239	1.92792	-1.43811e-05	-0.986093	0.00581776	-0.000197229	3.10987	-2.17632	0.00280198	-0.00466385	0.00310018	180	0	-0.131486	256.34	-0.000146164	1554.94	200.462	0	-1088.16	179.999	0	2.76739	123.001	0	-3.44968	235.999	0	0.00503183	4110
FRIGG	2.66316e-07	1.33239	1.92792	-1.41813e-05	-0.986094	0.00581781	-9.22301e-05	3.10994	-2.17636	0.00282983	-0.00464989	0.0030858	180	0	-0.0614867	256.34	-0.000154155	1554.97	200.462	0	-1088.18	179.999	0	2.79489	123.001	0	-3.43651	235.999	0	0.00785074	4147
FRIGG	2.66316e-07	1.33239	1.92792	-1.41813e-05	-0.986094	0.00581785	2.5828e-05	3.10996	-2.17635	0.0028525	-0.00462403	0.00306857	180	0	0.0172187	256.34	-0.000123053	1554.98	200.462	0	-1088.17	179.999	0	2.81729	123.001	0	-3.41737	235.999	0	0.00784406	4182
FRIGG	0	1.33239	1.92792	-1.41813e-05	-0.986094	0.00581781	9.86832e-05	3.10994	-2.17636	0.00285401	-0.00459866	0.00305406	180	0	0.0657888	256.34	-8.07626e-05	1554.97	200.462	0	-1088.18	179.999	0	2.81878	123.001	0	-3.39991	235.999	0	0.00650822	4223
FRIGG	0	1.33239	1.92792	-1.39816e-05	-0.986094	0.00581785	-2.94204e-05	3.10994	-2.1763	0.00278049	-0.00459493	0.00304807	180	0	-0.0196136	256.34	-3.48312e-05	1554.97	200.462	0	-1088.15	179.999	0	2.74616	123.001	0	-3.3952	235.999	0	0.00845508	4264
FRIGG	0	1.33239	1.92792	-1.39816e-05	-0.986094	0.00581785	-2.94204e-05	3.10994	-2.1763	0.00278049	-0.00459493	0.00304807	180	0	-0.0196136	256.34	-3.48312e-05	1554.97	200.462	0	-1088.15	179.999	0	2.74616	123.001	0	-3.3952	235.999	0	0.00845508	4302
FRIGG	0	1.33239	1.92792	-1.39816e-05	-0.986094	0.00581776	0.000195279	3.10997	-2.17633	0.00290243	-0.00457288	0.00300756	180	0	0.130186	256.34	-9.15186e-05	1554.99	200.462	0	-1088.16	179.999	0	2.86659	123.001	0	-3.36453	235.999	0	0.0227899	4333
FRIGG	-5.32632e-07	1.33238	1.92792	-1.41813e-05	-0.986094	0.00581776	0.000410375	3.11001	-2.17634	0.00295039	-0.00454768	0.00299962	180	0	0.273584	256.34	-0.000103153	1555.01	200.462	0	-1088.17	179.999	0	2.91396	123.001	0	-3.35079	235.999	0	0.0178697	4369
FRIGG	-7.98948e-07	1.33238	1.92792	-1.43811e-05	-0.986094	0.00581781	0.000363686	3.11003	-2.17635	0.00288586	-0.00450989	0.00298959	180	0	0.242457	256.34	-7.25817e-05	1555.01	200.462	0	-1088.18	179.999	0	2.85023	123.001	0	-3.33121	235.999	0	0.00944724	4409
FRIGG	-7.98948e-07	1.33238	1.92792	-1.41813e-05	-0.986094	0.00581781	0.000238206	3.11002	-2.17634	0.00281781	-0.0045092	0.00299507	180	0	0.158804	256.34	-5.47702e-05	1555.01	200.462	0	-1088.17	179.999	0	2.78302	123.001	0	-3.334	235.999	0	0.00614217	4443
FRIGG	-7.98948e-07	1.33238	1.92792	-1.41813e-05	-0.986094	0.00581776	0.000145341	3.11001	-2.17631	0.00277051	-0.00449323	0.00298668	180	0	0.096894	256.34	-4.83744e-05	1555.01	200.462	0	-1088.15	179.999	0	2.73631	123.001	0	-3.32343	235.999	0	0.00489091	4486
FRIGG	-5.32632e-07	1.33238	1.92792	-1.39816e-05	-0.986094	0.00581776	-8.16556e-05	3.11002	-2.17631	0.00266784	-0.00447696	0.002976	180	0	-0.0544371	256.34	-5.37408e-05	1555.01	200.462	0	-1088.16	179.999	0	2.63491	123.001	0	-3.31147	235.999	0	0.00480165	4520
FRIGG	0	1.33238	1.92792	-1.35821e-05	-0.986094	0.00581781	-0.000213228	3.11006	-2.17632	0.00261038	-0.0044604	0.00296061	180	0	-0.142152	256.34	-7.56178e-05	1555.03	200.462	0	-1088.16	179.999	0	2.57815	123.001	0	-3.29678	235.999	0	0.00721718	4559
FRIGG	2.66316e-07	1.33238	1.92792	-1.33824e-05	-0.986095	0.00581776	-0.000230457	3.11007	-2.17634	0.00259657	-0.00442886	0.00293469	180	0	-0.153638	256.34	-9.61476e-05	1555.04	200.462	0	-1088.17	179.999	0	2.56452	123.001	0	-3.2707	235.999	0	0.00993262	4596
FRIGG	2.66316e-07	1.33238	1.92792	-1.33824e-05	-0.986095	0.00581776	-0.000230457	3.11007	-2.17634	0.00259657	-0.00442886	0.00293469	180	0	-0.153638	256.34	-9.61476e-05	1555.04	200.462	0	-1088.17	179.999	0	2.56452	123.001	0	-3.2707	235.999	0	0.00993262	4635
FRIGG	5.32632e-07	1.33238	1.92792	-1.31826e-05	-0.986095	0.00581776	-0.000166804	3.11011	-2.17637	0.00260798	-0.00441387	0.00292254	180	0	-0.111203	256.34	-9.93966e-05	1555.05	200.462	0	-1088.19	179.999	0	2.57579	123.001	0	-3.2584	235.999	0	0.0111372	4672
FRIGG	5.32632e-07	1.33238	1.92792	-1.29829e-05	-0.986095	0.00581781	-0.000107736	3.11013	-2.17636	0.0026092	-0.00438392	0.00290415	180	0	-0.0718239	256.34	-8.28808e-05	1555.06	200.462	0	-1088.18	179.999	0	2.57699	123.001	0	-3.23709	235.999	0	0.0102588	4714
FRIGG	5.32632e-07	1.33238	1.92792	-1.29829e-05	-0.986095	0.00581781	-7.94444e-06	3.11012	-2.17636	0.00262144	-0.00436545	0.00289809	180	0	-0.00529629	256.34	-7.24308e-05	1555.06	200.462	0	-1088.18	179.999	0	2.58908	123.001	0	-3.22688	235.999	0	0.00677988	4752
FRIGG	5.32632e-07	1.33238	1.92792	-1.27832e-05	-0.986095	0.00581785	-0.00019113	3.11013	-2.17633	0.00248961	-0.00434401	0.00290359	180	0	-0.12742	256.34	-2.19235e-05	1555.06	200.462	0	-1088.17	179.999	0	2.45887	123.001	0	-3.22199	235.999	0	-0.00421184	4790
FRIGG	5.32632e-07	1.33238	1.92792	-1.27832e-05	-0.986095	0.00581785	-0.00019113	3.11013	-2.17633	0.00248961	-0.00434401	0.00290359	180	0	-0.12742	256.34	-2.19235e-05	1555.06	200.462	0	-1088.17	179.999	0	2.45887	123.001	0	-3.22199	235.999	0	-0.00421184	4830
FRIGG	7.98948e-07	1.33238	1.92792	-1.25834e-05	-0.986095	0.00581776	-0.000351405	3.11013	-2.1763	0.00242048	-0.00433222	0.00288968	180	0	-0.23427	256.34	-3.14743e-05	1555.07	200.462	0	-1088.15	179.999	0	2.3906	123.001	0	-3.2099	235.999	0	-0.000852858	4864
FRIGG	1.06526e-06	1.33238	1.92792	-1.23837e-05	-0.986095	0.00581781	-0.000338505	3.11016	-2.17633	0.00242437	-0.00431668	0.00286945	180	0	-0.22567	256.34	-7.31914e-05	1555.08	200.462	0	-1088.16	179.999	0	2.39444	123.001	0	-3.19291	235.999	0	0.00463131	4904
FRIGG	1.06526e-06	1.33238	1.92792	-1.2184e-05	-0.986095	0.00581776	-0.000182907	3.11021	-2.17634	0.00247827	-0.00428459	0.00284025	180	0	-0.121938	256.34	-0.000105708	1555.1	200.462	0	-1088.17	179.999	0	2.44768	123.001	0	-3.1648	235.999	0	0.00897077	4938
FRIGG	7.98948e-07	1.33238	1.92792	-1.23837e-05	-0.986095	0.00581776	1.11225e-06	3.11024	-2.17638	0.00253093	-0.00426996	0.00282844	180	0	0.000741502	256.34	-0.00010708	1555.12	200.462	0	-1088.19	179.999	0	2.49969	123.001	0	-3.15282	235.999	0	0.0101107	4974
FRIGG	7.98948e-07	1.33238	1.92792	-1.23837e-05	-0.986095	0.00581776	1.11225e-06	3.11024	-2.17638	0.00253093	-0.00426996	0.00282844	180	0	0.000741502	256.34	-0.00010708	1555.12	200.462	0	-1088.19	179.999	0	2.49969	123.001	0	-3.15282	235.999	0	0.0101107	5016
FRIGG	5.32632e-07	1.33238	1.92792	-1.23837e-05	-0.986095	0.00581781	0.000144276	3.11026	-2.17637	0.00256329	-0.00425692	0.00282101	180	0	0.0961838	256.34	-8.827e-05	1555.13	200.462	0	-1088.18	179.999	0	2.53165	123.001	0	-3.14387	235.999	0	0.00941165	5055
FRIGG	-2.66316e-07	1.33238	1.92792	-1.27832e-05	-0.986095	0.00581781	0.000635115	3.11029	-2.1764	0.00283337	-0.00424735	0.00277158	180	0	0.42341	256.34	-0.000151151	1555.15	200.462	0	-1088.2	179.999	0	2.79839	123.001	0	-3.11286	235.999	0	0.033324	5092
FRIGG	-1.5979e-06	1.33238	1.92792	-1.33824e-05	-0.986095	0.00581772	0.00123376	3.11031	-2.17643	0.00297924	-0.00420198	0.00278326	180	0	0.822508	256.34	-0.000126256	1555.16	200.462	0	-1088.21	179.999	0	2.94246	123.001	0	-3.10255	235.999	0	0.0100318	5133
FRIGG	-2.39684e-06	1.33238	1.92792	-1.35821e-05	-0.986095	0.00581776	0.000838018	3.11027	-2.17635	0.00271886	-0.00417674	0.00281546	180	0	0.558679	256.34	2.12928e-05	1555.13	200.462	0	-1088.17	179.999	0	2.68529	123.001	0	-3.11109	235.999	0	-0.0172064	5173
FRIGG	-2.39684e-06	1.33238	1.92792	-1.35821e-05	-0.986095	0.00581776	0.000838018	3.11027	-2.17635	0.00271886	-0.00417674	0.00281546	180	0	0.558679	256.34	2.12928e-05	1555.13	200.462	0	-1088.17	179.999	0	2.68529	123.001	0	-3.11109	235.999	0	-0.0172064	5212
FRIGG	-2.13053e-06	1.33238	1.92792	-1.31826e-05	-0.986095	0.00581785	9.80698e-05	3.11021	-2.17628	0.00240433	-0.00416294	0.00281891	180	0	0.0653798	256.34	7.14e-05	1555.1	200.462	0	-1088.14	179.999	0	2.37465	123.001	0	-3.10789	235.999	0	-0.02423	5249
FRIGG	-7.98948e-07	1.33238	1.92792	-1.25834e-05	-0.986095	0.00581794	-0.000506305	3.11024	-2.17628	0.00218133	-0.00415925	0.00280904	180	0	-0.337536	256.34	1.52938e-05	1555.12	200.462	0	-1088.14	179.999	0	2.1544	123.001	0	-3.10104	235.999	0	-0.0201166	5283
FRIGG	2.66316e-07	1.33238	1.92792	-1.17845e-05	-0.986095	0.00581785	-0.000785057	3.11029	-2.17633	0.00209568	-0.00413866	0.00277925	180	0	-0.523371	256.34	-7.65829e-05	1555.14	200.462	0	-1088.17	179.999	0	2.06981	123.001	0	-3.07686	235.999	0	-0.0111923	5316
FRIGG	1.33158e-06	1.33238	1.92792	-1.1385e-05	-0.986096	0.00581794	-0.000773665	3.11035	-2.17636	0.0021119	-0.00409915	0.00274024	180	0	-0.515777	256.34	-0.000129005	1555.17	200.462	0	-1088.18	179.999	0	2.08582	123.001	0	-3.04056	235.999	0	-0.00414906	5353
FRIGG	1.33158e-06	1.33238	1.92792	-1.11853e-05	-0.986096	0.00581794	-0.000763744	3.11035	-2.17636	0.00211628	-0.0041061	0.00274387	180	0	-0.509162	256.34	-0.000132935	1555.17	200.462	0	-1088.18	179.999	0	2.09015	123.001	0	-3.04515	235.999	0	-0.00359749	5398
FRIGG	1.86421e-06	1.33238	1.92792	-1.09855e-05	-0.986096	0.00581785	-0.000931598	3.11033	-2.17635	0.00192682	-0.00406739	0.00276693	180	0	-0.621065	256.34	-4.45336e-05	1555.17	200.462	0	-1088.18	179.999	0	1.90303	123.001	0	-3.04363	235.999	0	-0.0307446	5430
FRIGG	2.66316e-06	1.33238	1.92792	-1.03863e-05	-0.986096	0.00581785	-0.000905208	3.11035	-2.17636	0.00204688	-0.00409877	0.00272304	180	0	-0.603472	256.34	-7.24353e-05	1555.17	200.462	0	-1088.18	179.999	0	2.02161	123.001	0	-3.03086	235.999	0	0.00526642	5466
FRIGG	2.39684e-06	1.33238	1.92792	-1.05861e-05	-0.986096	0.00581785	-0.000347548	3.1104	-2.17638	0.00226578	-0.00408444	0.00270128	180	0	-0.231699	256.34	-0.000109455	1555.2	200.462	0	-1088.19	179.999	0	2.23781	123.001	0	-3.01347	235.999	0	0.0120418	5505
FRIGG	1.86421e-06	1.33238	1.92792	-1.09855e-05	-0.986096	0.00581776	6.03507e-05	3.11042	-2.17637	0.00237871	-0.00405011	0.00268909	180	0	0.0402338	256.34	-7.60936e-05	1555.21	200.462	0	-1088.18	179.999	0	2.34934	123.001	0	-2.99398	235.999	0	0.00610298	5550
FRIGG	1.86421e-06	1.33238	1.92792	-1.09855e-05	-0.986096	0.00581776	6.03507e-05	3.11042	-2.17637	0.00237871	-0.00405011	0.00268909	180	0	0.0402338	256.34	-7.60936e-05	1555.21	200.462	0	-1088.18	179.999	0	2.34934	123.001	0	-2.99398	235.999	0	0.00610298	5585
FRIGG	1.06526e-06	1.33238	1.92792	-1.11853e-05	-0.986096	0.00581776	0.000170674	3.11039	-2.17634	0.00237115	-0.00404931	0.00270346	180	0	0.113783	256.34	-2.31739e-05	1555.19	200.462	0	-1088.17	179.999	0	2.34188	123.001	0	-3.00167	235.999	0	-0.0021795	5621
FRIGG	5.32632e-07	1.33238	1.92792	-1.1385e-05	-0.986096	0.00581785	6.72099e-05	3.11038	-2.17633	0.00229494	-0.00403155	0.00270091	180	0	0.0448066	256.34	-6.8122e-07	1555.19	200.462	0	-1088.16	179.999	0	2.26661	123.001	0	-2.99367	235.999	0	-0.00733758	5657
FRIGG	2.66316e-07	1.33238	1.92792	-1.11853e-05	-0.986096	0.00581785	-0.000101511	3.11039	-2.17634	0.00221022	-0.00401182	0.00268931	180	0	-0.0676742	256.34	-1.94992e-05	1555.19	200.462	0	-1088.17	179.999	0	2.18293	123.001	0	-2.97992	235.999	0	-0.00820189	5693
FRIGG	2.66316e-07	1.33238	1.92792	-1.11853e-05	-0.986096	0.00581785	-0.000101511	3.11039	-2.17634	0.00221022	-0.00401182	0.00268931	180	0	-0.0676742	256.34	-1.94992e-05	1555.19	200.462	0	-1088.17	179.999	0	2.18293	123.001	0	-2.97992	235.999	0	-0.00820189	5729
FRIGG	5.32632e-07	1.33238	1.92792	-1.09855e-05	-0.986096	0.00581785	-0.000220444	3.11041	-2.17636	0.00215481	-0.00399168	0.0026722	180	0	-0.146963	256.34	-5.92858e-05	1555.2	200.462	0	-1088.18	179.999	0	2.12821	123.001	0	-2.96296	235.999	0	-0.0061583	5771
FRIGG	7.98948e-07	1.33238	1.92792	-1.07858e-05	-0.986096	0.00581781	-0.000243191	3.11046	-2.17638	0.00213963	-0.00397381	0.00265491	180	0	-0.162127	256.34	-9.04895e-05	1555.23	200.462	0	-1088.19	179.999	0	2.11321	123.001	0	-2.94673	235.999	0	-0.00316941	5810
FRIGG	7.98948e-07	1.33238	1.92792	-1.07858e-05	-0.986096	0.00581785	-0.000191733	3.11049	-2.17638	0.00214923	-0.00395925	0.0026414	180	0	-0.127822	256.34	-9.75728e-05	1555.25	200.462	0	-1088.19	179.999	0	2.12269	123.001	0	-2.93383	235.999	0	-0.00105396	5841
FRIGG	7.98948e-07	1.33238	1.92792	-1.07858e-05	-0.986096	0.00581785	-0.000113452	3.11048	-2.17637	0.00216407	-0.0039472	0.00263214	180	0	-0.0756346	256.34	-8.22654e-05	1555.24	200.462	0	-1088.19	179.999	0	2.13736	123.001	0	-2.92423	235.999	0	-0.000375022	5882
FRIGG	7.98948e-07	1.33238	1.92792	-1.07858e-05	-0.986096	0.00581785	-0.000113452	3.11048	-2.17637	0.00216407	-0.0039472	0.00263214	180	0	-0.0756346	256.34	-8.22654e-05	1555.24	200.462	0	-1088.19	179.999	0	2.13736	123.001	0	-2.92423	235.999	0	-0.000375022	5920
FRIGG	5.32632e-07	1.33238	1.92792	-1.07858e-05	-0.986096	0.00581785	-5.10765e-05	3.1105	-2.17639	0.00216908	-0.00393551	0.00262515	180	0	-0.034051	256.34	-5.65075e-05	1555.25	200.462	0	-1088.2	179.999	0	2.1423	123.001	0	-2.91601	235.999	0	-0.000822616	5966
FRIGG	2.66316e-07	1.33238	1.92792	-1.07858e-05	-0.986096	0.00581785	7.70562e-05	3.1105	-2.17639	0.00221297	-0.00392407	0.00261312	180	0	0.0513708	256.34	-5.3306e-05	1555.25	200.462	0	-1088.19	179.999	0	2.18565	123.001	0	-2.9051	235.999	0	0.0016241	6001
FRIGG	2.66316e-07	1.33238	1.92792	-1.07858e-05	-0.986096	0.0058179	5.19717e-05	3.11052	-2.17638	0.00216489	-0.00390484	0.00261135	180	0	0.0346478	256.34	-2.63978e-05	1555.26	200.462	0	-1088.19	179.999	0	2.13816	123.001	0	-2.89699	235.999	0	-0.00451388	6043
FRIGG	2.66316e-07	1.33238	1.92792	-1.05861e-05	-0.986097	0.00581785	-6.84634e-05	3.11051	-2.17634	0.00209753	-0.00388877	0.00260355	180	0	-0.0456423	256.34	-1.82862e-05	1555.26	200.462	0	-1088.17	179.999	0	2.07163	123.001	0	-2.8867	235.999	0	-0.00613194	6075
FRIGG	2.66316e-07	1.33238	1.92792	-1.05861e-05	-0.986097	0.00581785	-6.84634e-05	3.11051	-2.17634	0.00209753	-0.00388877	0.00260355	180	0	-0.0456423	256.34	-1.82862e-05	1555.26	200.462	0	-1088.17	179.999	0	2.07163	123.001	0	-2.8867	235.999	0	-0.00613194	6106
FRIGG	2.66316e-07	1.33238	1.92792	-1.05861e-05	-0.986097	0.00581785	-0.000167015	3.11052	-2.17635	0.0020487	-0.00388765	0.00260083	180	0	-0.111343	256.34	-3.43727e-05	1555.26	200.462	0	-1088.17	179.999	0	2.02341	123.001	0	-2.88478	235.999	0	-0.00503536	6146
FRIGG	5.32632e-07	1.33238	1.92792	-1.03863e-05	-0.986097	0.00581785	-0.000202741	3.11053	-2.17636	0.00202654	-0.00387058	0.00258593	180	0	-0.135161	256.34	-5.66984e-05	1555.27	200.462	0	-1088.18	179.999	0	2.00152	123.001	0	-2.87017	235.999	0	-0.00307989	6185
FRIGG	5.32632e-07	1.33238	1.92792	-1.01866e-05	-0.986097	0.00581785	-0.000184129	3.11057	-2.17637	0.00202336	-0.00385441	0.00257252	180	0	-0.122753	256.34	-6.7959e-05	1555.29	200.462	0	-1088.18	179.999	0	1.99838	123.001	0	-2.85674	235.999	0	-0.00162116	6224
FRIGG	5.32632e-07	1.33238	1.92792	-1.01866e-05	-0.986097	0.00581781	-0.000141427	3.11057	-2.17637	0.00202605	-0.00383989	0.00256176	180	0	-0.0942848	256.34	-6.5874e-05	1555.29	200.462	0	-1088.18	179.999	0	2.00104	123.001	0	-2.84538	235.999	0	-0.00102294	6256
FRIGG	5.32632e-07	1.33238	1.92792	-1.01866e-05	-0.986097	0.00581781	-0.000141427	3.11057	-2.17637	0.00202605	-0.00383989	0.00256176	180	0	-0.0942848	256.34	-6.5874e-05	1555.29	200.462	0	-1088.18	179.999	0	2.00104	123.001	0	-2.84538	235.999	0	-0.00102294	6297
FRIGG	5.32632e-07	1.33238	1.92792	-9.98685e-06	-0.986097	0.00581785	-0.000103461	3.1106	-2.17639	0.00202427	-0.00382597	0.00255291	180	0	-0.0689742	256.34	-5.33934e-05	1555.3	200.462	0	-1088.2	179.999	0	1.99928	123.001	0	-2.83531	235.999	0	-0.00125734	6338
FRIGG	5.32632e-07	1.33238	1.92792	-9.98685e-06	-0.986097	0.00581785	-8.51419e-05	3.11059	-2.17639	0.00201395	-0.00381196	0.00254453	180	0	-0.0567613	256.34	-4.11902e-05	1555.3	200.462	0	-1088.19	179.999	0	1.98909	123.001	0	-2.82546	235.999	0	-0.00178894	6373
FRIGG	5.32632e-07	1.33238	1.92792	-9.98685e-06	-0.986097	0.00581785	-8.65673e-05	3.11059	-2.17638	0.00199658	-0.00379657	0.00253516	180	0	-0.0577116	256.34	-3.53351e-05	1555.29	200.462	0	-1088.19	179.999	0	1.97193	123.001	0	-2.81456	235.999	0	-0.00228394	6411
FRIGG	5.32632e-07	1.33238	1.92792	-9.98685e-06	-0.986097	0.00581785	-9.89962e-05	3.11062	-2.17635	0.00197618	-0.00379658	0.00253557	180	0	-0.0659975	256.34	-3.57829e-05	1555.31	200.462	0	-1088.18	179.999	0	1.95178	123.001	0	-2.81479	235.999	0	-0.00251104	6451
FRIGG	5.32632e-07	1.33238	1.92792	-9.98685e-06	-0.986097	0.00581785	-9.89962e-05	3.11062	-2.17635	0.00197618	-0.00379658	0.00253557	180	0	-0.0659975	256.34	-3.57829e-05	1555.31	200.462	0	-1088.18	179.999	0	1.95178	123.001	0	-2.81479	235.999	0	-0.00251104	6490
FRIGG	5.32632e-07	1.33238	1.92792	-9.78712e-06	-0.986097	0.00581785	-0.000112123	3.11062	-2.17635	0.00195666	-0.00378011	0.00252441	180	0	-0.0747484	256.34	-4.07505e-05	1555.31	200.462	0	-1088.18	179.999	0	1.9325	123.001	0	-2.8025	235.999	0	-0.00241026	6517
FRIGG	5.32632e-07	1.33238	1.92792	-9.78712e-06	-0.986097	0.0058179	-0.000119728	3.11063	-2.17636	0.00193987	-0.00376375	0.00251307	180	0	-0.079819	256.34	-4.65771e-05	1555.31	200.462	0	-1088.18	179.999	0	1.91592	123.001	0	-2.79013	235.999	0	-0.00216972	6550
FRIGG	5.32632e-07	1.33238	1.92792	-9.58738e-06	-0.986097	0.00581785	-0.000120493	3.11063	-2.17639	0.00192582	-0.00374753	0.00250196	180	0	-0.0803286	256.34	-4.97264e-05	1555.31	200.462	0	-1088.2	179.999	0	1.90205	123.001	0	-2.77795	235.999	0	-0.00200348	6586
FRIGG	5.32632e-07	1.33238	1.92792	-9.58738e-06	-0.986097	0.00581785	-0.000117044	3.11066	-2.17639	0.00191394	-0.00374809	0.00250209	180	0	-0.078029	256.34	-4.77117e-05	1555.33	200.462	0	-1088.2	179.999	0	1.89032	123.001	0	-2.77823	235.999	0	-0.00186963	6626
FRIGG	5.32632e-07	1.33238	1.92792	-9.58738e-06	-0.986097	0.00581785	-0.000116767	3.11066	-2.17639	0.00191327	-0.00374824	0.00250202	180	0	-0.0778447	256.34	-4.74665e-05	1555.33	200.462	0	-1088.2	179.999	0	1.88965	123.001	0	-2.77825	235.999	0	-0.00177627	6664
FRIGG	5.32632e-07	1.33238	1.92792	-9.58738e-06	-0.986097	0.00581785	-0.00011194	3.11066	-2.17639	0.00190091	-0.00373324	0.00249195	180	0	-0.0746266	256.34	-4.488e-05	1555.33	200.462	0	-1088.19	179.999	0	1.87745	123.001	0	-2.76709	235.999	0	-0.00173427	6698
FRIGG	5.32632e-07	1.33238	1.92792	-9.38764e-06	-0.986097	0.00581785	-0.000108496	3.11065	-2.17639	0.00188789	-0.0037182	0.0024819	180	0	-0.0723304	256.34	-4.21623e-05	1555.33	200.462	0	-1088.19	179.999	0	1.86458	123.001	0	-2.75595	235.999	0	-0.00172323	6738
FRIGG	5.32632e-07	1.33238	1.92792	-9.38764e-06	-0.986097	0.00581781	-0.000107334	3.11069	-2.17639	0.00187406	-0.00370246	0.00247153	180	0	-0.071556	256.34	-3.88e-05	1555.34	200.462	0	-1088.19	179.999	0	1.85093	123.001	0	-2.74435	235.999	0	-0.00179201	6777
FRIGG	5.32632e-07	1.33238	1.92792	-9.38764e-06	-0.986097	0.00581781	-0.000107334	3.11069	-2.17639	0.00187406	-0.00370246	0.00247153	180	0	-0.071556	256.34	-3.88e-05	1555.34	200.462	0	-1088.19	179.999	0	1.85093	123.001	0	-2.74435	235.999	0	-0.00179201	6809
FRIGG	5.32632e-07	1.33238	1.92792	-9.38764e-06	-0.986097	0.00581781	-0.000107918	3.11069	-2.17639	0.00185977	-0.00370295	0.0024719	180	0	-0.071945	256.34	-3.86906e-05	1555.34	200.462	0	-1088.19	179.999	0	1.83681	123.001	0	-2.74474	235.999	0	-0.00181624	6852
FRIGG	5.32632e-07	1.33238	1.92792	-9.18791e-06	-0.986097	0.00581785	-0.000109202	3.11069	-2.17639	0.00184543	-0.00368724	0.00246142	180	0	-0.0728016	256.34	-3.96686e-05	1555.34	200.462	0	-1088.19	179.999	0	1.82265	123.001	0	-2.7331	235.999	0	-0.00180851	6891
FRIGG	5.32632e-07	1.33238	1.92792	-9.18791e-06	-0.986097	0.00581785	-0.000110217	3.11072	-2.17639	0.00183139	-0.00367136	0.00245062	180	0	-0.0734779	256.34	-3.92641e-05	1555.36	200.462	0	-1088.19	179.999	0	1.80878	123.001	0	-2.72122	235.999	0	-0.00169451	6917
FRIGG	5.32632e-07	1.33238	1.92792	-9.18791e-06	-0.986097	0.00581785	-0.000110539	3.11072	-2.17639	0.00181773	-0.00367155	0.00245072	180	0	-0.0736926	256.34	-3.97844e-05	1555.36	200.462	0	-1088.19	179.999	0	1.79528	123.001	0	-2.72134	235.999	0	-0.00167437	6956
FRIGG	5.32632e-07	1.33238	1.92792	-8.98817e-06	-0.986097	0.00581785	-0.000110214	3.11072	-2.17639	0.00180442	-0.003656	0.00244032	180	0	-0.0734763	256.34	-3.99361e-05	1555.36	200.462	0	-1088.19	179.999	0	1.78214	123.001	0	-2.70981	235.999	0	-0.00166059	6998
FRIGG	5.32632e-07	1.33238	1.92792	-8.98817e-06	-0.986097	0.00581785	-0.000110214	3.11072	-2.17639	0.00180442	-0.003656	0.00244032	180	0	-0.0734763	256.34	-3.99361e-05	1555.36	200.462	0	-1088.19	179.999	0	1.78214	123.001	0	-2.70981	235.999	0	-0.00166059	7037
FRIGG	5.32632e-07	1.33238	1.92792	-8.98817e-06	-0.986097	0.00581785	-0.000109584	3.11075	-2.17639	0.00179129	-0.0036404	0.00242976	180	0	-0.0730562	256.34	-3.90044e-05	1555.38	200.462	0	-1088.19	179.999	0	1.76917	123.001	0	-2.69817	235.999	0	-0.00157144	7075
FRIGG	5.32632e-07	1.33238	1.92792	-8.98817e-06	-0.986097	0.00581785	-0.000108963	3.11075	-2.17639	0.00177821	-0.00364074	0.00243	180	0	-0.0726422	256.34	-3.73238e-05	1555.37	200.462	0	-1088.19	179.999	0	1.75626	123.001	0	-2.69843	235.999	0	-0.00157953	7117
FRIGG	5.32632e-07	1.33238	1.92792	-8.78843e-06	-0.986097	0.0058179	-0.000108537	3.11075	-2.17639	0.00176516	-0.00362539	0.00241962	180	0	-0.0723583	256.34	-3.69559e-05	1555.37	200.462	0	-1088.19	179.999	0	1.74336	123.001	0	-2.68697	235.999	0	-0.00149819	7159
FRIGG	5.32632e-07	1.33238	1.92792	-8.78843e-06	-0.986097	0.0058179	-0.000108537	3.11075	-2.17639	0.00176516	-0.00362539	0.00241962	180	0	-0.0723583	256.34	-3.69559e-05	1555.37	200.462	0	-1088.19	179.999	0	1.74336	123.001	0	-2.68697	235.999	0	-0.00149819	7195
FRIGG	5.32632e-07	1.33238	1.92792	-8.78843e-06	-0.986098	0.00581785	-0.00010837	3.11075	-2.17639	0.00175209	-0.00360942	0.00240899	180	0	-0.0722465	256.34	-3.68076e-05	1555.37	200.462	0	-1088.19	179.999	0	1.73046	123.001	0	-2.67515	235.999	0	-0.00150517	7240
FRIGG	5.32632e-07	1.33238	1.92792	-8.78843e-06	-0.986098	0.00581785	-0.000108341	3.11078	-2.17639	0.0017391	-0.00360984	0.00240927	180	0	-0.0722274	256.34	-3.54976e-05	1555.39	200.462	0	-1088.19	179.999	0	1.71763	123.001	0	-2.67546	235.999	0	-0.00150494	7271
FRIGG	5.32632e-07	1.33238	1.92792	-8.58869e-06	-0.986098	0.00581785	-0.000108348	3.11078	-2.17639	0.00172618	-0.00359438	0.0023988	180	0	-0.0722317	256.34	-3.53349e-05	1555.39	200.462	0	-1088.19	179.999	0	1.70487	123.001	0	-2.66392	235.999	0	-0.00141651	7312
FRIGG	5.32632e-07	1.33238	1.92792	-8.58869e-06	-0.986098	0.00581785	-0.000108348	3.11078	-2.17639	0.00172618	-0.00359438	0.0023988	180	0	-0.0722317	256.34	-3.53349e-05	1555.39	200.462	0	-1088.19	179.999	0	1.70487	123.001	0	-2.66392	235.999	0	-0.00141651	7348
FRIGG	5.32632e-07	1.33238	1.92792	-8.58869e-06	-0.986098	0.00581785	-0.000108291	3.11078	-2.17639	0.00171342	-0.00359443	0.00239883	180	0	-0.0721942	256.34	-3.54397e-05	1555.39	200.462	0	-1088.19	179.999	0	1.69227	123.001	0	-2.66395	235.999	0	-0.00141118	7386
FRIGG	5.32632e-07	1.33238	1.92792	-8.58869e-06	-0.986098	0.00581785	-0.000108185	3.11078	-2.17639	0.00170075	-0.00357888	0.00238846	180	0	-0.0721234	256.34	-3.5497e-05	1555.39	200.462	0	-1088.19	179.999	0	1.67976	123.001	0	-2.65244	235.999	0	-0.00141142	7426
FRIGG	5.32632e-07	1.33238	1.92792	-8.38896e-06	-0.986098	0.00581781	-0.000108014	3.11081	-2.17639	0.0016882	-0.0035631	0.00237778	180	0	-0.0720096	256.34	-3.3873e-05	1555.41	200.462	0	-1088.19	179.999	0	1.66736	123.001	0	-2.64066	235.999	0	-0.00132244	7463
FRIGG	5.32632e-07	1.33238	1.92792	-8.38896e-06	-0.986098	0.00581781	-0.000107828	3.11081	-2.17639	0.00167577	-0.0035635	0.00237805	180	0	-0.0718853	256.34	-3.3615e-05	1555.41	200.462	0	-1088.19	179.999	0	1.65508	123.001	0	-2.64095	235.999	0	-0.00132242	7498
FRIGG	5.32632e-07	1.33238	1.92792	-8.38896e-06	-0.986098	0.00581785	-0.000107663	3.11081	-2.17639	0.00166341	-0.00354791	0.00236765	180	0	-0.0717753	256.34	-3.35738e-05	1555.41	200.462	0	-1088.19	179.999	0	1.64287	123.001	0	-2.62941	235.999	0	-0.00132237	7538
FRIGG	5.32632e-07	1.33238	1.92792	-8.38896e-06	-0.986098	0.00581785	-0.000107663	3.11081	-2.17639	0.00166341	-0.00354791	0.00236765	180	0	-0.0717753	256.34	-3.35738e-05	1555.41	200.462	0	-1088.19	179.999	0	1.64287	123.001	0	-2.62941	235.999	0	-0.00132237	7579
FRIGG	5.32632e-07	1.33238	1.92792	-8.18922e-06	-0.986098	0.00581785	-0.000107512	3.11081	-2.17639	0.00165112	-0.00354812	0.00236764	180	0	-0.0716744	256.34	-3.34961e-05	1555.41	200.462	0	-1088.19	179.999	0	1.63073	123.001	0	-2.62948	235.999	0	-0.00123598	7613
FRIGG	5.32632e-07	1.33238	1.92792	-8.18922e-06	-0.986098	0.00581785	-0.000107417	3.11084	-2.17639	0.00163893	-0.00353254	0.00235725	180	0	-0.0716114	256.34	-3.19584e-05	1555.42	200.462	0	-1088.19	179.999	0	1.61869	123.001	0	-2.61793	235.999	0	-0.00123528	7652
FRIGG	5.32632e-07	1.33238	1.92792	-8.18922e-06	-0.986098	0.00581785	-0.000107324	3.11084	-2.17639	0.0016268	-0.00353259	0.00235729	180	0	-0.0715494	256.34	-3.1706e-05	1555.42	200.462	0	-1088.19	179.999	0	1.60672	123.001	0	-2.61797	235.999	0	-0.00123723	7694
FRIGG	5.32632e-07	1.33238	1.92792	-8.18922e-06	-0.986098	0.00581785	-0.000107324	3.11084	-2.17639	0.0016268	-0.00353259	0.00235729	180	0	-0.0715494	256.34	-3.1706e-05	1555.42	200.462	0	-1088.19	179.999	0	1.60672	123.001	0	-2.61797	235.999	0	-0.00123723	7728
FRIGG	5.32632e-07	1.33238	1.92792	-7.98948e-06	-0.986098	0.00581785	-0.000107218	3.11084	-2.17639	0.00161479	-0.00351718	0.00234685	180	0	-0.0714785	256.34	-3.1742e-05	1555.42	200.462	0	-1088.19	179.999	0	1.59486	123.001	0	-2.60647	235.999	0	-0.00114691	7772
FRIGG	5.32632e-07	1.33238	1.92792	-7.98948e-06	-0.986098	0.00581785	-0.000107129	3.11084	-2.17639	0.00160287	-0.00351719	0.00234686	180	0	-0.0714191	256.34	-3.1738e-05	1555.42	200.462	0	-1088.19	179.999	0	1.58308	123.001	0	-2.60647	235.999	0	-0.00114685	7811
FRIGG	5.32632e-07	1.33238	1.92792	-7.98948e-06	-0.986098	0.00581785	-0.00010698	3.11087	-2.17639	0.00159106	-0.00350167	0.0023365	180	0	-0.0713198	256.34	-3.17756e-05	1555.44	200.462	0	-1088.19	179.999	0	1.57142	123.001	0	-2.59497	235.999	0	-0.00114145	7845
FRIGG	5.32632e-07	1.33238	1.92792	-7.98948e-06	-0.986098	0.0058179	-0.000106916	3.11087	-2.17639	0.00157929	-0.00348565	0.00232583	180	0	-0.0712777	256.34	-2.99609e-05	1555.44	200.462	0	-1088.19	179.999	0	1.5598	123.001	0	-2.58311	235.999	0	-0.00114605	7885
FRIGG	5.32632e-07	1.33238	1.92792	-7.98948e-06	-0.986098	0.0058179	-0.000106916	3.11087	-2.17639	0.00157929	-0.00348565	0.00232583	180	0	-0.0712777	256.34	-2.99609e-05	1555.44	200.462	0	-1088.19	179.999	0	1.5598	123.001	0	-2.58311	235.999	0	-0.00114605	7926
FRIGG	5.32632e-07	1.33238	1.92792	-7.78975e-06	-0.986098	0.0058179	-0.000106825	3.11087	-2.17639	0.00156763	-0.00348626	0.00232608	180	0	-0.0712163	256.34	-2.99039e-05	1555.44	200.462	0	-1088.19	179.999	0	1.54828	123.001	0	-2.58347	235.999	0	-0.00105816	7957
FRIGG	5.32632e-07	1.33238	1.92792	-7.78975e-06	-0.986098	0.00581785	-0.000106726	3.11087	-2.17639	0.00155605	-0.00347051	0.00231558	180	0	-0.0711507	256.34	-2.99204e-05	1555.44	200.462	0	-1088.19	179.999	0	1.53684	123.001	0	-2.57181	235.999	0	-0.001059	7999
FRIGG	5.32632e-07	1.33238	1.92792	-7.78975e-06	-0.986098	0.00581785	-0.000106631	3.11087	-2.17639	0.00154458	-0.00347075	0.00231573	180	0	-0.0710874	256.34	-2.98917e-05	1555.44	200.462	0	-1088.19	179.999	0	1.52551	123.001	0	-2.57198	235.999	0	-0.00105745	8037
FRIGG	5.32632e-07	1.33238	1.92792	-7.59001e-06	-0.986098	0.00581785	-0.00010656	3.11091	-2.17639	0.00153316	-0.00345502	0.00230509	180	0	-0.0710398	256.34	-2.82763e-05	1555.45	200.462	0	-1088.19	179.999	0	1.51423	123.001	0	-2.56024	235.999	0	-0.000967863	8079
FRIGG	5.32632e-07	1.33238	1.92792	-7.59001e-06	-0.986098	0.00581785	-0.00010656	3.11091	-2.17639	0.00153316	-0.00345502	0.00230509	180	0	-0.0710398	256.34	-2.82763e-05	1555.45	200.462	0	-1088.19	179.999	0	1.51423	123.001	0	-2.56024	235.999	0	-0.000967863	8106
FRIGG	5.32632e-07	1.33238	1.92792	-7.59001e-06	-0.986098	0.00581785	-0.000106471	3.11091	-2.17639	0.00152184	-0.00345534	0.0023053	180	0	-0.0709803	256.34	-2.8084e-05	1555.45	200.462	0	-1088.19	179.999	0	1.50306	123.001	0	-2.56048	235.999	0	-0.000970045	8150
FRIGG	5.32632e-07	1.33238	1.92792	-7.59001e-06	-0.986098	0.00581785	-0.000106398	3.11091	-2.17639	0.00151061	-0.00343946	0.00229472	180	0	-0.0709317	256.34	-2.80877e-05	1555.45	200.462	0	-1088.19	179.999	0	1.49196	123.001	0	-2.54872	235.999	0	-0.000970173	8189
FRIGG	5.32632e-07	1.33238	1.92792	-7.59001e-06	-0.986098	0.00581785	-0.000106327	3.11091	-2.17639	0.00149946	-0.00343982	0.00229496	180	0	-0.0708845	256.34	-2.80783e-05	1555.45	200.462	0	-1088.19	179.999	0	1.48094	123.001	0	-2.54898	235.999	0	-0.000969942	8232
FRIGG	5.32632e-07	1.33238	1.92792	-7.39027e-06	-0.986098	0.00581785	-0.000106248	3.11091	-2.17639	0.00148839	-0.00343982	0.00229496	180	0	-0.0708321	256.34	-2.80684e-05	1555.45	200.462	0	-1088.19	179.999	0	1.47001	123.001	0	-2.54899	235.999	0	-0.000970263	8264
FRIGG	5.32632e-07	1.33238	1.92792	-7.39027e-06	-0.986098	0.00581785	-0.000106248	3.11091	-2.17639	0.00148839	-0.00343982	0.00229496	180	0	-0.0708321	256.34	-2.80684e-05	1555.45	200.462	0	-1088.19	179.999	0	1.47001	123.001	0	-2.54899	235.999	0	-0.000970263	8309
FRIGG	5.32632e-07	1.33238	1.92792	-7.39027e-06	-0.986098	0.00581781	-0.000106179	3.11094	-2.17639	0.00147741	-0.00342439	0.00228451	180	0	-0.0707859	256.34	-2.63657e-05	1555.47	200.462	0	-1088.19	179.999	0	1.45917	123.001	0	-2.53747	235.999	0	-0.000881074	8346
FRIGG	5.32632e-07	1.33238	1.92792	-7.39027e-06	-0.986098	0.00581781	-0.000106108	3.11094	-2.17639	0.0014665	-0.00342442	0.00228453	180	0	-0.0707384	256.34	-2.62475e-05	1555.47	200.462	0	-1088.19	179.999	0	1.4484	123.001	0	-2.53749	235.999	0	-0.000881413	8390
FRIGG	5.32632e-07	1.33238	1.92792	-7.19053e-06	-0.986098	0.00581785	-0.000106044	3.11094	-2.17639	0.00145568	-0.00340888	0.00227417	180	0	-0.070696	256.34	-2.6269e-05	1555.47	200.462	0	-1088.19	179.999	0	1.4377	123.001	0	-2.52598	235.999	0	-0.00088078	8426
FRIGG	5.32632e-07	1.33238	1.92792	-7.19053e-06	-0.986098	0.00581785	-0.000106044	3.11094	-2.17639	0.00145568	-0.00340888	0.00227417	180	0	-0.070696	256.34	-2.6269e-05	1555.47	200.462	0	-1088.19	179.999	0	1.4377	123.001	0	-2.52598	235.999	0	-0.00088078	8463
FRIGG	5.32632e-07	1.33238	1.92792	-7.19053e-06	-0.986098	0.00581785	-0.000105983	3.11094	-2.17639	0.00144493	-0.0034089	0.00227419	180	0	-0.0706555	256.34	-2.62438e-05	1555.47	200.462	0	-1088.19	179.999	0	1.42709	123.001	0	-2.52599	235.999	0	-0.00088145	8505
FRIGG	5.32632e-07	1.33238	1.92792	-7.19053e-06	-0.986098	0.00581785	-0.000105919	3.11094	-2.17639	0.00143426	-0.00339345	0.00226373	180	0	-0.0706129	256.34	-2.62878e-05	1555.47	200.462	0	-1088.19	179.999	0	1.41655	123.001	0	-2.51446	235.999	0	-0.000792971	8540
FRIGG	5.32632e-07	1.33238	1.92792	-7.19053e-06	-0.986098	0.00581785	-0.000105867	3.11097	-2.17639	0.00142367	-0.00339346	0.00226374	180	0	-0.0705783	256.34	-2.45964e-05	1555.48	200.462	0	-1088.19	179.999	0	1.4061	123.001	0	-2.51447	235.999	0	-0.00079359	8581
FRIGG	5.32632e-07	1.33238	1.92792	-7.19053e-06	-0.986098	0.00581785	-0.000105867	3.11097	-2.17639	0.00142367	-0.00339346	0.00226374	180	0	-0.0705783	256.34	-2.45964e-05	1555.48	200.462	0	-1088.19	179.999	0	1.4061	123.001	0	-2.51447	235.999	0	-0.00079359	8615
FRIGG	5.32632e-07	1.33238	1.92792	-6.9908e-06	-0.986098	0.00581785	-0.000105812	3.11097	-2.17639	0.00141316	-0.00337773	0.00225325	180	0	-0.0705413	256.34	-2.4471e-05	1555.48	200.462	0	-1088.19	179.999	0	1.39571	123.001	0	-2.50282	235.999	0	-0.000793474	8653
FRIGG	5.32632e-07	1.33238	1.92792	-6.9908e-06	-0.986098	0.00581785	-0.000105751	3.11097	-2.17639	0.00140274	-0.00337797	0.00225341	180	0	-0.0705004	256.34	-2.4432e-05	1555.48	200.462	0	-1088.19	179.999	0	1.38542	123.001	0	-2.50299	235.999	0	-0.000792148	8698
FRIGG	5.32632e-07	1.33238	1.92792	-6.9908e-06	-0.986098	0.00581785	-0.000105703	3.11097	-2.17639	0.00139238	-0.00337797	0.00225341	180	0	-0.0704686	256.34	-2.44222e-05	1555.48	200.462	0	-1088.19	179.999	0	1.37519	123.001	0	-2.503	235.999	0	-0.000793996	8732
FRIGG	5.32632e-07	1.33238	1.92792	-6.9908e-06	-0.986098	0.00581785	-0.000105656	3.11097	-2.17639	0.0013821	-0.00336256	0.00224297	180	0	-0.0704376	256.34	-2.44495e-05	1555.48	200.462	0	-1088.19	179.999	0	1.36504	123.001	0	-2.49149	235.999	0	-0.000703802	8773
FRIGG	5.32632e-07	1.33238	1.92792	-6.79106e-06	-0.986098	0.00581785	-0.000105605	3.111	-2.17639	0.0013719	-0.00336255	0.00224297	180	0	-0.0704036	256.34	-2.40233e-05	1555.5	200.462	0	-1088.19	179.999	0	1.35497	123.001	0	-2.49148	235.999	0	-0.000704454	8805
FRIGG	5.32632e-07	1.33238	1.92792	-6.79106e-06	-0.986098	0.00581785	-0.000105605	3.111	-2.17639	0.0013719	-0.00336255	0.00224297	180	0	-0.0704036	256.34	-2.40233e-05	1555.5	200.462	0	-1088.19	179.999	0	1.35497	123.001	0	-2.49148	235.999	0	-0.000704454	8848
FRIGG	5.32632e-07	1.33238	1.92792	-6.79106e-06	-0.986098	0.0058179	-0.00010555	3.111	-2.17639	0.00136178	-0.0033469	0.00223254	180	0	-0.0703664	256.34	-2.26914e-05	1555.5	200.462	0	-1088.19	179.999	0	1.34497	123.001	0	-2.47989	235.999	0	-0.000704862	8881
FRIGG	5.32632e-07	1.33238	1.92792	-6.79106e-06	-0.986098	0.0058179	-0.000105509	3.111	-2.17639	0.00135172	-0.00334705	0.00223263	180	0	-0.0703393	256.34	-2.26184e-05	1555.5	200.462	0	-1088.19	179.999	0	1.33504	123.001	0	-2.48	235.999	0	-0.000705246	8916
FRIGG	5.32632e-07	1.33238	1.92792	-6.79106e-06	-0.986098	0.0058179	-0.000105469	3.111	-2.17639	0.00134175	-0.00334705	0.00223264	180	0	-0.070313	256.34	-2.26145e-05	1555.5	200.462	0	-1088.19	179.999	0	1.32518	123.001	0	-2.48	235.999	0	-0.000705194	8956
FRIGG	5.32632e-07	1.33238	1.92792	-6.59132e-06	-0.986099	0.00581785	-0.000105424	3.111	-2.17639	0.00133184	-0.00333151	0.00222227	180	0	-0.0702828	256.34	-2.26266e-05	1555.5	200.462	0	-1088.19	179.999	0	1.3154	123.001	0	-2.46849	235.999	0	-0.000705285	8988
FRIGG	5.32632e-07	1.33238	1.92792	-6.59132e-06	-0.986099	0.00581785	-0.000105424	3.111	-2.17639	0.00133184	-0.00333151	0.00222227	180	0	-0.0702828	256.34	-2.26266e-05	1555.5	200.462	0	-1088.19	179.999	0	1.3154	123.001	0	-2.46849	235.999	0	-0.000705285	9022
FRIGG	5.32632e-07	1.33238	1.92792	-6.59132e-06	-0.986099	0.00581785	-0.000105379	3.111	-2.17639	0.00132202	-0.00333165	0.00222221	180	0	-0.0702527	256.34	-2.26203e-05	1555.5	200.462	0	-1088.19	179.999	0	1.3057	123.001	0	-2.4685	235.999	0	-0.000616261	9052
FRIGG	5.32632e-07	1.33238	1.92792	-6.59132e-06	-0.986099	0.00581785	-0.000105348	3.11103	-2.17639	0.00131226	-0.00331561	0.00221152	180	0	-0.0702319	256.34	-2.22123e-05	1555.52	200.462	0	-1088.19	179.999	0	1.29606	123.001	0	-2.45663	235.999	0	-0.000616373	9092
FRIGG	5.32632e-07	1.33238	1.92792	-6.59132e-06	-0.986099	0.00581785	-0.000105307	3.11103	-2.17639	0.00130258	-0.00331611	0.00221185	180	0	-0.0702045	256.34	-2.08567e-05	1555.51	200.462	0	-1088.19	179.999	0	1.2865	123.001	0	-2.45699	235.999	0	-0.000615793	9130
FRIGG	5.32632e-07	1.33238	1.92792	-6.59132e-06	-0.986099	0.00581785	-0.000105307	3.11103	-2.17639	0.00130258	-0.00331611	0.00221185	180	0	-0.0702045	256.34	-2.08567e-05	1555.51	200.462	0	-1088.19	179.999	0	1.2865	123.001	0	-2.45699	235.999	0	-0.000615793	9171
FRIGG	5.32632e-07	1.33238	1.92792	-6.39159e-06	-0.986099	0.00581785	-0.000105274	3.11103	-2.17639	0.00129297	-0.00331612	0.00221186	180	0	-0.0701827	256.34	-2.07977e-05	1555.51	200.462	0	-1088.19	180	0	1.27701	123.001	0	-2.45701	235.999	0	-0.000616185	9212
FRIGG	5.32632e-07	1.33238	1.92792	-6.39159e-06	-0.986099	0.00581785	-0.000105235	3.11103	-2.17639	0.00128342	-0.00330047	0.00220142	180	0	-0.0701568	256.34	-2.08462e-05	1555.51	200.462	0	-1088.19	180	0	1.26758	123.001	0	-2.44541	235.999	0	-0.000616998	9249
FRIGG	5.32632e-07	1.33238	1.92792	-6.39159e-06	-0.986099	0.00581785	-0.000105203	3.11103	-2.17639	0.00127396	-0.0033006	0.00220151	180	0	-0.0701354	256.34	-2.08029e-05	1555.51	200.462	0	-1088.19	180	0	1.25823	123.001	0	-2.44551	235.999	0	-0.000616401	9285
FRIGG	5.32632e-07	1.33238	1.92792	-6.39159e-06	-0.986099	0.00581785	-0.000105165	3.11103	-2.17639	0.00126456	-0.00330072	0.00220143	180	0	-0.0701099	256.34	-2.07974e-05	1555.51	200.462	0	-1088.19	180	0	1.24894	123.001	0	-2.44551	235.999	0	-0.000527534	9326
FRIGG	5.32632e-07	1.33238	1.92792	-6.39159e-06	-0.986099	0.00581785	-0.000105161	3.11103	-2.17639	0.00126351	-0.00330072	0.00220143	180	0	-0.0701072	256.34	-2.07976e-05	1555.51	200.462	0	-1088.19	180	0	1.24791	123.001	0	-2.44551	235.999	0	-0.000527665	9363
FRIGG	5.32632e-07	1.33238	1.92792	-6.19185e-06	-0.986099	0.00581781	-0.000105141	3.11103	-2.17639	0.00125523	-0.00328514	0.00219104	180	0	-0.0700938	256.34	-2.08407e-05	1555.51	200.462	0	-1088.19	180	0	1.23973	123.001	0	-2.43396	235.999	0	-0.000528014	9404
FRIGG	5.32632e-07	1.33238	1.92792	-6.19185e-06	-0.986099	0.00581781	-0.000105107	3.11106	-2.17639	0.00124596	-0.00328516	0.00219106	180	0	-0.0700716	256.34	-1.92405e-05	1555.53	200.462	0	-1088.19	180	0	1.23058	123.001	0	-2.43398	235.999	0	-0.000528311	9448
FRIGG	5.32632e-07	1.33238	1.92792	-6.19185e-06	-0.986099	0.00581781	-0.000105081	3.11106	-2.17639	0.00123677	-0.0032852	0.00219108	180	0	-0.0700542	256.34	-1.89874e-05	1555.53	200.462	0	-1088.19	180	0	1.22151	123.001	0	-2.43401	235.999	0	-0.0005275	9488
FRIGG	5.32632e-07	1.33238	1.92792	-6.19185e-06	-0.986099	0.00581785	-0.000105052	3.11106	-2.17639	0.00122765	-0.00326962	0.00218069	180	0	-0.0700348	256.34	-1.90185e-05	1555.53	200.462	0	-1088.19	180	0	1.21249	123.001	0	-2.42247	235.999	0	-0.000527532	9528
FRIGG	5.32632e-07	1.33238	1.92792	-5.99211e-06	-0.986099	0.00581785	-0.000105018	3.11106	-2.17639	0.00121859	-0.00326968	0.00218073	180	0	-0.0700122	256.34	-1.89815e-05	1555.53	200.462	0	-1088.19	180	0	1.20355	123.001	0	-2.42251	235.999	0	-0.000527648	9568
FRIGG	5.32632e-07	1.33238	1.92792	-5.99211e-06	-0.986099	0.00581785	-0.000105018	3.11106	-2.17639	0.00121859	-0.00326968	0.00218073	180	0	-0.0700122	256.34	-1.89815e-05	1555.53	200.462	0	-1088.19	180	0	1.20355	123.001	0	-2.42251	235.999	0	-0.000527648	9605
FRIGG	5.32632e-07	1.33238	1.92792	-5.99211e-06	-0.986099	0.00581785	-0.000104996	3.11106	-2.17639	0.0012096	-0.00326968	0.00218074	180	0	-0.0699973	256.34	-1.89763e-05	1555.53	200.462	0	-1088.19	180	0	1.19467	123.001	0	-2.42251	235.999	0	-0.000527942	9637
FRIGG	5.32632e-07	1.33238	1.92792	-5.99211e-06	-0.986099	0.00581785	-0.000104973	3.11106	-2.17639	0.00120067	-0.00325402	0.0021703	180	0	-0.0699819	256.34	-1.9023e-05	1555.53	200.462	0	-1088.19	180	0	1.18585	123.001	0	-2.41092	235.999	0	-0.000528452	9681
FRIGG	5.32632e-07	1.33238	1.92792	-5.99211e-06	-0.986099	0.00581785	-0.000104942	3.11106	-2.17639	0.00119182	-0.00325427	0.00217031	180	0	-0.069961	256.34	-1.8986e-05	1555.53	200.462	0	-1088.19	180	0	1.17711	123.001	0	-2.41101	235.999	0	-0.000439195	9718
FRIGG	5.32632e-07	1.33238	1.92792	-5.99211e-06	-0.986099	0.00581785	-0.000104942	3.11106	-2.17639	0.00119182	-0.00325427	0.00217031	180	0	-0.069961	256.34	-1.8986e-05	1555.53	200.462	0	-1088.19	180	0	1.17711	123.001	0	-2.41101	235.999	0	-0.000439195	9757
FRIGG	5.32632e-07	1.33238	1.92792	-5.99211e-06	-0.986099	0.00581785	-0.000104928	3.11109	-2.17639	0.00118302	-0.00325423	0.00217028	180	0	-0.0699519	256.34	-1.76524e-05	1555.55	200.462	0	-1088.19	180	0	1.16842	123.001	0	-2.41098	235.999	0	-0.00043978	9793
FRIGG	5.32632e-07	1.33238	1.92792	-5.79238e-06	-0.986099	0.00581785	-0.000104895	3.11109	-2.17639	0.0011743	-0.00323826	0.00215963	180	0	-0.0699303	256.34	-1.71651e-05	1555.55	200.462	0	-1088.19	180	0	1.1598	123.001	0	-2.39915	235.999	0	-0.000439583	9832
FRIGG	5.32632e-07	1.33238	1.92792	-5.79238e-06	-0.986099	0.00581785	-0.000104876	3.11109	-2.17639	0.00116564	-0.00323875	0.00215996	180	0	-0.0699173	256.34	-1.71557e-05	1555.55	200.462	0	-1088.19	180	0	1.15125	123.001	0	-2.39951	235.999	0	-0.00043944	9873
FRIGG	5.32632e-07	1.33238	1.92792	-5.79238e-06	-0.986099	0.00581785	-0.000104872	3.11109	-2.17639	0.00116204	-0.00323875	0.00215996	180	0	-0.069915	256.34	-1.71445e-05	1555.55	200.462	0	-1088.19	180	0	1.1477	123.001	0	-2.39952	235.999	0	-0.000440699	9909
FRIGG	5.32632e-07	1.33238	1.92792	-5.79238e-06	-0.986099	0.00581785	-0.000104846	3.11109	-2.17639	0.00115704	-0.00323875	0.00215996	180	0	-0.0698975	256.34	-1.71438e-05	1555.55	200.462	0	-1088.19	180	0	1.14275	123.001	0	-2.39952	235.999	0	-0.000439209	9945
FRIGG	5.32632e-07	1.33238	1.92792	-5.79238e-06	-0.986099	0.00581785	-0.000104841	3.11109	-2.17639	0.0011485	-0.00323876	0.00215996	180	0	-0.0698941	256.34	-1.71405e-05	1555.55	200.462	0	-1088.19	180	0	1.13432	123.001	0	-2.39952	235.999	0	-0.000439352	9985
FRIGG	5.32632e-07	1.33238	1.92792	-5.59264e-06	-0.986099	0.0058179	-0.000104816	3.11109	-2.17639	0.00114003	-0.0032232	0.00214959	180	0	-0.0698772	256.34	-1.71763e-05	1555.55	200.462	0	-1088.19	180	0	1.12596	123.001	0	-2.388	235.999	0	-0.000439487	10026
FRIGG	5.32632e-07	1.33238	1.92792	-5.59264e-06	-0.986099	0.0058179	-0.000104789	3.11109	-2.17639	0.00113162	-0.00322323	0.00214961	180	0	-0.0698593	256.34	-1.71479e-05	1555.55	200.462	0	-1088.19	180	0	1.11765	123.001	0	-2.38802	235.999	0	-0.000438899	10063
FRIGG	5.32632e-07	1.33238	1.92792	-5.59264e-06	-0.986099	0.0058179	-0.000104783	3.11109	-2.17639	0.00112327	-0.00322335	0.00214953	180	0	-0.0698553	256.34	-1.7142e-05	1555.55	200.462	0	-1088.19	180	0	1.1094	123.001	0	-2.38802	235.999	0	-0.000349796	10102
FRIGG	5.32632e-07	1.33238	1.92792	-5.59264e-06	-0.986099	0.0058179	-0.000104783	3.11109	-2.17639	0.00112327	-0.00322335	0.00214953	180	0	-0.0698553	256.34	-1.7142e-05	1555.55	200.462	0	-1088.19	180	0	1.1094	123.001	0	-2.38802	235.999	0	-0.000349796	10141
FRIGG	5.32632e-07	1.33238	1.92792	-5.59264e-06	-0.986099	0.00581781	-0.000104754	3.11112	-2.17639	0.00111499	-0.0032073	0.00213883	180	0	-0.0698362	256.34	-1.56582e-05	1555.56	200.462	0	-1088.19	180	0	1.10123	123.001	0	-2.37613	235.999	0	-0.00035099	10182
FRIGG	5.32632e-07	1.33238	1.92792	-5.59264e-06	-0.986099	0.00581781	-0.000104745	3.11112	-2.17639	0.00110677	-0.00320782	0.00213918	180	0	-0.0698298	256.34	-1.53497e-05	1555.56	200.462	0	-1088.19	180	0	1.0931	123.001	0	-2.37651	235.999	0	-0.0003507	10216
FRIGG	5.32632e-07	1.33238	1.92792	-5.3929e-06	-0.986099	0.00581781	-0.000104727	3.11112	-2.17639	0.00109861	-0.00320783	0.00213919	180	0	-0.0698183	256.34	-1.53214e-05	1555.56	200.462	0	-1088.19	180	0	1.08504	123.001	0	-2.37652	235.999	0	-0.000351153	10256
FRIGG	5.32632e-07	1.33238	1.92792	-5.3929e-06	-0.986099	0.00581781	-0.000104703	3.11112	-2.17639	0.0010905	-0.00320783	0.00213919	180	0	-0.069802	256.34	-1.53215e-05	1555.56	200.462	0	-1088.19	180	0	1.07704	123.001	0	-2.37652	235.999	0	-0.000351098	10294
FRIGG	5.32632e-07	1.33238	1.92792	-5.3929e-06	-0.986099	0.00581781	-0.000104703	3.11112	-2.17639	0.0010905	-0.00320783	0.00213919	180	0	-0.069802	256.34	-1.53215e-05	1555.56	200.462	0	-1088.19	180	0	1.07704	123.001	0	-2.37652	235.999	0	-0.000351098	10328
FRIGG	5.32632e-07	1.33238	1.92792	-5.3929e-06	-0.986099	0.00581785	-0.000104697	3.11112	-2.17639	0.00108246	-0.0031922	0.00212877	180	0	-0.0697979	256.34	-1.53672e-05	1555.56	200.462	0	-1088.19	180	0	1.06909	123.001	0	-2.36494	235.999	0	-0.000351451	10364
FRIGG	5.32632e-07	1.33238	1.92792	-5.3929e-06	-0.986099	0.00581785	-0.000104678	3.11112	-2.17639	0.00107448	-0.00319231	0.00212884	180	0	-0.0697854	256.34	-1.53279e-05	1555.56	200.462	0	-1088.19	180	0	1.06121	123.001	0	-2.36502	235.999	0	-0.000351643	10399
FRIGG	5.32632e-07	1.33238	1.92792	-5.3929e-06	-0.986099	0.00581785	-0.000104668	3.11112	-2.17639	0.00106655	-0.00319231	0.00212884	180	0	-0.0697785	256.34	-1.53213e-05	1555.56	200.462	0	-1088.19	180	0	1.05338	123.001	0	-2.36502	235.999	0	-0.000351584	10442
FRIGG	5.32632e-07	1.33238	1.92792	-5.3929e-06	-0.986099	0.00581785	-0.000104668	3.11112	-2.17639	0.00106655	-0.00319231	0.00212884	180	0	-0.0697785	256.34	-1.53213e-05	1555.56	200.462	0	-1088.19	180	0	1.05338	123.001	0	-2.36502	235.999	0	-0.000351584	10482
FRIGG	5.32632e-07	1.33238	1.92792	-5.19316e-06	-0.986099	0.00581785	-0.00010465	3.11112	-2.17639	0.00105869	-0.00319231	0.00212884	180	0	-0.0697667	256.34	-1.53222e-05	1555.56	200.462	0	-1088.19	180	0	1.04562	123.001	0	-2.36502	235.999	0	-0.000351755	10523
FRIGG	5.32632e-07	1.33238	1.92792	-5.19316e-06	-0.986099	0.00581785	-0.000104639	3.11112	-2.17639	0.00105087	-0.00317673	0.00211845	180	0	-0.0697595	256.34	-1.53733e-05	1555.56	200.462	0	-1088.19	180	0	1.0379	123.001	0	-2.35348	235.999	0	-0.000352291	10562
FRIGG	5.32632e-07	1.33238	1.92792	-5.19316e-06	-0.986099	0.00581785	-0.000104628	3.11116	-2.17639	0.00104313	-0.00317675	0.00211846	180	0	-0.0697518	256.34	-1.37486e-05	1555.58	200.462	0	-1088.19	180	0	1.03025	123.001	0	-2.3535	235.999	0	-0.000351464	10604
FRIGG	5.32632e-07	1.33238	1.92792	-5.19316e-06	-0.986099	0.00581785	-0.000104616	3.11116	-2.17639	0.00103544	-0.0031769	0.00211841	180	0	-0.0697441	256.34	-1.35114e-05	1555.58	200.462	0	-1088.19	180	0	1.02265	123.001	0	-2.35352	235.999	0	-0.000262765	10644
FRIGG	5.32632e-07	1.33238	1.92792	-5.19316e-06	-0.986099	0.00581785	-0.000104616	3.11116	-2.17639	0.00103544	-0.0031769	0.00211841	180	0	-0.0697441	256.34	-1.35114e-05	1555.58	200.462	0	-1088.19	180	0	1.02265	123.001	0	-2.35352	235.999	0	-0.000262765	10683
FRIGG	5.32632e-07	1.33238	1.92792	-5.19316e-06	-0.986099	0.00581785	-0.0001046	3.11116	-2.17639	0.00102781	-0.00317691	0.00211841	180	0	-0.0697331	256.34	-1.34999e-05	1555.58	200.462	0	-1088.19	180	0	1.01512	123.001	0	-2.35353	235.999	0	-0.000262669	10718
FRIGG	2.13053e-06	1.33238	1.92792	-3.99474e-06	-0.986099	0.0058179	-0.0016111	3.11102	-2.17624	0.000389345	-0.00319953	0.0021423	180	0	-1.07406	256.34	0.000118341	1555.51	200.462	0	-1088.12	180	0	0.384538	123.001	0	-2.37518	235.999	0	-0.00515733	10758
FRIGG	2.92948e-06	1.33238	1.92792	-3.795e-06	-0.986099	0.00581785	-0.000593766	3.11121	-2.17644	0.000954665	-0.00320805	0.00206049	180	0	-0.395844	256.34	-0.000183347	1555.61	200.462	0	-1088.22	180	0	0.942879	123.001	0	-2.33288	235.999	0	0.0434517	10795
FRIGG	1.5979e-06	1.33238	1.92792	-4.59395e-06	-0.986099	0.00581776	0.000551308	3.1113	-2.1765	0.00135221	-0.00317025	0.00204923	180	0	0.367539	256.34	-0.000222905	1555.65	200.462	0	-1088.25	180	0	1.33552	123.001	0	-2.31263	235.999	0	0.0357035	10839
FRIGG	1.5979e-06	1.33238	1.92792	-4.59395e-06	-0.986099	0.00581776	0.000551308	3.1113	-2.1765	0.00135221	-0.00317025	0.00204923	180	0	0.367539	256.34	-0.000222905	1555.65	200.462	0	-1088.25	180	0	1.33552	123.001	0	-2.31263	235.999	0	0.0357035	10873
FRIGG	0	1.33238	1.92792	-5.3929e-06	-0.986099	0.00581776	0.000973445	3.11125	-2.17645	0.00142175	-0.00315244	0.00207672	180	0	0.648963	256.34	-6.50172e-05	1555.62	200.462	0	-1088.23	180	0	1.4042	123.001	0	-2.3213	235.999	0	0.0138402	10912
FRIGG	-1.06526e-06	1.33238	1.92792	-5.79238e-06	-0.986099	0.00581776	0.000755041	3.11113	-2.17637	0.00127061	-0.00315963	0.00211152	180	0	0.503361	256.34	9.01256e-05	1555.57	200.462	0	-1088.18	180	0	1.25492	123.001	0	-2.3433	235.999	0	-0.00283241	10949
FRIGG	-1.33158e-06	1.33238	1.92792	-5.79238e-06	-0.986099	0.00581776	0.000271464	3.11111	-2.17631	0.0010615	-0.00316204	0.00212277	180	0	0.180976	256.34	0.000130955	1555.56	200.462	0	-1088.16	180	0	1.04839	123.001	0	-2.35044	235.999	0	-0.00819432	10981
FRIGG	-1.06526e-06	1.33238	1.92792	-5.59264e-06	-0.986099	0.00581776	2.86486e-05	3.11109	-2.17632	0.000970138	-0.00315977	0.0021193	180	0	0.0190991	256.34	0.000108579	1555.55	200.462	0	-1088.16	180	0	0.958161	123.001	0	-2.34768	235.999	0	-0.00710608	11024
FRIGG	-7.98948e-07	1.33238	1.92792	-5.3929e-06	-0.986099	0.00581776	-8.85719e-05	3.11112	-2.17632	0.000961231	-0.00317968	0.00211443	180	0	-0.0590479	256.34	4.99449e-05	1555.56	200.462	0	-1088.16	180	0	0.949364	123.001	0	-2.35235	235.999	0	0.00297437	11060
FRIGG	-7.98948e-07	1.33238	1.92792	-5.3929e-06	-0.986099	0.00581776	0.000392981	3.11121	-2.17644	0.00119503	-0.00314345	0.00207444	180	0	0.261987	256.34	-0.000116912	1555.6	200.462	0	-1088.22	180	0	1.18028	123.001	0	-2.31671	235.999	0	0.0117722	11093
FRIGG	-1.06526e-06	1.33238	1.92792	-5.59264e-06	-0.986099	0.00581776	0.000357665	3.11122	-2.17642	0.00110651	-0.0031234	0.0020966	180	0	0.238444	256.34	-6.91385e-05	1555.61	200.462	0	-1088.21	180	0	1.09284	123.001	0	-2.32159	235.999	0	-0.00796234	11133
FRIGG	-7.98948e-07	1.33238	1.92792	-5.3929e-06	-0.986099	0.00581785	-2.50602e-06	3.11118	-2.17638	0.000939799	-0.00311305	0.00210242	180	0	-0.00167068	256.34	8.3716e-06	1555.59	200.462	0	-1088.19	180	0	0.928196	123.001	0	-2.321	235.999	0	-0.0150295	11173
FRIGG	-2.66316e-07	1.33238	1.92792	-4.99343e-06	-0.986099	0.00581785	-0.000323378	3.11116	-2.17636	0.000823191	-0.00312185	0.00210393	180	0	-0.215586	256.34	3.34165e-05	1555.58	200.462	0	-1088.18	180	0	0.813028	123.001	0	-2.32509	235.999	0	-0.0126132	11213
FRIGG	-2.66316e-07	1.33238	1.92792	-4.99343e-06	-0.986099	0.00581785	-0.000323378	3.11116	-2.17636	0.000823191	-0.00312185	0.00210393	180	0	-0.215586	256.34	3.34165e-05	1555.58	200.462	0	-1088.18	180	0	0.813028	123.001	0	-2.32509	235.999	0	-0.0126132	11254
FRIGG	5.32632e-07	1.33238	1.92792	-4.59395e-06	-0.986099	0.00581785	-0.00045181	3.11117	-2.17637	0.000781489	-0.00312304	0.00209876	180	0	-0.301207	256.34	1.65446e-05	1555.59	200.462	0	-1088.19	180	0	0.771841	123.001	0	-2.32266	235.999	0	-0.00929443	11286
FRIGG	1.06526e-06	1.33238	1.92792	-4.19448e-06	-0.986099	0.00581785	-0.000643915	3.11116	-2.17637	0.000664767	-0.00311366	0.00210772	180	0	-0.429277	256.34	3.08972e-05	1555.58	200.462	0	-1088.18	180	0	0.65656	123.001	0	-2.32416	235.999	0	-0.0177491	11324
FRIGG	1.5979e-06	1.33238	1.92792	-3.795e-06	-0.986099	0.00581785	-0.000791591	3.11115	-2.17635	0.000650234	-0.00313139	0.00209116	180	0	-0.527727	256.34	1.56113e-06	1555.57	200.462	0	-1088.17	180	0	0.642207	123.001	0	-2.32153	235.999	0	-0.00197862	11367
FRIGG	1.86421e-06	1.33238	1.92792	-3.795e-06	-0.986099	0.00581785	-0.000420587	3.11122	-2.17642	0.00082537	-0.00313364	0.00207164	180	0	-0.280391	256.34	-6.8809e-05	1555.61	200.462	0	-1088.21	180	0	0.81518	123.001	0	-2.31152	235.999	0	0.00969899	11403
FRIGG	1.86421e-06	1.33238	1.92792	-3.795e-06	-0.986099	0.00581785	-0.000420587	3.11122	-2.17642	0.00082537	-0.00313364	0.00207164	180	0	-0.280391	256.34	-6.8809e-05	1555.61	200.462	0	-1088.21	180	0	0.81518	123.001	0	-2.31152	235.999	0	0.00969899	11441
FRIGG	1.5979e-06	1.33238	1.92792	-3.99474e-06	-0.986099	0.00581785	2.38115e-05	3.11122	-2.17642	0.00098572	-0.00311599	0.0020597	180	0	0.0158743	256.34	-7.60802e-05	1555.61	200.462	0	-1088.21	180	0	0.97355	123.001	0	-2.29835	235.999	0	0.00979225	11472
FRIGG	5.32632e-07	1.33238	1.92792	-4.39422e-06	-0.986099	0.00581785	0.000532485	3.11126	-2.17643	0.00122392	-0.0031324	0.00204735	180	0	0.35499	256.34	-8.39319e-05	1555.63	200.462	0	-1088.21	180	0	1.2088	123.001	0	-2.29757	235.999	0	0.0227295	11508
FRIGG	-5.32632e-07	1.33238	1.92792	-4.99343e-06	-0.986099	0.00581785	0.000725987	3.11122	-2.17642	0.00123224	-0.00310837	0.00205972	180	0	0.483991	256.34	-8.86214e-06	1555.61	200.462	0	-1088.21	180	0	1.21703	123.001	0	-2.29554	235.999	0	0.00695923	11546
FRIGG	-1.33158e-06	1.33238	1.92792	-5.3929e-06	-0.986099	0.00581785	0.000693165	3.1112	-2.1764	0.00120193	-0.00310817	0.00207012	180	0	0.46211	256.34	2.96263e-05	1555.6	200.462	0	-1088.2	180	0	1.18709	123.001	0	-2.30124	235.999	0	0.0011109	11587
FRIGG	-1.33158e-06	1.33238	1.92792	-5.3929e-06	-0.986099	0.00581785	0.000693165	3.1112	-2.1764	0.00120193	-0.00310817	0.00207012	180	0	0.46211	256.34	2.96263e-05	1555.6	200.462	0	-1088.2	180	0	1.18709	123.001	0	-2.30124	235.999	0	0.0011109	11628
FRIGG	-1.5979e-06	1.33238	1.92792	-5.3929e-06	-0.986099	0.00581785	0.000396178	3.11118	-2.17635	0.00105412	-0.00309863	0.00208266	180	0	0.264118	256.34	5.36711e-05	1555.59	200.462	0	-1088.18	180	0	1.0411	123.001	0	-2.30467	235.999	0	-0.00938996	11664
FRIGG	-1.06526e-06	1.33238	1.92792	-5.19316e-06	-0.986099	0.00581785	-3.74938e-05	3.11116	-2.17636	0.000876354	-0.00310726	0.00209566	180	0	-0.0249959	256.34	4.20584e-05	1555.58	200.462	0	-1088.18	180	0	0.865535	123.001	0	-2.31509	235.999	0	-0.0134164	11708
FRIGG	-2.66316e-07	1.33238	1.92792	-4.79369e-06	-0.986099	0.00581785	-0.000406488	3.11118	-2.17635	0.000741707	-0.00310287	0.0020895	180	0	-0.270992	256.34	4.15302e-06	1555.59	200.462	0	-1088.17	180	0	0.73255	123.001	0	-2.31004	235.999	0	-0.0116178	11745
FRIGG	-2.66316e-07	1.33238	1.92792	-4.79369e-06	-0.986099	0.00581785	-0.000406488	3.11118	-2.17635	0.000741707	-0.00310287	0.0020895	180	0	-0.270992	256.34	4.15302e-06	1555.59	200.462	0	-1088.17	180	0	0.73255	123.001	0	-2.31004	235.999	0	-0.0116178	11785
FRIGG	5.32632e-07	1.33238	1.92792	-4.19448e-06	-0.986099	0.00581785	-0.00060425	3.1112	-2.1764	0.000680172	-0.0030859	0.00207017	180	0	-0.402833	256.34	-3.44004e-05	1555.6	200.462	0	-1088.2	180	0	0.671775	123.001	0	-2.29302	235.999	0	-0.00716866	11824
FRIGG	1.33158e-06	1.33238	1.92792	-3.795e-06	-0.9861	0.0058179	-0.000826038	3.11121	-2.17639	0.00053184	-0.003071	0.00208626	180	0	-0.550692	256.34	1.13737e-06	1555.61	200.462	0	-1088.19	180	0	0.525274	123.001	0	-2.29644	235.999	0	-0.0216252	11861
FRIGG	2.13053e-06	1.33238	1.92792	-3.19579e-06	-0.9861	0.0058179	-0.00100219	3.11119	-2.17639	0.000540142	-0.00310283	0.00206402	180	0	-0.668126	256.34	-1.78695e-05	1555.59	200.462	0	-1088.19	180	0	0.533474	123.001	0	-2.29588	235.999	0	0.00251655	11904
FRIGG	2.39684e-06	1.33238	1.92792	-3.19579e-06	-0.986099	0.00581785	-0.00051458	3.11125	-2.17642	0.000757911	-0.00310559	0.00204673	180	0	-0.343053	256.34	-7.486e-05	1555.63	200.462	0	-1088.21	180	0	0.748554	123.001	0	-2.28729	235.999	0	0.0131425	11939
FRIGG	2.39684e-06	1.33238	1.92792	-3.19579e-06	-0.986099	0.00581785	-0.00051458	3.11125	-2.17642	0.000757911	-0.00310559	0.00204673	180	0	-0.343053	256.34	-7.486e-05	1555.63	200.462	0	-1088.21	180	0	0.748554	123.001	0	-2.28729	235.999	0	0.0131425	11976
FRIGG	1.86421e-06	1.33238	1.92792	-3.59527e-06	-0.9861	0.00581776	-6.52158e-05	3.11124	-2.17641	0.000909129	-0.00308943	0.0020407	180	0	-0.0434772	256.34	-5.44726e-05	1555.62	200.462	0	-1088.21	180	0	0.897905	123.001	0	-2.27795	235.999	0	0.010512	12017
FRIGG	1.06526e-06	1.33238	1.92792	-3.99474e-06	-0.9861	0.00581776	0.000164288	3.11124	-2.17638	0.000964391	-0.00309077	0.00205301	180	0	0.109525	256.34	1.26289e-06	1555.62	200.462	0	-1088.19	180	0	0.952485	123.001	0	-2.28529	235.999	0	0.00416419	12054
FRIGG	5.32632e-07	1.33238	1.92792	-4.19448e-06	-0.9861	0.00581776	0.000153803	3.11119	-2.17636	0.000929635	-0.00309025	0.00206433	180	0	0.102535	256.34	4.17002e-05	1555.6	200.462	0	-1088.18	180	0	0.918158	123.001	0	-2.29139	235.999	0	-0.00231174	12086
FRIGG	2.66316e-07	1.33238	1.92792	-4.19448e-06	-0.9861	0.0058179	7.10631e-06	3.11119	-2.17636	0.000856011	-0.00308685	0.0020678	180	0	0.00473754	256.34	4.33599e-05	1555.59	200.462	0	-1088.18	180	0	0.845443	123.001	0	-2.29205	235.999	0	-0.00550079	12127
FRIGG	2.66316e-07	1.33238	1.92792	-4.19448e-06	-0.9861	0.0058179	7.10631e-06	3.11119	-2.17636	0.000856011	-0.00308685	0.0020678	180	0	0.00473754	256.34	4.33599e-05	1555.59	200.462	0	-1088.18	180	0	0.845443	123.001	0	-2.29205	235.999	0	-0.00550079	12162
FRIGG	2.66316e-07	1.33238	1.92792	-4.19448e-06	-0.9861	0.0058179	-0.000145946	3.11121	-2.17634	0.000793359	-0.00308199	0.00206365	180	0	-0.097297	256.34	1.19457e-05	1555.6	200.462	0	-1088.17	180	0	0.783565	123.001	0	-2.28795	235.999	0	-0.00499462	12192
FRIGG	5.32632e-07	1.33238	1.92792	-3.99474e-06	-0.9861	0.0058179	-0.000225992	3.11123	-2.17636	0.000765273	-0.00307782	0.00205665	180	0	-0.150661	256.34	-2.69468e-05	1555.61	200.462	0	-1088.18	180	0	0.755826	123.001	0	-2.28252	235.999	0	-0.00265133	12237
FRIGG	5.32632e-07	1.33238	1.92792	-3.99474e-06	-0.9861	0.0058179	-0.000222025	3.11124	-2.17641	0.000768875	-0.00307665	0.00205151	180	0	-0.148017	256.34	-4.9096e-05	1555.62	200.462	0	-1088.2	180	0	0.759383	123.001	0	-2.27923	235.999	0	-0.000226609	12275
FRIGG	5.32632e-07	1.33238	1.92792	-3.99474e-06	-0.9861	0.0058179	-0.000222025	3.11124	-2.17641	0.000768875	-0.00307665	0.00205151	180	0	-0.148017	256.34	-4.9096e-05	1555.62	200.462	0	-1088.2	180	0	0.759383	123.001	0	-2.27923	235.999	0	-0.000226609	12307
FRIGG	7.98948e-07	1.33238	1.92792	-3.795e-06	-0.9861	0.00581781	-0.000167462	3.11127	-2.17641	0.000787627	-0.00306302	0.00204011	180	0	-0.111641	256.34	-4.51629e-05	1555.63	200.462	0	-1088.2	180	0	0.777904	123.001	0	-2.26785	235.999	0	0.00105417	12351
FRIGG	5.32632e-07	1.33238	1.92792	-3.795e-06	-0.9861	0.00581781	-8.12338e-05	3.11126	-2.1764	0.000823787	-0.00306918	0.00203951	180	0	-0.0541559	256.34	-3.09276e-05	1555.63	200.462	0	-1088.2	180	0	0.813617	123.001	0	-2.26979	235.999	0	0.00367358	12392
FRIGG	5.32632e-07	1.33238	1.92792	-3.99474e-06	-0.9861	0.00581781	-1.66006e-06	3.11125	-2.17639	0.00083752	-0.00306919	0.0020451	180	0	-0.00110671	256.34	-6.97866e-06	1555.62	200.462	0	-1088.19	180	0	0.82718	123.001	0	-2.2729	235.999	0	0.000570944	12433
FRIGG	2.66316e-07	1.33238	1.92792	-3.99474e-06	-0.9861	0.00581781	-3.78284e-05	3.11124	-2.17637	0.000807648	-0.00307028	0.00205075	180	0	-0.0252189	256.34	1.76721e-05	1555.62	200.462	0	-1088.19	180	0	0.797677	123.001	0	-2.27645	235.999	0	-0.00216122	12472
FRIGG	2.66316e-07	1.33238	1.92792	-3.99474e-06	-0.9861	0.00581781	-0.00010634	3.11123	-2.17637	0.000774125	-0.00307037	0.00205162	180	0	-0.0708933	256.34	1.97844e-05	1555.62	200.462	0	-1088.19	180	0	0.764568	123.001	0	-2.27696	235.999	0	-0.00261598	12513
FRIGG	2.66316e-07	1.33238	1.92792	-3.99474e-06	-0.9861	0.00581781	-0.00010634	3.11123	-2.17637	0.000774125	-0.00307037	0.00205162	180	0	-0.0708933	256.34	1.97844e-05	1555.62	200.462	0	-1088.19	180	0	0.764568	123.001	0	-2.27696	235.999	0	-0.00261598	12555
FRIGG	5.32632e-07	1.33238	1.92792	-3.795e-06	-0.9861	0.00581781	-0.000156208	3.11124	-2.17638	0.000752111	-0.00306875	0.00204917	180	0	-0.104139	256.34	4.82266e-06	1555.62	200.462	0	-1088.19	180	0	0.742826	123.001	0	-2.275	235.999	0	-0.00185598	12591
FRIGG	5.32632e-07	1.33238	1.92792	-3.795e-06	-0.9861	0.00581781	-0.0001712	3.11125	-2.17639	0.00074432	-0.00306677	0.00204604	180	0	-0.114133	256.34	-1.28197e-05	1555.63	200.462	0	-1088.19	180	0	0.735131	123.001	0	-2.27253	235.999	0	-0.000847495	12635
FRIGG	5.32632e-07	1.33238	1.92792	-3.795e-06	-0.9861	0.00581785	-0.000158423	3.11126	-2.1764	0.000745972	-0.00305018	0.00203374	180	0	-0.105616	256.34	-2.23406e-05	1555.63	200.462	0	-1088.2	180	0	0.736763	123.001	0	-2.25955	235.999	0	-0.000158386	12662
FRIGG	5.32632e-07	1.33238	1.92792	-3.795e-06	-0.9861	0.00581785	-0.000158423	3.11126	-2.1764	0.000745972	-0.00305018	0.00203374	180	0	-0.105616	256.34	-2.23406e-05	1555.63	200.462	0	-1088.2	180	0	0.736763	123.001	0	-2.25955	235.999	0	-0.000158386	12697
FRIGG	5.32632e-07	1.33238	1.92792	-3.795e-06	-0.9861	0.00581785	-0.000134677	3.11126	-2.17639	0.000749971	-0.0030507	0.00203365	180	0	-0.089785	256.34	-2.10613e-05	1555.63	200.462	0	-1088.2	180	0	0.740712	123.001	0	-2.25969	235.999	0	8.3503e-05	12737
FRIGG	5.32632e-07	1.33238	1.92792	-3.59527e-06	-0.9861	0.00581785	-0.0001149	3.11125	-2.17639	0.000751078	-0.00305195	0.00203469	180	0	-0.0766002	256.34	-1.32622e-05	1555.63	200.462	0	-1088.2	180	0	0.741806	123.001	0	-2.26074	235.999	0	-3.11092e-05	12766
FRIGG	5.32632e-07	1.33238	1.92792	-3.59527e-06	-0.9861	0.00581785	-0.000106206	3.11125	-2.17639	0.000747526	-0.00305299	0.00203605	180	0	-0.0708043	256.34	-5.17406e-06	1555.62	200.462	0	-1088.19	180	0	0.738298	123.001	0	-2.26187	235.999	0	-0.000402159	12795
FRIGG	5.32632e-07	1.33238	1.92792	-3.59527e-06	-0.9861	0.00581785	-0.000107812	3.11124	-2.17638	0.000740338	-0.00305355	0.00203678	180	0	-0.071875	256.34	-1.10673e-06	1555.62	200.462	0	-1088.19	180	0	0.731198	123.001	0	-2.26249	235.999	0	-0.000598352	12837
FRIGG	5.32632e-07	1.33238	1.92792	-3.59527e-06	-0.9861	0.00581785	-0.000114595	3.11125	-2.17638	0.000731817	-0.00305322	0.00203689	180	0	-0.0763965	256.34	-1.8344e-06	1555.62	200.462	0	-1088.19	180	0	0.722782	123.001	0	-2.26243	235.999	0	-0.000784501	12877
FRIGG	5.32632e-07	1.33238	1.92792	-3.59527e-06	-0.9861	0.00581785	-0.000114595	3.11125	-2.17638	0.000731817	-0.00305322	0.00203689	180	0	-0.0763965	256.34	-1.8344e-06	1555.62	200.462	0	-1088.19	180	0	0.722782	123.001	0	-2.26243	235.999	0	-0.000784501	12912
FRIGG	5.32632e-07	1.33238	1.92792	-3.59527e-06	-0.9861	0.00581785	-0.00012129	3.11125	-2.17639	0.000723906	-0.00305273	0.00203636	180	0	-0.0808599	256.34	-5.41382e-06	1555.62	200.462	0	-1088.19	180	0	0.714969	123.001	0	-2.26195	235.999	0	-0.000670603	12951
FRIGG	5.32632e-07	1.33238	1.92792	-3.59527e-06	-0.9861	0.00581785	-0.000124794	3.11125	-2.17639	0.000717502	-0.00303619	0.00202527	180	0	-0.0831958	256.34	-9.12594e-06	1555.62	200.462	0	-1088.19	180	0	0.708644	123.001	0	-2.24966	235.999	0	-0.00063089	12988
FRIGG	5.32632e-07	1.33238	1.92792	-3.59527e-06	-0.9861	0.00581785	-0.0001247	3.11125	-2.17639	0.000712474	-0.00303638	0.00202509	180	0	-0.0831333	256.34	-1.10675e-05	1555.63	200.462	0	-1088.19	180	0	0.703678	123.001	0	-2.24964	235.999	0	-0.000463508	13015
FRIGG	5.32632e-07	1.33238	1.92792	-3.59527e-06	-0.9861	0.00581785	-0.0001247	3.11125	-2.17639	0.000712474	-0.00303638	0.00202509	180	0	-0.0831333	256.34	-1.10675e-05	1555.63	200.462	0	-1088.19	180	0	0.703678	123.001	0	-2.24964	235.999	0	-0.000463508	13049
FRIGG	5.32632e-07	1.33238	1.92792	-3.59527e-06	-0.9861	0.00581785	-0.000122361	3.11125	-2.17639	0.000708197	-0.00303642	0.00202508	180	0	-0.0815738	256.34	-1.09088e-05	1555.63	200.462	0	-1088.19	180	0	0.699454	123.001	0	-2.24964	235.999	0	-0.000441786	13082
FRIGG	5.32632e-07	1.33238	1.92792	-3.39553e-06	-0.9861	0.00581785	-0.000119638	3.11128	-2.17639	0.000703902	-0.00303675	0.00202519	180	0	-0.0797589	256.34	-7.69293e-06	1555.64	200.462	0	-1088.19	180	0	0.695212	123.001	0	-2.24982	235.999	0	-0.000382084	13116
FRIGG	5.32632e-07	1.33238	1.92792	-3.39553e-06	-0.9861	0.00581785	-0.000117768	3.11128	-2.17639	0.000699225	-0.00303702	0.00202544	180	0	-0.0785122	256.34	-5.98717e-06	1555.64	200.462	0	-1088.19	180	0	0.690593	123.001	0	-2.25007	235.999	0	-0.00042436	13150
FRIGG	5.32632e-07	1.33238	1.92792	-3.39553e-06	-0.9861	0.00581785	-0.000117093	3.11128	-2.17639	0.000694116	-0.00303716	0.0020256	180	0	-0.0780618	256.34	-5.03142e-06	1555.64	200.462	0	-1088.19	180	0	0.685547	123.001	0	-2.25021	235.999	0	-0.000456993	13190
FRIGG	5.32632e-07	1.33238	1.92792	-3.39553e-06	-0.9861	0.00581785	-0.00011732	3.11128	-2.17639	0.000689035	-0.00303717	0.00202563	180	0	-0.0782133	256.34	-4.9247e-06	1555.64	200.462	0	-1088.19	180	0	0.680529	123.001	0	-2.25023	235.999	0	-0.000470377	13222
FRIGG	5.32632e-07	1.33238	1.92792	-3.39553e-06	-0.9861	0.00581785	-0.000117347	3.11128	-2.17639	0.00068874	-0.00303717	0.00202562	180	0	-0.0782314	256.34	-4.96019e-06	1555.64	200.462	0	-1088.19	180	0	0.680237	123.001	0	-2.25022	235.999	0	-0.000468612	13255
FRIGG	5.32632e-07	1.33238	1.92792	-3.39553e-06	-0.9861	0.00581785	-0.000117931	3.11128	-2.17639	0.000683337	-0.00303708	0.00202556	180	0	-0.0786204	256.34	-5.51438e-06	1555.64	200.462	0	-1088.19	180	0	0.6749	123.001	0	-2.25015	235.999	0	-0.000464819	13303
FRIGG	5.32632e-07	1.33238	1.92792	-3.39553e-06	-0.9861	0.00581785	-0.000118311	3.11128	-2.17639	0.000678114	-0.00303697	0.00202546	180	0	-0.0788737	256.34	-6.19905e-06	1555.64	200.462	0	-1088.19	180	0	0.669742	123.001	0	-2.25006	235.999	0	-0.000449218	13336
FRIGG	5.32632e-07	1.33238	1.92792	-3.39553e-06	-0.9861	0.00581785	-0.000118317	3.11128	-2.17639	0.000673078	-0.00302134	0.00201501	180	0	-0.0788783	256.34	-6.68215e-06	1555.64	200.462	0	-1088.19	180	0	0.664769	123.001	0	-2.23847	235.999	0	-0.000437084	13370
FRIGG	5.32632e-07	1.33238	1.92792	-3.39553e-06	-0.9861	0.00581785	-0.000118317	3.11128	-2.17639	0.000673078	-0.00302134	0.00201501	180	0	-0.0788783	256.34	-6.68215e-06	1555.64	200.462	0	-1088.19	180	0	0.664769	123.001	0	-2.23847	235.999	0	-0.000437084	13410
FRIGG	5.32632e-07	1.33238	1.92792	-3.39553e-06	-0.9861	0.00581785	-0.000117984	3.11128	-2.17639	0.000668198	-0.00302136	0.00201502	180	0	-0.0786559	256.34	-6.74366e-06	1555.64	200.462	0	-1088.19	180	0	0.659949	123.001	0	-2.23848	235.999	0	-0.000431937	13450
FRIGG	5.32632e-07	1.33238	1.92792	-3.19579e-06	-0.9861	0.00581785	-0.000117542	3.11128	-2.17639	0.000663372	-0.00302139	0.00201504	180	0	-0.0783615	256.34	-6.54482e-06	1555.64	200.462	0	-1088.19	180	0	0.655182	123.001	0	-2.2385	235.999	0	-0.000434559	13484
FRIGG	5.32632e-07	1.33238	1.92792	-3.19579e-06	-0.9861	0.00581785	-0.000117089	3.11128	-2.17639	0.000658593	-0.00302156	0.002015	180	0	-0.0780592	256.34	-6.29103e-06	1555.64	200.462	0	-1088.19	180	0	0.650462	123.001	0	-2.23854	235.999	0	-0.000347223	13518
FRIGG	5.32632e-07	1.33238	1.92792	-3.19579e-06	-0.9861	0.00581785	-0.000116781	3.11128	-2.17639	0.000653771	-0.00302159	0.00201503	180	0	-0.0778543	256.34	-6.08213e-06	1555.64	200.462	0	-1088.19	180	0	0.6457	123.001	0	-2.23857	235.999	0	-0.000353601	13556
FRIGG	5.32632e-07	1.33238	1.92792	-3.19579e-06	-0.9861	0.00581785	-0.000116781	3.11128	-2.17639	0.000653771	-0.00302159	0.00201503	180	0	-0.0778543	256.34	-6.08213e-06	1555.64	200.462	0	-1088.19	180	0	0.6457	123.001	0	-2.23857	235.999	0	-0.000353601	13594
FRIGG	5.32632e-07	1.33238	1.92792	-3.19579e-06	-0.9861	0.00581785	-0.000116587	3.11128	-2.17639	0.000648952	-0.0030216	0.00201504	180	0	-0.0777244	256.34	-6.01447e-06	1555.64	200.462	0	-1088.19	180	0	0.640941	123.001	0	-2.23858	235.999	0	-0.000356364	13628
FRIGG	5.32632e-07	1.33238	1.92792	-3.19579e-06	-0.9861	0.00581785	-0.000116458	3.11128	-2.17639	0.000644173	-0.0030216	0.00201503	180	0	-0.0776385	256.34	-6.07554e-06	1555.64	200.462	0	-1088.19	180	0	0.636221	123.001	0	-2.23857	235.999	0	-0.000352381	13666
FRIGG	5.32632e-07	1.33238	1.92792	-3.19579e-06	-0.9861	0.00581785	-0.000116372	3.11128	-2.17639	0.000639388	-0.00302157	0.00201502	180	0	-0.0775816	256.34	-6.17556e-06	1555.64	200.462	0	-1088.19	180	0	0.631494	123.001	0	-2.23856	235.999	0	-0.000355464	13706
FRIGG	5.32632e-07	1.33238	1.92792	-3.19579e-06	-0.9861	0.00581785	-0.000116246	3.11128	-2.17639	0.000634684	-0.00302156	0.00201501	180	0	-0.0774976	256.34	-6.27001e-06	1555.64	200.462	0	-1088.19	180	0	0.626848	123.001	0	-2.23855	235.999	0	-0.00035164	13745
FRIGG	5.32632e-07	1.33238	1.92792	-3.19579e-06	-0.9861	0.00581785	-0.000116246	3.11128	-2.17639	0.000634684	-0.00302156	0.00201501	180	0	-0.0774976	256.34	-6.27001e-06	1555.64	200.462	0	-1088.19	180	0	0.626848	123.001	0	-2.23855	235.999	0	-0.00035164	13787
FRIGG	5.32632e-07	1.33238	1.92792	-3.19579e-06	-0.9861	0.00581785	-0.000116103	3.11128	-2.17639	0.000630007	-0.00302155	0.002015	180	0	-0.0774019	256.34	-6.30755e-06	1555.64	200.462	0	-1088.19	180	0	0.622229	123.001	0	-2.23854	235.999	0	-0.000352213	13822
FRIGG	5.32632e-07	1.33238	1.92792	-2.99606e-06	-0.9861	0.00581781	-0.000115913	3.11128	-2.17639	0.000625401	-0.00300601	0.00200464	180	0	-0.0772755	256.34	-6.33188e-06	1555.64	200.462	0	-1088.19	180	0	0.61768	123.001	0	-2.22703	235.999	0	-0.000349571	13850
FRIGG	5.32632e-07	1.33238	1.92792	-2.99606e-06	-0.9861	0.00581781	-0.000115728	3.11128	-2.17639	0.000620807	-0.00300604	0.00200466	180	0	-0.0771521	256.34	-6.26461e-06	1555.64	200.462	0	-1088.19	180	0	0.613142	123.001	0	-2.22705	235.999	0	-0.00035238	13890
FRIGG	5.32632e-07	1.33238	1.92792	-2.99606e-06	-0.9861	0.00581781	-0.000115585	3.11128	-2.17639	0.000616237	-0.00300604	0.00200467	180	0	-0.0770569	256.34	-6.21883e-06	1555.64	200.462	0	-1088.19	180	0	0.608629	123.001	0	-2.22705	235.999	0	-0.000353737	13931
FRIGG	5.32632e-07	1.33238	1.92792	-2.99606e-06	-0.9861	0.00581781	-0.000115585	3.11128	-2.17639	0.000616237	-0.00300604	0.00200467	180	0	-0.0770569	256.34	-6.21883e-06	1555.64	200.462	0	-1088.19	180	0	0.608629	123.001	0	-2.22705	235.999	0	-0.000353737	13971
FRIGG	5.32632e-07	1.33238	1.92792	-2.99606e-06	-0.9861	0.00581781	-0.000115431	3.11128	-2.17639	0.000611713	-0.00300605	0.00200467	180	0	-0.0769542	256.34	-6.20156e-06	1555.64	200.462	0	-1088.19	180	0	0.604161	123.001	0	-2.22706	235.999	0	-0.000353516	14010
FRIGG	5.32632e-07	1.33238	1.92792	-2.99606e-06	-0.9861	0.00581781	-0.000115293	3.11128	-2.17639	0.000607222	-0.00300617	0.00200459	180	0	-0.0768618	256.34	-6.20855e-06	1555.64	200.462	0	-1088.19	180	0	0.599725	123.001	0	-2.22706	235.999	0	-0.000263009	14050
FRIGG	5.32632e-07	1.33238	1.92792	-2.99606e-06	-0.9861	0.00581781	-0.00011516	3.11128	-2.17639	0.000602764	-0.00300617	0.00200459	180	0	-0.0767736	256.34	-6.2161e-06	1555.64	200.462	0	-1088.19	180	0	0.595322	123.001	0	-2.22705	235.999	0	-0.000263001	14090
FRIGG	5.32632e-07	1.33238	1.92792	-2.99606e-06	-0.9861	0.00581781	-0.00011516	3.11128	-2.17639	0.000602764	-0.00300617	0.00200459	180	0	-0.0767736	256.34	-6.2161e-06	1555.64	200.462	0	-1088.19	180	0	0.595322	123.001	0	-2.22705	235.999	0	-0.000263001	14125
FRIGG	5.32632e-07	1.33238	1.92792	-2.99606e-06	-0.9861	0.00581781	-0.000115049	3.11131	-2.17639	0.000598325	-0.00300615	0.00200458	180	0	-0.0766992	256.34	-4.46696e-06	1555.66	200.462	0	-1088.19	180	0	0.590938	123.001	0	-2.22704	235.999	0	-0.000264198	14163
FRIGG	5.32632e-07	1.33238	1.92792	-2.99606e-06	-0.9861	0.00581781	-0.000114923	3.11131	-2.17639	0.000593929	-0.00300616	0.00200458	180	0	-0.0766153	256.34	-4.42005e-06	1555.66	200.462	0	-1088.19	180	0	0.586596	123.001	0	-2.22705	235.999	0	-0.000264358	14196
FRIGG	5.32632e-07	1.33238	1.92792	-2.99606e-06	-0.9861	0.00581781	-0.000114797	3.11131	-2.17639	0.000589573	-0.00300616	0.00200458	180	0	-0.0765315	256.34	-4.41916e-06	1555.66	200.462	0	-1088.19	180	0	0.582294	123.001	0	-2.22705	235.999	0	-0.000263122	14226
FRIGG	5.32632e-07	1.33238	1.92792	-2.79632e-06	-0.9861	0.00581781	-0.000114693	3.11131	-2.17639	0.000585235	-0.00300616	0.00200458	180	0	-0.076462	256.34	-4.41168e-06	1555.66	200.462	0	-1088.19	180	0	0.57801	123.001	0	-2.22705	235.999	0	-0.000263753	14263
FRIGG	5.32632e-07	1.33238	1.92792	-2.79632e-06	-0.9861	0.00581781	-0.000114693	3.11131	-2.17639	0.000585235	-0.00300616	0.00200458	180	0	-0.076462	256.34	-4.41168e-06	1555.66	200.462	0	-1088.19	180	0	0.57801	123.001	0	-2.22705	235.999	0	-0.000263753	14304
FRIGG	5.32632e-07	1.33238	1.92792	-2.79632e-06	-0.9861	0.00581781	-0.000114572	3.11131	-2.17639	0.000580937	-0.00300616	0.00200459	180	0	-0.076381	256.34	-4.40471e-06	1555.66	200.462	0	-1088.19	180	0	0.573765	123.001	0	-2.22705	235.999	0	-0.00026498	14339
FRIGG	5.32632e-07	1.33238	1.92792	-2.79632e-06	-0.9861	0.00581785	-0.000114479	3.11131	-2.17639	0.000576663	-0.0029904	0.00199408	180	0	-0.0763193	256.34	-4.4378e-06	1555.66	200.462	0	-1088.19	180	0	0.569543	123.001	0	-2.21538	235.999	0	-0.00026494	14377
FRIGG	5.32632e-07	1.33238	1.92792	-2.79632e-06	-0.9861	0.00581785	-0.000114366	3.11131	-2.17639	0.000572438	-0.00299064	0.00199423	180	0	-0.0762438	256.34	-4.41268e-06	1555.66	200.462	0	-1088.19	180	0	0.565371	123.001	0	-2.21555	235.999	0	-0.000262911	14408
FRIGG	5.32632e-07	1.33238	1.92792	-2.79632e-06	-0.9861	0.00581785	-0.000114271	3.11131	-2.17639	0.000568229	-0.00299064	0.00199424	180	0	-0.0761805	256.34	-4.40313e-06	1555.66	200.462	0	-1088.19	180	0	0.561214	123.001	0	-2.21555	235.999	0	-0.000263804	14436
FRIGG	5.32632e-07	1.33238	1.92792	-2.79632e-06	-0.9861	0.00581785	-0.000114271	3.11131	-2.17639	0.000568229	-0.00299064	0.00199424	180	0	-0.0761805	256.34	-4.40313e-06	1555.66	200.462	0	-1088.19	180	0	0.561214	123.001	0	-2.21555	235.999	0	-0.000263804	14474
FRIGG	5.32632e-07	1.33238	1.92792	-2.79632e-06	-0.9861	0.00581785	-0.000114178	3.11131	-2.17639	0.000564055	-0.00299064	0.00199424	180	0	-0.0761187	256.34	-4.40374e-06	1555.66	200.462	0	-1088.19	180	0	0.557091	123.001	0	-2.21555	235.999	0	-0.000264015	14511
FRIGG	5.32632e-07	1.33238	1.92792	-2.79632e-06	-0.9861	0.00581785	-0.00011408	3.11131	-2.17639	0.000559911	-0.00299064	0.00199424	180	0	-0.0760532	256.34	-4.40536e-06	1555.66	200.462	0	-1088.19	180	0	0.552999	123.001	0	-2.21555	235.999	0	-0.000265011	14537
FRIGG	5.32632e-07	1.33238	1.92792	-2.79632e-06	-0.9861	0.00581785	-0.000113986	3.11131	-2.17639	0.000555802	-0.00299064	0.00199424	180	0	-0.0759904	256.34	-4.40716e-06	1555.66	200.462	0	-1088.19	180	0	0.548941	123.001	0	-2.21555	235.999	0	-0.000264763	14581
FRIGG	5.32632e-07	1.33238	1.92792	-2.79632e-06	-0.9861	0.00581785	-0.00011395	3.11131	-2.17639	0.000554638	-0.00299064	0.00199423	180	0	-0.0759666	256.34	-4.41005e-06	1555.66	200.462	0	-1088.19	180	0	0.547791	123.001	0	-2.21555	235.999	0	-0.000261896	14616
FRIGG	5.32632e-07	1.33238	1.92792	-2.79632e-06	-0.9861	0.00581785	-0.00011391	3.11131	-2.17639	0.000551722	-0.00299064	0.00199424	180	0	-0.0759402	256.34	-4.40622e-06	1555.66	200.462	0	-1088.19	180	0	0.54491	123.001	0	-2.21555	235.999	0	-0.000263451	14651
FRIGG	5.32632e-07	1.33238	1.92792	-2.79632e-06	-0.9861	0.00581785	-0.000113834	3.11131	-2.17639	0.000547666	-0.00299064	0.00199424	180	0	-0.0758894	256.34	-4.40568e-06	1555.66	200.462	0	-1088.19	180	0	0.540905	123.001	0	-2.21555	235.999	0	-0.000263823	14696
FRIGG	5.32632e-07	1.33238	1.92792	-2.59658e-06	-0.9861	0.00581785	-0.000113746	3.11131	-2.17639	0.000543644	-0.00299076	0.00199416	180	0	-0.0758309	256.34	-4.4064e-06	1555.66	200.462	0	-1088.19	180	0	0.536933	123.001	0	-2.21555	235.999	0	-0.000176008	14731
FRIGG	5.32632e-07	1.33238	1.92792	-2.59658e-06	-0.9861	0.00581785	-0.000113668	3.11131	-2.17639	0.000539655	-0.00299076	0.00199416	180	0	-0.0757787	256.34	-4.40671e-06	1555.66	200.462	0	-1088.19	180	0	0.532992	123.001	0	-2.21555	235.999	0	-0.000176169	14763
FRIGG	5.32632e-07	1.33238	1.92792	-2.59658e-06	-0.9861	0.00581785	-0.000113668	3.11131	-2.17639	0.000539655	-0.00299076	0.00199416	180	0	-0.0757787	256.34	-4.40671e-06	1555.66	200.462	0	-1088.19	180	0	0.532992	123.001	0	-2.21555	235.999	0	-0.000176169	14802
FRIGG	5.32632e-07	1.33238	1.92792	-2.59658e-06	-0.9861	0.00581785	-0.000113592	3.11131	-2.17639	0.000535699	-0.00299076	0.00199416	180	0	-0.075728	256.34	-4.40776e-06	1555.66	200.462	0	-1088.19	180	0	0.529085	123.001	0	-2.21555	235.999	0	-0.000175032	14834
FRIGG	5.32632e-07	1.33238	1.92792	-2.59658e-06	-0.9861	0.00581785	-0.000113525	3.11131	-2.17639	0.000531757	-0.00299076	0.00199416	180	0	-0.0756834	256.34	-4.40542e-06	1555.66	200.462	0	-1088.19	180	0	0.525192	123.001	0	-2.21555	235.999	0	-0.000176595	14873
FRIGG	5.32632e-07	1.33238	1.92792	-2.59658e-06	-0.9861	0.00581785	-0.00011345	3.11131	-2.17639	0.000527863	-0.00299076	0.00199416	180	0	-0.0756335	256.34	-4.4089e-06	1555.66	200.462	0	-1088.19	180	0	0.521346	123.001	0	-2.21555	235.999	0	-0.000175051	14911
FRIGG	5.32632e-07	1.33238	1.92792	-2.59658e-06	-0.9861	0.00581785	-0.000113389	3.11131	-2.17639	0.000523988	-0.00299076	0.00199416	180	0	-0.0755924	256.34	-4.40878e-06	1555.66	200.462	0	-1088.19	180	0	0.517519	123.001	0	-2.21555	235.999	0	-0.000174845	14945
FRIGG	5.32632e-07	1.33238	1.92792	-2.59658e-06	-0.9861	0.00581785	-0.000113311	3.11131	-2.17639	0.000520031	-0.00297522	0.00198379	180	0	-0.0755408	256.34	-4.44648e-06	1555.66	200.462	0	-1088.19	180	0	0.513611	123.001	0	-2.20404	235.999	0	-0.000172936	14975
FRIGG	5.32632e-07	1.33238	1.92792	-2.59658e-06	-0.9861	0.00581785	-0.000113318	3.11131	-2.17639	0.000520149	-0.00297521	0.00198379	180	0	-0.0755451	256.34	-4.44648e-06	1555.66	200.462	0	-1088.19	180	0	0.513727	123.001	0	-2.20403	235.999	0	-0.000173765	15013
FRIGG	5.32632e-07	1.33238	1.92792	-2.59658e-06	-0.9861	0.00581785	-0.00011326	3.11131	-2.17639	0.000516327	-0.00297524	0.00198381	180	0	-0.0755064	256.34	-4.41438e-06	1555.66	200.462	0	-1088.19	180	0	0.509953	123.001	0	-2.20406	235.999	0	-0.000174724	15041
FRIGG	5.32632e-07	1.33238	1.92792	-2.59658e-06	-0.9861	0.00581785	-0.000113202	3.11131	-2.17639	0.000512531	-0.00297524	0.00198381	180	0	-0.075468	256.34	-4.40859e-06	1555.66	200.462	0	-1088.19	180	0	0.506203	123.001	0	-2.20406	235.999	0	-0.000176368	15079
FRIGG	5.32632e-07	1.33238	1.92792	-2.59658e-06	-0.9861	0.00581785	-0.000113143	3.11131	-2.17639	0.000508776	-0.00297524	0.00198381	180	0	-0.0754289	256.34	-4.40986e-06	1555.66	200.462	0	-1088.19	180	0	0.502495	123.001	0	-2.20406	235.999	0	-0.000174898	15124
FRIGG	5.32632e-07	1.33238	1.92792	-2.59658e-06	-0.9861	0.00581785	-0.000113143	3.11131	-2.17639	0.000508776	-0.00297524	0.00198381	180	0	-0.0754289	256.34	-4.40986e-06	1555.66	200.462	0	-1088.19	180	0	0.502495	123.001	0	-2.20406	235.999	0	-0.000174898	15158
FRIGG	5.32632e-07	1.33238	1.92792	-2.39684e-06	-0.9861	0.00581785	-0.000113088	3.11131	-2.17639	0.000505039	-0.00297524	0.00198381	180	0	-0.0753919	256.34	-4.40955e-06	1555.66	200.462	0	-1088.19	180	0	0.498804	123.001	0	-2.20406	235.999	0	-0.000175763	15192
FRIGG	5.32632e-07	1.33238	1.92792	-2.39684e-06	-0.9861	0.00581785	-0.000113046	3.11131	-2.17639	0.000501327	-0.00297524	0.00198381	180	0	-0.0753638	256.34	-4.40771e-06	1555.66	200.462	0	-1088.19	180	0	0.495138	123.001	0	-2.20406	235.999	0	-0.000176201	15223
FRIGG	5.32632e-07	1.33238	1.92792	-2.39684e-06	-0.9861	0.00581785	-0.000112986	3.11131	-2.17639	0.000497654	-0.00297524	0.00198381	180	0	-0.0753243	256.34	-4.41059e-06	1555.66	200.462	0	-1088.19	180	0	0.49151	123.001	0	-2.20406	235.999	0	-0.000175947	15259
FRIGG	5.32632e-07	1.33238	1.92792	-2.39684e-06	-0.9861	0.00581785	-0.00011294	3.11131	-2.17639	0.000494	-0.00297524	0.00198381	180	0	-0.0752932	256.34	-4.40913e-06	1555.66	200.462	0	-1088.19	180	0	0.487901	123.001	0	-2.20406	235.999	0	-0.000176363	15302
FRIGG	5.32632e-07	1.33238	1.92792	-2.39684e-06	-0.9861	0.00581785	-0.00011294	3.11131	-2.17639	0.000494	-0.00297524	0.00198381	180	0	-0.0752932	256.34	-4.40913e-06	1555.66	200.462	0	-1088.19	180	0	0.487901	123.001	0	-2.20406	235.999	0	-0.000176363	15337
FRIGG	5.32632e-07	1.33238	1.92792	-2.39684e-06	-0.9861	0.00581785	-0.000112888	3.11131	-2.17639	0.000490376	-0.00297524	0.00198381	180	0	-0.0752586	256.34	-4.40927e-06	1555.66	200.462	0	-1088.19	180	0	0.484322	123.001	0	-2.20406	235.999	0	-0.000176825	15378
FRIGG	5.32632e-07	1.33238	1.92792	-2.39684e-06	-0.9861	0.00581785	-0.000112847	3.11131	-2.17639	0.000486778	-0.00297524	0.00198381	180	0	-0.0752311	256.34	-4.41585e-06	1555.66	200.462	0	-1088.19	180	0	0.480769	123.001	0	-2.20406	235.999	0	-0.000176482	15414
FRIGG	5.32632e-07	1.33238	1.92792	-2.39684e-06	-0.9861	0.00581785	-0.000112796	3.11131	-2.17639	0.000483216	-0.00297524	0.00198381	180	0	-0.0751971	256.34	-4.41057e-06	1555.66	200.462	0	-1088.19	180	0	0.47725	123.001	0	-2.20406	235.999	0	-0.000174979	15452
FRIGG	5.32632e-07	1.33238	1.92792	-2.39684e-06	-0.9861	0.00581785	-0.000112756	3.11134	-2.17639	0.000479667	-0.00297522	0.00198379	180	0	-0.0751707	256.34	-3.9967e-06	1555.67	200.462	0	-1088.19	180	0	0.473745	123.001	0	-2.20404	235.999	0	-0.000176	15490
FRIGG	5.32632e-07	1.33238	1.92792	-2.39684e-06	-0.9861	0.00581785	-0.000112756	3.11134	-2.17639	0.000479667	-0.00297522	0.00198379	180	0	-0.0751707	256.34	-3.9967e-06	1555.67	200.462	0	-1088.19	180	0	0.473745	123.001	0	-2.20404	235.999	0	-0.000176	15523
FRIGG	5.32632e-07	1.33238	1.92792	-2.39684e-06	-0.9861	0.00581785	-0.000112712	3.11134	-2.17639	0.000476155	-0.00297523	0.0019838	180	0	-0.075141	256.34	-2.62586e-06	1555.67	200.462	0	-1088.19	180	0	0.470277	123.001	0	-2.20405	235.999	0	-0.000174882	15556
FRIGG	5.32632e-07	1.33238	1.92792	-2.39684e-06	-0.9861	0.00581785	-0.000112675	3.11134	-2.17639	0.000472657	-0.00297524	0.00198381	180	0	-0.0751167	256.34	-2.57719e-06	1555.67	200.462	0	-1088.19	180	0	0.466822	123.001	0	-2.20406	235.999	0	-0.000175902	15597
FRIGG	5.32632e-07	1.33238	1.92792	-2.39684e-06	-0.9861	0.00581785	-0.000112645	3.11134	-2.17639	0.000469186	-0.00297524	0.00198381	180	0	-0.0750968	256.34	-2.57034e-06	1555.67	200.462	0	-1088.19	180	0	0.463394	123.001	0	-2.20406	235.999	0	-0.000175906	15638
FRIGG	5.32632e-07	1.33238	1.92792	-2.19711e-06	-0.9861	0.00581785	-0.000112607	3.11134	-2.17639	0.000465747	-0.00297524	0.00198381	180	0	-0.0750716	256.34	-2.57012e-06	1555.67	200.462	0	-1088.19	180	0	0.459997	123.001	0	-2.20406	235.999	0	-0.000175773	15679
FRIGG	5.32632e-07	1.33238	1.92792	-2.19711e-06	-0.9861	0.00581785	-0.000112607	3.11134	-2.17639	0.000465747	-0.00297524	0.00198381	180	0	-0.0750716	256.34	-2.57012e-06	1555.67	200.462	0	-1088.19	180	0	0.459997	123.001	0	-2.20406	235.999	0	-0.000175773	15719
FRIGG	5.32632e-07	1.33238	1.92792	-2.19711e-06	-0.9861	0.00581785	-0.000112557	3.11134	-2.17639	0.000462341	-0.00297536	0.00198373	180	0	-0.075038	256.34	-2.57148e-06	1555.67	200.462	0	-1088.19	180	0	0.456633	123.001	0	-2.20406	235.999	0	-8.65676e-05	15752
FRIGG	5.32632e-07	1.33238	1.92792	-2.19711e-06	-0.9861	0.00581785	-0.000112529	3.11134	-2.17639	0.000458945	-0.00295982	0.00197337	180	0	-0.075019	256.34	-2.59433e-06	1555.67	200.462	0	-1088.19	180	0	0.453279	123.001	0	-2.19255	235.999	0	-8.78599e-05	15784
FRIGG	5.32632e-07	1.33238	1.92792	-2.19711e-06	-0.9861	0.00581785	-0.00011249	3.11134	-2.17639	0.000455585	-0.00295984	0.00197338	180	0	-0.0749931	256.34	-2.57179e-06	1555.67	200.462	0	-1088.19	180	0	0.449961	123.001	0	-2.19256	235.999	0	-8.7289e-05	15819
FRIGG	5.32632e-07	1.33238	1.92792	-2.19711e-06	-0.9861	0.00581785	-0.000112468	3.11134	-2.17639	0.000452241	-0.00295984	0.00197338	180	0	-0.0749787	256.34	-2.56807e-06	1555.67	200.462	0	-1088.19	180	0	0.446657	123.001	0	-2.19256	235.999	0	-8.73781e-05	15865
FRIGG	5.32632e-07	1.33238	1.92792	-2.19711e-06	-0.9861	0.00581785	-0.000112468	3.11134	-2.17639	0.000452241	-0.00295984	0.00197338	180	0	-0.0749787	256.34	-2.56807e-06	1555.67	200.462	0	-1088.19	180	0	0.446657	123.001	0	-2.19256	235.999	0	-8.73781e-05	15904
FRIGG	5.32632e-07	1.33238	1.92792	-2.19711e-06	-0.9861	0.00581785	-0.000112433	3.11134	-2.17639	0.000448927	-0.00295984	0.00197338	180	0	-0.0749553	256.34	-2.56969e-06	1555.67	200.462	0	-1088.19	180	0	0.443385	123.001	0	-2.19256	235.999	0	-8.75409e-05	15937
FRIGG	5.32632e-07	1.33238	1.92792	-2.19711e-06	-0.9861	0.00581785	-0.000112395	3.11134	-2.17639	0.000445644	-0.00295984	0.00197338	180	0	-0.0749299	256.34	-2.57204e-06	1555.67	200.462	0	-1088.19	180	0	0.440142	123.001	0	-2.19256	235.999	0	-8.68579e-05	15971
FRIGG	5.32632e-07	1.33238	1.92792	-2.19711e-06	-0.9861	0.00581785	-0.000112376	3.11134	-2.17639	0.000442372	-0.00295984	0.00197338	180	0	-0.0749173	256.34	-2.57016e-06	1555.67	200.462	0	-1088.19	180	0	0.436911	123.001	0	-2.19256	235.999	0	-8.71585e-05	16008
FRIGG	5.32632e-07	1.33238	1.92792	-2.19711e-06	-0.9861	0.00581785	-0.000112346	3.11134	-2.17639	0.000439128	-0.00295984	0.00197338	180	0	-0.0748975	256.34	-2.57025e-06	1555.67	200.462	0	-1088.19	180	0	0.433707	123.001	0	-2.19256	235.999	0	-8.78122e-05	16046
FRIGG	5.32632e-07	1.33238	1.92792	-2.19711e-06	-0.9861	0.00581785	-0.000112346	3.11134	-2.17639	0.000439128	-0.00295984	0.00197338	180	0	-0.0748975	256.34	-2.57025e-06	1555.67	200.462	0	-1088.19	180	0	0.433707	123.001	0	-2.19256	235.999	0	-8.78122e-05	16087
FRIGG	5.32632e-07	1.33238	1.92792	-2.19711e-06	-0.9861	0.00581785	-0.000112315	3.11134	-2.17639	0.000435917	-0.00295984	0.00197338	180	0	-0.0748765	256.34	-2.57215e-06	1555.67	200.462	0	-1088.19	180	0	0.430535	123.001	0	-2.19256	235.999	0	-8.67534e-05	16115
FRIGG	5.32632e-07	1.33238	1.92792	-2.19711e-06	-0.9861	0.00581785	-0.000112292	3.11134	-2.17639	0.000432715	-0.00295984	0.00197338	180	0	-0.0748615	256.34	-2.56979e-06	1555.67	200.462	0	-1088.19	180	0	0.427373	123.001	0	-2.19256	235.999	0	-8.82142e-05	16153
FRIGG	5.32632e-07	1.33238	1.92792	-2.19711e-06	-0.9861	0.00581785	-0.000112265	3.11134	-2.17639	0.000429552	-0.00295984	0.00197338	180	0	-0.0748434	256.34	-2.57169e-06	1555.67	200.462	0	-1088.19	180	0	0.424249	123.001	0	-2.19256	235.999	0	-8.66984e-05	16196
FRIGG	5.32632e-07	1.33238	1.92792	-1.99737e-06	-0.9861	0.00581785	-0.000112244	3.11134	-2.17639	0.000426402	-0.00295984	0.00197338	180	0	-0.0748293	256.34	-2.57081e-06	1555.67	200.462	0	-1088.19	180	0	0.421138	123.001	0	-2.19256	235.999	0	-8.71677e-05	16234
FRIGG	5.32632e-07	1.33238	1.92792	-1.99737e-06	-0.9861	0.00581785	-0.000112244	3.11134	-2.17639	0.000426402	-0.00295984	0.00197338	180	0	-0.0748293	256.34	-2.57081e-06	1555.67	200.462	0	-1088.19	180	0	0.421138	123.001	0	-2.19256	235.999	0	-8.71677e-05	16272
FRIGG	5.32632e-07	1.33238	1.92792	-1.99737e-06	-0.9861	0.00581785	-0.00011222	3.11134	-2.17639	0.000423276	-0.00295984	0.00197338	180	0	-0.0748132	256.34	-2.57042e-06	1555.67	200.462	0	-1088.19	180	0	0.418051	123.001	0	-2.19256	235.999	0	-8.79205e-05	16312
FRIGG	5.32632e-07	1.33238	1.92792	-1.99737e-06	-0.9861	0.00581785	-0.000112194	3.11134	-2.17639	0.000420182	-0.00295984	0.00197338	180	0	-0.0747958	256.34	-2.57219e-06	1555.67	200.462	0	-1088.19	180	0	0.414994	123.001	0	-2.19256	235.999	0	-8.69144e-05	16355
FRIGG	5.32632e-07	1.33238	1.92792	-1.99737e-06	-0.9861	0.00581785	-0.000112176	3.11134	-2.17639	0.000417098	-0.00295984	0.00197338	180	0	-0.0747838	256.34	-2.57052e-06	1555.67	200.462	0	-1088.19	180	0	0.411949	123.001	0	-2.19256	235.999	0	-8.78902e-05	16391
FRIGG	5.32632e-07	1.33238	1.92792	-1.99737e-06	-0.9861	0.00581785	-0.000112176	3.11134	-2.17639	0.000417098	-0.00295984	0.00197338	180	0	-0.0747838	256.34	-2.57052e-06	1555.67	200.462	0	-1088.19	180	0	0.411949	123.001	0	-2.19256	235.999	0	-8.78902e-05	16428
FRIGG	5.32632e-07	1.33238	1.92792	-1.99737e-06	-0.9861	0.00581785	-0.000112155	3.11134	-2.17639	0.000414044	-0.00295984	0.00197338	180	0	-0.0747698	256.34	-2.57074e-06	1555.67	200.462	0	-1088.19	180	0	0.408932	123.001	0	-2.19256	235.999	0	-8.78586e-05	16459
FRIGG	5.32632e-07	1.33238	1.92792	-1.99737e-06	-0.9861	0.00581785	-0.000112129	3.11134	-2.17639	0.000411015	-0.00295984	0.00197338	180	0	-0.0747527	256.34	-2.57234e-06	1555.67	200.462	0	-1088.19	180	0	0.405941	123.001	0	-2.19256	235.999	0	-8.74678e-05	16501
FRIGG	5.32632e-07	1.33238	1.92792	-1.99737e-06	-0.9861	0.00581785	-0.000112113	3.11134	-2.17639	0.000408005	-0.00295984	0.00197338	180	0	-0.0747417	256.34	-2.57201e-06	1555.67	200.462	0	-1088.19	180	0	0.402968	123.001	0	-2.19256	235.999	0	-8.73104e-05	16533
FRIGG	5.32632e-07	1.33238	1.92792	-1.99737e-06	-0.9861	0.00581785	-0.000112093	3.11134	-2.17639	0.000405019	-0.00295984	0.00197338	180	0	-0.0747289	256.34	-2.57308e-06	1555.67	200.462	0	-1088.19	180	0	0.400019	123.001	0	-2.19256	235.999	0	-8.66265e-05	16572
FRIGG	5.32632e-07	1.33238	1.92792	-1.99737e-06	-0.9861	0.00581785	-0.000112093	3.11134	-2.17639	0.000405019	-0.00295984	0.00197338	180	0	-0.0747289	256.34	-2.57308e-06	1555.67	200.462	0	-1088.19	180	0	0.400019	123.001	0	-2.19256	235.999	0	-8.66265e-05	16606
FRIGG	5.32632e-07	1.33238	1.92792	-1.99737e-06	-0.9861	0.00581785	-0.000112075	3.11134	-2.17639	0.000402051	-0.00295984	0.00197338	180	0	-0.0747167	256.34	-2.57221e-06	1555.67	200.462	0	-1088.19	180	0	0.397088	123.001	0	-2.19256	235.999	0	-8.7628e-05	16647
FRIGG	5.32632e-07	1.33238	1.92792	-1.99737e-06	-0.9861	0.00581785	-0.000112059	3.11134	-2.17639	0.000399107	-0.00295984	0.00197338	180	0	-0.0747061	256.34	-2.57202e-06	1555.67	200.462	0	-1088.19	180	0	0.394179	123.001	0	-2.19256	235.999	0	-8.77288e-05	16687
FRIGG	5.32632e-07	1.33238	1.92792	-1.99737e-06	-0.9861	0.00581785	-0.00011204	3.11134	-2.17639	0.000396185	-0.00295984	0.00197338	180	0	-0.0746936	256.34	-2.57178e-06	1555.67	200.462	0	-1088.19	180	0	0.391294	123.001	0	-2.19256	235.999	0	-8.79381e-05	16723
FRIGG	5.32632e-07	1.33238	1.92792	-1.99737e-06	-0.9861	0.0058179	-0.000112022	3.11134	-2.17639	0.000393289	-0.00294383	0.00196271	180	0	-0.0746816	256.34	-2.57305e-06	1555.67	200.462	0	-1088.19	180	0	0.388433	123.001	0	-2.1807	235.999	0	-8.71992e-05	16756
FRIGG	5.32632e-07	1.33238	1.92792	-1.99737e-06	-0.9861	0.0058179	-0.00011201	3.11134	-2.17639	0.000390406	-0.00294431	0.00196303	180	0	-0.0746734	256.34	-2.58712e-06	1555.67	200.462	0	-1088.19	180	0	0.385586	123.001	0	-2.18106	235.999	0	-8.78372e-05	16797
FRIGG	5.32632e-07	1.33238	1.92792	-1.99737e-06	-0.9861	0.0058179	-0.00011201	3.11134	-2.17639	0.000390406	-0.00294431	0.00196303	180	0	-0.0746734	256.34	-2.58712e-06	1555.67	200.462	0	-1088.19	180	0	0.385586	123.001	0	-2.18106	235.999	0	-8.78372e-05	16835
FRIGG	5.32632e-07	1.33238	1.92792	-1.79763e-06	-0.9861	0.0058179	-0.000111994	3.11134	-2.17639	0.00038755	-0.00294431	0.00196303	180	0	-0.0746626	256.34	-2.57411e-06	1555.67	200.462	0	-1088.19	180	0	0.382766	123.001	0	-2.18106	235.999	0	-8.7645e-05	16873
FRIGG	5.32632e-07	1.33238	1.92792	-1.79763e-06	-0.9861	0.0058179	-0.000111978	3.11134	-2.17639	0.000384714	-0.00294431	0.00196303	180	0	-0.0746517	256.34	-2.57272e-06	1555.67	200.462	0	-1088.19	180	0	0.379964	123.001	0	-2.18106	235.999	0	-8.78531e-05	16912
FRIGG	5.32632e-07	1.33238	1.92792	-1.79763e-06	-0.9861	0.0058179	-0.000111938	3.11134	-2.17639	0.000381903	-0.00294431	0.00196303	180	0	-0.0746253	256.34	-2.5763e-06	1555.67	200.462	0	-1088.19	180	0	0.377188	123.001	0	-2.18106	235.999	0	-8.78609e-05	16952
FRIGG	5.32632e-07	1.33238	1.92792	-1.79763e-06	-0.9861	0.0058179	-0.000111938	3.11134	-2.17639	0.000381903	-0.00294431	0.00196303	180	0	-0.0746253	256.34	-2.5763e-06	1555.67	200.462	0	-1088.19	180	0	0.377188	123.001	0	-2.18106	235.999	0	-8.78609e-05	16989
FRIGG	5.32632e-07	1.33238	1.92792	-1.79763e-06	-0.9861	0.0058179	-0.000111968	3.11134	-2.17639	0.000379097	-0.00294432	0.00196303	180	0	-0.074645	256.34	-2.5701e-06	1555.67	200.462	0	-1088.19	180	0	0.374417	123.001	0	-2.18106	235.999	0	-8.73408e-05	17030
FRIGG	5.32632e-07	1.33238	1.92792	-1.79763e-06	-0.9861	0.0058179	-0.000111939	3.11134	-2.17639	0.000376333	-0.00294432	0.00196303	180	0	-0.0746259	256.34	-2.57502e-06	1555.67	200.462	0	-1088.19	180	0	0.371687	123.001	0	-2.18106	235.999	0	-8.69103e-05	17071
FRIGG	5.32632e-07	1.33238	1.92792	-1.79763e-06	-0.9861	0.0058179	-0.00011192	3.11134	-2.17639	0.000373578	-0.00294431	0.00196303	180	0	-0.0746135	256.34	-2.57424e-06	1555.67	200.462	0	-1088.19	180	0	0.368966	123.001	0	-2.18106	235.999	0	-8.79878e-05	17107
FRIGG	5.32632e-07	1.33238	1.92792	-1.79763e-06	-0.9861	0.0058179	-0.000111909	3.11134	-2.17639	0.000370845	-0.00294431	0.00196303	180	0	-0.074606	256.34	-2.57331e-06	1555.67	200.462	0	-1088.19	180	0	0.366267	123.001	0	-2.18106	235.999	0	-8.77935e-05	17151
FRIGG	5.32632e-07	1.33238	1.92792	-1.79763e-06	-0.9861	0.0058179	-0.000111909	3.11134	-2.17639	0.000370845	-0.00294431	0.00196303	180	0	-0.074606	256.34	-2.57331e-06	1555.67	200.462	0	-1088.19	180	0	0.366267	123.001	0	-2.18106	235.999	0	-8.77935e-05	17186
FRIGG	5.32632e-07	1.33238	1.92792	-1.79763e-06	-0.9861	0.0058179	-0.000111881	3.11134	-2.17639	0.000368145	-0.00294432	0.00196303	180	0	-0.0745877	256.34	-2.5773e-06	1555.67	200.462	0	-1088.19	180	0	0.3636	123.001	0	-2.18106	235.999	0	-8.59078e-05	17227
FRIGG	5.32632e-07	1.33238	1.92792	-1.79763e-06	-0.9861	0.0058179	-0.000111888	3.11134	-2.17639	0.000365441	-0.00294432	0.00196303	180	0	-0.074592	256.34	-2.5732e-06	1555.67	200.462	0	-1088.19	180	0	0.36093	123.001	0	-2.18106	235.999	0	-8.71441e-05	17267
FRIGG	5.32632e-07	1.33238	1.92792	-1.79763e-06	-0.9861	0.0058179	-0.000111879	3.11134	-2.17639	0.000362765	-0.00294431	0.00196303	180	0	-0.0745861	256.34	-2.57324e-06	1555.67	200.462	0	-1088.19	180	0	0.358287	123.001	0	-2.18106	235.999	0	-8.79213e-05	17302
FRIGG	5.32632e-07	1.33238	1.92792	-1.79763e-06	-0.9861	0.0058179	-0.000111865	3.11134	-2.17639	0.000360115	-0.00294431	0.00196303	180	0	-0.0745768	256.34	-2.57434e-06	1555.67	200.462	0	-1088.19	180	0	0.355669	123.001	0	-2.18106	235.999	0	-8.75511e-05	17343
FRIGG	5.32632e-07	1.33238	1.92792	-1.79763e-06	-0.9861	0.0058179	-0.000111865	3.11134	-2.17639	0.000360115	-0.00294431	0.00196303	180	0	-0.0745768	256.34	-2.57434e-06	1555.67	200.462	0	-1088.19	180	0	0.355669	123.001	0	-2.18106	235.999	0	-8.75511e-05	17384
FRIGG	5.32632e-07	1.33238	1.92792	-1.79763e-06	-0.9861	0.0058179	-0.000111851	3.11134	-2.17639	0.000357486	-0.00294432	0.00196303	180	0	-0.0745671	256.34	-2.57572e-06	1555.67	200.462	0	-1088.19	180	0	0.353072	123.001	0	-2.18106	235.999	0	-8.7179e-05	17420
FRIGG	5.32632e-07	1.33238	1.92792	-1.79763e-06	-0.9861	0.0058179	-0.000111843	3.11134	-2.17639	0.000354869	-0.00294431	0.00196303	180	0	-0.074562	256.34	-2.57473e-06	1555.67	200.462	0	-1088.19	180	0	0.350488	123.001	0	-2.18106	235.999	0	-8.75799e-05	17462
FRIGG	5.32632e-07	1.33238	1.92792	-1.79763e-06	-0.9861	0.0058179	-0.00011183	3.11134	-2.17639	0.000352278	-0.00294432	0.00196303	180	0	-0.0745531	256.34	-2.57563e-06	1555.67	200.462	0	-1088.19	180	0	0.347929	123.001	0	-2.18106	235.999	0	-8.71477e-05	17502
FRIGG	5.32632e-07	1.33238	1.92792	-1.79763e-06	-0.9861	0.0058179	-0.000111824	3.11134	-2.17639	0.000351226	-0.00294431	0.00196303	180	0	-0.0745491	256.34	-2.57567e-06	1555.67	200.462	0	-1088.19	180	0	0.34689	123.001	0	-2.18106	235.999	0	-8.73298e-05	17540
FRIGG	5.32632e-07	1.33238	1.92792	-1.79763e-06	-0.9861	0.0058179	-0.000111823	3.11134	-2.17639	0.000349701	-0.00294432	0.00196303	180	0	-0.0745486	256.34	-2.57456e-06	1555.67	200.462	0	-1088.19	180	0	0.345384	123.001	0	-2.18106	235.999	0	-8.73636e-05	17583
FRIGG	5.32632e-07	1.33238	1.92792	-1.5979e-06	-0.9861	0.0058179	-0.000111815	3.11134	-2.17639	0.000347146	-0.00294432	0.00196303	180	0	-0.0745431	256.34	-2.57483e-06	1555.67	200.462	0	-1088.19	180	0	0.34286	123.001	0	-2.18106	235.999	0	-8.73648e-05	17620
FRIGG	5.32632e-07	1.33238	1.92792	-1.5979e-06	-0.9861	0.0058179	-0.000111804	3.11134	-2.17639	0.00034461	-0.00294444	0.00196295	180	0	-0.0745358	256.34	-2.57587e-06	1555.67	200.462	0	-1088.19	180	0	0.340356	123.001	0	-2.18106	235.999	0	1.29406e-06	17655
FRIGG	5.32632e-07	1.33238	1.92792	-1.5979e-06	-0.9861	0.0058179	-0.000111796	3.11134	-2.17639	0.000342091	-0.00294443	0.00196295	180	0	-0.0745305	256.34	-2.57575e-06	1555.67	200.462	0	-1088.19	180	0	0.337867	123.001	0	-2.18106	235.999	0	1.09176e-06	17689
FRIGG	5.32632e-07	1.33238	1.92792	-1.5979e-06	-0.9861	0.0058179	-0.000111786	3.11134	-2.17639	0.000339592	-0.00294443	0.00196295	180	0	-0.0745243	256.34	-2.57595e-06	1555.67	200.462	0	-1088.19	180	0	0.3354	123.001	0	-2.18106	235.999	0	1.17943e-06	17729
FRIGG	5.32632e-07	1.33238	1.92792	-1.5979e-06	-0.9861	0.0058179	-0.000111786	3.11134	-2.17639	0.000339592	-0.00294443	0.00196295	180	0	-0.0745243	256.34	-2.57595e-06	1555.67	200.462	0	-1088.19	180	0	0.3354	123.001	0	-2.18106	235.999	0	1.17943e-06	17770
FRIGG	5.32632e-07	1.33238	1.92792	-1.5979e-06	-0.9861	0.0058179	-0.00011178	3.11134	-2.17639	0.00033711	-0.00294443	0.00196295	180	0	-0.0745198	256.34	-2.57559e-06	1555.67	200.462	0	-1088.19	180	0	0.332948	123.001	0	-2.18106	235.999	0	8.10946e-07	17810
FRIGG	5.32632e-07	1.33238	1.92792	-1.5979e-06	-0.9861	0.0058179	-0.00011177	3.11134	-2.17639	0.000334647	-0.00294443	0.00196295	180	0	-0.0745133	256.34	-2.58047e-06	1555.67	200.462	0	-1088.19	180	0	0.330516	123.001	0	-2.18106	235.999	0	5.78839e-07	17848
FRIGG	5.32632e-07	1.33238	1.92792	-1.5979e-06	-0.9861	0.0058179	-0.000111762	3.11134	-2.17639	0.000332204	-0.00294443	0.00196295	180	0	-0.0745077	256.34	-2.57509e-06	1555.67	200.462	0	-1088.19	180	0	0.328102	123.001	0	-2.18106	235.999	0	7.80088e-07	17886
FRIGG	5.32632e-07	1.33238	1.92792	-1.5979e-06	-0.9861	0.0058179	-0.000111762	3.11134	-2.17639	0.000332204	-0.00294443	0.00196295	180	0	-0.0745077	256.34	-2.57509e-06	1555.67	200.462	0	-1088.19	180	0	0.328102	123.001	0	-2.18106	235.999	0	7.80088e-07	17920
FRIGG	5.32632e-07	1.33238	1.92792	-1.5979e-06	-0.9861	0.0058179	-0.000111758	3.11134	-2.17639	0.000329774	-0.00294443	0.00196296	180	0	-0.0745056	256.34	-2.57162e-06	1555.67	200.462	0	-1088.19	180	0	0.325703	123.001	0	-2.18106	235.999	0	4.68531e-07	17960
FRIGG	5.32632e-07	1.33238	1.92792	-1.5979e-06	-0.9861	0.0058179	-0.000111747	3.11134	-2.17639	0.00032737	-0.00294444	0.00196295	180	0	-0.0744981	256.34	-2.57484e-06	1555.67	200.462	0	-1088.19	180	0	0.323328	123.001	0	-2.18106	235.999	0	1.09576e-06	17998
FRIGG	5.32632e-07	1.33238	1.92792	-1.5979e-06	-0.9861	0.0058179	-0.000111742	3.11137	-2.17639	0.000324978	-0.00294439	0.00196292	180	0	-0.0744946	256.34	-1.37986e-06	1555.69	200.462	0	-1088.19	180	0	0.320966	123.001	0	-2.18103	235.999	0	7.77807e-07	18034
FRIGG	5.32632e-07	1.33238	1.92792	-1.5979e-06	-0.9861	0.0058179	-0.000111728	3.11137	-2.17639	0.000322611	-0.00294443	0.00196295	180	0	-0.074485	256.34	-7.86445e-07	1555.69	200.462	0	-1088.19	180	0	0.318628	123.001	0	-2.18106	235.999	0	1.60791e-06	18071
FRIGG	5.32632e-07	1.33238	1.92792	-1.5979e-06	-0.9861	0.0058179	-0.000111731	3.11137	-2.17639	0.000320249	-0.00294443	0.00196295	180	0	-0.0744873	256.34	-7.54815e-07	1555.69	200.462	0	-1088.19	180	0	0.316295	123.001	0	-2.18106	235.999	0	6.44072e-07	18118
FRIGG	5.32632e-07	1.33238	1.92792	-1.5979e-06	-0.9861	0.0058179	-0.000111731	3.11137	-2.17639	0.000320249	-0.00294443	0.00196295	180	0	-0.0744873	256.34	-7.54815e-07	1555.69	200.462	0	-1088.19	180	0	0.316295	123.001	0	-2.18106	235.999	0	6.44072e-07	18155
FRIGG	5.32632e-07	1.33238	1.92792	-1.5979e-06	-0.9861	0.0058179	-0.000111722	3.11137	-2.17639	0.000317911	-0.00294443	0.00196295	180	0	-0.0744811	256.34	-7.5053e-07	1555.69	200.462	0	-1088.19	180	0	0.313987	123.001	0	-2.18106	235.999	0	5.49238e-07	18192
FRIGG	5.32632e-07	1.33238	1.92792	-1.5979e-06	-0.9861	0.0058179	-0.000111714	3.11137	-2.17639	0.000315594	-0.00294443	0.00196295	180	0	-0.0744759	256.34	-7.48404e-07	1555.69	200.462	0	-1088.19	180	0	0.311698	123.001	0	-2.18106	235.999	0	1.02515e-06	18235
FRIGG	5.32632e-07	1.33238	1.92792	-1.5979e-06	-0.9861	0.0058179	-0.000111709	3.11137	-2.17639	0.000313288	-0.00294443	0.00196296	180	0	-0.0744729	256.34	-7.4636e-07	1555.69	200.462	0	-1088.19	180	0	0.30942	123.001	0	-2.18106	235.999	0	6.49434e-07	18272
FRIGG	5.32632e-07	1.33238	1.92792	-1.5979e-06	-0.9861	0.00581785	-0.000111703	3.11137	-2.17639	0.000311002	-0.0029289	0.0019526	180	0	-0.0744684	256.34	-7.64475e-07	1555.69	200.462	0	-1088.19	180	0	0.307163	123.001	0	-2.16956	235.999	0	6.13795e-07	18313
FRIGG	5.32632e-07	1.33238	1.92792	-1.5979e-06	-0.9861	0.00581785	-0.000111703	3.11137	-2.17639	0.000311002	-0.0029289	0.0019526	180	0	-0.0744684	256.34	-7.64475e-07	1555.69	200.462	0	-1088.19	180	0	0.307163	123.001	0	-2.16956	235.999	0	6.13795e-07	18351
FRIGG	5.32632e-07	1.33238	1.92792	-1.39816e-06	-0.9861	0.00581785	-0.000111698	3.11137	-2.17639	0.000308732	-0.00292891	0.00195261	180	0	-0.0744656	256.34	-7.48565e-07	1555.69	200.462	0	-1088.19	180	0	0.304921	123.001	0	-2.16956	235.999	0	5.30671e-07	18390
FRIGG	5.32632e-07	1.33238	1.92792	-1.39816e-06	-0.9861	0.00581785	-0.000111692	3.11137	-2.17639	0.000306482	-0.00292891	0.00195261	180	0	-0.0744613	256.34	-7.48076e-07	1555.69	200.462	0	-1088.19	180	0	0.302698	123.001	0	-2.16956	235.999	0	8.84822e-07	18432
FRIGG	5.32632e-07	1.33238	1.92792	-1.39816e-06	-0.9861	0.00581785	-0.000111692	3.11137	-2.17639	0.000306482	-0.00292891	0.00195261	180	0	-0.0744613	256.34	-7.48076e-07	1555.69	200.462	0	-1088.19	180	0	0.302698	123.001	0	-2.16956	235.999	0	8.84822e-07	18462
FRIGG	5.32632e-07	1.33238	1.92792	-1.39816e-06	-0.9861	0.00581785	-0.000111686	3.11137	-2.17639	0.000304246	-0.00292891	0.00195261	180	0	-0.0744575	256.34	-7.48452e-07	1555.69	200.462	0	-1088.19	180	0	0.30049	123.001	0	-2.16956	235.999	0	7.75129e-07	18505
FRIGG	5.32632e-07	1.33238	1.92792	-1.39816e-06	-0.9861	0.00581785	-0.000111682	3.11137	-2.17639	0.000302026	-0.00292891	0.00195261	180	0	-0.0744547	256.34	-7.4835e-07	1555.69	200.462	0	-1088.19	180	0	0.298297	123.001	0	-2.16956	235.999	0	6.861e-07	18549
FRIGG	5.32632e-07	1.33238	1.92792	-1.39816e-06	-0.9861	0.00581785	-0.000111677	3.11137	-2.17639	0.000299822	-0.00292891	0.00195261	180	0	-0.074451	256.34	-7.48216e-07	1555.69	200.462	0	-1088.19	180	0	0.296121	123.001	0	-2.16956	235.999	0	5.51374e-07	18582
FRIGG	5.32632e-07	1.33238	1.92792	-1.39816e-06	-0.9861	0.00581785	-0.000111671	3.11137	-2.17639	0.000297628	-0.00292891	0.00195261	180	0	-0.0744476	256.34	-7.46042e-07	1555.69	200.462	0	-1088.19	180	0	0.293954	123.001	0	-2.16956	235.999	0	-9.67262e-07	18620
FRIGG	5.32632e-07	1.33238	1.92792	-1.39816e-06	-0.9861	0.00581785	-0.000111673	3.11137	-2.17639	0.000295465	-0.00292891	0.00195261	180	0	-0.0744484	256.34	-7.47904e-07	1555.69	200.462	0	-1088.19	180	0	0.291817	123.001	0	-2.16956	235.999	0	1.11298e-06	18656
FRIGG	5.32632e-07	1.33238	1.92792	-1.39816e-06	-0.9861	0.00581785	-0.000111673	3.11137	-2.17639	0.000295465	-0.00292891	0.00195261	180	0	-0.0744484	256.34	-7.47904e-07	1555.69	200.462	0	-1088.19	180	0	0.291817	123.001	0	-2.16956	235.999	0	1.11298e-06	18698
FRIGG	5.32632e-07	1.33238	1.92792	-1.39816e-06	-0.9861	0.00581785	-0.000111664	3.11137	-2.17639	0.000293312	-0.00292891	0.00195261	180	0	-0.0744423	256.34	-7.49061e-07	1555.69	200.462	0	-1088.19	180	0	0.289691	123.001	0	-2.16956	235.999	0	8.8667e-07	18739
FRIGG	5.32632e-07	1.33238	1.92792	-1.39816e-06	-0.9861	0.00581785	-0.000111654	3.11137	-2.17639	0.000291175	-0.00292891	0.00195261	180	0	-0.0744361	256.34	-7.49228e-07	1555.69	200.462	0	-1088.19	180	0	0.28758	123.001	0	-2.16956	235.999	0	7.16922e-07	18775
FRIGG	5.32632e-07	1.33238	1.92792	-1.39816e-06	-0.9861	0.00581785	-0.000111653	3.11137	-2.17639	0.000289051	-0.00292891	0.00195261	180	0	-0.074435	256.34	-7.47987e-07	1555.69	200.462	0	-1088.19	180	0	0.285482	123.001	0	-2.16956	235.999	0	5.74839e-07	18819
FRIGG	-2.92948e-06	1.33238	1.92792	-3.795e-06	-0.9861	0.00581768	0.00312564	3.11162	-2.17665	0.00165617	-0.00285545	0.00187673	180	0	2.08376	256.34	-0.000287125	1555.81	200.462	0	-1088.33	180	0	1.63572	123.001	0	-2.1002	235.999	0	0.0149442	18854
FRIGG	-2.92948e-06	1.33238	1.92792	-3.795e-06	-0.9861	0.00581768	0.00312564	3.11162	-2.17665	0.00165617	-0.00285545	0.00187673	180	0	2.08376	256.34	-0.000287125	1555.81	200.462	0	-1088.33	180	0	1.63572	123.001	0	-2.1002	235.999	0	0.0149442	18897
FRIGG	-4.52737e-06	1.33238	1.92792	-4.19448e-06	-0.9861	0.00581785	0.0010683	3.11126	-2.17631	0.000488302	-0.00283845	0.00204666	180	0	0.712202	256.34	0.000343417	1555.63	200.462	0	-1088.16	180	0	0.482273	123.001	0	-2.18831	235.999	0	-0.0857592	18933
FRIGG	-2.39684e-06	1.33238	1.92792	-2.59658e-06	-0.9861	0.00581794	-0.00131635	3.11111	-2.17615	-0.000369405	-0.00292812	0.00208584	180	0	-0.877566	256.34	0.000441014	1555.55	200.462	0	-1088.07	180	0	-0.364844	123.001	0	-2.24329	235.999	0	-0.0743148	18975
FRIGG	1.06526e-06	1.33238	1.92792	-5.99211e-07	-0.9861	0.00581803	-0.00233511	3.11121	-2.17621	-0.000595863	-0.00294721	0.00202252	180	0	-1.55674	256.34	0.000134012	1555.6	200.462	0	-1088.1	180	0	-0.588507	123.001	0	-2.21518	235.999	0	-0.032062	19014
FRIGG	3.72843e-06	1.33238	1.92792	3.99474e-07	-0.9861	0.00581794	-0.00202014	3.11138	-2.17642	-0.000348129	-0.0029322	0.00194947	180	0	-1.34676	256.34	-0.00019241	1555.69	200.462	0	-1088.21	180	0	-0.343831	123.001	0	-2.16904	235.999	0	0.00295681	19056
FRIGG	3.72843e-06	1.33238	1.92792	3.99474e-07	-0.9861	0.00581794	-0.00202014	3.11138	-2.17642	-0.000348129	-0.0029322	0.00194947	180	0	-1.34676	256.34	-0.00019241	1555.69	200.462	0	-1088.21	180	0	-0.343831	123.001	0	-2.16904	235.999	0	0.00295681	19095
FRIGG	4.52737e-06	1.33238	1.92792	5.99211e-07	-0.9861	0.00581794	-0.00108826	3.1115	-2.17655	4.90919e-05	-0.00291113	0.00191176	180	0	-0.725507	256.34	-0.00029646	1555.75	200.462	0	-1088.27	180	0	0.0484859	123.001	0	-2.14028	235.999	0	0.016109	19137
FRIGG	3.72843e-06	1.33238	1.92792	0	-0.9861	0.00581785	-0.000227896	3.1115	-2.17652	0.000352149	-0.00289229	0.00190821	180	0	-0.151931	256.34	-0.000178368	1555.75	200.462	0	-1088.26	180	0	0.347802	123.001	0	-2.13133	235.999	0	0.0111025	19176
FRIGG	2.39684e-06	1.33238	1.92792	-7.98948e-07	-0.9861	0.00581785	0.000182237	3.11139	-2.17645	0.000454599	-0.00291116	0.00194504	180	0	0.121491	256.34	2.0514e-05	1555.7	200.462	0	-1088.22	180	0	0.448986	123.001	0	-2.15879	235.999	0	-0.00236794	19212
FRIGG	1.33158e-06	1.33238	1.92792	-1.19842e-06	-0.9861	0.00581785	0.000151478	3.11132	-2.17634	0.000396558	-0.00292109	0.00197382	180	0	0.100985	256.34	0.000155105	1555.66	200.462	0	-1088.17	180	0	0.391662	123.001	0	-2.17845	235.999	0	-0.0146825	19252
FRIGG	1.33158e-06	1.33238	1.92792	-1.19842e-06	-0.9861	0.00581785	0.000151478	3.11132	-2.17634	0.000396558	-0.00292109	0.00197382	180	0	0.100985	256.34	0.000155105	1555.66	200.462	0	-1088.17	180	0	0.391662	123.001	0	-2.17845	235.999	0	-0.0146825	19292
FRIGG	7.98948e-07	1.33238	1.92792	-1.39816e-06	-0.9861	0.00581794	-0.00011948	3.11126	-2.1763	0.000270887	-0.00293241	0.00199206	180	0	-0.0796535	256.34	0.00016409	1555.63	200.462	0	-1088.15	180	0	0.267542	123.001	0	-2.19278	235.999	0	-0.020623	19330
FRIGG	1.06526e-06	1.33238	1.92792	-1.19842e-06	-0.9861	0.00581794	-0.000400636	3.11127	-2.17631	0.000164931	-0.00293392	0.00199226	180	0	-0.26709	256.34	7.9948e-05	1555.63	200.462	0	-1088.15	180	0	0.162895	123.001	0	-2.19345	235.999	0	-0.0201715	19375
FRIGG	1.33158e-06	1.33238	1.92792	-9.98685e-07	-0.9861	0.00581794	-0.000555745	3.11132	-2.17637	0.000117836	-0.00291946	0.00197585	180	0	-0.370497	256.34	-2.53621e-05	1555.66	200.462	0	-1088.18	180	0	0.116381	123.001	0	-2.17898	235.999	0	-0.0164134	19406
FRIGG	1.5979e-06	1.33238	1.92792	-7.98948e-07	-0.9861	0.00581794	-0.000560056	3.11139	-2.1764	0.000127443	-0.00291213	0.001964	180	0	-0.37337	256.34	-8.68299e-05	1555.69	200.462	0	-1088.2	180	0	0.12587	123.001	0	-2.16968	235.999	0	-0.0125441	19442
FRIGG	1.5979e-06	1.33238	1.92792	-7.98948e-07	-0.9861	0.00581794	-0.000560056	3.11139	-2.1764	0.000127443	-0.00291213	0.001964	180	0	-0.37337	256.34	-8.68299e-05	1555.69	200.462	0	-1088.2	180	0	0.12587	123.001	0	-2.16968	235.999	0	-0.0125441	19480
FRIGG	1.86421e-06	1.33238	1.92792	-7.98948e-07	-0.9861	0.00581794	-0.000470708	3.11139	-2.17643	0.000165634	-0.0028984	0.00195096	180	0	-0.313806	256.34	-8.85299e-05	1555.69	200.462	0	-1088.22	180	0	0.163589	123.001	0	-2.15735	235.999	0	-0.0103876	19519
FRIGG	1.5979e-06	1.33238	1.92792	-7.98948e-07	-0.9861	0.00581794	-0.000364069	3.1114	-2.17645	0.000202537	-0.00290596	0.0019557	180	0	-0.242712	256.34	-4.5585e-05	1555.7	200.462	0	-1088.22	180	0	0.200037	123.001	0	-2.16278	235.999	0	-0.0102178	19553
FRIGG	1.5979e-06	1.33238	1.92792	-7.98948e-07	-0.9861	0.00581794	-0.000291836	3.11137	-2.17642	0.000221347	-0.00291365	0.0019631	180	0	-0.194557	256.34	4.20964e-06	1555.69	200.462	0	-1088.21	180	0	0.218614	123.001	0	-2.16974	235.999	0	-0.0114805	19587
FRIGG	1.5979e-06	1.33238	1.92792	-7.98948e-07	-0.9861	0.00581794	-0.000281368	3.11137	-2.17641	0.000222535	-0.00291496	0.00196478	180	0	-0.187579	256.34	1.41084e-05	1555.68	200.462	0	-1088.21	180	0	0.219788	123.001	0	-2.17116	235.999	0	-0.0119299	19624
FRIGG	1.33158e-06	1.33238	1.92792	-9.98685e-07	-0.9861	0.00581794	-0.000155818	3.11137	-2.17641	0.000301975	-0.00292473	0.00195777	180	0	-0.103879	256.34	6.75523e-06	1555.68	200.462	0	-1088.21	180	0	0.298247	123.001	0	-2.17089	235.999	0	-0.004416	19670
FRIGG	1.06526e-06	1.33238	1.92792	-1.19842e-06	-0.9861	0.00581794	-0.000151049	3.11134	-2.17636	0.000177319	-0.00288302	0.00199623	180	0	-0.100699	256.34	6.32953e-05	1555.67	200.462	0	-1088.18	180	0	0.17513	123.001	0	-2.1768	235.999	0	-0.0412325	19704
FRIGG	1.33158e-06	1.33238	1.92792	-7.98948e-07	-0.9861	0.00581794	-0.000767048	3.11128	-2.17633	-9.38166e-05	-0.00288625	0.00200976	180	0	-0.511366	256.34	0.000115892	1555.64	200.462	0	-1088.16	180	0	-0.0926584	123.001	0	-2.18551	235.999	0	-0.0475488	19746
FRIGG	2.92948e-06	1.33238	1.92792	3.99474e-07	-0.9861	0.00581807	-0.00252107	3.11114	-2.17615	-0.00102152	-0.00286935	0.00209157	180	0	-1.68071	256.34	0.000320582	1555.57	200.462	0	-1088.08	180	0	-1.00891	123.001	0	-2.22471	235.999	0	-0.0992628	19778
FRIGG	2.92948e-06	1.33238	1.92792	3.99474e-07	-0.9861	0.00581807	-0.00252107	3.11114	-2.17615	-0.00102152	-0.00286935	0.00209157	180	0	-1.68071	256.34	0.000320582	1555.57	200.462	0	-1088.08	180	0	-1.00891	123.001	0	-2.22471	235.999	0	-0.0992628	19810
FRIGG	5.32632e-06	1.33238	1.92792	1.79763e-06	-0.9861	0.00581803	-0.00213367	3.11134	-2.17634	-0.0004147	-0.00297836	0.00193981	180	0	-1.42244	256.34	-0.000128538	1555.67	200.462	0	-1088.17	180	0	-0.40958	123.001	0	-2.18077	235.999	0	0.0254211	19846
FRIGG	4.79369e-06	1.33238	1.92792	1.19842e-06	-0.9861	0.00581794	-0.000292154	3.11153	-2.17654	0.00030973	-0.00292766	0.00188817	180	0	-0.19477	256.34	-0.000353821	1555.76	200.462	0	-1088.27	180	0	0.305906	123.001	0	-2.1333	235.999	0	0.0353348	19884
FRIGG	2.66316e-06	1.33238	1.92792	-1.99737e-07	-0.9861	0.00581785	0.000873874	3.11151	-2.17657	0.000656211	-0.00289151	0.00190113	180	0	0.582583	256.34	-0.000207926	1555.76	200.462	0	-1088.28	180	0	0.64811	123.001	0	-2.12711	235.999	0	0.0147443	19918
FRIGG	2.66316e-07	1.33238	1.92792	-1.39816e-06	-0.9861	0.00581785	0.00111785	3.11141	-2.17643	0.000649775	-0.00289222	0.00194219	180	0	0.745235	256.34	4.35484e-05	1555.71	200.462	0	-1088.22	180	0	0.641753	123.001	0	-2.15019	235.999	0	-0.00779807	19957
FRIGG	2.66316e-07	1.33238	1.92792	-1.39816e-06	-0.9861	0.00581785	0.00111785	3.11141	-2.17643	0.000649775	-0.00289222	0.00194219	180	0	0.745235	256.34	4.35484e-05	1555.71	200.462	0	-1088.22	180	0	0.641753	123.001	0	-2.15019	235.999	0	-0.00779807	19991
FRIGG	-1.06526e-06	1.33238	1.92792	-1.79763e-06	-0.9861	0.00581785	0.000744168	3.11131	-2.17632	0.000449457	-0.00292025	0.00198377	180	0	0.496112	256.34	0.000188734	1555.65	200.462	0	-1088.16	180	0	0.443908	123.001	0	-2.18367	235.999	0	-0.0205179	20030
FRIGG	-1.33158e-06	1.33238	1.92792	-1.79763e-06	-0.9861	0.00581794	0.00019999	3.11125	-2.17629	0.000230921	-0.00293424	0.00199343	180	0	0.133327	256.34	0.000167553	1555.63	200.462	0	-1088.15	180	0	0.22807	123.001	0	-2.19421	235.999	0	-0.0207052	20066
FRIGG	-7.98948e-07	1.33238	1.92792	-1.39816e-06	-0.9861	0.00581794	-0.000184396	3.11128	-2.17632	0.000102952	-0.00293914	0.00198219	180	0	-0.122931	256.34	4.62743e-05	1555.64	200.462	0	-1088.16	180	0	0.101681	123.001	0	-2.18979	235.999	0	-0.0126463	20094
FRIGG	0	1.33238	1.92792	-9.98685e-07	-0.9861	0.00581794	-0.000279794	3.11138	-2.17639	9.6775e-05	-0.00293117	0.00195633	180	0	-0.186529	256.34	-7.58838e-05	1555.69	200.462	0	-1088.2	180	0	0.0955802	123.001	0	-2.17247	235.999	0	-0.0012325	20136
FRIGG	0	1.33238	1.92792	-9.98685e-07	-0.9861	0.00581794	-0.000279794	3.11138	-2.17639	9.6775e-05	-0.00293117	0.00195633	180	0	-0.186529	256.34	-7.58838e-05	1555.69	200.462	0	-1088.2	180	0	0.0955802	123.001	0	-2.17247	235.999	0	-0.0012325	20175
FRIGG	2.66316e-07	1.33238	1.92792	-7.98948e-07	-0.9861	0.00581785	-0.000148374	3.11141	-2.17645	0.000163462	-0.00291572	0.0019318	180	0	-0.0989158	256.34	-0.000125747	1555.7	200.462	0	-1088.23	180	0	0.161444	123.001	0	-2.15312	235.999	0	0.00667336	20210
FRIGG	2.66316e-07	1.33238	1.92792	-7.98948e-07	-0.9861	0.00581785	5.33927e-05	3.11142	-2.17647	0.000240866	-0.00290926	0.00192109	180	0	0.0355951	256.34	-9.45026e-05	1555.71	200.462	0	-1088.23	180	0	0.237893	123.001	0	-2.14478	235.999	0	0.0102291	20243
FRIGG	0	1.33238	1.92792	-9.98685e-07	-0.9861	0.00581785	0.000208101	3.11142	-2.17643	0.000289794	-0.00292282	0.0019293	180	0	0.138734	256.34	-2.40896e-05	1555.71	200.462	0	-1088.22	180	0	0.286217	123.001	0	-2.15436	235.999	0	0.0106916	20279
FRIGG	-2.66316e-07	1.33238	1.92792	-1.19842e-06	-0.9861	0.00581785	0.000270123	3.11139	-2.1764	0.000300717	-0.00293358	0.00193743	180	0	0.180082	256.34	3.55091e-05	1555.69	200.462	0	-1088.2	180	0	0.297005	123.001	0	-2.16286	235.999	0	0.0101614	20312
FRIGG	-2.66316e-07	1.33238	1.92792	-1.19842e-06	-0.9861	0.00581785	0.000270123	3.11139	-2.1764	0.000300717	-0.00293358	0.00193743	180	0	0.180082	256.34	3.55091e-05	1555.69	200.462	0	-1088.2	180	0	0.297005	123.001	0	-2.16286	235.999	0	0.0101614	20352
FRIGG	-1.06526e-06	1.33238	1.92792	-1.5979e-06	-0.9861	0.00581781	0.00093377	3.11143	-2.17644	0.000619657	-0.00293982	0.001915	180	0	0.622513	256.34	-3.81674e-05	1555.71	200.462	0	-1088.22	180	0	0.612007	123.001	0	-2.15271	235.999	0	0.0249314	20383
FRIGG	-1.86421e-06	1.33238	1.92792	-1.99737e-06	-0.9861	0.00581781	0.000815815	3.11138	-2.17639	0.000477614	-0.00292361	0.00194833	180	0	0.543877	256.34	5.73672e-05	1555.69	200.462	0	-1088.19	180	0	0.471717	123.001	0	-2.16522	235.999	0	0.000413444	20422
FRIGG	-1.86421e-06	1.33238	1.92792	-1.99737e-06	-0.9861	0.00581781	0.000375663	3.11133	-2.17634	0.000292173	-0.00294077	0.00196775	180	0	0.250442	256.34	8.89068e-05	1555.66	200.462	0	-1088.17	180	0	0.288566	123.001	0	-2.18237	235.999	0	-0.00402148	20461
FRIGG	-1.86421e-06	1.33238	1.92792	-1.99737e-06	-0.9861	0.00581781	0.000375663	3.11133	-2.17634	0.000292173	-0.00294077	0.00196775	180	0	0.250442	256.34	8.89068e-05	1555.66	200.462	0	-1088.17	180	0	0.288566	123.001	0	-2.18237	235.999	0	-0.00402148	20498
FRIGG	-1.33158e-06	1.33238	1.92792	-1.5979e-06	-0.9861	0.00581781	3.77049e-05	3.11135	-2.17636	0.000180571	-0.00293908	0.00195799	180	0	0.0251366	256.34	4.22584e-05	1555.68	200.462	0	-1088.18	180	0	0.178341	123.001	0	-2.17632	235.999	0	0.000775077	20541
FRIGG	-7.98948e-07	1.33238	1.92792	-1.39816e-06	-0.9861	0.00581781	-7.89698e-05	3.11135	-2.1764	0.000160915	-0.00293598	0.00194322	180	0	-0.0526465	256.34	-2.68889e-05	1555.68	200.462	0	-1088.2	180	0	0.158929	123.001	0	-2.16697	235.999	0	0.00783654	20572
FRIGG	-5.32632e-07	1.33238	1.92792	-1.19842e-06	-0.9861	0.00581781	2.68461e-05	3.11141	-2.17642	0.000225604	-0.00293661	0.00193134	180	0	0.0178974	256.34	-6.88044e-05	1555.7	200.462	0	-1088.21	180	0	0.222819	123.001	0	-2.1606	235.999	0	0.014667	20612
FRIGG	-5.32632e-07	1.33238	1.92792	-1.19842e-06	-0.9861	0.00581781	0.000196429	3.11141	-2.17642	0.000307619	-0.00292959	0.00191636	180	0	0.130953	256.34	-6.32528e-05	1555.7	200.462	0	-1088.21	180	0	0.303821	123.001	0	-2.14968	235.999	0	0.0203877	20653
FRIGG	-5.32632e-07	1.33238	1.92792	-1.19842e-06	-0.9861	0.00581781	0.000196429	3.11141	-2.17642	0.000307619	-0.00292959	0.00191636	180	0	0.130953	256.34	-6.32528e-05	1555.7	200.462	0	-1088.21	180	0	0.303821	123.001	0	-2.14968	235.999	0	0.0203877	20690
FRIGG	-5.32632e-07	1.33238	1.92792	-1.39816e-06	-0.9861	0.00581781	0.000397208	3.11142	-2.17643	0.000387194	-0.00293576	0.00191958	180	0	0.264805	256.34	-2.99013e-05	1555.71	200.462	0	-1088.22	180	0	0.382414	123.001	0	-2.15375	235.999	0	0.0208866	20733
FRIGG	-1.06526e-06	1.33238	1.92792	-1.5979e-06	-0.9861	0.00581768	0.000460472	3.1114	-2.17641	0.000396557	-0.00293828	0.0019298	180	0	0.306982	256.34	1.88836e-05	1555.7	200.462	0	-1088.2	180	0	0.391661	123.001	0	-2.16036	235.999	0	0.0161441	20767
FRIGG	-1.06526e-06	1.33238	1.92792	-1.5979e-06	-0.9861	0.00581781	0.000348079	3.11134	-2.17636	0.000336409	-0.00293751	0.00193932	180	0	0.232052	256.34	5.35065e-05	1555.67	200.462	0	-1088.18	180	0	0.332256	123.001	0	-2.16537	235.999	0	0.0105649	20807
FRIGG	-1.06526e-06	1.33238	1.92792	-1.5979e-06	-0.9861	0.00581776	0.00014643	3.11135	-2.17636	0.000253895	-0.00295027	0.00195235	180	0	0.0976203	256.34	5.21384e-05	1555.67	200.462	0	-1088.18	180	0	0.250761	123.001	0	-2.17733	235.999	0	0.00804933	20845
FRIGG	-7.98948e-07	1.33238	1.92792	-1.39816e-06	-0.9861	0.00581776	-2.6764e-05	3.11136	-2.17637	0.000193469	-0.0029457	0.00194798	180	0	-0.0178427	256.34	2.26994e-05	1555.68	200.462	0	-1088.19	180	0	0.191081	123.001	0	-2.17321	235.999	0	0.00879054	20885
FRIGG	-7.98948e-07	1.33238	1.92792	-1.39816e-06	-0.9861	0.00581776	-2.6764e-05	3.11136	-2.17637	0.000193469	-0.0029457	0.00194798	180	0	-0.0178427	256.34	2.26994e-05	1555.68	200.462	0	-1088.19	180	0	0.191081	123.001	0	-2.17321	235.999	0	0.00879054	20917
FRIGG	-2.66316e-07	1.33238	1.92792	-1.19842e-06	-0.9861	0.00581776	-0.000109503	3.11138	-2.17639	0.000171816	-0.00294198	0.00194174	180	0	-0.0730018	256.34	-1.16392e-05	1555.69	200.462	0	-1088.2	180	0	0.169695	123.001	0	-2.16837	235.999	0	0.0108794	20947
FRIGG	0	1.33238	1.92792	-9.98685e-07	-0.9861	0.00581776	-9.9181e-05	3.11139	-2.1764	0.000182665	-0.00294	0.00193795	180	0	-0.0661206	256.34	-3.01985e-05	1555.69	200.462	0	-1088.2	180	0	0.18041	123.001	0	-2.16553	235.999	0	0.0122483	20990
FRIGG	-2.66316e-07	1.33238	1.92792	-1.19842e-06	-0.9861	0.00581768	0.000517673	3.11145	-2.17646	0.000546353	-0.00294445	0.00188886	180	0	0.345115	256.34	-0.000137632	1555.72	200.462	0	-1088.23	180	0	0.539608	123.001	0	-2.1399	235.999	0	0.0411723	21027
FRIGG	-1.06526e-06	1.33238	1.92792	-1.79763e-06	-0.9861	0.00581768	0.00103474	3.11145	-2.17647	0.000656004	-0.00291495	0.00192005	180	0	0.689827	256.34	-8.44215e-05	1555.72	200.462	0	-1088.23	180	0	0.647905	123.001	0	-2.14631	235.999	0	0.0129144	21068
FRIGG	-1.33158e-06	1.33238	1.92792	-1.99737e-06	-0.9861	0.00581768	0.00103842	3.11144	-2.17646	0.000652296	-0.00291456	0.00192112	180	0	0.69228	256.34	-6.80406e-05	1555.72	200.462	0	-1088.23	180	0	0.644243	123.001	0	-2.14676	235.999	0	0.0121811	21095
FRIGG	-1.86421e-06	1.33238	1.92792	-2.19711e-06	-0.9861	0.00581781	0.000736285	3.11136	-2.17638	0.000466261	-0.00291261	0.00195934	180	0	0.490857	256.34	7.90683e-05	1555.68	200.462	0	-1088.19	180	0	0.460505	123.001	0	-2.16726	235.999	0	-0.00977668	21117
FRIGG	-1.86421e-06	1.33238	1.92792	-1.99737e-06	-0.9861	0.00581785	0.000130284	3.1113	-2.17631	0.000219162	-0.00291523	0.00197429	180	0	0.0868561	256.34	0.000136825	1555.65	200.462	0	-1088.16	180	0	0.216456	123.001	0	-2.17654	235.999	0	-0.0171115	21147
FRIGG	-7.98948e-07	1.33238	1.92792	-1.39816e-06	-0.9861	0.00581785	-0.000405516	3.11129	-2.17634	3.30761e-05	-0.00292709	0.00197779	180	0	-0.270344	256.34	9.19564e-05	1555.65	200.462	0	-1088.17	180	0	0.0326677	123.001	0	-2.18288	235.999	0	-0.0146654	21186
FRIGG	-7.98948e-07	1.33238	1.92792	-1.39816e-06	-0.9861	0.00581785	-0.000405516	3.11129	-2.17634	3.30761e-05	-0.00292709	0.00197779	180	0	-0.270344	256.34	9.19564e-05	1555.65	200.462	0	-1088.17	180	0	0.0326677	123.001	0	-2.18288	235.999	0	-0.0146654	21222
FRIGG	2.66316e-07	1.33238	1.92792	-7.98948e-07	-0.9861	0.00581785	-0.000688193	3.11134	-2.17635	-4.53929e-05	-0.00292017	0.00196143	180	0	-0.458796	256.34	5.04995e-06	1555.67	200.462	0	-1088.18	180	0	-0.0448325	123.001	0	-2.17123	235.999	0	-0.0081393	21260
FRIGG	1.06526e-06	1.33238	1.92792	-3.99474e-07	-0.9861	0.00581785	-0.000729624	3.11137	-2.17638	-3.82257e-05	-0.00291616	0.00194847	180	0	-0.486416	256.34	-5.48311e-05	1555.68	200.462	0	-1088.19	180	0	-0.0377538	123.001	0	-2.16254	235.999	0	-0.00242422	21300
FRIGG	2.13053e-06	1.33238	1.92792	0	-0.9861	0.00581794	-0.00115779	3.11133	-2.17634	-0.000262103	-0.00291324	0.00196822	180	0	-0.771858	256.34	2.05436e-05	1555.67	200.462	0	-1088.17	180	0	-0.258867	123.001	0	-2.17243	235.999	0	-0.014478	21338
FRIGG	2.66316e-06	1.33238	1.92792	3.99474e-07	-0.9861	0.00581785	-0.000826785	3.1114	-2.17642	-3.57555e-05	-0.00293524	0.00193482	180	0	-0.55119	256.34	-5.92951e-05	1555.7	200.462	0	-1088.21	180	0	-0.0353141	123.001	0	-2.16202	235.999	0	0.0122259	21378
FRIGG	2.66316e-06	1.33238	1.92792	3.99474e-07	-0.9861	0.00581785	-0.000826785	3.1114	-2.17642	-3.57555e-05	-0.00293524	0.00193482	180	0	-0.55119	256.34	-5.92951e-05	1555.7	200.462	0	-1088.21	180	0	-0.0353141	123.001	0	-2.16202	235.999	0	0.0122259	21412
FRIGG	2.39684e-06	1.33238	1.92792	0	-0.9861	0.00581785	-0.000286646	3.11141	-2.17642	0.000168769	-0.00291863	0.00192195	180	0	-0.191097	256.34	-6.58241e-05	1555.7	200.462	0	-1088.21	180	0	0.166685	123.001	0	-2.14873	235.999	0	0.0132251	21453
FRIGG	1.5979e-06	1.33238	1.92792	-3.99474e-07	-0.9861	0.00581785	4.24043e-05	3.11138	-2.17639	0.000263863	-0.00291973	0.00193476	180	0	0.0282695	256.34	-9.14396e-06	1555.69	200.462	0	-1088.2	180	0	0.260606	123.001	0	-2.15625	235.999	0	0.00651588	21493
FRIGG	1.06526e-06	1.33238	1.92792	-5.99211e-07	-0.9861	0.00581785	0.000109821	3.11135	-2.17636	0.000260723	-0.00292142	0.00194781	180	0	0.0732141	256.34	4.5934e-05	1555.67	200.462	0	-1088.18	180	0	0.257504	123.001	0	-2.16412	235.999	0	-0.00010765	21528
FRIGG	5.32632e-07	1.33238	1.92792	-7.98948e-07	-0.9861	0.00581785	1.46635e-05	3.11134	-2.17636	0.000209588	-0.00292023	0.00195271	180	0	0.00977566	256.34	5.87244e-05	1555.67	200.462	0	-1088.18	180	0	0.207001	123.001	0	-2.16641	235.999	0	-0.00327139	21569
FRIGG	5.32632e-07	1.33238	1.92792	-7.98948e-07	-0.9861	0.00581785	1.46635e-05	3.11134	-2.17636	0.000209588	-0.00292023	0.00195271	180	0	0.00977566	256.34	5.87244e-05	1555.67	200.462	0	-1088.18	180	0	0.207001	123.001	0	-2.16641	235.999	0	-0.00327139	21607
FRIGG	5.32632e-07	1.33238	1.92792	-7.98948e-07	-0.9861	0.00581785	-0.000109744	3.11136	-2.17637	0.000157978	-0.00293053	0.00196022	180	0	-0.073163	256.34	3.11944e-05	1555.68	200.462	0	-1088.18	180	0	0.156028	123.001	0	-2.17439	235.999	0	-0.00362886	21644
FRIGG	5.32632e-07	1.33238	1.92792	-7.98948e-07	-0.9861	0.00581785	-0.000178876	3.11135	-2.17636	0.000136031	-0.00292541	0.0019532	180	0	-0.119251	256.34	-1.26326e-05	1555.67	200.462	0	-1088.18	180	0	0.134352	123.001	0	-2.1686	235.999	0	-0.00162239	21681
FRIGG	5.32632e-07	1.33238	1.92792	-7.98948e-07	-0.9861	0.00581785	-0.000168667	3.11139	-2.17641	0.000145784	-0.00292296	0.00194707	180	0	-0.112445	256.34	-4.03839e-05	1555.7	200.462	0	-1088.2	180	0	0.143984	123.001	0	-2.16428	235.999	0	0.000876572	21722
FRIGG	5.32632e-07	1.33238	1.92792	-7.98948e-07	-0.9861	0.00581785	-0.000105972	3.1114	-2.17641	0.000172044	-0.00290855	0.00193472	180	0	-0.070648	256.34	-4.33658e-05	1555.7	200.462	0	-1088.21	180	0	0.16992	123.001	0	-2.15209	235.999	0	0.00239562	21757
FRIGG	5.32632e-07	1.33238	1.92792	-7.98948e-07	-0.9861	0.00581785	-0.000105972	3.1114	-2.17641	0.000172044	-0.00290855	0.00193472	180	0	-0.070648	256.34	-4.33658e-05	1555.7	200.462	0	-1088.21	180	0	0.16992	123.001	0	-2.15209	235.999	0	0.00239562	21797
FRIGG	5.32632e-07	1.33238	1.92792	-7.98948e-07	-0.9861	0.00581785	-3.07519e-05	3.11139	-2.1764	0.000199114	-0.00291209	0.00193644	180	0	-0.0205013	256.34	-2.62801e-05	1555.69	200.462	0	-1088.2	180	0	0.196656	123.001	0	-2.15435	235.999	0	0.00275318	21834
FRIGG	2.66316e-07	1.33238	1.92792	-7.98948e-07	-0.9861	0.00581785	2.55515e-05	3.11137	-2.17639	0.000216395	-0.00291575	0.00193971	180	0	0.0170343	256.34	-3.36475e-06	1555.69	200.462	0	-1088.19	180	0	0.213724	123.001	0	-2.15752	235.999	0	0.00228986	21874
FRIGG	0	1.33238	1.92792	-9.98685e-07	-0.9861	0.00581785	0.000202569	3.11138	-2.1764	0.000311025	-0.00292289	0.0019324	180	0	0.135046	256.34	-1.60588e-05	1555.69	200.462	0	-1088.2	180	0	0.307186	123.001	0	-2.1561	235.999	0	0.00899575	21919
FRIGG	-2.66316e-07	1.33238	1.92792	-1.19842e-06	-0.9861	0.00581785	0.000216563	3.11136	-2.17638	0.000276398	-0.00291386	0.00194555	180	0	0.144376	256.34	1.63566e-05	1555.68	200.462	0	-1088.19	180	0	0.272986	123.001	0	-2.16007	235.999	0	-0.00165539	21957
FRIGG	-2.66316e-07	1.33238	1.92792	-1.19842e-06	-0.9861	0.00581785	0.000216563	3.11136	-2.17638	0.000276398	-0.00291386	0.00194555	180	0	0.144376	256.34	1.63566e-05	1555.68	200.462	0	-1088.19	180	0	0.272986	123.001	0	-2.16007	235.999	0	-0.00165539	21997
FRIGG	-2.66316e-07	1.33238	1.92792	-1.19842e-06	-0.9861	0.00581785	2.92462e-05	3.11135	-2.17637	0.000190192	-0.00291353	0.00195211	180	0	0.0194975	256.34	3.96957e-05	1555.68	200.462	0	-1088.18	180	0	0.187844	123.001	0	-2.16359	235.999	0	-0.00542144	22035
FRIGG	0	1.33238	1.92792	-9.98685e-07	-0.9861	0.00581785	-0.000140926	3.11136	-2.17637	0.000129748	-0.00291317	0.00194953	180	0	-0.0939505	256.34	2.61343e-05	1555.68	200.462	0	-1088.19	180	0	0.128146	123.001	0	-2.16203	235.999	0	-0.00412389	22077
FRIGG	2.66316e-07	1.33238	1.92792	-7.98948e-07	-0.9861	0.00581785	-0.000211191	3.11138	-2.17639	0.000113021	-0.00291163	0.00194317	180	0	-0.140794	256.34	-3.92816e-06	1555.69	200.462	0	-1088.19	180	0	0.111626	123.001	0	-2.15792	235.999	0	-0.00115898	22108
FRIGG	2.66316e-07	1.33238	1.92792	-7.98948e-07	-0.9861	0.00581785	-0.000211191	3.11138	-2.17639	0.000113021	-0.00291163	0.00194317	180	0	-0.140794	256.34	-3.92816e-06	1555.69	200.462	0	-1088.19	180	0	0.111626	123.001	0	-2.15792	235.999	0	-0.00115898	22138
FRIGG	5.32632e-07	1.33238	1.92792	-7.98948e-07	-0.9861	0.00581785	-0.00018844	3.11139	-2.1764	0.000129318	-0.00291086	0.00193812	180	0	-0.125627	256.34	-2.51169e-05	1555.69	200.462	0	-1088.2	180	0	0.127721	123.001	0	-2.15483	235.999	0	0.00136502	22179
FRIGG	5.32632e-07	1.33238	1.92792	-5.99211e-07	-0.9861	0.00581785	-0.000120556	3.11139	-2.1764	0.000157273	-0.00291179	0.00193687	180	0	-0.0803709	256.34	-2.62102e-05	1555.69	200.462	0	-1088.2	180	0	0.155331	123.001	0	-2.15448	235.999	0	0.00239896	22221
FRIGG	5.32632e-07	1.33238	1.92792	-7.98948e-07	-0.9861	0.00581785	-5.63631e-05	3.11138	-2.17639	0.00017899	-0.00291383	0.00193887	180	0	-0.0375754	256.34	-1.19772e-05	1555.69	200.462	0	-1088.2	180	0	0.17678	123.001	0	-2.15635	235.999	0	0.00204757	22262
FRIGG	2.66316e-07	1.33238	1.92792	-7.98948e-07	-0.9861	0.00581785	-2.32571e-05	3.11137	-2.17638	0.000186673	-0.0029158	0.00194186	180	0	-0.0155047	256.34	5.11986e-06	1555.69	200.462	0	-1088.19	180	0	0.184368	123.001	0	-2.15874	235.999	0	0.00111805	22305
FRIGG	2.66316e-07	1.33238	1.92792	-7.98948e-07	-0.9861	0.00581785	-2.32571e-05	3.11137	-2.17638	0.000186673	-0.0029158	0.00194186	180	0	-0.0155047	256.34	5.11986e-06	1555.69	200.462	0	-1088.19	180	0	0.184368	123.001	0	-2.15874	235.999	0	0.00111805	22333
FRIGG	2.66316e-07	1.33238	1.92792	-7.98948e-07	-0.9861	0.00581785	-2.35216e-05	3.11137	-2.17638	0.000182065	-0.0029165	0.00194395	180	0	-0.0156811	256.34	1.46563e-05	1555.68	200.462	0	-1088.19	180	0	0.179817	123.001	0	-2.16016	235.999	0	0.000215778	22375
FRIGG	2.66316e-07	1.33238	1.92792	-7.98948e-07	-0.9861	0.00581785	-4.33378e-05	3.11137	-2.17638	0.0001717	-0.00291578	0.00194434	180	0	-0.0288919	256.34	1.36072e-05	1555.68	200.462	0	-1088.19	180	0	0.16958	123.001	0	-2.16011	235.999	0	-0.000269326	22411
FRIGG	2.66316e-07	1.33238	1.92792	-7.98948e-07	-0.9861	0.00581785	-6.58474e-05	3.11137	-2.17638	0.000162045	-0.00291436	0.00194336	180	0	-0.0438983	256.34	5.56007e-06	1555.69	200.462	0	-1088.19	180	0	0.160044	123.001	0	-2.15904	235.999	0	-0.000251606	22451
FRIGG	2.66316e-07	1.33238	1.92792	-7.98948e-07	-0.9861	0.00581785	-7.97286e-05	3.11137	-2.17639	0.000156634	-0.00291298	0.00194204	180	0	-0.0531524	256.34	-3.29194e-06	1555.69	200.462	0	-1088.19	180	0	0.1547	123.001	0	-2.15779	235.999	0	-2.82459e-05	22491
FRIGG	2.66316e-07	1.33238	1.92792	-7.98948e-07	-0.9861	0.00581785	-8.24141e-05	3.11138	-2.17639	0.00015563	-0.00291257	0.00194145	180	0	-0.0549427	256.34	-6.51982e-06	1555.69	200.462	0	-1088.2	180	0	0.153708	123.001	0	-2.15731	235.999	0	0.000148477	22532
FRIGG	2.66316e-07	1.33238	1.92792	-7.98948e-07	-0.9861	0.00581785	-8.23394e-05	3.11138	-2.17639	0.000155612	-0.00291238	0.00194112	180	0	-0.0548929	256.34	-8.24116e-06	1555.69	200.462	0	-1088.2	180	0	0.153691	123.001	0	-2.15706	235.999	0	0.000259629	22563
FRIGG	2.66316e-07	1.33238	1.92792	-7.98948e-07	-0.9861	0.00581785	-7.70497e-05	3.11138	-2.17639	0.000157136	-0.0029126	0.00194094	180	0	-0.0513665	256.34	-8.03672e-06	1555.69	200.462	0	-1088.2	180	0	0.155196	123.001	0	-2.15704	235.999	0	0.000442768	22597
FRIGG	2.66316e-07	1.33238	1.92792	-7.98948e-07	-0.9861	0.00581785	-7.70497e-05	3.11138	-2.17639	0.000157136	-0.0029126	0.00194094	180	0	-0.0513665	256.34	-8.03672e-06	1555.69	200.462	0	-1088.2	180	0	0.155196	123.001	0	-2.15704	235.999	0	0.000442768	22625
FRIGG	2.66316e-07	1.33238	1.92792	-7.98948e-07	-0.9861	0.00581785	-6.39383e-05	3.11137	-2.17639	0.000159593	-0.00291402	0.00194191	180	0	-0.0426256	256.34	-2.27599e-07	1555.69	200.462	0	-1088.19	180	0	0.157623	123.001	0	-2.15811	235.999	0	0.00042716	22668
FRIGG	2.66316e-07	1.33238	1.92792	-7.98948e-07	-0.9861	0.00581785	-6.39383e-05	3.11137	-2.17639	0.000159593	-0.00291402	0.00194191	180	0	-0.0426256	256.34	-2.27599e-07	1555.69	200.462	0	-1088.19	180	0	0.157623	123.001	0	-2.15811	235.999	0	0.00042716	22709
FRIGG	2.66316e-07	1.33238	1.92792	-7.98948e-07	-0.9861	0.00581785	-6.20763e-05	3.11137	-2.17639	0.000158748	-0.00291438	0.00194235	180	0	-0.0413842	256.34	2.32114e-06	1555.69	200.462	0	-1088.19	180	0	0.156788	123.001	0	-2.15848	235.999	0	0.000318444	22747
ODIN	0	1.3324	1.92792	2.7364e-05	-0.986079	0.00581785	3.33261e-06	3.10666	-2.17593	-0.00542125	-0.00846627	0.0056485	180	0	0.00222174	256.341	-0.000278285	1553.33	200.462	0	-1087.96	180.002	0	-5.35432	123.002	0	-6.27371	235.998	0	-0.00239872	18
ODIN	0	1.3324	1.92792	2.71642e-05	-0.986079	0.00581785	3.32425e-06	3.10672	-2.17593	-0.00538112	-0.00838871	0.00559663	180	0	0.00221617	256.341	-0.000274694	1553.36	200.462	0	-1087.96	180.002	0	-5.31468	123.002	0	-6.21617	235.998	0	-0.00231006	62
ODIN	0	1.3324	1.92792	2.71642e-05	-0.986079	0.00581785	3.32425e-06	3.10672	-2.17593	-0.00538112	-0.00838871	0.00559663	180	0	0.00221617	256.341	-0.000274694	1553.36	200.462	0	-1087.96	180.002	0	-5.31468	123.002	0	-6.21617	235.998	0	-0.00231006	100
ODIN	0	1.3324	1.92792	2.69645e-05	-0.986079	0.00581785	3.31673e-06	3.10678	-2.17593	-0.00534129	-0.00832708	0.00555555	180	0	0.00221115	256.341	-0.00027097	1553.39	200.462	0	-1087.96	180.002	0	-5.27535	123.002	0	-6.17052	235.998	0	-0.00231057	139
ODIN	0	1.3324	1.92792	2.67648e-05	-0.98608	0.00581785	3.30709e-06	3.10685	-2.17593	-0.00530175	-0.00824949	0.00550366	180	0	0.00220473	256.341	-0.000267242	1553.42	200.462	0	-1087.96	180.002	0	-5.23629	123.002	0	-6.11295	235.998	0	-0.00222148	175
ODIN	0	1.3324	1.92792	2.6565e-05	-0.98608	0.00581785	3.29642e-06	3.10691	-2.17596	-0.00526249	-0.00817174	0.00545182	180	0	0.00219762	256.341	-0.000263786	1553.45	200.462	0	-1087.98	180.002	0	-5.19752	123.002	0	-6.05536	235.998	0	-0.00222164	214
ODIN	0	1.3324	1.92792	2.63653e-05	-0.98608	0.00581785	3.29164e-06	3.10697	-2.17596	-0.00522355	-0.00809409	0.0053999	180	0	0.00219443	256.341	-0.000260072	1553.49	200.462	0	-1087.98	180.002	0	-5.15906	123.002	0	-5.99775	235.998	0	-0.00213326	255
ODIN	0	1.3324	1.92792	2.63653e-05	-0.98608	0.00581785	3.29164e-06	3.10697	-2.17596	-0.00522355	-0.00809409	0.0053999	180	0	0.00219443	256.341	-0.000260072	1553.49	200.462	0	-1087.98	180.002	0	-5.15906	123.002	0	-5.99775	235.998	0	-0.00213326	296
ODIN	0	1.3324	1.92792	2.61656e-05	-0.986081	0.00581785	3.2823e-06	3.10703	-2.17596	-0.00518489	-0.00803237	0.00535875	180	0	0.0021882	256.341	-0.000256725	1553.52	200.462	0	-1087.98	180.002	0	-5.12087	123.002	0	-5.95203	235.998	0	-0.00213348	335
ODIN	0	1.3324	1.92792	2.59658e-05	-0.986081	0.00581785	3.27349e-06	3.1071	-2.17599	-0.00514649	-0.00795451	0.00530668	180	0	0.00218232	256.341	-0.000253736	1553.55	200.462	0	-1087.99	180.002	0	-5.08295	123.002	0	-5.89427	235.998	0	-0.00204322	378
ODIN	0	1.3324	1.92792	2.57661e-05	-0.986081	0.00581785	3.26527e-06	3.10713	-2.17599	-0.0051084	-0.00789277	0.00526553	180	0	0.00217685	256.341	-0.000250351	1553.56	200.462	0	-1087.99	180.002	0	-5.04533	123.002	0	-5.84854	235.998	0	-0.0020448	416
ODIN	0	1.3324	1.92792	2.55663e-05	-0.986081	0.00581785	3.25299e-06	3.10719	-2.17599	-0.00507057	-0.00783085	0.00522425	180	0	0.00216866	256.341	-0.000246763	1553.59	200.462	0	-1087.99	180.002	0	-5.00797	123.002	0	-5.80268	235.998	0	-0.00204407	449
ODIN	0	1.3324	1.92792	2.55663e-05	-0.986081	0.00581785	3.25299e-06	3.10719	-2.17599	-0.00507057	-0.00783085	0.00522425	180	0	0.00216866	256.341	-0.000246763	1553.59	200.462	0	-1087.99	180.002	0	-5.00797	123.002	0	-5.80268	235.998	0	-0.00204407	486
ODIN	0	1.3324	1.92792	2.55663e-05	-0.986082	0.00581785	3.24825e-06	3.10725	-2.17599	-0.00503305	-0.00775306	0.00517223	180	0	0.0021655	256.341	-0.000243303	1553.63	200.462	0	-1087.99	180.002	0	-4.97091	123.002	0	-5.74496	235.998	0	-0.00195622	527
ODIN	0	1.3324	1.92792	2.53666e-05	-0.986082	0.00581785	3.23742e-06	3.10731	-2.17602	-0.00499578	-0.00769104	0.00513088	180	0	0.00215828	256.341	-0.000240069	1553.66	200.462	0	-1088.01	180.002	0	-4.93411	123.002	0	-5.69903	235.998	0	-0.00195657	563
ODIN	0	1.33239	1.92792	2.51669e-05	-0.986082	0.00581785	3.23015e-06	3.10738	-2.17602	-0.00495879	-0.00762925	0.00508953	180	0	0.00215344	256.341	-0.000237199	1553.69	200.462	0	-1088.01	180.002	0	-4.89757	123.002	0	-5.65316	235.998	0	-0.00186648	590
ODIN	0	1.33239	1.92792	2.51669e-05	-0.986082	0.00581785	3.23015e-06	3.10738	-2.17602	-0.00495879	-0.00762925	0.00508953	180	0	0.00215344	256.341	-0.000237199	1553.69	200.462	0	-1088.01	180.002	0	-4.89757	123.002	0	-5.65316	235.998	0	-0.00186648	629
ODIN	0	1.33239	1.92792	2.49671e-05	-0.986082	0.00581785	3.21868e-06	3.10741	-2.17602	-0.00492206	-0.00756716	0.00504814	180	0	0.00214578	256.341	-0.000233928	1553.7	200.462	0	-1088.01	180.002	0	-4.8613	123.002	0	-5.60717	235.998	0	-0.00186709	666
ODIN	0	1.33239	1.92792	2.47674e-05	-0.986083	0.00581781	3.21379e-06	3.10747	-2.17602	-0.00488565	-0.00750515	0.00500679	180	0	0.00214253	256.341	-0.000230607	1553.74	200.462	0	-1088.01	180.002	0	-4.82533	123.002	0	-5.56123	235.998	0	-0.00186727	707
ODIN	0	1.33239	1.92792	2.45677e-05	-0.986083	0.00581781	3.20599e-06	3.10753	-2.17605	-0.00484948	-0.00744317	0.00496532	180	0	0.00213733	256.341	-0.000227612	1553.77	200.462	0	-1088.02	180.002	0	-4.78961	123.002	0	-5.51524	235.998	0	-0.00177912	746
ODIN	0	1.33239	1.92792	2.43679e-05	-0.986083	0.0058179	3.19856e-06	3.10756	-2.17605	-0.00481358	-0.00738111	0.00492394	180	0	0.00213237	256.341	-0.000224829	1553.78	200.462	0	-1088.02	180.002	0	-4.75415	123.002	0	-5.46927	235.998	0	-0.00177901	783
ODIN	0	1.33239	1.92792	2.43679e-05	-0.986083	0.0058179	3.19856e-06	3.10756	-2.17605	-0.00481358	-0.00738111	0.00492394	180	0	0.00213237	256.341	-0.000224829	1553.78	200.462	0	-1088.02	180.002	0	-4.75415	123.002	0	-5.46927	235.998	0	-0.00177901	818
ODIN	0	1.33239	1.92792	2.41682e-05	-0.986083	0.00581785	3.18831e-06	3.10763	-2.17605	-0.00477794	-0.00731891	0.00488247	180	0	0.00212554	256.341	-0.00022148	1553.81	200.462	0	-1088.02	180.002	0	-4.71895	123.002	0	-5.42319	235.998	0	-0.00177879	858
ODIN	0	1.33239	1.92792	2.39684e-05	-0.986083	0.00581785	3.17993e-06	3.10769	-2.17605	-0.00474257	-0.00725698	0.00484103	180	0	0.00211996	256.341	-0.00021923	1553.85	200.462	0	-1088.02	180.002	0	-4.68402	123.002	0	-5.37723	235.998	0	-0.00169011	898
ODIN	0	1.33239	1.92792	2.37687e-05	-0.986084	0.00581785	3.16996e-06	3.10772	-2.17608	-0.00470745	-0.00719479	0.00479957	180	0	0.00211331	256.341	-0.000215976	1553.86	200.462	0	-1088.04	180.002	0	-4.64933	123.002	0	-5.33116	235.998	0	-0.00168953	937
ODIN	0	1.33239	1.92792	2.3569e-05	-0.986084	0.00581785	3.15536e-06	3.10778	-2.17608	-0.00467256	-0.00713253	0.00475806	180	0	0.00210357	256.341	-0.000213682	1553.89	200.462	0	-1088.04	180.002	0	-4.61488	123.002	0	-5.28504	235.998	0	-0.00168812	977
ODIN	0	1.33239	1.92792	2.3569e-05	-0.986084	0.00581785	3.15536e-06	3.10778	-2.17608	-0.00467256	-0.00713253	0.00475806	180	0	0.00210357	256.341	-0.000213682	1553.89	200.462	0	-1088.04	180.002	0	-4.61488	123.002	0	-5.28504	235.998	0	-0.00168812	1011
ODIN	0	1.33239	1.92792	2.3569e-05	-0.986084	0.00581785	3.1586e-06	3.10781	-2.17608	-0.00463803	-0.00708649	0.00472721	180	0	0.00210573	256.341	-0.000210215	1553.91	200.462	0	-1088.04	180.002	0	-4.58077	123.002	0	-5.25085	235.998	0	-0.00160167	1052
ODIN	0	1.33239	1.92792	2.33692e-05	-0.986084	0.00581781	3.14997e-06	3.10788	-2.17608	-0.00460369	-0.0070243	0.00468575	180	0	0.00209998	256.341	-0.000207102	1553.94	200.462	0	-1088.04	180.002	0	-4.54685	123.002	0	-5.20478	235.998	0	-0.00160166	1087
ODIN	0	1.33239	1.92792	2.31695e-05	-0.986085	0.0058179	3.14205e-06	3.10791	-2.17608	-0.00456961	-0.00696202	0.00464423	180	0	0.0020947	256.341	-0.000204694	1553.95	200.462	0	-1088.04	180.002	0	-4.5132	123.002	0	-5.15865	235.998	0	-0.00160151	1123
ODIN	0	1.33239	1.92792	2.29698e-05	-0.986085	0.00581785	3.13048e-06	3.10797	-2.17611	-0.00453577	-0.00691575	0.00461322	180	0	0.00208699	256.34	-0.000201892	1553.99	200.462	0	-1088.06	180.002	0	-4.47977	123.001	0	-5.12429	235.998	0	-0.00151253	1163
ODIN	0	1.33239	1.92792	2.29698e-05	-0.986085	0.00581785	3.13048e-06	3.10797	-2.17611	-0.00453577	-0.00691575	0.00461322	180	0	0.00208699	256.34	-0.000201892	1553.99	200.462	0	-1088.06	180.002	0	-4.47977	123.001	0	-5.12429	235.998	0	-0.00151253	1200
ODIN	0	1.33239	1.92792	2.277e-05	-0.986085	0.00581785	3.12762e-06	3.108	-2.17611	-0.0045022	-0.00685358	0.00457177	180	0	0.00208508	256.34	-0.000199306	1554	200.462	0	-1088.06	180.002	0	-4.44662	123.001	0	-5.07824	235.999	0	-0.00151303	1238
ODIN	0	1.33239	1.92792	2.25703e-05	-0.986085	0.00581785	3.11679e-06	3.10806	-2.17611	-0.00446886	-0.00680714	0.00454081	180	0	0.00207786	256.34	-0.000196444	1554.03	200.462	0	-1088.06	180.002	0	-4.41369	123.001	0	-5.04384	235.999	0	-0.00151232	1276
ODIN	0	1.33239	1.92792	2.23706e-05	-0.986086	0.00581781	3.11024e-06	3.1081	-2.17611	-0.00443579	-0.0067448	0.0044991	180	0	0.00207349	256.34	-0.000193844	1554.05	200.462	0	-1088.06	180.002	0	-4.38102	123.001	0	-4.99758	235.999	0	-0.00142394	1318
ODIN	0	1.33239	1.92792	2.23706e-05	-0.986086	0.00581785	3.10323e-06	3.10816	-2.17611	-0.00440295	-0.00669863	0.00446831	180	0	0.00206882	256.34	-0.000191812	1554.08	200.462	0	-1088.06	180.002	0	-4.34859	123.001	0	-4.96337	235.999	0	-0.00142407	1357
ODIN	0	1.33239	1.92792	2.23706e-05	-0.986086	0.00581785	3.10323e-06	3.10816	-2.17611	-0.00440295	-0.00669863	0.00446831	180	0	0.00206882	256.34	-0.000191812	1554.08	200.462	0	-1088.06	180.002	0	-4.34859	123.001	0	-4.96337	235.999	0	-0.00142407	1392
ODIN	0	1.33239	1.92792	2.21708e-05	-0.986086	0.00581785	3.09484e-06	3.10819	-2.17614	-0.00437034	-0.006652	0.00443723	180	0	0.00206323	256.34	-0.000188911	1554.09	200.462	0	-1088.07	180.002	0	-4.31639	123.001	0	-4.92883	235.999	0	-0.00142415	1437
ODIN	0	1.33239	1.92792	2.19711e-05	-0.986086	0.00581785	3.0886e-06	3.10822	-2.17614	-0.004338	-0.00658975	0.00439573	180	0	0.00205907	256.34	-0.000186488	1554.11	200.462	0	-1088.07	180.002	0	-4.28445	123.001	0	-4.88272	235.999	0	-0.00142441	1471
ODIN	0	1.33239	1.92792	2.17713e-05	-0.986086	0.0058179	3.07991e-06	3.10828	-2.17614	-0.00430588	-0.00654339	0.00436467	180	0	0.00205327	256.34	-0.000183687	1554.14	200.462	0	-1088.07	180.002	0	-4.25272	123.001	0	-4.84829	235.999	0	-0.00133517	1509
ODIN	0	1.33239	1.92792	2.15716e-05	-0.986086	0.00581785	3.07564e-06	3.10831	-2.17614	-0.00427401	-0.00649694	0.0043337	180	0	0.00205043	256.34	-0.000181163	1554.16	200.462	0	-1088.07	180.002	0	-4.22124	123.001	0	-4.81388	235.999	0	-0.00133582	1536
ODIN	0	1.33239	1.92792	2.15716e-05	-0.986086	0.00581785	3.07564e-06	3.10831	-2.17614	-0.00427401	-0.00649694	0.0043337	180	0	0.00205043	256.34	-0.000181163	1554.16	200.462	0	-1088.07	180.002	0	-4.22124	123.001	0	-4.81388	235.999	0	-0.00133582	1578
ODIN	0	1.33239	1.92792	2.15716e-05	-0.986087	0.00581785	3.06802e-06	3.10834	-2.17614	-0.00424237	-0.00645046	0.00430271	180	0	0.00204535	256.34	-0.000179143	1554.17	200.462	0	-1088.07	180.002	0	-4.18999	123.001	0	-4.77945	235.999	0	-0.00133568	1610
ODIN	0	1.33239	1.92792	2.13719e-05	-0.986087	0.0058179	3.05979e-06	3.10841	-2.17614	-0.00421097	-0.00640404	0.0042716	180	0	0.00203986	256.34	-0.000176367	1554.2	200.462	0	-1088.07	180.002	0	-4.15898	123.001	0	-4.74498	235.999	0	-0.00124561	1648
ODIN	0	1.33239	1.92792	2.11721e-05	-0.986087	0.00581785	3.05294e-06	3.10844	-2.17617	-0.00417979	-0.00635738	0.0042405	180	0	0.00203529	256.34	-0.000174236	1554.22	200.462	0	-1088.09	180.002	0	-4.12819	123.001	0	-4.71042	235.999	0	-0.00124723	1686
ODIN	0	1.33239	1.92792	2.09724e-05	-0.986087	0.00581785	3.04408e-06	3.10847	-2.17617	-0.00414884	-0.00631092	0.00420953	180	0	0.00202939	256.34	-0.000171878	1554.23	200.462	0	-1088.09	180.002	0	-4.09762	123.001	0	-4.67601	235.999	0	-0.00124673	1730
ODIN	0	1.33239	1.92792	2.09724e-05	-0.986087	0.00581785	3.04408e-06	3.10847	-2.17617	-0.00414884	-0.00631092	0.00420953	180	0	0.00202939	256.34	-0.000171878	1554.23	200.462	0	-1088.09	180.002	0	-4.09762	123.001	0	-4.67601	235.999	0	-0.00124673	1767
ODIN	0	1.33239	1.92792	2.07727e-05	-0.986087	0.0058179	3.03662e-06	3.1085	-2.17617	-0.00411812	-0.00626439	0.0041785	180	0	0.00202441	256.34	-0.000169947	1554.25	200.462	0	-1088.09	180.002	0	-4.06728	123.001	0	-4.64154	235.999	0	-0.00124657	1801
ODIN	0	1.33239	1.92792	2.07727e-05	-0.986087	0.00581785	3.03e-06	3.10856	-2.17617	-0.00408763	-0.00621791	0.00414736	180	0	0.00202	256.34	-0.000167307	1554.28	200.462	0	-1088.09	180.002	0	-4.03717	123.001	0	-4.60702	235.999	0	-0.00115602	1837
ODIN	0	1.33239	1.92792	2.05729e-05	-0.986088	0.00581785	3.02466e-06	3.10859	-2.17617	-0.00405739	-0.00617131	0.00411629	180	0	0.00201644	256.34	-0.000164853	1554.3	200.462	0	-1088.09	180.002	0	-4.0073	123.001	0	-4.5725	235.999	0	-0.00115829	1881
ODIN	0	1.33239	1.92792	2.05729e-05	-0.986088	0.00581785	3.02466e-06	3.10859	-2.17617	-0.00405739	-0.00617131	0.00411629	180	0	0.00201644	256.34	-0.000164853	1554.3	200.462	0	-1088.09	180.002	0	-4.0073	123.001	0	-4.5725	235.999	0	-0.00115829	1920
ODIN	0	1.33239	1.92792	2.03732e-05	-0.986088	0.0058179	3.01621e-06	3.10863	-2.17617	-0.00402735	-0.00612469	0.00408521	180	0	0.00201081	256.34	-0.000162814	1554.31	200.462	0	-1088.09	180.002	0	-3.97763	123.001	0	-4.53796	235.999	0	-0.00115787	1955
ODIN	0	1.33239	1.92792	2.01734e-05	-0.986088	0.00581785	3.00814e-06	3.10866	-2.17617	-0.00399753	-0.00607808	0.00405414	180	0	0.00200543	256.34	-0.000160869	1554.33	200.462	0	-1088.09	180.002	0	-3.94817	123.001	0	-4.50344	235.999	0	-0.00115763	1994
ODIN	0	1.33239	1.92792	2.01734e-05	-0.986088	0.00581785	3.00446e-06	3.10869	-2.1762	-0.00396795	-0.00603139	0.00402301	180	0	0.00200297	256.34	-0.000159243	1554.34	200.462	0	-1088.1	180.002	0	-3.91896	123.001	0	-4.46885	235.999	0	-0.00115799	2033
ODIN	0	1.33239	1.92792	1.99737e-05	-0.986088	0.00581785	2.99739e-06	3.10875	-2.1762	-0.00393857	-0.00600075	0.00400243	180	0	0.00199826	256.34	-0.000156505	1554.38	200.462	0	-1088.1	180.002	0	-3.88995	123.001	0	-4.44607	235.999	0	-0.00106949	2073
ODIN	0	1.33239	1.92792	1.99737e-05	-0.986088	0.00581785	2.99739e-06	3.10875	-2.1762	-0.00393857	-0.00600075	0.00400243	180	0	0.00199826	256.34	-0.000156505	1554.38	200.462	0	-1088.1	180.002	0	-3.88995	123.001	0	-4.44607	235.999	0	-0.00106949	2104
ODIN	0	1.33239	1.92792	1.9774e-05	-0.986089	0.00581785	2.99038e-06	3.10878	-2.1762	-0.00390941	-0.00595405	0.00397129	180	0	0.00199359	256.34	-0.000154383	1554.39	200.462	0	-1088.1	180.002	0	-3.86115	123.001	0	-4.41148	235.999	0	-0.00106929	2139
ODIN	0	1.33239	1.92792	1.95742e-05	-0.986089	0.00581785	2.98513e-06	3.10881	-2.1762	-0.00388048	-0.00590734	0.00394015	180	0	0.00199009	256.34	-0.000152092	1554.41	200.462	0	-1088.1	180.001	0	-3.83257	123.001	0	-4.37688	235.999	0	-0.00106954	2181
ODIN	0	1.33239	1.92792	1.95742e-05	-0.986089	0.00581785	2.9755e-06	3.10884	-2.1762	-0.00385174	-0.0058766	0.00391966	180	0	0.00198367	256.34	-0.000150084	1554.42	200.462	0	-1088.1	180.001	0	-3.80419	123.001	0	-4.35411	235.999	0	-0.00106925	2216
ODIN	0	1.33239	1.92792	1.93745e-05	-0.986089	0.00581785	2.9681e-06	3.10888	-2.1762	-0.00382322	-0.00582991	0.00388853	180	0	0.00197873	256.34	-0.00014819	1554.44	200.462	0	-1088.1	180.001	0	-3.77602	123.001	0	-4.31952	235.999	0	-0.00106888	2257
ODIN	0	1.33239	1.92792	1.93745e-05	-0.986089	0.00581785	2.9681e-06	3.10888	-2.1762	-0.00382322	-0.00582991	0.00388853	180	0	0.00197873	256.34	-0.00014819	1554.44	200.462	0	-1088.1	180.001	0	-3.77602	123.001	0	-4.31952	235.999	0	-0.00106888	2300
ODIN	0	1.33239	1.92792	1.91748e-05	-0.986089	0.00581781	2.96446e-06	3.10891	-2.1762	-0.00379492	-0.00578314	0.00385719	180	0	0.00197631	256.34	-0.000146402	1554.45	200.462	0	-1088.1	180.001	0	-3.74807	123.001	0	-4.28479	235.999	0	-0.000981092	2341
ODIN	0	1.33239	1.92792	1.91748e-05	-0.986089	0.00581785	2.95744e-06	3.10894	-2.1762	-0.00376683	-0.0057525	0.00383677	180	0	0.00197163	256.34	-0.000144455	1554.47	200.462	0	-1088.1	180.001	0	-3.72033	123.001	0	-4.26209	235.999	0	-0.00098063	2377
ODIN	0	1.33239	1.92792	1.8975e-05	-0.986089	0.0058179	2.94867e-06	3.10897	-2.17623	-0.00373892	-0.00570568	0.00380555	180	0	0.00196578	256.34	-0.00014279	1554.48	200.462	0	-1088.12	180.001	0	-3.69276	123.001	0	-4.22741	235.999	0	-0.000980389	2423
ODIN	0	1.33239	1.92792	1.87753e-05	-0.98609	0.00581785	2.94407e-06	3.109	-2.17623	-0.00371126	-0.00567488	0.00378502	180	0	0.00196271	256.34	-0.000140828	1554.5	200.462	0	-1088.12	180.001	0	-3.66544	123.001	0	-4.2046	235.999	0	-0.000980294	2453
ODIN	0	1.33239	1.92792	1.87753e-05	-0.98609	0.00581785	2.94407e-06	3.109	-2.17623	-0.00371126	-0.00567488	0.00378502	180	0	0.00196271	256.34	-0.000140828	1554.5	200.462	0	-1088.12	180.001	0	-3.66544	123.001	0	-4.2046	235.999	0	-0.000980294	2498
ODIN	0	1.33239	1.92792	1.85755e-05	-0.98609	0.00581785	2.93905e-06	3.10903	-2.17623	-0.00368379	-0.00562793	0.00375372	180	0	0.00195937	256.34	-0.000138933	1554.52	200.462	0	-1088.12	180.001	0	-3.63831	123.001	0	-4.16982	235.999	0	-0.000980809	2537
ODIN	0	1.33239	1.92792	1.85755e-05	-0.98609	0.00581785	2.92934e-06	3.10906	-2.17623	-0.0036565	-0.00559728	0.00373313	180	0	0.0019529	256.34	-0.000137094	1554.53	200.462	0	-1088.12	180.001	0	-3.61136	123.001	0	-4.14703	235.999	0	-0.000891078	2577
ODIN	0	1.33239	1.92792	1.83758e-05	-0.98609	0.0058179	2.92737e-06	3.10909	-2.17623	-0.00362946	-0.00556642	0.00371255	180	0	0.00195158	256.34	-0.000135275	1554.55	200.462	0	-1088.12	180.001	0	-3.58465	123.001	0	-4.12417	235.999	0	-0.000891981	2614
ODIN	0	1.33239	1.92792	1.81761e-05	-0.98609	0.00581785	2.92097e-06	3.10913	-2.17623	-0.00360258	-0.00551955	0.00368131	180	0	0.00194732	256.34	-0.000133444	1554.56	200.462	0	-1088.12	180.001	0	-3.5581	123.001	0	-4.08945	235.999	0	-0.000892062	2654
ODIN	0	1.33239	1.92792	1.81761e-05	-0.98609	0.00581785	2.92097e-06	3.10913	-2.17623	-0.00360258	-0.00551955	0.00368131	180	0	0.00194732	256.34	-0.000133444	1554.56	200.462	0	-1088.12	180.001	0	-3.5581	123.001	0	-4.08945	235.999	0	-0.000892062	2692
ODIN	0	1.33239	1.92792	1.81761e-05	-0.98609	0.00581785	2.91381e-06	3.10916	-2.17623	-0.00357591	-0.00548864	0.0036607	180	0	0.00194254	256.34	-0.000131645	1554.58	200.462	0	-1088.12	180.001	0	-3.53176	123.001	0	-4.06655	235.999	0	-0.000891752	2722
ODIN	0	1.33239	1.92792	1.79763e-05	-0.98609	0.00581785	2.90759e-06	3.10919	-2.17623	-0.00354944	-0.00545773	0.00364009	180	0	0.00193839	256.34	-0.000129843	1554.59	200.462	0	-1088.12	180.001	0	-3.50562	123.001	0	-4.04366	235.999	0	-0.000891677	2756
ODIN	0	1.33239	1.92792	1.77766e-05	-0.986091	0.00581781	2.89598e-06	3.10922	-2.17623	-0.00352314	-0.00542676	0.00361944	180	0	0.00193065	256.34	-0.000128005	1554.61	200.462	0	-1088.12	180.001	0	-3.47964	123.001	0	-4.02071	235.999	0	-0.000890566	2800
ODIN	0	1.33239	1.92792	1.77766e-05	-0.986091	0.00581785	2.89887e-06	3.10922	-2.17623	-0.00351813	-0.00541112	0.00360902	180	0	0.00193258	256.34	-0.000127973	1554.61	200.462	0	-1088.12	180.001	0	-3.4747	123.001	0	-4.00913	235.999	0	-0.000891724	2839
ODIN	0	1.33239	1.92792	1.77766e-05	-0.986091	0.00581785	2.89518e-06	3.10925	-2.17623	-0.00349708	-0.00537998	0.0035881	180	0	0.00193012	256.34	-0.000126217	1554.63	200.462	0	-1088.12	180.001	0	-3.45391	123.001	0	-3.98597	235.999	0	-0.000803072	2878
ODIN	0	1.33239	1.92792	1.75769e-05	-0.986091	0.00581785	2.88934e-06	3.10928	-2.17627	-0.00347119	-0.00534905	0.00356748	180	0	0.00192623	256.34	-0.000124462	1554.64	200.462	0	-1088.13	180.001	0	-3.42834	123.001	0	-3.96306	235.999	0	-0.000803123	2916
ODIN	0	1.33239	1.92792	1.73771e-05	-0.986091	0.00581785	2.8834e-06	3.10931	-2.17626	-0.00344548	-0.00531803	0.0035468	180	0	0.00192227	256.34	-0.000123081	1554.66	200.462	0	-1088.13	180.001	0	-3.40295	123.001	0	-3.94008	235.999	0	-0.000803313	2957
ODIN	0	1.33239	1.92792	1.73771e-05	-0.986091	0.00581781	2.87709e-06	3.10934	-2.17626	-0.00341998	-0.00528704	0.00352614	180	0	0.00191806	256.34	-0.000121018	1554.67	200.462	0	-1088.13	180.001	0	-3.37775	123.001	0	-3.91713	235.999	0	-0.000802871	2988
ODIN	0	1.33239	1.92792	1.73771e-05	-0.986091	0.00581781	2.87709e-06	3.10934	-2.17626	-0.00341998	-0.00528704	0.00352614	180	0	0.00191806	256.34	-0.000121018	1554.67	200.462	0	-1088.13	180.001	0	-3.37775	123.001	0	-3.91713	235.999	0	-0.000802871	3023
ODIN	0	1.33239	1.92792	1.71774e-05	-0.986091	0.00581785	2.87275e-06	3.10938	-2.17626	-0.00339467	-0.00525607	0.00350549	180	0	0.00191517	256.34	-0.000119434	1554.69	200.462	0	-1088.13	180.001	0	-3.35276	123.001	0	-3.89419	235.999	0	-0.000803186	3059
ODIN	0	1.33239	1.92792	1.69777e-05	-0.986091	0.00581781	2.8672e-06	3.10941	-2.17626	-0.00336954	-0.00522504	0.0034848	180	0	0.00191147	256.34	-0.000117986	1554.7	200.462	0	-1088.13	180.001	0	-3.32794	123.001	0	-3.8712	235.999	0	-0.000802829	3103
ODIN	0	1.33239	1.92792	1.69777e-05	-0.986091	0.00581785	2.86091e-06	3.10941	-2.17626	-0.00334459	-0.00519403	0.00346413	180	0	0.00190728	256.34	-0.000116995	1554.7	200.462	0	-1088.13	180.001	0	-3.3033	123.001	0	-3.84823	235.999	0	-0.000802914	3145
ODIN	0	1.33239	1.92792	1.69777e-05	-0.986091	0.00581785	2.86091e-06	3.10941	-2.17626	-0.00334459	-0.00519403	0.00346413	180	0	0.00190728	256.34	-0.000116995	1554.7	200.462	0	-1088.13	180.001	0	-3.3033	123.001	0	-3.84823	235.999	0	-0.000802914	3168
ODIN	0	1.33239	1.92792	1.67779e-05	-0.986092	0.0058179	2.85587e-06	3.10944	-2.17626	-0.00331984	-0.0051631	0.00344336	180	0	0.00190391	256.34	-0.0001152	1554.72	200.462	0	-1088.13	180.001	0	-3.27885	123.001	0	-3.82524	235.999	0	-0.000714514	3210
ODIN	0	1.33239	1.92792	1.67779e-05	-0.986092	0.00581785	2.84989e-06	3.10947	-2.17626	-0.00329526	-0.00513207	0.00342266	180	0	0.00189993	256.34	-0.000113442	1554.73	200.462	0	-1088.13	180.001	0	-3.25458	123.001	0	-3.80224	235.999	0	-0.000714454	3241
ODIN	0	1.33239	1.92792	1.65782e-05	-0.986092	0.00581785	2.843e-06	3.1095	-2.17626	-0.00327086	-0.00510098	0.00340194	180	0	0.00189534	256.34	-0.000111679	1554.75	200.462	0	-1088.13	180.001	0	-3.23048	123.001	0	-3.77922	235.999	0	-0.000714159	3284
ODIN	0	1.33239	1.92792	1.63784e-05	-0.986092	0.00581785	2.83913e-06	3.10953	-2.17626	-0.00324665	-0.00506989	0.00338121	180	0	0.00189275	256.34	-0.000110145	1554.77	200.462	0	-1088.13	180.001	0	-3.20657	123.001	0	-3.75619	235.999	0	-0.000714356	3323
ODIN	0	1.33239	1.92792	1.63784e-05	-0.986092	0.00581785	2.83441e-06	3.10953	-2.17626	-0.0032397	-0.00504761	0.00336636	180	0	0.0018896	256.34	-0.000109852	1554.77	200.462	0	-1088.13	180.001	0	-3.1997	123.001	0	-3.73969	235.999	0	-0.000713396	3363
ODIN	0	1.33239	1.92792	1.63784e-05	-0.986092	0.00581785	2.83421e-06	3.10956	-2.17626	-0.00322262	-0.00503886	0.00336053	180	0	0.00188947	256.34	-0.000109068	1554.78	200.462	0	-1088.13	180.001	0	-3.18283	123.001	0	-3.7332	235.999	0	-0.000714472	3402
ODIN	0	1.33239	1.92792	1.61787e-05	-0.986092	0.00581785	2.82761e-06	3.10956	-2.17626	-0.00319876	-0.00500778	0.00333981	180	0	0.00188507	256.34	-0.000107906	1554.78	200.462	0	-1088.13	180.001	0	-3.15927	123.001	0	-3.71018	235.999	0	-0.000714111	3442
ODIN	0	1.33239	1.92792	1.61787e-05	-0.986092	0.00581785	2.82009e-06	3.10959	-2.17626	-0.00317507	-0.00497656	0.00331899	180	0	0.00188006	256.34	-0.000106113	1554.8	200.462	0	-1088.13	180.001	0	-3.13587	123.001	0	-3.68705	235.999	0	-0.000713711	3480
ODIN	0	1.33239	1.92792	1.5979e-05	-0.986092	0.00581781	2.81714e-06	3.10963	-2.1763	-0.00315158	-0.00494541	0.00329806	180	0	0.0018781	256.34	-0.000104659	1554.81	200.462	0	-1088.15	180.001	0	-3.11267	123.001	0	-3.66389	235.999	0	-0.000624607	3522
ODIN	0	1.33239	1.92792	1.57792e-05	-0.986093	0.00581785	2.81215e-06	3.10966	-2.17629	-0.00312825	-0.00493038	0.00328805	180	0	0.00187477	256.34	-0.000103066	1554.83	200.462	0	-1088.15	180.001	0	-3.08963	123.001	0	-3.65276	235.999	0	-0.000625606	3566
ODIN	0	1.33239	1.92792	1.57792e-05	-0.986093	0.00581785	2.81215e-06	3.10966	-2.17629	-0.00312825	-0.00493038	0.00328805	180	0	0.00187477	256.34	-0.000103066	1554.83	200.462	0	-1088.15	180.001	0	-3.08963	123.001	0	-3.65276	235.999	0	-0.000625606	3591
ODIN	0	1.33239	1.92792	1.57792e-05	-0.986093	0.00581785	2.8063e-06	3.10966	-2.17629	-0.00310509	-0.00489934	0.00326735	180	0	0.00187087	256.34	-0.000102414	1554.83	200.462	0	-1088.15	180.001	0	-3.06676	123.001	0	-3.62977	235.999	0	-0.000625585	3633
ODIN	0	1.33239	1.92792	1.55795e-05	-0.986093	0.00581785	2.80106e-06	3.10969	-2.17629	-0.00308211	-0.0048682	0.00324659	180	0	0.00186737	256.34	-0.00010064	1554.84	200.462	0	-1088.15	180.001	0	-3.04406	123.001	0	-3.6067	235.999	0	-0.000625493	3670
ODIN	0	1.33238	1.92793	1.55795e-05	-0.986094	0.00581785	1.91763e-05	3.11255	-2.17918	-0.00304996	-0.00384661	0.00256416	180	0	0.0127842	256.34	-0.00397473	1556.28	200.462	0	-1089.59	180.001	0	-3.01231	123.001	0	-2.8492	235.999	0	0.000140818	3705
ODIN	0	1.33238	1.92793	1.53798e-05	-0.986095	0.00581781	3.42799e-05	3.11082	-2.17753	-0.0030224	-0.00436633	0.00291124	180	0	0.0228533	256.34	0.000199965	1555.41	200.462	0	-1088.76	180.001	0	-2.98509	123.001	0	-3.23451	235.999	0	-0.000192619	3742
ODIN	0	1.33238	1.92793	1.53798e-05	-0.986095	0.00581781	3.42799e-05	3.11082	-2.17753	-0.0030224	-0.00436633	0.00291124	180	0	0.0228533	256.34	0.000199965	1555.41	200.462	0	-1088.76	180.001	0	-2.98509	123.001	0	-3.23451	235.999	0	-0.000192619	3772
ODIN	0	1.33238	1.92793	1.518e-05	-0.986094	0.00581785	2.44686e-05	3.10877	-2.17539	-0.00300659	-0.00508915	0.00339473	180	0	0.0163124	256.34	0.00318817	1554.39	200.462	0	-1087.69	180.001	0	-2.96947	123.001	0	-3.77083	235.999	0	-0.0010889	3811
ODIN	0	1.33239	1.92792	1.518e-05	-0.986093	0.00581785	-3.69542e-06	3.108	-2.17448	-0.00299671	-0.00539593	0.00360016	180	0	-0.00246361	256.34	0.00317703	1554	200.462	0	-1087.24	180.001	0	-2.95972	123.001	0	-3.99858	235.999	0	-0.00159799	3845
ODIN	0	1.33239	1.92792	1.49803e-05	-0.986092	0.00581785	-2.96034e-05	3.10832	-2.17477	-0.00298371	-0.00528199	0.00352369	180	0	-0.0197356	256.34	0.00145763	1554.16	200.462	0	-1087.39	180.001	0	-2.94687	123.001	0	-3.9139	235.999	0	-0.00131406	3879
ODIN	0	1.33239	1.92792	1.49803e-05	-0.986092	0.00581785	-2.96034e-05	3.10832	-2.17477	-0.00298371	-0.00528199	0.00352369	180	0	-0.0197356	256.34	0.00145763	1554.16	200.462	0	-1087.39	180.001	0	-2.94687	123.001	0	-3.9139	235.999	0	-0.00131406	3920
ODIN	0	1.33239	1.92792	1.49803e-05	-0.986092	0.00581785	-3.71453e-05	3.10919	-2.17562	-0.0029623	-0.00494893	0.00330051	180	0	-0.0247635	256.34	-0.000384023	1554.6	200.462	0	-1087.81	180.001	0	-2.92573	123.001	0	-3.66656	235.999	0	-0.000683434	3958
ODIN	2.66316e-07	1.33239	1.92792	1.47805e-05	-0.986093	0.0058179	-2.47881e-05	3.10994	-2.17641	-0.0029337	-0.00465425	0.00310293	180	0	-0.0165254	256.34	-0.00138463	1554.97	200.462	0	-1088.21	180.001	0	-2.89748	123.001	0	-3.44764	235.999	0	-5.21852e-05	3997
ODIN	2.66316e-07	1.33239	1.92792	1.47805e-05	-0.986093	0.00581785	-3.11868e-06	3.11031	-2.1768	-0.00290307	-0.00451106	0.00300712	180	0	-0.00207912	256.34	-0.00140738	1555.15	200.462	0	-1088.4	180.001	0	-2.86723	123.001	0	-3.34138	235.999	0	0.000144493	4038
ODIN	2.66316e-07	1.33239	1.92792	1.47805e-05	-0.986093	0.00581785	-3.11868e-06	3.11031	-2.1768	-0.00290307	-0.00451106	0.00300712	180	0	-0.00207912	256.34	-0.00140738	1555.15	200.462	0	-1088.4	180.001	0	-2.86723	123.001	0	-3.34138	235.999	0	0.000144493	4073
ODIN	0	1.33239	1.92792	1.45808e-05	-0.986094	0.00581785	1.45018e-05	3.11027	-2.17676	-0.00287557	-0.00448584	0.00299062	180	0	0.00966785	256.34	-0.000834145	1555.13	200.462	0	-1088.38	180.001	0	-2.84007	123.001	0	-3.32288	235.999	0	-3.7578e-05	4110
ODIN	0	1.33238	1.92792	1.45808e-05	-0.986094	0.00581785	2.02555e-05	3.11005	-2.17649	-0.00285341	-0.00454629	0.00303162	180	0	0.0135036	256.34	-0.000175507	1555.02	200.462	0	-1088.25	180.001	0	-2.81819	123.001	0	-3.36805	235.999	0	-0.00042211	4147
ODIN	0	1.33239	1.92792	1.43811e-05	-0.986094	0.00581785	1.45304e-05	3.10981	-2.17623	-0.00283556	-0.00462636	0.00308553	180	0	0.00968691	256.34	0.000227417	1554.9	200.462	0	-1088.12	180.001	0	-2.80055	123.001	0	-3.42765	235.999	0	-0.000714415	4182
ODIN	0	1.33239	1.92792	1.43811e-05	-0.986094	0.00581785	3.37064e-06	3.1097	-2.17611	-0.00281916	-0.00464732	0.00309977	180	0	0.00224709	256.34	0.000314449	1554.85	200.462	0	-1088.06	180.001	0	-2.78436	123.001	0	-3.44332	235.999	0	-0.000864374	4223
ODIN	0	1.33239	1.92792	1.41813e-05	-0.986094	0.00581785	-4.89017e-06	3.11002	-2.17644	-0.0028006	-0.00451284	0.00300974	180	0	-0.00326012	256.34	-0.000296343	1555.01	200.462	0	-1088.22	180.001	0	-2.76603	123.001	0	-3.3435	235.999	0	-0.000653987	4264
ODIN	0	1.33239	1.92792	1.41813e-05	-0.986094	0.00581785	-4.89017e-06	3.11002	-2.17644	-0.0028006	-0.00451284	0.00300974	180	0	-0.00326012	256.34	-0.000296343	1555.01	200.462	0	-1088.22	180.001	0	-2.76603	123.001	0	-3.3435	235.999	0	-0.000653987	4302
ODIN	0	1.33239	1.92792	1.41813e-05	-0.986094	0.00581785	-8.65403e-06	3.10941	-2.17585	-0.00278117	-0.00470221	0.00313576	180	0	-0.00576936	256.34	0.000790457	1554.71	200.462	0	-1087.93	180.001	0	-2.74683	123.001	0	-3.48365	235.999	0	-0.000529427	4333
ODIN	0	1.33239	1.92792	1.39816e-05	-0.986094	0.00581785	-1.29106e-05	3.10899	-2.17538	-0.00276251	-0.00484295	0.00322964	180	0	-0.00860705	256.34	0.0011004	1554.5	200.462	0	-1087.69	180.001	0	-2.7284	123.001	0	-3.58793	235.999	0	-0.000561606	4369
ODIN	0	1.33239	1.92792	1.39816e-05	-0.986094	0.00581781	-1.53178e-05	3.10918	-2.17552	-0.00274287	-0.00476875	0.00318002	180	0	-0.0102118	256.34	0.000380529	1554.59	200.462	0	-1087.76	180.001	0	-2.70901	123.001	0	-3.53289	235.999	0	-0.000475792	4409
ODIN	0	1.33239	1.92792	1.37819e-05	-0.986094	0.00581781	-1.38202e-05	3.10954	-2.17585	-0.00272748	-0.00464153	0.00309502	180	0	-0.00921348	256.34	-0.000276998	1554.77	200.462	0	-1087.93	180.001	0	-2.6938	123.001	0	-3.43854	235.999	0	-0.000371727	4443
ODIN	0	1.33239	1.92792	1.37819e-05	-0.986094	0.00581785	-1.22329e-05	3.1097	-2.17602	-0.0027209	-0.00457915	0.00305321	180	0	-0.00815529	256.34	-0.000549805	1554.85	200.462	0	-1088.01	180.001	0	-2.68731	123.001	0	-3.39221	235.999	0	-0.000244458	4486
ODIN	0	1.33239	1.92792	1.37819e-05	-0.986094	0.00581785	-3.78903e-06	3.11017	-2.17651	-0.0026971	-0.00439472	0.00292998	180	0	-0.00252602	256.34	-0.0010802	1555.08	200.462	0	-1088.25	180.001	0	-2.6638	123.001	0	-3.25544	235.999	0	-9.38409e-05	4520
ODIN	0	1.33239	1.92792	1.35821e-05	-0.986094	0.0058179	6.23729e-06	3.11042	-2.17676	-0.00267332	-0.00428057	0.00285386	180	0	0.00415819	256.34	-0.00106208	1555.21	200.462	0	-1088.38	180.001	0	-2.64032	123.001	0	-3.17087	235.999	0	-7.95028e-05	4559
ODIN	0	1.33238	1.92792	1.33824e-05	-0.986095	0.00581785	1.30373e-05	3.11044	-2.17676	-0.00265141	-0.00425293	0.00283556	180	0	0.00869155	256.34	-0.000683407	1555.22	200.462	0	-1088.38	180.001	0	-2.61868	123.001	0	-3.15047	235.999	0	-0.000153105	4596
ODIN	0	1.33238	1.92792	1.33824e-05	-0.986095	0.00581785	1.30373e-05	3.11044	-2.17676	-0.00265141	-0.00425293	0.00283556	180	0	0.00869155	256.34	-0.000683407	1555.22	200.462	0	-1088.38	180.001	0	-2.61868	123.001	0	-3.15047	235.999	0	-0.000153105	4635
ODIN	0	1.33238	1.92792	1.33824e-05	-0.986095	0.0058179	1.39781e-05	3.11029	-2.17659	-0.00263211	-0.00429436	0.00286364	180	0	0.00931875	256.34	-0.000213095	1555.15	200.462	0	-1088.3	180.001	0	-2.59961	123.001	0	-3.18141	235.999	0	-0.000404933	4672
ODIN	0	1.33238	1.92792	1.31826e-05	-0.986095	0.00581785	9.9847e-06	3.1102	-2.17646	-0.0026146	-0.00432577	0.00288485	180	0	0.00665647	256.34	2.28738e-05	1555.1	200.462	0	-1088.23	180.001	0	-2.58232	123.001	0	-3.20483	235.999	0	-0.000556498	4714
ODIN	0	1.33238	1.92792	1.31826e-05	-0.986095	0.00581785	3.51824e-06	3.11	-2.17623	-0.00259799	-0.00438252	0.00292269	180	0	0.00234549	256.34	0.000288883	1555	200.462	0	-1088.12	180.001	0	-2.56592	123.001	0	-3.24687	235.999	0	-0.0005597	4752
ODIN	0	1.33238	1.92792	1.29829e-05	-0.986095	0.00581785	-1.35148e-07	3.11052	-2.17672	-0.00257952	-0.00418505	0.00279082	180	0	-9.00988e-05	256.34	-0.000652843	1555.26	200.462	0	-1088.36	180.001	0	-2.54767	123.001	0	-3.10048	235.999	0	-0.000438109	4790
ODIN	0	1.33238	1.92792	1.29829e-05	-0.986095	0.00581785	-1.35148e-07	3.11052	-2.17672	-0.00257952	-0.00418505	0.00279082	180	0	-9.00988e-05	256.34	-0.000652843	1555.26	200.462	0	-1088.36	180.001	0	-2.54767	123.001	0	-3.10048	235.999	0	-0.000438109	4830
ODIN	0	1.33238	1.92792	1.29829e-05	-0.986095	0.00581785	3.29083e-06	3.11088	-2.17705	-0.00255833	-0.0040453	0.00269723	180	0	0.00219389	256.34	-0.00090443	1555.44	200.462	0	-1088.52	180.001	0	-2.52675	123.001	0	-2.99672	235.999	0	-0.000198648	4864
ODIN	0	1.33238	1.92792	1.27832e-05	-0.986095	0.00581785	9.27065e-06	3.11081	-2.17699	-0.00253688	-0.00405535	0.00270399	180	0	0.00618043	256.34	-0.000463982	1555.41	200.462	0	-1088.5	180.001	0	-2.50556	123.001	0	-3.0042	235.999	0	-0.000233749	4904
ODIN	0	1.33238	1.92792	1.27832e-05	-0.986096	0.00581785	1.19414e-05	3.11047	-2.17661	-0.0025175	-0.00415495	0.00277052	180	0	0.00796096	256.34	0.00024894	1555.24	200.462	0	-1088.31	180.001	0	-2.48642	123.001	0	-3.07805	235.999	0	-0.000308787	4938
ODIN	0	1.33238	1.92792	1.27832e-05	-0.986095	0.00581785	8.5398e-06	3.11009	-2.17623	-0.00250074	-0.00427965	0.00285407	180	0	0.0056932	256.34	0.000724752	1555.05	200.462	0	-1088.11	180.001	0	-2.46987	123.001	0	-3.17065	235.999	0	-0.000535897	4974
ODIN	0	1.33238	1.92792	1.27832e-05	-0.986095	0.00581785	8.5398e-06	3.11009	-2.17623	-0.00250074	-0.00427965	0.00285407	180	0	0.0056932	256.34	0.000724752	1555.05	200.462	0	-1088.11	180.001	0	-2.46987	123.001	0	-3.17065	235.999	0	-0.000535897	5016
ODIN	0	1.33238	1.92792	1.25834e-05	-0.986095	0.0058179	9.99774e-07	3.10982	-2.17592	-0.00248548	-0.00435895	0.00290715	180	0	0.000666516	256.34	0.000869723	1554.91	200.462	0	-1087.96	180.001	0	-2.45479	123.001	0	-3.22951	235.999	0	-0.000657041	5055
ODIN	0	1.33239	1.92792	1.25834e-05	-0.986095	0.00581785	-9.51712e-06	3.10849	-2.17464	-0.00247203	-0.00478631	0.00319247	180	0	-0.00634474	256.34	0.00273329	1554.25	200.462	0	-1087.32	180.001	0	-2.44151	123.001	0	-3.5463	235.999	0	-0.000888899	5092
ODIN	0	1.33239	1.92792	1.23837e-05	-0.986094	0.00581785	-2.98281e-05	3.10735	-2.17335	-0.00246319	-0.00522735	0.00348708	180	0	-0.0198854	256.34	0.00332381	1553.67	200.462	0	-1086.67	180.001	0	-2.43278	123.001	0	-3.87332	235.999	0	-0.00120994	5133
ODIN	2.66316e-07	1.33239	1.92792	1.23837e-05	-0.986093	0.00581785	-4.26144e-05	3.10846	-2.17439	-0.00244893	-0.00487068	0.00324851	180	0	-0.0284096	256.34	0.000343277	1554.23	200.461	0	-1087.2	180.001	0	-2.41869	123.001	0	-3.60869	235.999	0	-0.000774727	5173
ODIN	2.66316e-07	1.33239	1.92792	1.23837e-05	-0.986093	0.00581785	-4.26144e-05	3.10846	-2.17439	-0.00244893	-0.00487068	0.00324851	180	0	-0.0284096	256.34	0.000343277	1554.23	200.461	0	-1087.2	180.001	0	-2.41869	123.001	0	-3.60869	235.999	0	-0.000774727	5212
ODIN	2.66316e-07	1.33239	1.92792	1.23837e-05	-0.986094	0.00581785	-3.32328e-05	3.11011	-2.17606	-0.00242506	-0.00427312	0.00284875	180	0	-0.0221552	256.34	-0.00225397	1555.05	200.462	0	-1088.03	180.001	0	-2.39512	123.001	0	-3.16528	235.999	0	8.09486e-07	5249
ODIN	2.66316e-07	1.33239	1.92792	1.2184e-05	-0.986095	0.00581781	-5.64104e-06	3.1113	-2.17731	-0.00239506	-0.00382595	0.00254962	180	0	-0.00376069	256.34	-0.00324327	1555.65	200.462	0	-1088.66	180.001	0	-2.36549	123.001	0	-2.83347	235.999	0	0.000560725	5283
ODIN	0	1.33238	1.92792	1.19842e-05	-0.986095	0.00581785	2.5046e-05	3.11179	-2.17782	-0.00236582	-0.00362899	0.00241836	180	0	0.0166973	256.34	-0.0027539	1555.89	200.462	0	-1088.91	180.001	0	-2.33661	123.001	0	-2.6876	235.999	0	0.000539385	5316
ODIN	0	1.33238	1.92792	1.19842e-05	-0.986096	0.00581785	4.35316e-05	3.11163	-2.17765	-0.00234339	-0.00364555	0.00243016	180	0	0.0290211	256.34	-0.00163936	1555.82	200.462	0	-1088.83	180.001	0	-2.31446	123.001	0	-2.70029	235.999	0	0.000114494	5353
ODIN	0	1.33238	1.92792	1.19842e-05	-0.986096	0.00581785	4.35407e-05	3.11163	-2.17764	-0.0023428	-0.00364459	0.00242955	180	0	0.0290271	256.34	-0.00152882	1555.81	200.462	0	-1088.82	180.001	0	-2.31387	123.001	0	-2.6996	235.999	0	9.56288e-05	5398
ODIN	0	1.33238	1.92793	1.17845e-05	-0.986097	0.00581785	4.54442e-05	3.1123	-2.17817	-0.00232587	-0.00345834	0.00230603	180	0	0.0302961	256.34	-0.00220413	1556.15	200.462	0	-1089.09	180.001	0	-2.29715	123.001	0	-2.562	235.999	0	-0.000261273	5430
ODIN	0	1.33238	1.92793	1.17845e-05	-0.986097	0.00581785	4.2126e-05	3.11194	-2.17795	-0.00231024	-0.00349108	0.00232819	180	0	0.028084	256.34	-0.000719969	1555.97	200.462	0	-1088.98	180.001	0	-2.28172	123.001	0	-2.58643	235.999	0	-0.000447719	5466
ODIN	0	1.33238	1.92793	1.15848e-05	-0.986097	0.00581785	2.74373e-05	3.11068	-2.17666	-0.00229997	-0.00394013	0.00262828	180	0	0.0182915	256.34	0.00145222	1555.34	200.462	0	-1088.33	180.001	0	-2.27157	123.001	0	-2.91946	235.999	0	-0.000847391	5505
ODIN	0	1.33238	1.92793	1.15848e-05	-0.986097	0.00581785	5.59434e-06	3.1099	-2.1758	-0.00229175	-0.00422162	0.00281632	180	0	0.00372956	256.34	0.00207478	1554.95	200.462	0	-1087.9	180.001	0	-2.26346	123.001	0	-3.12818	235.999	0	-0.00106135	5550
ODIN	0	1.33238	1.92793	1.15848e-05	-0.986097	0.00581785	5.59434e-06	3.1099	-2.1758	-0.00229175	-0.00422162	0.00281632	180	0	0.00372956	256.34	0.00207478	1554.95	200.462	0	-1087.9	180.001	0	-2.26346	123.001	0	-3.12818	235.999	0	-0.00106135	5585
ODIN	0	1.33238	1.92792	1.15848e-05	-0.986096	0.00581785	-1.2422e-05	3.1098	-2.17563	-0.00228102	-0.00426456	0.0028447	180	0	-0.0082813	256.34	0.00146935	1554.9	200.462	0	-1087.81	180.001	0	-2.25286	123.001	0	-3.15986	235.999	0	-0.000923919	5621
ODIN	0	1.33238	1.92792	1.1385e-05	-0.986096	0.0058179	-1.86884e-05	3.1101	-2.17592	-0.00226516	-0.00415826	0.00277314	180	0	-0.0124589	256.34	0.000466	1555.05	200.462	0	-1087.96	180.001	0	-2.23719	123.001	0	-3.08073	235.999	0	-0.000538826	5657
ODIN	0	1.33238	1.92792	1.1385e-05	-0.986096	0.00581785	-1.25625e-05	3.11046	-2.17631	-0.00224478	-0.00399559	0.00266396	180	0	-0.00837497	256.34	-0.00028981	1555.23	200.462	0	-1088.15	180.001	0	-2.21707	123.001	0	-2.95983	235.999	0	-0.000127898	5693
ODIN	0	1.33238	1.92792	1.1385e-05	-0.986096	0.00581785	-1.25625e-05	3.11046	-2.17631	-0.00224478	-0.00399559	0.00266396	180	0	-0.00837497	256.34	-0.00028981	1555.23	200.462	0	-1088.15	180.001	0	-2.21707	123.001	0	-2.95983	235.999	0	-0.000127898	5729
ODIN	0	1.33238	1.92792	1.1385e-05	-0.986096	0.00581781	1.19262e-07	3.11073	-2.17656	-0.00222279	-0.00389219	0.00259473	180	0	7.95079e-05	256.34	-0.000551755	1555.36	200.462	0	-1088.28	180.001	0	-2.19534	123.001	0	-2.88306	235.999	0	3.67821e-05	5771
ODIN	0	1.33238	1.92792	1.11853e-05	-0.986096	0.00581785	1.14304e-05	3.11077	-2.17661	-0.0022023	-0.00387009	0.00258003	180	0	0.00762024	256.34	-0.00039109	1555.39	200.462	0	-1088.31	180.001	0	-2.17511	123.001	0	-2.86672	235.999	0	1.54515e-05	5810
ODIN	0	1.33238	1.92792	1.11853e-05	-0.986096	0.0058179	1.61271e-05	3.11064	-2.17647	-0.00218492	-0.00389738	0.00259866	180	0	0.0107514	256.34	-7.00412e-05	1555.32	200.462	0	-1088.24	180.001	0	-2.15795	123.001	0	-2.88717	235.999	0	-0.000226979	5841
ODIN	0	1.33238	1.92792	1.09855e-05	-0.986096	0.0058179	1.36258e-05	3.1105	-2.1763	-0.0021704	-0.00394778	0.0026327	180	0	0.00908386	256.34	0.000191537	1555.25	200.462	0	-1088.15	180.001	0	-2.1436	123.001	0	-2.92475	235.999	0	-0.000468712	5882
ODIN	0	1.33238	1.92792	1.09855e-05	-0.986096	0.0058179	1.36258e-05	3.1105	-2.1763	-0.0021704	-0.00394778	0.0026327	180	0	0.00908386	256.34	0.000191537	1555.25	200.462	0	-1088.15	180.001	0	-2.1436	123.001	0	-2.92475	235.999	0	-0.000468712	5920
ODIN	0	1.33238	1.92792	1.09855e-05	-0.986096	0.00581785	6.98378e-06	3.11039	-2.17618	-0.00215717	-0.00398414	0.00265712	180	0	0.00465585	256.34	0.000284802	1555.19	200.462	0	-1088.09	180.001	0	-2.13054	123.001	0	-2.95179	235.999	0	-0.000571486	5966
ODIN	0	1.33238	1.92792	1.07858e-05	-0.986096	0.00581785	-5.14182e-07	3.11008	-2.17587	-0.00214422	-0.00406373	0.00271028	180	0	-0.000342788	256.34	0.000629025	1555.04	200.462	0	-1087.93	180.001	0	-2.11775	123.001	0	-3.0108	235.999	0	-0.000623769	6001
ODIN	0	1.33238	1.92792	1.07858e-05	-0.986096	0.00581785	-5.86175e-06	3.11022	-2.17596	-0.00213003	-0.00402131	0.00268173	180	0	-0.00390783	256.34	0.000180929	1555.11	200.462	0	-1087.98	180.001	0	-2.10374	123.001	0	-2.97922	235.999	0	-0.000473206	6043
ODIN	0	1.33238	1.92792	1.07858e-05	-0.986096	0.00581785	-5.4126e-06	3.11051	-2.17627	-0.00211346	-0.00390904	0.00260658	180	0	-0.0036084	256.34	-0.00032455	1555.26	200.462	0	-1088.14	180.001	0	-2.08736	123.001	0	-2.89589	235.999	0	-0.000310387	6075
ODIN	0	1.33238	1.92792	1.07858e-05	-0.986096	0.00581785	-5.4126e-06	3.11051	-2.17627	-0.00211346	-0.00390904	0.00260658	180	0	-0.0036084	256.34	-0.00032455	1555.26	200.462	0	-1088.14	180.001	0	-2.08736	123.001	0	-2.89589	235.999	0	-0.000310387	6106
ODIN	0	1.33238	1.92792	1.05861e-05	-0.986096	0.0058179	-1.48687e-07	3.11071	-2.17648	-0.00209535	-0.00382065	0.00254739	180	0	-9.91248e-05	256.34	-0.000518234	1555.36	200.462	0	-1088.24	180.001	0	-2.06948	123.001	0	-2.83027	235.999	0	-0.000161804	6146
ODIN	0	1.33238	1.92792	1.05861e-05	-0.986097	0.00581785	6.2173e-06	3.11079	-2.17653	-0.00207738	-0.00378755	0.00252527	180	0	0.00414487	256.34	-0.000424042	1555.4	200.462	0	-1088.27	180.001	0	-2.05173	123.001	0	-2.80573	235.999	0	-0.00013273	6185
ODIN	0	1.33238	1.92792	1.03863e-05	-0.986097	0.00581785	1.01272e-05	3.11074	-2.17648	-0.00206082	-0.00379709	0.00253169	180	0	0.00675149	256.34	-0.000199409	1555.37	200.462	0	-1088.24	180.001	0	-2.03538	123.001	0	-2.81282	235.999	0	-0.000162736	6224
ODIN	0	1.33238	1.92792	1.03863e-05	-0.986097	0.00581785	1.01902e-05	3.11066	-2.1764	-0.00204594	-0.00381959	0.00254703	180	0	0.00679348	256.34	1.98493e-06	1555.33	200.462	0	-1088.2	180.001	0	-2.02068	123.001	0	-2.82968	235.999	0	-0.000353363	6256
ODIN	0	1.33238	1.92792	1.03863e-05	-0.986097	0.00581785	1.01902e-05	3.11066	-2.1764	-0.00204594	-0.00381959	0.00254703	180	0	0.00679348	256.34	1.98493e-06	1555.33	200.462	0	-1088.2	180.001	0	-2.02068	123.001	0	-2.82968	235.999	0	-0.000353363	6297
ODIN	0	1.33238	1.92792	1.03863e-05	-0.986097	0.00581785	7.34292e-06	3.11058	-2.17631	-0.00203214	-0.00382384	0.00254992	180	0	0.00489528	256.34	9.81486e-05	1555.29	200.462	0	-1088.16	180.001	0	-2.00705	123.001	0	-2.83286	235.999	0	-0.000386514	6338
ODIN	0	1.33238	1.92792	1.01866e-05	-0.986097	0.00581785	3.74272e-06	3.11055	-2.17628	-0.00201848	-0.0038238	0.00255	180	0	0.00249515	256.34	9.09369e-05	1555.28	200.462	0	-1088.14	180.001	0	-1.99356	123.001	0	-2.83289	235.999	0	-0.00044575	6373
ODIN	0	1.33238	1.92792	1.01866e-05	-0.986097	0.00581785	1.32232e-06	3.11059	-2.17628	-0.0020043	-0.00381219	0.00254214	180	0	0.000881543	256.34	2.47171e-05	1555.29	200.462	0	-1088.14	180.001	0	-1.97955	123.001	0	-2.82422	235.999	0	-0.000379356	6411
ODIN	0	1.33238	1.92792	1.01866e-05	-0.986097	0.00581785	8.71213e-07	3.11062	-2.17632	-0.00198942	-0.00379882	0.00253313	180	0	0.000580809	256.34	-4.61381e-05	1555.31	200.462	0	-1088.16	180.001	0	-1.96486	123.001	0	-2.81427	235.999	0	-0.000324286	6451
ODIN	0	1.33238	1.92792	1.01866e-05	-0.986097	0.00581785	8.71213e-07	3.11062	-2.17632	-0.00198942	-0.00379882	0.00253313	180	0	0.000580809	256.34	-4.61381e-05	1555.31	200.462	0	-1088.16	180.001	0	-1.96486	123.001	0	-2.81427	235.999	0	-0.000324286	6490
ODIN	0	1.33238	1.92792	9.98685e-06	-0.986097	0.00581785	1.98774e-06	3.11068	-2.17635	-0.00197412	-0.00377511	0.00251712	180	0	0.00132516	256.34	-8.72095e-05	1555.34	200.462	0	-1088.17	180.001	0	-1.94975	123.001	0	-2.79659	235.999	0	-0.000213107	6517
ODIN	0	1.33238	1.92792	9.98685e-06	-0.986097	0.0058179	3.65646e-06	3.11068	-2.17635	-0.00195883	-0.00375796	0.00250571	180	0	0.00243764	256.34	-9.25269e-05	1555.34	200.462	0	-1088.18	180.001	0	-1.93465	123.001	0	-2.7839	235.999	0	-0.000224197	6550
ODIN	0	1.33238	1.92792	9.78712e-06	-0.986097	0.00581785	4.92013e-06	3.1107	-2.17634	-0.00194391	-0.00374547	0.00249744	180	0	0.00328009	256.34	-7.31316e-05	1555.35	200.462	0	-1088.17	180.001	0	-1.91991	123.001	0	-2.77468	235.999	0	-0.000252609	6586
ODIN	0	1.33238	1.92792	9.78712e-06	-0.986097	0.00581785	5.31921e-06	3.11069	-2.17636	-0.00192968	-0.00373432	0.00249005	180	0	0.00354614	256.34	-5.10612e-05	1555.35	200.462	0	-1088.18	180.001	0	-1.90585	123.001	0	-2.76644	235.999	0	-0.000278836	6626
ODIN	0	1.33238	1.92792	9.78712e-06	-0.986097	0.00581785	5.31431e-06	3.11069	-2.17636	-0.00192946	-0.00373438	0.00249009	180	0	0.00354288	256.34	-4.91983e-05	1555.35	200.462	0	-1088.18	180.001	0	-1.90564	123.001	0	-2.76649	235.999	0	-0.000279452	6664
ODIN	0	1.33238	1.92792	9.78712e-06	-0.986097	0.00581785	4.94886e-06	3.11071	-2.17635	-0.00191539	-0.00372205	0.00248189	180	0	0.00329924	256.34	-3.07471e-05	1555.36	200.462	0	-1088.17	180.001	0	-1.89174	123.001	0	-2.75736	235.999	0	-0.000292756	6698
ODIN	0	1.33238	1.92792	9.58738e-06	-0.986097	0.00581785	4.23525e-06	3.11071	-2.17631	-0.0019015	-0.00372331	0.00248273	180	0	0.0028235	256.34	-2.5205e-05	1555.36	200.462	0	-1088.16	180.001	0	-1.87802	123.001	0	-2.7583	235.999	0	-0.000290849	6738
ODIN	0	1.33238	1.92792	9.58738e-06	-0.986097	0.00581781	3.61655e-06	3.11071	-2.17632	-0.00188763	-0.00370714	0.00247193	180	0	0.00241103	256.34	-2.92805e-05	1555.36	200.462	0	-1088.16	180.001	0	-1.86433	123.001	0	-2.74631	235.999	0	-0.000279543	6777
ODIN	0	1.33238	1.92792	9.58738e-06	-0.986097	0.00581781	3.61655e-06	3.11071	-2.17632	-0.00188763	-0.00370714	0.00247193	180	0	0.00241103	256.34	-2.92805e-05	1555.36	200.462	0	-1088.16	180.001	0	-1.86433	123.001	0	-2.74631	235.999	0	-0.000279543	6809
ODIN	0	1.33238	1.92792	9.58738e-06	-0.986097	0.00581785	3.33605e-06	3.11072	-2.17632	-0.00187372	-0.00369012	0.00246056	180	0	0.00222403	256.34	-3.70327e-05	1555.36	200.462	0	-1088.16	180.001	0	-1.85059	123.001	0	-2.73369	235.999	0	-0.000267445	6852
ODIN	0	1.33238	1.92792	9.38764e-06	-0.986097	0.00581785	3.40289e-06	3.11075	-2.17633	-0.00185979	-0.00368894	0.00245976	180	0	0.00226859	256.34	-4.28014e-05	1555.38	200.462	0	-1088.16	180.001	0	-1.83683	123.001	0	-2.73281	235.999	0	-0.000260392	6891
ODIN	0	1.33238	1.92792	9.38764e-06	-0.986097	0.00581785	3.65876e-06	3.11075	-2.17633	-0.00184591	-0.00367286	0.00244904	180	0	0.00243917	256.34	-4.4403e-05	1555.38	200.462	0	-1088.16	180.001	0	-1.82312	123.001	0	-2.7209	235.999	0	-0.000259728	6917
ODIN	0	1.33238	1.92792	9.38764e-06	-0.986097	0.00581785	3.91695e-06	3.11075	-2.17633	-0.00183215	-0.00365733	0.00243869	180	0	0.0026113	256.34	-4.38218e-05	1555.38	200.462	0	-1088.16	180.001	0	-1.80953	123.001	0	-2.70939	235.999	0	-0.000263615	6956
ODIN	0	1.33238	1.92792	9.18791e-06	-0.986097	0.00581785	4.05378e-06	3.11075	-2.17636	-0.00181854	-0.00365781	0.00243903	180	0	0.00270252	256.34	-4.15514e-05	1555.38	200.462	0	-1088.18	180.001	0	-1.79609	123.001	0	-2.70976	235.999	0	-0.00026865	6998
ODIN	0	1.33238	1.92792	9.18791e-06	-0.986097	0.00581785	4.05378e-06	3.11075	-2.17636	-0.00181854	-0.00365781	0.00243903	180	0	0.00270252	256.34	-4.15514e-05	1555.38	200.462	0	-1088.18	180.001	0	-1.79609	123.001	0	-2.70976	235.999	0	-0.00026865	7037
ODIN	0	1.33238	1.92792	9.18791e-06	-0.986097	0.00581785	4.04661e-06	3.11078	-2.17636	-0.00180509	-0.00364274	0.00242898	180	0	0.00269774	256.34	-3.7363e-05	1555.39	200.462	0	-1088.18	180.001	0	-1.78281	123.001	0	-2.6986	235.999	0	-0.000272076	7075
ODIN	0	1.33238	1.92792	9.18791e-06	-0.986097	0.0058179	3.94598e-06	3.11078	-2.17635	-0.00179178	-0.00362738	0.00241874	180	0	0.00263066	256.34	-3.60686e-05	1555.39	200.462	0	-1088.18	180.001	0	-1.76966	123.001	0	-2.68722	235.999	0	-0.000272896	7117
ODIN	0	1.33238	1.92792	8.98817e-06	-0.986097	0.0058179	3.82723e-06	3.11078	-2.17635	-0.00177856	-0.00362754	0.00241885	180	0	0.00255149	256.34	-3.5874e-05	1555.39	200.462	0	-1088.18	180.001	0	-1.7566	123.001	0	-2.68734	235.999	0	-0.000271708	7159
ODIN	0	1.33238	1.92792	8.98817e-06	-0.986097	0.0058179	3.82723e-06	3.11078	-2.17635	-0.00177856	-0.00362754	0.00241885	180	0	0.00255149	256.34	-3.5874e-05	1555.39	200.462	0	-1088.18	180.001	0	-1.7566	123.001	0	-2.68734	235.999	0	-0.000271708	7195
ODIN	0	1.33238	1.92792	8.98817e-06	-0.986098	0.00581785	3.74619e-06	3.11081	-2.17635	-0.00176541	-0.00361183	0.00240837	180	0	0.00249746	256.34	-3.54314e-05	1555.41	200.462	0	-1088.18	180.001	0	-1.74361	123.001	0	-2.6757	235.999	0	-0.000269434	7240
ODIN	0	1.33238	1.92792	8.98817e-06	-0.986098	0.00581785	3.72317e-06	3.11081	-2.17636	-0.00175234	-0.00359599	0.00239765	180	0	0.00248211	256.34	-3.5557e-05	1555.41	200.462	0	-1088.18	180.001	0	-1.73071	123.001	0	-2.66388	235.999	0	-0.000179643	7271
ODIN	0	1.33238	1.92792	8.78843e-06	-0.986098	0.00581785	3.7424e-06	3.11081	-2.17636	-0.00173935	-0.00359623	0.00239781	180	0	0.00249494	256.34	-3.61787e-05	1555.41	200.462	0	-1088.18	180.001	0	-1.71788	123.001	0	-2.66405	235.999	0	-0.000178826	7312
ODIN	0	1.33238	1.92792	8.78843e-06	-0.986098	0.00581785	3.7424e-06	3.11081	-2.17636	-0.00173935	-0.00359623	0.00239781	180	0	0.00249494	256.34	-3.61787e-05	1555.41	200.462	0	-1088.18	180.001	0	-1.71788	123.001	0	-2.66405	235.999	0	-0.000178826	7348
ODIN	0	1.33238	1.92792	8.78843e-06	-0.986098	0.00581785	3.77785e-06	3.11081	-2.17636	-0.00172647	-0.00358062	0.0023874	180	0	0.00251856	256.34	-3.62226e-05	1555.41	200.462	0	-1088.18	180.001	0	-1.70515	123.001	0	-2.65249	235.999	0	-0.000179268	7386
ODIN	0	1.33238	1.92792	8.78843e-06	-0.986098	0.00581785	3.80128e-06	3.11084	-2.17636	-0.00171367	-0.00358067	0.00238743	180	0	0.00253419	256.34	-3.45913e-05	1555.42	200.462	0	-1088.18	180.001	0	-1.69251	123.001	0	-2.65253	235.999	0	-0.000179787	7426
ODIN	0	1.33238	1.92792	8.58869e-06	-0.986098	0.00581781	3.80585e-06	3.11084	-2.17636	-0.00170099	-0.00356522	0.00237714	180	0	0.00253724	256.34	-3.40544e-05	1555.42	200.462	0	-1088.18	180.001	0	-1.67999	123.001	0	-2.64108	235.999	0	-0.000180525	7463
ODIN	0	1.33238	1.92792	8.58869e-06	-0.986098	0.00581781	3.79087e-06	3.11084	-2.17636	-0.0016884	-0.00356528	0.00237718	180	0	0.00252725	256.34	-3.37707e-05	1555.42	200.462	0	-1088.18	180.001	0	-1.66755	123.001	0	-2.64113	235.999	0	-0.000180742	7498
ODIN	0	1.33238	1.92792	8.58869e-06	-0.986098	0.00581785	3.76898e-06	3.11084	-2.17636	-0.00167591	-0.00354977	0.00236684	180	0	0.00251265	256.34	-3.37032e-05	1555.42	200.462	0	-1088.18	180.001	0	-1.65522	123.001	0	-2.62964	235.999	0	-0.00018082	7538
ODIN	0	1.33238	1.92792	8.58869e-06	-0.986098	0.00581785	3.76898e-06	3.11084	-2.17636	-0.00167591	-0.00354977	0.00236684	180	0	0.00251265	256.34	-3.37032e-05	1555.42	200.462	0	-1088.18	180.001	0	-1.65522	123.001	0	-2.62964	235.999	0	-0.00018082	7579
ODIN	0	1.33238	1.92792	8.38896e-06	-0.986098	0.00581785	3.74771e-06	3.11088	-2.17636	-0.0016635	-0.00353411	0.0023564	180	0	0.00249847	256.34	-3.22451e-05	1555.44	200.462	0	-1088.18	180.001	0	-1.64297	123.001	0	-2.61804	235.999	0	-0.000180428	7613
ODIN	0	1.33238	1.92792	8.38896e-06	-0.986098	0.00581785	3.73481e-06	3.11088	-2.17636	-0.00165119	-0.00353423	0.00235647	180	0	0.00248988	256.34	-3.20237e-05	1555.44	200.462	0	-1088.18	180.001	0	-1.63081	123.001	0	-2.61813	235.999	0	-0.000180218	7653
ODIN	0	1.33238	1.92792	8.38896e-06	-0.986098	0.00581785	3.72923e-06	3.11088	-2.17636	-0.00163897	-0.00351863	0.00234608	180	0	0.00248615	256.34	-3.21918e-05	1555.44	200.462	0	-1088.18	180.001	0	-1.61873	123.001	0	-2.60657	235.999	0	-0.000179988	7694
ODIN	0	1.33238	1.92792	8.38896e-06	-0.986098	0.00581785	3.72923e-06	3.11088	-2.17636	-0.00163897	-0.00351863	0.00234608	180	0	0.00248615	256.34	-3.21918e-05	1555.44	200.462	0	-1088.18	180.001	0	-1.61873	123.001	0	-2.60657	235.999	0	-0.000179988	7728
ODIN	0	1.33238	1.92792	8.18922e-06	-0.986098	0.00581785	3.72877e-06	3.11088	-2.17636	-0.00162683	-0.00351869	0.00234612	180	0	0.00248585	256.34	-3.20895e-05	1555.44	200.462	0	-1088.18	180.001	0	-1.60675	123.001	0	-2.60662	235.999	0	-0.000180171	7772
ODIN	0	1.33238	1.92792	8.18922e-06	-0.986098	0.00581785	3.72756e-06	3.11091	-2.17636	-0.00161479	-0.00350308	0.00233571	180	0	0.00248504	256.34	-3.12035e-05	1555.45	200.462	0	-1088.18	180.001	0	-1.59485	123.001	0	-2.59505	235.999	0	-0.000179981	7811
ODIN	0	1.33238	1.92792	8.18922e-06	-0.986098	0.00581785	3.72207e-06	3.11091	-2.17636	-0.00160282	-0.0035032	0.00233579	180	0	0.00248138	256.34	-3.00201e-05	1555.45	200.462	0	-1088.18	180.001	0	-1.58303	123.001	0	-2.59514	235.999	0	-0.000179356	7845
ODIN	0	1.33238	1.92792	8.18922e-06	-0.986098	0.0058179	3.71918e-06	3.11091	-2.17636	-0.00159097	-0.00348762	0.00232541	180	0	0.00247945	256.34	-3.02593e-05	1555.45	200.462	0	-1088.18	180.001	0	-1.57133	123.001	0	-2.5836	235.999	0	-0.000180305	7885
ODIN	0	1.33238	1.92792	8.18922e-06	-0.986098	0.0058179	3.71918e-06	3.11091	-2.17636	-0.00159097	-0.00348762	0.00232541	180	0	0.00247945	256.34	-3.02593e-05	1555.45	200.462	0	-1088.18	180.001	0	-1.57133	123.001	0	-2.5836	235.999	0	-0.000180305	7926
ODIN	0	1.33238	1.92792	7.98948e-06	-0.986098	0.0058179	3.71104e-06	3.11091	-2.17636	-0.00157919	-0.00348766	0.00232543	180	0	0.00247402	256.34	-3.02431e-05	1555.45	200.462	0	-1088.18	180.001	0	-1.55969	123.001	0	-2.58363	235.999	0	-0.000180163	7957
ODIN	0	1.33238	1.92792	7.98948e-06	-0.986098	0.00581785	3.70356e-06	3.11091	-2.17636	-0.0015675	-0.00347211	0.00231506	180	0	0.00246904	256.34	-3.02678e-05	1555.45	200.462	0	-1088.18	180.001	0	-1.54815	123.001	0	-2.57211	235.999	0	-0.000180071	7999
ODIN	0	1.33238	1.92792	7.98948e-06	-0.986098	0.00581785	3.69709e-06	3.11094	-2.17636	-0.0015559	-0.00347212	0.00231507	180	0	0.00246473	256.34	-2.84955e-05	1555.47	200.462	0	-1088.18	180.001	0	-1.53669	123.001	0	-2.57212	235.999	0	-0.000180205	8037
ODIN	0	1.33238	1.92792	7.78975e-06	-0.986098	0.00581785	3.68992e-06	3.11094	-2.17636	-0.00154438	-0.00345658	0.00230471	180	0	0.00245995	256.34	-2.84914e-05	1555.47	200.462	0	-1088.18	180.001	0	-1.52531	123.001	0	-2.56061	235.999	0	-0.000179964	8079
ODIN	0	1.33238	1.92792	7.78975e-06	-0.986098	0.00581785	3.68992e-06	3.11094	-2.17636	-0.00154438	-0.00345658	0.00230471	180	0	0.00245995	256.34	-2.84914e-05	1555.47	200.462	0	-1088.18	180.001	0	-1.52531	123.001	0	-2.56061	235.999	0	-0.000179964	8106
ODIN	0	1.33238	1.92792	7.78975e-06	-0.986098	0.00581785	3.68604e-06	3.11094	-2.17636	-0.00153295	-0.00345662	0.00230473	180	0	0.00245736	256.34	-2.8407e-05	1555.47	200.462	0	-1088.18	180.001	0	-1.51403	123.001	0	-2.56064	235.999	0	-0.000180093	8150
ODIN	0	1.33238	1.92792	7.78975e-06	-0.986098	0.00581785	3.68116e-06	3.11094	-2.17636	-0.0015216	-0.00344103	0.00229434	180	0	0.00245411	256.34	-2.84699e-05	1555.47	200.462	0	-1088.18	180.001	0	-1.50281	123.001	0	-2.54909	235.999	0	-0.000179901	8189
ODIN	0	1.33238	1.92792	7.59001e-06	-0.986098	0.00581785	3.67717e-06	3.11094	-2.17636	-0.00151034	-0.00344109	0.00229438	180	0	0.00245145	256.34	-2.84433e-05	1555.47	200.462	0	-1088.18	180.001	0	-1.49169	123.001	0	-2.54913	235.999	0	-0.000180022	8232
ODIN	0	1.33238	1.92792	7.59001e-06	-0.986098	0.00581781	3.67265e-06	3.11097	-2.17636	-0.00149916	-0.00342546	0.00228396	180	0	0.00244843	256.34	-2.67168e-05	1555.48	200.462	0	-1088.18	180.001	0	-1.48065	123.001	0	-2.53756	235.999	0	-0.000180009	8264
ODIN	0	1.33238	1.92792	7.59001e-06	-0.986098	0.00581781	3.67265e-06	3.11097	-2.17636	-0.00149916	-0.00342546	0.00228396	180	0	0.00244843	256.34	-2.67168e-05	1555.48	200.462	0	-1088.18	180.001	0	-1.48065	123.001	0	-2.53756	235.999	0	-0.000180009	8309
ODIN	0	1.33238	1.92792	7.59001e-06	-0.986098	0.00581781	3.66707e-06	3.11097	-2.17636	-0.00148806	-0.00342557	0.00228404	180	0	0.00244471	256.34	-2.65956e-05	1555.48	200.462	0	-1088.18	180.001	0	-1.46969	123.001	0	-2.53764	235.999	0	-0.000180004	8346
ODIN	0	1.33238	1.92792	7.59001e-06	-0.986098	0.00581785	3.66217e-06	3.11097	-2.17636	-0.00147705	-0.00340976	0.0022735	180	0	0.00244144	256.34	-2.66114e-05	1555.48	200.462	0	-1088.18	180.001	0	-1.45881	123.001	0	-2.52593	235.999	0	-0.000179933	8390
ODIN	0	1.33238	1.92792	7.39027e-06	-0.986098	0.00581785	3.65695e-06	3.11097	-2.17636	-0.00146611	-0.00341005	0.00227369	180	0	0.00243797	256.34	-2.65908e-05	1555.48	200.462	0	-1088.18	180.001	0	-1.44801	123.001	0	-2.52614	235.999	0	-0.000179929	8426
ODIN	0	1.33238	1.92792	7.39027e-06	-0.986098	0.00581785	3.65695e-06	3.11097	-2.17636	-0.00146611	-0.00341005	0.00227369	180	0	0.00243797	256.34	-2.65908e-05	1555.48	200.462	0	-1088.18	180.001	0	-1.44801	123.001	0	-2.52614	235.999	0	-0.000179929	8463
ODIN	0	1.33238	1.92792	7.39027e-06	-0.986098	0.00581785	3.65262e-06	3.11097	-2.17636	-0.00145526	-0.00341005	0.00227369	180	0	0.00243508	256.34	-2.65984e-05	1555.48	200.462	0	-1088.18	180.001	0	-1.43729	123.001	0	-2.52614	235.999	0	-0.000179907	8505
ODIN	0	1.33238	1.92792	7.39027e-06	-0.986098	0.00581785	3.64785e-06	3.111	-2.17636	-0.00144449	-0.0033945	0.00226332	180	0	0.0024319	256.34	-2.48952e-05	1555.5	200.462	0	-1088.18	180.001	0	-1.42665	123.001	0	-2.51462	235.999	0	-0.000179884	8540
ODIN	0	1.33238	1.92792	7.39027e-06	-0.986098	0.00581785	3.64359e-06	3.111	-2.17636	-0.0014338	-0.00339452	0.00226334	180	0	0.00242906	256.34	-2.48039e-05	1555.5	200.462	0	-1088.18	180.001	0	-1.41609	123.001	0	-2.51464	235.999	0	-0.0001799	8581
ODIN	0	1.33238	1.92792	7.39027e-06	-0.986098	0.00581785	3.64359e-06	3.111	-2.17636	-0.0014338	-0.00339452	0.00226334	180	0	0.00242906	256.34	-2.48039e-05	1555.5	200.462	0	-1088.18	180.001	0	-1.41609	123.001	0	-2.51464	235.999	0	-0.0001799	8615
ODIN	0	1.33238	1.92792	7.19053e-06	-0.986098	0.00581785	3.63906e-06	3.111	-2.17636	-0.00142318	-0.00337894	0.00225295	180	0	0.00242604	256.34	-2.4841e-05	1555.5	200.462	0	-1088.18	180.001	0	-1.40561	123.001	0	-2.5031	235.999	0	-0.000179701	8653
ODIN	0	1.33238	1.92792	7.19053e-06	-0.986098	0.00581785	3.63556e-06	3.111	-2.17636	-0.00141265	-0.00337901	0.002253	180	0	0.00242371	256.34	-2.47436e-05	1555.5	200.462	0	-1088.18	180.001	0	-1.39521	123.001	0	-2.50315	235.999	0	-0.000179844	8698
ODIN	0	1.33238	1.92792	7.19053e-06	-0.986098	0.00581785	3.63108e-06	3.111	-2.17636	-0.00140219	-0.003363	0.00224232	180	0	0.00242072	256.34	-2.48006e-05	1555.5	200.462	0	-1088.18	180.001	0	-1.38488	123.001	0	-2.49129	235.999	0	-0.000179708	8732
ODIN	0	1.33238	1.92792	7.19053e-06	-0.986098	0.00581785	3.62712e-06	3.11103	-2.17636	-0.00139181	-0.00336342	0.00224261	180	0	0.00241808	256.34	-2.35718e-05	1555.52	200.462	0	-1088.18	180.001	0	-1.37462	123.001	0	-2.4916	235.999	0	-0.000179733	8773
ODIN	0	1.33238	1.92792	6.9908e-06	-0.986098	0.00581785	3.62429e-06	3.11103	-2.17636	-0.00138151	-0.00336348	0.00224264	180	0	0.0024162	256.34	-2.29699e-05	1555.52	200.462	0	-1088.18	180.001	0	-1.36445	123.001	0	-2.49164	235.999	0	-0.000179743	8805
ODIN	0	1.33238	1.92792	6.9908e-06	-0.986098	0.00581785	3.62429e-06	3.11103	-2.17636	-0.00138151	-0.00336348	0.00224264	180	0	0.0024162	256.34	-2.29699e-05	1555.52	200.462	0	-1088.18	180.001	0	-1.36445	123.001	0	-2.49164	235.999	0	-0.000179743	8848
ODIN	0	1.33238	1.92792	6.9908e-06	-0.986098	0.0058179	3.61922e-06	3.11103	-2.17636	-0.00137128	-0.00334792	0.00223227	180	0	0.00241281	256.34	-2.29512e-05	1555.52	200.462	0	-1088.18	180.001	0	-1.35435	123.001	0	-2.48012	235.999	0	-0.000179784	8881
ODIN	0	1.33238	1.92792	6.9908e-06	-0.986098	0.0058179	3.61526e-06	3.11103	-2.17636	-0.00136113	-0.00334796	0.0022323	180	0	0.00241017	256.34	-2.29486e-05	1555.52	200.462	0	-1088.18	180.001	0	-1.34432	123.001	0	-2.48015	235.999	0	-0.000179715	8916
ODIN	0	1.33238	1.92792	6.79106e-06	-0.986098	0.0058179	3.61122e-06	3.11103	-2.17636	-0.00135105	-0.00334796	0.0022323	180	0	0.00240748	256.34	-2.29614e-05	1555.52	200.462	0	-1088.18	180.001	0	-1.33437	123.001	0	-2.48015	235.999	0	-0.000179547	8956
ODIN	0	1.33238	1.92792	6.79106e-06	-0.986099	0.00581785	3.60799e-06	3.11103	-2.17636	-0.00134105	-0.00333243	0.00222194	180	0	0.00240533	256.34	-2.29669e-05	1555.52	200.462	0	-1088.18	180.001	0	-1.3245	123.001	0	-2.46865	235.999	0	-0.000179619	8988
ODIN	0	1.33238	1.92792	6.79106e-06	-0.986099	0.00581785	3.60799e-06	3.11103	-2.17636	-0.00134105	-0.00333243	0.00222194	180	0	0.00240533	256.34	-2.29669e-05	1555.52	200.462	0	-1088.18	180.001	0	-1.3245	123.001	0	-2.46865	235.999	0	-0.000179619	9022
ODIN	0	1.33238	1.92792	6.79106e-06	-0.986099	0.00581785	3.60488e-06	3.11106	-2.17636	-0.00133113	-0.0033324	0.00222192	180	0	0.00240325	256.34	-2.15122e-05	1555.53	200.462	0	-1088.18	180.001	0	-1.31469	123.001	0	-2.46862	235.999	0	-0.000179705	9052
ODIN	0	1.33238	1.92792	6.79106e-06	-0.986099	0.00581785	3.60124e-06	3.11106	-2.17636	-0.00132127	-0.00331684	0.00221139	180	0	0.00240083	256.34	-2.1199e-05	1555.53	200.462	0	-1088.18	180.001	0	-1.30496	123.001	0	-2.45701	235.999	0	-9.00128e-05	9092
ODIN	0	1.33238	1.92792	6.59132e-06	-0.986099	0.00581785	3.59707e-06	3.11106	-2.17636	-0.00131149	-0.00331704	0.00221152	180	0	0.00239804	256.34	-2.11146e-05	1555.53	200.462	0	-1088.18	180.001	0	-1.2953	123.001	0	-2.45715	235.999	0	-9.11734e-05	9130
ODIN	0	1.33238	1.92792	6.59132e-06	-0.986099	0.00581785	3.59707e-06	3.11106	-2.17636	-0.00131149	-0.00331704	0.00221152	180	0	0.00239804	256.34	-2.11146e-05	1555.53	200.462	0	-1088.18	180.001	0	-1.2953	123.001	0	-2.45715	235.999	0	-9.11734e-05	9171
ODIN	0	1.33238	1.92792	6.59132e-06	-0.986099	0.00581785	3.5941e-06	3.11106	-2.17636	-0.00130179	-0.00331704	0.00221152	180	0	0.00239607	256.34	-2.11208e-05	1555.53	200.462	0	-1088.18	180.001	0	-1.28571	123.001	0	-2.45716	235.999	0	-9.11163e-05	9212
ODIN	0	1.33238	1.92792	6.59132e-06	-0.986099	0.00581785	3.59011e-06	3.11106	-2.17636	-0.00129215	-0.00330146	0.00220113	180	0	0.00239341	256.34	-2.11681e-05	1555.53	200.462	0	-1088.18	180.001	0	-1.27619	123.001	0	-2.44561	235.999	0	-9.09945e-05	9249
ODIN	0	1.33238	1.92792	6.59132e-06	-0.986099	0.00581785	3.58722e-06	3.11106	-2.17636	-0.00128258	-0.00330152	0.00220117	180	0	0.00239148	256.34	-2.11268e-05	1555.53	200.462	0	-1088.18	180.001	0	-1.26675	123.001	0	-2.44566	235.999	0	-9.10434e-05	9285
ODIN	0	1.33238	1.92792	6.59132e-06	-0.986099	0.00581785	3.58428e-06	3.11106	-2.17636	-0.00127309	-0.00330152	0.00220118	180	0	0.00238952	256.34	-2.11123e-05	1555.53	200.462	0	-1088.18	180.001	0	-1.25737	123.001	0	-2.44566	235.999	0	-9.11009e-05	9326
ODIN	0	1.33238	1.92792	6.39159e-06	-0.986099	0.00581785	3.58334e-06	3.11111	-2.17636	-0.00127203	-0.00330152	0.00220118	180	0	0.00238889	256.34	-2.11081e-05	1555.55	200.462	0	-1088.18	180	0	-1.25633	123.001	0	-2.44566	235.999	0	-9.09544e-05	9363
ODIN	0	1.33238	1.92792	6.39159e-06	-0.986099	0.00581781	3.58107e-06	3.11109	-2.17636	-0.00126367	-0.00328592	0.00219078	180	0	0.00238738	256.34	-1.94368e-05	1555.55	200.462	0	-1088.18	180	0	-1.24807	123.001	0	-2.4341	235.999	0	-9.10934e-05	9404
ODIN	0	1.33238	1.92792	6.39159e-06	-0.986099	0.00581781	3.57686e-06	3.11109	-2.17636	-0.00125431	-0.00328599	0.00219082	180	0	0.00238457	256.34	-1.93131e-05	1555.55	200.462	0	-1088.18	180	0	-1.23882	123.001	0	-2.43416	235.999	0	-9.0983e-05	9448
ODIN	0	1.33238	1.92792	6.39159e-06	-0.986099	0.00581781	3.57444e-06	3.11109	-2.17636	-0.00124503	-0.00328599	0.00219083	180	0	0.00238296	256.34	-1.92976e-05	1555.55	200.462	0	-1088.18	180	0	-1.22966	123.001	0	-2.43416	235.999	0	-9.10206e-05	9488
ODIN	0	1.33238	1.92792	6.39159e-06	-0.986099	0.00581785	3.57172e-06	3.11109	-2.17636	-0.00123581	-0.00327041	0.00218044	180	0	0.00238115	256.34	-1.93337e-05	1555.55	200.462	0	-1088.18	180	0	-1.22055	123.001	0	-2.42262	235.999	0	-9.1037e-05	9528
ODIN	0	1.33238	1.92792	6.19185e-06	-0.986099	0.00581785	3.56913e-06	3.11109	-2.17636	-0.00122666	-0.00327048	0.00218048	180	0	0.00237942	256.34	-1.9272e-05	1555.55	200.462	0	-1088.18	180	0	-1.21152	123.001	0	-2.42267	235.999	0	-9.10345e-05	9568
ODIN	0	1.33238	1.92792	6.19185e-06	-0.986099	0.00581785	3.56913e-06	3.11109	-2.17636	-0.00122666	-0.00327048	0.00218048	180	0	0.00237942	256.34	-1.9272e-05	1555.55	200.462	0	-1088.18	180	0	-1.21152	123.001	0	-2.42267	235.999	0	-9.10345e-05	9605
ODIN	0	1.33238	1.92792	6.19185e-06	-0.986099	0.00581785	3.56615e-06	3.11109	-2.17636	-0.00121758	-0.00327048	0.00218048	180	0	0.00237743	256.34	-1.92898e-05	1555.55	200.462	0	-1088.18	180	0	-1.20255	123.001	0	-2.42267	235.999	0	-9.09724e-05	9637
ODIN	0	1.33238	1.92792	6.19185e-06	-0.986099	0.00581785	3.56234e-06	3.11109	-2.17636	-0.00120857	-0.00325479	0.00217002	180	0	0.00237489	256.34	-1.93619e-05	1555.55	200.462	0	-1088.18	180	0	-1.19365	123.001	0	-2.41105	235.999	0	-9.08269e-05	9681
ODIN	0	1.33238	1.92792	6.19185e-06	-0.986099	0.00581785	3.56049e-06	3.11112	-2.17636	-0.00119962	-0.00325494	0.00217012	180	0	0.00237366	256.34	-1.75239e-05	1555.56	200.462	0	-1088.18	180	0	-1.18481	123.001	0	-2.41116	235.999	0	-9.1026e-05	9718
ODIN	0	1.33238	1.92792	6.19185e-06	-0.986099	0.00581785	3.56049e-06	3.11112	-2.17636	-0.00119962	-0.00325494	0.00217012	180	0	0.00237366	256.34	-1.75239e-05	1555.56	200.462	0	-1088.18	180	0	-1.18481	123.001	0	-2.41116	235.999	0	-9.1026e-05	9757
ODIN	0	1.33238	1.92792	5.99211e-06	-0.986099	0.00581785	3.55653e-06	3.11112	-2.17636	-0.00119074	-0.00325495	0.00217013	180	0	0.00237102	256.34	-1.75046e-05	1555.56	200.462	0	-1088.18	180	0	-1.17604	123.001	0	-2.41116	235.999	0	-9.09144e-05	9793
ODIN	0	1.33238	1.92792	5.99211e-06	-0.986099	0.00581785	3.55472e-06	3.11112	-2.17636	-0.00118193	-0.00325497	0.00217015	180	0	0.00236981	256.34	-1.74082e-05	1555.56	200.462	0	-1088.18	180	0	-1.16734	123.001	0	-2.41118	235.999	0	-9.09052e-05	9832
ODIN	0	1.33238	1.92792	5.99211e-06	-0.986099	0.00581785	3.55199e-06	3.11112	-2.17636	-0.00117318	-0.00323942	0.00215978	180	0	0.00236799	256.34	-1.75032e-05	1555.56	200.462	0	-1088.18	180	0	-1.1587	123.001	0	-2.39966	235.999	0	-9.08845e-05	9873
ODIN	0	1.33238	1.92792	5.99211e-06	-0.986099	0.00581785	3.55067e-06	3.11112	-2.17632	-0.0011697	-0.00323942	0.00215978	180	0	0.00236711	256.34	-1.75262e-05	1555.56	200.462	0	-1088.16	180	0	-1.15526	123.001	0	-2.39966	235.999	0	-9.08267e-05	9909
ODIN	0	1.33238	1.92792	5.99211e-06	-0.986099	0.00581785	3.54911e-06	3.11112	-2.17636	-0.00116449	-0.00323943	0.00215978	180	0	0.00236607	256.34	-1.74767e-05	1555.56	200.462	0	-1088.18	180	0	-1.15012	123.001	0	-2.39967	235.999	0	-9.08741e-05	9945
ODIN	0	1.33238	1.92792	5.99211e-06	-0.986099	0.00581785	3.54687e-06	3.11112	-2.17636	-0.00115588	-0.00323943	0.00215978	180	0	0.00236458	256.34	-1.74971e-05	1555.56	200.462	0	-1088.18	180	0	-1.14161	123.001	0	-2.39967	235.999	0	-9.08661e-05	9985
ODIN	0	1.33238	1.92792	5.79238e-06	-0.986099	0.0058179	3.5444e-06	3.11112	-2.17636	-0.00114732	-0.00322384	0.00214939	180	0	0.00236293	256.34	-1.75286e-05	1555.56	200.462	0	-1088.18	180	0	-1.13316	123.001	0	-2.38812	235.999	0	-9.08732e-05	10026
ODIN	0	1.33238	1.92792	5.79238e-06	-0.986099	0.0058179	3.54068e-06	3.11116	-2.17636	-0.00113882	-0.0032239	0.00214943	180	0	0.00236045	256.34	-1.75154e-05	1555.58	200.462	0	-1088.18	180	0	-1.12476	123.001	0	-2.38816	235.999	0	-9.06979e-05	10063
ODIN	0	1.33238	1.92792	5.79238e-06	-0.986099	0.0058179	3.53869e-06	3.11116	-2.17636	-0.00113039	-0.00322389	0.00214942	180	0	0.00235913	256.34	-1.5757e-05	1555.58	200.462	0	-1088.18	180	0	-1.11644	123.001	0	-2.38816	235.999	0	-9.07002e-05	10102
ODIN	0	1.33238	1.92792	5.79238e-06	-0.986099	0.0058179	3.53869e-06	3.11116	-2.17636	-0.00113039	-0.00322389	0.00214942	180	0	0.00235913	256.34	-1.5757e-05	1555.58	200.462	0	-1088.18	180	0	-1.11644	123.001	0	-2.38816	235.999	0	-9.07002e-05	10141
ODIN	0	1.33238	1.92792	5.79238e-06	-0.986099	0.0058179	3.5359e-06	3.11116	-2.17636	-0.00112203	-0.00322391	0.00214944	180	0	0.00235727	256.34	-1.56379e-05	1555.58	200.462	0	-1088.18	180	0	-1.10817	123.001	0	-2.38817	235.999	0	-9.07886e-05	10182
ODIN	0	1.33238	1.92792	5.59264e-06	-0.986099	0.00581781	3.53368e-06	3.11116	-2.17636	-0.00111372	-0.00320841	0.0021391	180	0	0.00235579	256.34	-1.55397e-05	1555.58	200.462	0	-1088.18	180	0	-1.09997	123.001	0	-2.37669	235.999	0	-9.07553e-05	10216
ODIN	0	1.33238	1.92792	5.59264e-06	-0.986099	0.00581781	3.53164e-06	3.11116	-2.17636	-0.00110548	-0.00320839	0.00213909	180	0	0.00235443	256.34	-1.56621e-05	1555.58	200.462	0	-1088.18	180	0	-1.09183	123.001	0	-2.37667	235.999	0	-9.0779e-05	10256
ODIN	0	1.33238	1.92792	5.59264e-06	-0.986099	0.00581781	3.52832e-06	3.11116	-2.17636	-0.00109729	-0.00320838	0.00213908	180	0	0.00235222	256.34	-1.56771e-05	1555.58	200.462	0	-1088.18	180	0	-1.08374	123.001	0	-2.37667	235.999	0	-9.06036e-05	10294
ODIN	0	1.33238	1.92792	5.59264e-06	-0.986099	0.00581781	3.52832e-06	3.11116	-2.17636	-0.00109729	-0.00320838	0.00213908	180	0	0.00235222	256.34	-1.56771e-05	1555.58	200.462	0	-1088.18	180	0	-1.08374	123.001	0	-2.37667	235.999	0	-9.06036e-05	10328
ODIN	0	1.33238	1.92792	5.59264e-06	-0.986099	0.00581781	3.52724e-06	3.11116	-2.17636	-0.00108917	-0.00320838	0.00213908	180	0	0.00235149	256.34	-1.57058e-05	1555.58	200.462	0	-1088.18	180	0	-1.07572	123.001	0	-2.37667	235.999	0	-9.07222e-05	10364
ODIN	0	1.33238	1.92792	5.59264e-06	-0.986099	0.00581785	3.52491e-06	3.11116	-2.17636	-0.00108111	-0.00319286	0.00212874	180	0	0.00234994	256.34	-1.56808e-05	1555.58	200.462	0	-1088.18	180	0	-1.06776	123.001	0	-2.36517	235.999	0	-9.07058e-05	10399
ODIN	0	1.33238	1.92792	5.3929e-06	-0.986099	0.00581785	3.52237e-06	3.11116	-2.17636	-0.00107311	-0.00319286	0.00212874	180	0	0.00234825	256.34	-1.56812e-05	1555.58	200.462	0	-1088.18	180	0	-1.05986	123.001	0	-2.36517	235.999	0	-9.06668e-05	10442
ODIN	0	1.33238	1.92792	5.3929e-06	-0.986099	0.00581785	3.52237e-06	3.11116	-2.17636	-0.00107311	-0.00319286	0.00212874	180	0	0.00234825	256.34	-1.56812e-05	1555.58	200.462	0	-1088.18	180	0	-1.05986	123.001	0	-2.36517	235.999	0	-9.06668e-05	10482
ODIN	0	1.33238	1.92792	5.3929e-06	-0.986099	0.00581785	3.52009e-06	3.11119	-2.17636	-0.00106517	-0.00319282	0.00212871	180	0	0.00234673	256.34	-1.41907e-05	1555.59	200.462	0	-1088.18	180	0	-1.05201	123.001	0	-2.36514	235.999	0	-9.06501e-05	10523
ODIN	0	1.33238	1.92792	5.3929e-06	-0.986099	0.00581785	3.51712e-06	3.11119	-2.17636	-0.00105728	-0.00319293	0.00212878	180	0	0.00234474	256.34	-1.3628e-05	1555.59	200.462	0	-1088.18	180	0	-1.04422	123.001	0	-2.36522	235.999	0	-9.05555e-05	10562
ODIN	0	1.33238	1.92792	5.3929e-06	-0.986099	0.00581785	3.51469e-06	3.11119	-2.17636	-0.00104945	-0.00317733	0.00211838	180	0	0.00234313	256.34	-1.38905e-05	1555.59	200.462	0	-1088.18	180	0	-1.0365	123.001	0	-2.35367	235.999	0	-9.05792e-05	10604
ODIN	0	1.33238	1.92792	5.3929e-06	-0.986099	0.00581785	3.5131e-06	3.11119	-2.17636	-0.00104168	-0.00317734	0.00211839	180	0	0.00234207	256.34	-1.38793e-05	1555.59	200.462	0	-1088.18	180	0	-1.02882	123.001	0	-2.35367	235.999	0	-9.05432e-05	10644
ODIN	0	1.33238	1.92792	5.3929e-06	-0.986099	0.00581785	3.5131e-06	3.11119	-2.17636	-0.00104168	-0.00317734	0.00211839	180	0	0.00234207	256.34	-1.38793e-05	1555.59	200.462	0	-1088.18	180	0	-1.02882	123.001	0	-2.35367	235.999	0	-9.05432e-05	10683
ODIN	0	1.33238	1.92792	5.19316e-06	-0.986099	0.00581785	3.5116e-06	3.11119	-2.17636	-0.00103397	-0.00317734	0.00211839	180	0	0.00234107	256.34	-1.38544e-05	1555.59	200.462	0	-1088.18	180	0	-1.02121	123.001	0	-2.35368	235.999	0	-9.0611e-05	10718
ODIN	0	1.33238	1.92793	5.19316e-06	-0.986101	0.0058179	2.60056e-05	3.1147	-2.17998	-0.00101341	-0.00189844	0.00126388	180	0	0.0173371	256.34	-0.0045682	1557.35	200.462	0	-1089.99	180	0	-1.0009	123.001	0	-1.40528	235.999	0	0.000972358	10758
ODIN	0	1.33238	1.92793	5.19316e-06	-0.986101	0.00581785	4.14156e-05	3.11192	-2.17727	-0.00100193	-0.00281239	0.00187453	180	0	0.0276104	256.339	0.00135726	1555.96	200.462	0	-1088.63	180	0	-0.989563	123.001	0	-2.08303	235.999	0	0.000217647	10795
ODIN	0	1.33238	1.92793	5.19316e-06	-0.9861	0.00581785	2.45891e-05	3.10956	-2.17477	-0.00100471	-0.00369001	0.00246147	180	0	0.0163928	256.34	0.00438584	1554.78	200.462	0	-1087.39	180	0	-0.992306	123.001	0	-2.73415	235.999	0	-0.000811858	10839
ODIN	0	1.33238	1.92793	5.19316e-06	-0.9861	0.00581785	2.45891e-05	3.10956	-2.17477	-0.00100471	-0.00369001	0.00246147	180	0	0.0163928	256.34	0.00438584	1554.78	200.462	0	-1087.39	180	0	-0.992306	123.001	0	-2.73415	235.999	0	-0.000811858	10873
ODIN	0	1.33238	1.92792	5.19316e-06	-0.986099	0.00581785	-1.14679e-05	3.10894	-2.17404	-0.00101259	-0.00396584	0.00264619	180	0	-0.00764526	256.34	0.00367094	1554.47	200.462	0	-1087.02	180	0	-1.00008	123.001	0	-2.93894	235.999	0	-0.00127884	10912
ODIN	0	1.33238	1.92792	5.19316e-06	-0.986098	0.00581785	-3.98178e-05	3.10961	-2.17467	-0.00101447	-0.00373853	0.00249393	180	0	-0.0265452	256.34	0.00128068	1554.8	200.462	0	-1087.34	180	0	-1.00195	123.001	0	-2.77016	235.999	0	-0.000877392	10949
ODIN	2.66316e-07	1.33238	1.92792	5.19316e-06	-0.986098	0.00581785	-4.33092e-05	3.11069	-2.17581	-0.0010055	-0.00334615	0.00223083	180	0	-0.0288728	256.34	-0.000849131	1555.35	200.462	0	-1087.91	180	0	-0.993082	123.001	0	-2.47867	235.999	0	-3.78204e-05	10981
ODIN	2.66316e-07	1.33238	1.92792	4.99343e-06	-0.986098	0.00581781	-3.4526e-05	3.11125	-2.17635	-0.000996446	-0.00315091	0.0020998	180	0	-0.0230173	256.34	-0.00150562	1555.62	200.462	0	-1088.18	180	0	-0.984144	123.001	0	-2.33356	235.999	0	0.000449684	11024
ODIN	2.66316e-07	1.33238	1.92792	4.99343e-06	-0.986098	0.00581785	-2.41933e-05	3.11133	-2.17653	-0.000988681	-0.00309142	0.0020598	180	0	-0.0161288	256.34	-0.00144552	1555.66	200.462	0	-1088.26	180	0	-0.976475	123.001	0	-2.28931	235.999	0	0.000636551	11060
ODIN	2.66316e-07	1.33238	1.92792	4.99343e-06	-0.986098	0.00581785	-5.8812e-06	3.11009	-2.17526	-0.00097587	-0.00353637	0.00235711	180	0	-0.0039208	256.34	0.000916756	1555.04	200.462	0	-1087.63	180	0	-0.963822	123.001	0	-2.61928	235.999	0	0.00026119	11093
ODIN	2.66316e-07	1.33238	1.92792	4.99343e-06	-0.986098	0.00581785	8.05257e-07	3.11034	-2.17542	-0.000967496	-0.00346825	0.00231209	180	0	0.000536838	256.34	0.00012952	1555.17	200.462	0	-1087.71	180	0	-0.955551	123.001	0	-2.56903	235.999	0	4.1988e-05	11133
ODIN	0	1.33238	1.92792	4.99343e-06	-0.986098	0.00581785	3.77326e-06	3.11116	-2.17627	-0.000959533	-0.00318377	0.00212259	180	0	0.00251551	256.34	-0.00119982	1555.58	200.462	0	-1088.14	180	0	-0.947687	123.001	0	-2.35839	235.999	0	-4.44011e-05	11173
ODIN	0	1.33238	1.92792	4.79369e-06	-0.986099	0.00581785	8.3102e-06	3.11183	-2.17694	-0.000950448	-0.00294338	0.00196217	180	0	0.00554013	256.34	-0.00172636	1555.91	200.462	0	-1088.47	180	0	-0.938714	123.001	0	-2.18023	235.999	0	4.86938e-05	11213
ODIN	0	1.33238	1.92792	4.79369e-06	-0.986099	0.00581785	8.3102e-06	3.11183	-2.17694	-0.000950448	-0.00294338	0.00196217	180	0	0.00554013	256.34	-0.00172636	1555.91	200.462	0	-1088.47	180	0	-0.938714	123.001	0	-2.18023	235.999	0	4.86938e-05	11254
ODIN	0	1.33238	1.92792	4.79369e-06	-0.986099	0.00581785	1.38745e-05	3.11203	-2.17718	-0.000941231	-0.00284728	0.00189794	180	0	0.00924966	256.34	-0.00143598	1556.01	200.462	0	-1088.59	180	0	-0.929611	123.001	0	-2.10896	235.999	0	0.000136428	11286
ODIN	0	1.33238	1.92792	4.79369e-06	-0.9861	0.00581781	1.90628e-05	3.11255	-2.17764	-0.000932037	-0.00269047	0.00179336	180	0	0.0127085	256.34	-0.00175245	1556.27	200.462	0	-1088.82	180	0	-0.92053	123.001	0	-1.99278	235.999	0	0.000158615	11324
ODIN	0	1.33238	1.92793	4.79369e-06	-0.986101	0.00581785	2.6017e-05	3.11275	-2.17794	-0.000922032	-0.00257713	0.0017178	180	0	0.0173447	256.34	-0.00133058	1556.37	200.462	0	-1088.97	180	0	-0.910648	123.001	0	-1.90883	235.999	0	0.000159414	11367
ODIN	0	1.33238	1.92793	4.79369e-06	-0.986101	0.0058179	2.56702e-05	3.11181	-2.17697	-0.000915968	-0.00288978	0.00192678	180	0	0.0171135	256.34	0.00056509	1555.9	200.462	0	-1088.49	180	0	-0.90466	123.001	0	-2.14072	235.999	0	-0.000144808	11403
ODIN	0	1.33238	1.92793	4.79369e-06	-0.986101	0.0058179	2.59241e-05	3.11185	-2.17702	-0.00091614	-0.00287905	0.00191961	180	0	0.0172827	256.34	0.00056509	1555.92	200.462	0	-1088.51	180	0	-0.904829	123.001	0	-2.13276	235.999	0	-0.000134336	11441
ODIN	0	1.33238	1.92793	4.59395e-06	-0.9861	0.00581785	1.44001e-05	3.1109	-2.17605	-0.000914901	-0.00321493	0.00214425	180	0	0.00960009	256.34	0.00177429	1555.45	200.462	0	-1088.02	180	0	-0.903606	123.001	0	-2.38196	235.999	0	-0.00053529	11472
ODIN	0	1.33238	1.92792	4.59395e-06	-0.9861	0.0058179	-4.37605e-06	3.10969	-2.17484	-0.000916261	-0.00363788	0.00242668	180	0	-0.00291737	256.34	0.00308306	1554.85	200.462	0	-1087.42	180	0	-0.904949	123.001	0	-2.69552	235.999	0	-0.000791772	11508
ODIN	0	1.33238	1.92792	4.59395e-06	-0.986099	0.00581785	-2.49423e-05	3.10946	-2.17452	-0.000917357	-0.00375046	0.00250163	180	0	-0.0166282	256.34	0.00230885	1554.73	200.462	0	-1087.26	180	0	-0.906032	123.001	0	-2.77885	235.999	0	-0.000734373	11546
ODIN	0	1.33238	1.92792	4.59395e-06	-0.986098	0.00581785	-3.58907e-05	3.10953	-2.1746	-0.000913986	-0.00372625	0.00248502	180	0	-0.0239271	256.34	0.00130011	1554.77	200.462	0	-1087.3	180	0	-0.902702	123.001	0	-2.76066	235.999	0	-0.00047335	11587
ODIN	0	1.33238	1.92792	4.59395e-06	-0.986098	0.00581785	-3.58907e-05	3.10953	-2.1746	-0.000913986	-0.00372625	0.00248502	180	0	-0.0239271	256.34	0.00130011	1554.77	200.462	0	-1087.3	180	0	-0.902702	123.001	0	-2.76066	235.999	0	-0.00047335	11628
ODIN	2.66316e-07	1.33238	1.92792	4.59395e-06	-0.986098	0.00581785	-3.29281e-05	3.11026	-2.1753	-0.000904874	-0.00348916	0.00232599	180	0	-0.0219521	256.34	-0.000266067	1555.13	200.462	0	-1087.65	180	0	-0.893703	123.001	0	-2.5845	235.999	0	6.253e-05	11664
ODIN	2.66316e-07	1.33238	1.92792	4.59395e-06	-0.986098	0.00581781	-1.64172e-05	3.11118	-2.17625	-0.000890843	-0.00315577	0.00210308	180	0	-0.0109448	256.34	-0.00158887	1555.59	200.462	0	-1088.12	180	0	-0.879845	123.001	0	-2.33718	235.999	0	0.00042488	11708
ODIN	2.66316e-07	1.33238	1.92792	4.59395e-06	-0.986099	0.00581785	6.3241e-06	3.1119	-2.177	-0.000875288	-0.00288538	0.00192249	180	0	0.00421607	256.34	-0.00212095	1555.95	200.462	0	-1088.5	180	0	-0.864482	123.001	0	-2.13671	235.999	0	0.000609663	11745
ODIN	2.66316e-07	1.33238	1.92792	4.59395e-06	-0.986099	0.00581785	6.3241e-06	3.1119	-2.177	-0.000875288	-0.00288538	0.00192249	180	0	0.00421607	256.34	-0.00212095	1555.95	200.462	0	-1088.5	180	0	-0.864482	123.001	0	-2.13671	235.999	0	0.000609663	11785
ODIN	0	1.33238	1.92792	4.39422e-06	-0.986099	0.00581785	2.56469e-05	3.11225	-2.17736	-0.000862008	-0.00274823	0.00183125	180	0	0.0170979	256.34	-0.00186575	1556.13	200.462	0	-1088.68	180	0	-0.851366	123.001	0	-2.03522	235.999	0	0.000503745	11824
ODIN	0	1.33238	1.92792	4.39422e-06	-0.9861	0.00581785	3.57089e-05	3.11288	-2.17792	-0.000852488	-0.00255821	0.00170499	180	0	0.0238059	256.34	-0.00225927	1556.44	200.462	0	-1088.96	180	0	-0.841964	123.001	0	-1.8947	235.999	0	0.000269131	11861
ODIN	0	1.33238	1.92793	4.39422e-06	-0.986101	0.00581785	4.19785e-05	3.11305	-2.17823	-0.000843884	-0.00243399	0.00162239	180	0	0.0279857	256.34	-0.00153893	1556.52	200.462	0	-1089.11	180	0	-0.833465	123.001	0	-1.80281	235.999	0	0.000147679	11904
ODIN	0	1.33238	1.92793	4.39422e-06	-0.986101	0.00581776	3.5417e-05	3.11189	-2.17705	-0.000841531	-0.00284298	0.00189584	180	0	0.0236113	256.34	0.000801588	1555.94	200.462	0	-1088.52	180	0	-0.831142	123.001	0	-2.1062	235.999	0	-0.000286947	11939
ODIN	0	1.33238	1.92793	4.39422e-06	-0.986101	0.00581776	3.5417e-05	3.11189	-2.17705	-0.000841531	-0.00284298	0.00189584	180	0	0.0236113	256.34	0.000801588	1555.94	200.462	0	-1088.52	180	0	-0.831142	123.001	0	-2.1062	235.999	0	-0.000286947	11976
ODIN	0	1.33238	1.92793	4.39422e-06	-0.986101	0.00581785	1.68822e-05	3.11097	-2.17608	-0.000843477	-0.00317379	0.00211709	180	0	0.0112548	256.34	0.00187658	1555.48	200.462	0	-1088.04	180	0	-0.833064	123.001	0	-2.35164	235.999	0	-0.000682959	12017
ODIN	0	1.33238	1.92792	4.19448e-06	-0.9861	0.00581785	-4.17249e-06	3.11057	-2.17563	-0.000845273	-0.00332886	0.00222063	180	0	-0.00278166	256.34	0.00177859	1555.29	200.462	0	-1087.81	180	0	-0.834837	123.001	0	-2.46659	235.999	0	-0.000769684	12054
ODIN	0	1.33238	1.92792	4.19448e-06	-0.986099	0.00581785	-1.73169e-05	3.11068	-2.17571	-0.000843014	-0.00330877	0.00220672	180	0	-0.0115446	256.34	0.000954314	1555.34	200.462	0	-1087.86	180	0	-0.832606	123.001	0	-2.45142	235.999	0	-0.000483449	12086
ODIN	0	1.33238	1.92792	4.19448e-06	-0.986099	0.00581785	-1.77167e-05	3.11105	-2.17607	-0.000835555	-0.00318879	0.00212597	180	0	-0.0118111	256.34	6.62366e-05	1555.52	200.462	0	-1088.03	180	0	-0.825239	123.001	0	-2.36213	235.999	0	-6.29672e-05	12127
ODIN	0	1.33238	1.92792	4.19448e-06	-0.986099	0.00581785	-1.77167e-05	3.11105	-2.17607	-0.000835555	-0.00318879	0.00212597	180	0	-0.0118111	256.34	6.62366e-05	1555.52	200.462	0	-1088.03	180	0	-0.825239	123.001	0	-2.36213	235.999	0	-6.29672e-05	12162
ODIN	0	1.33238	1.92792	4.19448e-06	-0.986099	0.00581785	-7.94507e-06	3.11135	-2.17642	-0.000824698	-0.00305502	0.00203625	180	0	-0.00529671	256.34	-0.000444912	1555.67	200.462	0	-1088.21	180	0	-0.814517	123.001	0	-2.26274	235.999	0	0.000238014	12192
ODIN	0	1.33238	1.92792	4.19448e-06	-0.986099	0.00581785	4.7704e-06	3.1115	-2.17656	-0.000813594	-0.00300778	0.00200463	180	0	0.00318026	256.34	-0.000496922	1555.75	200.462	0	-1088.28	180	0	-0.80355	123.001	0	-2.22768	235.999	0	0.000312494	12237
ODIN	0	1.33238	1.92792	4.19448e-06	-0.9861	0.00581785	1.3577e-05	3.11148	-2.17653	-0.000804733	-0.00300087	0.00200026	180	0	0.00905136	256.34	-0.000262091	1555.74	200.462	0	-1088.27	180	0	-0.794798	123.001	0	-2.22269	235.999	0	0.00017535	12275
ODIN	0	1.33238	1.92792	4.19448e-06	-0.9861	0.00581785	1.3577e-05	3.11148	-2.17653	-0.000804733	-0.00300087	0.00200026	180	0	0.00905136	256.34	-0.000262091	1555.74	200.462	0	-1088.27	180	0	-0.794798	123.001	0	-2.22269	235.999	0	0.00017535	12307
ODIN	0	1.33238	1.92792	4.19448e-06	-0.9861	0.00581785	1.52922e-05	3.11136	-2.17641	-0.000798867	-0.00305496	0.00203669	180	0	0.0101948	256.34	2.62095e-05	1555.68	200.462	0	-1088.21	180	0	-0.789005	123.001	0	-2.26296	235.999	0	-2.93666e-05	12351
ODIN	0	1.33238	1.92792	3.99474e-06	-0.9861	0.00581785	1.10005e-05	3.11116	-2.17621	-0.000795179	-0.00311263	0.00207548	180	0	0.00733367	256.34	0.000345648	1555.58	200.462	0	-1088.11	180	0	-0.785362	123.001	0	-2.30587	235.999	0	-0.000220299	12392
ODIN	0	1.33238	1.92792	3.99474e-06	-0.9861	0.0058179	3.45399e-06	3.111	-2.17606	-0.000792439	-0.00316546	0.00211083	180	0	0.00230266	256.34	0.000413238	1555.5	200.462	0	-1088.03	180	0	-0.782655	123.001	0	-2.34508	235.999	0	-0.000293859	12433
ODIN	0	1.33238	1.92792	3.99474e-06	-0.986099	0.00581785	-2.20022e-06	3.1111	-2.17617	-0.000788413	-0.00313834	0.00209266	180	0	-0.00146681	256.34	8.60477e-05	1555.55	200.462	0	-1088.08	180	0	-0.778679	123.001	0	-2.32493	235.999	0	-0.000240073	12472
ODIN	0	1.33238	1.92792	3.99474e-06	-0.986099	0.00581785	-3.06277e-06	3.11127	-2.17631	-0.000782374	-0.00307108	0.00204756	180	0	-0.00204184	256.34	-0.000179385	1555.64	200.462	0	-1088.16	180	0	-0.772715	123.001	0	-2.27497	235.999	0	-9.76892e-05	12513
ODIN	0	1.33238	1.92792	3.99474e-06	-0.986099	0.00581785	-3.06277e-06	3.11127	-2.17631	-0.000782374	-0.00307108	0.00204756	180	0	-0.00204184	256.34	-0.000179385	1555.64	200.462	0	-1088.16	180	0	-0.772715	123.001	0	-2.27497	235.999	0	-9.76892e-05	12555
ODIN	0	1.33238	1.92792	3.99474e-06	-0.9861	0.0058179	8.33168e-08	3.11138	-2.17643	-0.000775001	-0.00303739	0.00202484	180	0	5.55445e-05	256.34	-0.000262829	1555.69	200.462	0	-1088.21	180	0	-0.765433	123.001	0	-2.24987	235.999	0	5.05983e-05	12591
ODIN	0	1.33238	1.92792	3.99474e-06	-0.9861	0.00581781	4.47147e-06	3.11138	-2.17646	-0.000767526	-0.00303192	0.00202125	180	0	0.00298098	256.34	-0.000198396	1555.69	200.462	0	-1088.23	180	0	-0.75805	123.001	0	-2.24585	235.999	0	1.75155e-05	12635
ODIN	0	1.33238	1.92792	3.99474e-06	-0.9861	0.00581785	7.44473e-06	3.11135	-2.17643	-0.0007609	-0.00303885	0.00202586	180	0	0.00496316	256.34	-7.50661e-05	1555.67	200.462	0	-1088.21	180	0	-0.751506	123.001	0	-2.25098	235.999	0	2.58474e-05	12662
ODIN	0	1.33238	1.92792	3.99474e-06	-0.9861	0.00581785	7.44473e-06	3.11135	-2.17643	-0.0007609	-0.00303885	0.00202586	180	0	0.00496316	256.34	-7.50661e-05	1555.67	200.462	0	-1088.21	180	0	-0.751506	123.001	0	-2.25098	235.999	0	2.58474e-05	12697
ODIN	0	1.33238	1.92792	3.795e-06	-0.9861	0.00581785	7.88886e-06	3.11133	-2.17637	-0.000755364	-0.00305856	0.00203912	180	0	0.00525924	256.34	2.9373e-05	1555.66	200.462	0	-1088.18	180	0	-0.746039	123.001	0	-2.26564	235.999	0	-4.5465e-05	12737
ODIN	0	1.33238	1.92792	3.795e-06	-0.9861	0.00581785	6.32262e-06	3.11127	-2.17631	-0.000750549	-0.00306781	0.0020455	180	0	0.00421508	256.34	7.32429e-05	1555.64	200.462	0	-1088.16	180	0	-0.741283	123.001	0	-2.27262	235.999	0	-0.000164365	12766
ODIN	0	1.33238	1.92792	3.795e-06	-0.9861	0.00581785	4.11738e-06	3.11128	-2.17632	-0.000745862	-0.00306667	0.00204471	180	0	0.00274492	256.34	6.3927e-05	1555.64	200.462	0	-1088.16	180	0	-0.736653	123.001	0	-2.27175	235.999	0	-0.000146072	12795
ODIN	0	1.33238	1.92792	3.795e-06	-0.9861	0.00581785	2.53974e-06	3.11126	-2.1763	-0.000740846	-0.00306005	0.00204022	180	0	0.00169316	256.34	2.52643e-05	1555.63	200.462	0	-1088.15	180	0	-0.7317	123.001	0	-2.26681	235.999	0	-0.000107549	12837
ODIN	0	1.33238	1.92792	3.795e-06	-0.9861	0.00581785	2.1447e-06	3.11128	-2.17632	-0.000735381	-0.00305302	0.00203548	180	0	0.0014298	256.34	-1.18473e-05	1555.64	200.462	0	-1088.16	180	0	-0.726302	123.001	0	-2.26157	235.999	0	-7.27773e-05	12877
ODIN	0	1.33238	1.92792	3.795e-06	-0.9861	0.00581785	2.1447e-06	3.11128	-2.17632	-0.000735381	-0.00305302	0.00203548	180	0	0.0014298	256.34	-1.18473e-05	1555.64	200.462	0	-1088.16	180	0	-0.726302	123.001	0	-2.26157	235.999	0	-7.27773e-05	12912
ODIN	0	1.33238	1.92792	3.795e-06	-0.9861	0.00581785	2.73178e-06	3.11129	-2.17634	-0.000729619	-0.00304896	0.00203274	180	0	0.00182119	256.34	-3.21967e-05	1555.65	200.462	0	-1088.17	180	0	-0.720611	123.001	0	-2.25855	235.999	0	-5.75224e-05	12951
ODIN	0	1.33238	1.92792	3.795e-06	-0.9861	0.00581785	3.69501e-06	3.11133	-2.17637	-0.000723824	-0.00304838	0.00203236	180	0	0.00246334	256.34	-3.2204e-05	1555.66	200.462	0	-1088.18	180	0	-0.714888	123.001	0	-2.25812	235.999	0	-6.26046e-05	12988
ODIN	0	1.33238	1.92792	3.59527e-06	-0.9861	0.00581785	4.45001e-06	3.11132	-2.17636	-0.000718208	-0.00305024	0.00203363	180	0	0.00296668	256.34	-2.16119e-05	1555.66	200.462	0	-1088.18	180	0	-0.709341	123.001	0	-2.25951	235.999	0	-7.88034e-05	13015
ODIN	0	1.33238	1.92792	3.59527e-06	-0.9861	0.00581785	4.45001e-06	3.11132	-2.17636	-0.000718208	-0.00305024	0.00203363	180	0	0.00296668	256.34	-2.16119e-05	1555.66	200.462	0	-1088.18	180	0	-0.709341	123.001	0	-2.25951	235.999	0	-7.88034e-05	13049
ODIN	0	1.33238	1.92792	3.59527e-06	-0.9861	0.00581785	4.70699e-06	3.11131	-2.17636	-0.000712846	-0.0030371	0.0020249	180	0	0.00313799	256.34	-8.69123e-06	1555.66	200.462	0	-1088.18	180	0	-0.704046	123.001	0	-2.2498	235.999	0	-9.48908e-05	13082
ODIN	0	1.33238	1.92792	3.59527e-06	-0.9861	0.00581785	4.51058e-06	3.11131	-2.17635	-0.000707684	-0.00303877	0.00202603	180	0	0.00300705	256.34	-2.70805e-07	1555.65	200.462	0	-1088.18	180	0	-0.698947	123.001	0	-2.25104	235.999	0	-0.000103065	13116
ODIN	0	1.33238	1.92792	3.59527e-06	-0.9861	0.00581785	4.10533e-06	3.11131	-2.17635	-0.000702611	-0.00303925	0.00202635	180	0	0.00273689	256.34	1.8553e-06	1555.65	200.462	0	-1088.18	180	0	-0.693937	123.001	0	-2.2514	235.999	0	-0.000102299	13150
ODIN	0	1.33238	1.92792	3.59527e-06	-0.9861	0.00581785	3.74432e-06	3.11131	-2.17635	-0.000697533	-0.00303884	0.00202607	180	0	0.00249621	256.34	-6.39504e-07	1555.65	200.462	0	-1088.18	180	0	-0.688922	123.001	0	-2.25109	235.999	0	-9.60623e-05	13190
ODIN	0	1.33238	1.92792	3.59527e-06	-0.9861	0.00581785	3.57447e-06	3.11131	-2.17635	-0.000692491	-0.00303806	0.00202553	180	0	0.00238298	256.34	-4.6332e-06	1555.66	200.462	0	-1088.18	180	0	-0.683942	123.001	0	-2.2505	235.999	0	-8.91995e-05	13222
ODIN	0	1.33238	1.92792	3.59527e-06	-0.9861	0.00581785	3.57521e-06	3.11131	-2.17635	-0.00069241	-0.00303806	0.00202553	180	0	0.00238348	256.34	-4.89558e-06	1555.66	200.462	0	-1088.18	180	0	-0.683862	123.001	0	-2.2505	235.999	0	-8.91876e-05	13255
ODIN	0	1.33238	1.92792	3.59527e-06	-0.9861	0.00581785	3.60372e-06	3.11131	-2.17636	-0.00068725	-0.00303741	0.00202509	180	0	0.00240248	256.34	-8.2937e-06	1555.66	200.462	0	-1088.18	180	0	-0.678766	123.001	0	-2.25002	235.999	0	-8.49304e-05	13303
ODIN	0	1.33238	1.92792	3.59527e-06	-0.9861	0.00581785	3.74283e-06	3.11131	-2.17636	-0.0006821	-0.00303715	0.00202492	180	0	0.00249522	256.34	-9.48822e-06	1555.66	200.462	0	-1088.18	180	0	-0.673679	123.001	0	-2.24983	235.999	0	-8.45145e-05	13336
ODIN	0	1.33238	1.92792	3.39553e-06	-0.9861	0.00581785	3.88487e-06	3.11131	-2.17636	-0.000676995	-0.00303723	0.00202497	180	0	0.00258992	256.34	-8.98009e-06	1555.66	200.462	0	-1088.18	180	0	-0.668637	123.001	0	-2.24988	235.999	0	-8.66574e-05	13370
ODIN	0	1.33238	1.92792	3.39553e-06	-0.9861	0.00581785	3.88487e-06	3.11131	-2.17636	-0.000676995	-0.00303723	0.00202497	180	0	0.00258992	256.34	-8.98009e-06	1555.66	200.462	0	-1088.18	180	0	-0.668637	123.001	0	-2.24988	235.999	0	-8.66574e-05	13410
ODIN	0	1.33238	1.92792	3.39553e-06	-0.9861	0.00581785	3.95996e-06	3.11131	-2.17636	-0.000671961	-0.00303747	0.00202514	180	0	0.00263997	256.34	-7.64064e-06	1555.66	200.462	0	-1088.18	180	0	-0.663665	123.001	0	-2.25007	235.999	0	-8.94957e-05	13450
ODIN	0	1.33238	1.92792	3.39553e-06	-0.9861	0.00581785	3.95361e-06	3.11131	-2.17635	-0.000666993	-0.00303767	0.00202528	180	0	0.00263574	256.34	-6.58995e-06	1555.66	200.462	0	-1088.18	180	0	-0.658759	123.001	0	-2.25022	235.999	0	-9.14482e-05	13484
ODIN	0	1.33238	1.92792	3.39553e-06	-0.9861	0.00581785	3.89522e-06	3.11131	-2.17635	-0.000662081	-0.00302227	0.00201502	180	0	0.00259681	256.34	-5.87724e-06	1555.66	200.462	0	-1088.18	180	0	-0.653907	123.001	0	-2.23881	235.999	0	-9.194e-05	13518
ODIN	0	1.33238	1.92792	3.39553e-06	-0.9861	0.00581785	3.89522e-06	3.11131	-2.17635	-0.000662081	-0.00302227	0.00201502	180	0	0.00259681	256.34	-5.87724e-06	1555.66	200.462	0	-1088.18	180	0	-0.653907	123.001	0	-2.23881	235.999	0	-9.194e-05	13556
ODIN	0	1.33238	1.92792	3.39553e-06	-0.9861	0.00581785	3.82581e-06	3.11131	-2.17635	-0.000657202	-0.00302229	0.00201502	180	0	0.00255054	256.34	-5.94169e-06	1555.66	200.462	0	-1088.18	180	0	-0.649089	123.001	0	-2.23882	235.999	0	-9.11997e-05	13594
ODIN	0	1.33238	1.92792	3.39553e-06	-0.9861	0.00581785	3.77849e-06	3.11131	-2.17635	-0.000652351	-0.00302223	0.00201498	180	0	0.002519	256.34	-6.30409e-06	1555.66	200.462	0	-1088.18	180	0	-0.644297	123.001	0	-2.23878	235.999	0	-9.01112e-05	13628
ODIN	0	1.33238	1.92792	3.39553e-06	-0.9861	0.00581785	3.76323e-06	3.11131	-2.17635	-0.000647524	-0.00302217	0.00201494	180	0	0.00250882	256.34	-6.5629e-06	1555.66	200.462	0	-1088.18	180	0	-0.63953	123.001	0	-2.23873	235.999	0	-8.92899e-05	13666
ODIN	0	1.33238	1.92792	3.39553e-06	-0.9861	0.00581785	3.77138e-06	3.11134	-2.17636	-0.000642723	-0.00302205	0.00201486	180	0	0.00251425	256.34	-5.87758e-06	1555.67	200.462	0	-1088.18	180	0	-0.634788	123.001	0	-2.23865	235.999	0	-8.89345e-05	13707
ODIN	0	1.33238	1.92792	3.19579e-06	-0.9861	0.00581785	3.78822e-06	3.11134	-2.17636	-0.000637957	-0.00302209	0.00201488	180	0	0.00252548	256.34	-5.16761e-06	1555.67	200.462	0	-1088.18	180	0	-0.630081	123.001	0	-2.23867	235.999	0	-8.9124e-05	13745
ODIN	0	1.33238	1.92792	3.19579e-06	-0.9861	0.00581785	3.78822e-06	3.11134	-2.17636	-0.000637957	-0.00302209	0.00201488	180	0	0.00252548	256.34	-5.16761e-06	1555.67	200.462	0	-1088.18	180	0	-0.630081	123.001	0	-2.23867	235.999	0	-8.9124e-05	13787
ODIN	0	1.33238	1.92792	3.19579e-06	-0.9861	0.00581785	3.79905e-06	3.11134	-2.17636	-0.000633228	-0.00302222	0.00201482	180	0	0.0025327	256.34	-5.10159e-06	1555.67	200.462	0	-1088.18	180	0	-0.625411	123.001	0	-2.23868	235.999	0	-8.43125e-07	13822
ODIN	0	1.33238	1.92792	3.19579e-06	-0.9861	0.00581785	3.79959e-06	3.11134	-2.17635	-0.000628541	-0.00302226	0.00201484	180	0	0.00253306	256.34	-4.85662e-06	1555.67	200.462	0	-1088.18	180	0	-0.620782	123.001	0	-2.23871	235.999	0	6.12155e-07	13850
ODIN	0	1.33238	1.92792	3.19579e-06	-0.9861	0.00581785	3.78928e-06	3.11134	-2.17635	-0.00062389	-0.00302216	0.00201493	180	0	0.00252618	256.34	-4.79205e-06	1555.67	200.462	0	-1088.18	180	0	-0.616188	123.001	0	-2.23873	235.999	0	-9.07311e-05	13890
ODIN	0	1.33238	1.92792	3.19579e-06	-0.9861	0.00581785	3.77455e-06	3.11134	-2.17635	-0.000619276	-0.00302227	0.00201484	180	0	0.00251637	256.34	-4.87945e-06	1555.67	200.462	0	-1088.18	180	0	-0.611631	123.001	0	-2.23872	235.999	0	3.62423e-09	13931
ODIN	0	1.33238	1.92792	3.19579e-06	-0.9861	0.00581785	3.77455e-06	3.11134	-2.17635	-0.000619276	-0.00302227	0.00201484	180	0	0.00251637	256.34	-4.87945e-06	1555.67	200.462	0	-1088.18	180	0	-0.611631	123.001	0	-2.23872	235.999	0	3.62423e-09	13971
ODIN	0	1.33238	1.92792	3.19579e-06	-0.9861	0.00581781	3.76158e-06	3.11134	-2.17635	-0.000614696	-0.00300614	0.00200426	180	0	0.00250772	256.34	-4.85585e-06	1555.67	200.462	0	-1088.18	180	0	-0.607107	123.001	0	-2.22686	235.999	0	-9.22009e-05	14010
ODIN	0	1.33238	1.92792	3.19579e-06	-0.9861	0.00581781	3.75417e-06	3.11134	-2.17635	-0.000610146	-0.00300661	0.00200457	180	0	0.00250278	256.34	-4.88008e-06	1555.67	200.462	0	-1088.18	180	0	-0.602613	123.001	0	-2.22721	235.999	0	-9.1661e-05	14050
ODIN	0	1.33238	1.92792	3.19579e-06	-0.9861	0.00581781	3.7476e-06	3.11134	-2.17635	-0.000605631	-0.00300662	0.00200458	180	0	0.0024984	256.34	-4.85229e-06	1555.67	200.462	0	-1088.18	180	0	-0.598154	123.001	0	-2.22722	235.999	0	-9.31343e-05	14090
ODIN	0	1.33238	1.92792	3.19579e-06	-0.9861	0.00581781	3.7476e-06	3.11134	-2.17635	-0.000605631	-0.00300662	0.00200458	180	0	0.0024984	256.34	-4.85229e-06	1555.67	200.462	0	-1088.18	180	0	-0.598154	123.001	0	-2.22722	235.999	0	-9.31343e-05	14125
ODIN	0	1.33238	1.92792	3.19579e-06	-0.9861	0.00581781	3.74388e-06	3.11134	-2.17635	-0.000601147	-0.00300661	0.00200457	180	0	0.00249592	256.34	-4.92658e-06	1555.67	200.462	0	-1088.18	180	0	-0.593725	123.001	0	-2.22721	235.999	0	-9.31685e-05	14163
ODIN	0	1.33238	1.92792	2.99606e-06	-0.9861	0.00581781	3.74309e-06	3.11134	-2.17635	-0.000596696	-0.00300674	0.00200449	180	0	0.0024954	256.34	-4.91454e-06	1555.67	200.462	0	-1088.18	180	0	-0.589329	123.001	0	-2.22721	235.999	0	7.58141e-07	14196
ODIN	0	1.33238	1.92792	2.99606e-06	-0.9861	0.00581781	3.74043e-06	3.11134	-2.17635	-0.000592279	-0.00300674	0.00200449	180	0	0.00249362	256.34	-4.86266e-06	1555.67	200.462	0	-1088.18	180	0	-0.584967	123.001	0	-2.22722	235.999	0	1.01765e-06	14226
ODIN	0	1.33238	1.92792	2.99606e-06	-0.9861	0.00581781	3.7357e-06	3.11134	-2.17635	-0.000587896	-0.00300674	0.00200449	180	0	0.00249047	256.34	-4.90766e-06	1555.67	200.462	0	-1088.18	180	0	-0.580638	123.001	0	-2.22721	235.999	0	5.28388e-08	14263
ODIN	0	1.33238	1.92792	2.99606e-06	-0.9861	0.00581781	3.7357e-06	3.11134	-2.17635	-0.000587896	-0.00300674	0.00200449	180	0	0.00249047	256.34	-4.90766e-06	1555.67	200.462	0	-1088.18	180	0	-0.580638	123.001	0	-2.22721	235.999	0	5.28388e-08	14304
ODIN	0	1.33238	1.92792	2.99606e-06	-0.9861	0.00581781	3.72991e-06	3.11134	-2.17635	-0.000583546	-0.00300674	0.00200449	180	0	0.00248661	256.34	-4.89488e-06	1555.67	200.462	0	-1088.18	180	0	-0.576342	123.001	0	-2.22722	235.999	0	5.57783e-07	14339
ODIN	0	1.33238	1.92792	2.99606e-06	-0.9861	0.00581781	3.72389e-06	3.11134	-2.17635	-0.000579226	-0.00300661	0.00200457	180	0	0.00248259	256.34	-4.94226e-06	1555.67	200.462	0	-1088.18	180	0	-0.572076	123.001	0	-2.22721	235.999	0	-9.22022e-05	14377
ODIN	0	1.33238	1.92792	2.99606e-06	-0.9861	0.00581781	3.71926e-06	3.11134	-2.17635	-0.00057494	-0.00300674	0.0020045	180	0	0.00247951	256.34	-4.86183e-06	1555.67	200.462	0	-1088.18	180	0	-0.567842	123.001	0	-2.22722	235.999	0	4.20553e-07	14408
ODIN	0	1.33238	1.92792	2.99606e-06	-0.9861	0.00581781	3.71467e-06	3.11134	-2.17636	-0.000570685	-0.00300674	0.00200449	180	0	0.00247645	256.34	-4.89521e-06	1555.67	200.462	0	-1088.18	180	0	-0.563639	123.001	0	-2.22721	235.999	0	2.45112e-07	14436
ODIN	0	1.33238	1.92792	2.99606e-06	-0.9861	0.00581781	3.71467e-06	3.11134	-2.17636	-0.000570685	-0.00300674	0.00200449	180	0	0.00247645	256.34	-4.89521e-06	1555.67	200.462	0	-1088.18	180	0	-0.563639	123.001	0	-2.22721	235.999	0	2.45112e-07	14474
ODIN	0	1.33238	1.92792	2.99606e-06	-0.9861	0.00581781	3.71082e-06	3.11134	-2.17636	-0.000566462	-0.00300677	0.00200451	180	0	0.00247388	256.34	-4.79852e-06	1555.67	200.462	0	-1088.18	180	0	-0.559468	123.001	0	-2.22723	235.999	0	-3.71661e-07	14511
ODIN	0	1.33238	1.92792	2.99606e-06	-0.9861	0.00581781	3.70672e-06	3.11134	-2.17636	-0.000562267	-0.00300672	0.00200448	180	0	0.00247115	256.34	-4.9654e-06	1555.67	200.462	0	-1088.18	180	0	-0.555325	123.001	0	-2.2272	235.999	0	-3.21443e-07	14537
ODIN	0	1.33238	1.92792	2.79632e-06	-0.9861	0.00581785	3.70359e-06	3.11134	-2.17636	-0.000558107	-0.00299119	0.00199413	180	0	0.00246906	256.34	-4.94528e-06	1555.67	200.462	0	-1088.18	180	0	-0.551217	123.001	0	-2.2157	235.999	0	4.86692e-07	14581
ODIN	0	1.33238	1.92792	2.79632e-06	-0.9861	0.00581785	3.69961e-06	3.11134	-2.17632	-0.000553975	-0.0029912	0.00199413	180	0	0.0024664	256.34	-4.97019e-06	1555.67	200.462	0	-1088.16	180	0	-0.547136	123.001	0	-2.2157	235.999	0	-1.05103e-06	14616
ODIN	0	1.33238	1.92792	2.79632e-06	-0.9861	0.00581785	3.69961e-06	3.11134	-2.17632	-0.000553975	-0.0029912	0.00199413	180	0	0.0024664	256.34	-4.97019e-06	1555.67	200.462	0	-1088.16	180	0	-0.547136	123.001	0	-2.2157	235.999	0	-1.05103e-06	14651
ODIN	0	1.33238	1.92792	2.79632e-06	-0.9861	0.00581785	3.6962e-06	3.11134	-2.17632	-0.000549875	-0.00299124	0.00199416	180	0	0.00246413	256.34	-4.83691e-06	1555.67	200.462	0	-1088.16	180	0	-0.543086	123.001	0	-2.21573	235.999	0	8.99974e-07	14696
ODIN	0	1.33238	1.92792	2.79632e-06	-0.9861	0.00581785	3.69252e-06	3.11134	-2.17636	-0.000545806	-0.00299123	0.00199415	180	0	0.00246168	256.34	-4.8596e-06	1555.67	200.462	0	-1088.18	180	0	-0.539067	123.001	0	-2.21572	235.999	0	-1.6405e-07	14731
ODIN	0	1.33238	1.92792	2.79632e-06	-0.9861	0.00581785	3.68915e-06	3.11134	-2.17632	-0.000541766	-0.0029912	0.00199413	180	0	0.00245944	256.34	-4.96186e-06	1555.67	200.462	0	-1088.16	180	0	-0.535077	123.001	0	-2.2157	235.999	0	1.3241e-06	14763
ODIN	0	1.33238	1.92792	2.79632e-06	-0.9861	0.00581785	3.68915e-06	3.11134	-2.17632	-0.000541766	-0.0029912	0.00199413	180	0	0.00245944	256.34	-4.96186e-06	1555.67	200.462	0	-1088.16	180	0	-0.535077	123.001	0	-2.2157	235.999	0	1.3241e-06	14802
ODIN	0	1.33238	1.92792	2.79632e-06	-0.9861	0.00581785	3.68553e-06	3.11134	-2.17636	-0.000537756	-0.00299122	0.00199415	180	0	0.00245702	256.34	-4.87663e-06	1555.67	200.462	0	-1088.18	180	0	-0.531117	123.001	0	-2.21572	235.999	0	-4.93511e-07	14834
ODIN	0	1.33238	1.92792	2.79632e-06	-0.9861	0.00581785	3.68214e-06	3.11134	-2.17636	-0.000533775	-0.00299122	0.00199415	180	0	0.00245476	256.34	-4.89584e-06	1555.67	200.462	0	-1088.18	180	0	-0.527185	123.001	0	-2.21572	235.999	0	6.81963e-07	14873
ODIN	0	1.33238	1.92792	2.79632e-06	-0.9861	0.00581785	3.67906e-06	3.11134	-2.17636	-0.000529825	-0.00299123	0.00199415	180	0	0.00245271	256.34	-4.85022e-06	1555.67	200.462	0	-1088.18	180	0	-0.523284	123.001	0	-2.21572	235.999	0	-6.38816e-07	14911
ODIN	0	1.33238	1.92792	2.79632e-06	-0.9861	0.00581785	3.67608e-06	3.11134	-2.17636	-0.000525904	-0.0029912	0.00199414	180	0	0.00245072	256.34	-4.94437e-06	1555.67	200.462	0	-1088.18	180	0	-0.519411	123.001	0	-2.21571	235.999	0	-6.6086e-07	14945
ODIN	0	1.33238	1.92792	2.79632e-06	-0.9861	0.00581785	3.67608e-06	3.11134	-2.17636	-0.000525904	-0.0029912	0.00199414	180	0	0.00245072	256.34	-4.94437e-06	1555.67	200.462	0	-1088.18	180	0	-0.519411	123.001	0	-2.21571	235.999	0	-6.6086e-07	14975
ODIN	0	1.33238	1.92792	2.79632e-06	-0.9861	0.00581785	3.67325e-06	3.11137	-2.17636	-0.000522011	-0.00299119	0.00199412	180	0	0.00244884	256.34	-3.25487e-06	1555.69	200.462	0	-1088.18	180	0	-0.515567	123.001	0	-2.21569	235.999	0	1.45438e-06	15013
ODIN	0	1.33238	1.92792	2.59658e-06	-0.9861	0.00581785	3.6703e-06	3.11137	-2.17636	-0.000518148	-0.00299121	0.00199414	180	0	0.00244687	256.34	-3.07114e-06	1555.69	200.462	0	-1088.18	180	0	-0.511752	123.001	0	-2.21571	235.999	0	-2.94794e-07	15041
ODIN	0	1.33238	1.92792	2.59658e-06	-0.9861	0.00581785	3.66729e-06	3.11137	-2.17636	-0.000514313	-0.00299123	0.00199415	180	0	0.00244486	256.34	-3.03053e-06	1555.69	200.462	0	-1088.18	180	0	-0.507964	123.001	0	-2.21573	235.999	0	-2.06728e-07	15079
ODIN	0	1.33238	1.92792	2.59658e-06	-0.9861	0.00581785	3.66457e-06	3.11137	-2.17636	-0.000510507	-0.00299121	0.00199414	180	0	0.00244305	256.34	-3.09183e-06	1555.69	200.462	0	-1088.18	180	0	-0.504205	123.001	0	-2.21571	235.999	0	-6.27261e-07	15124
ODIN	0	1.33238	1.92792	2.59658e-06	-0.9861	0.00581785	3.66457e-06	3.11137	-2.17636	-0.000510507	-0.00299121	0.00199414	180	0	0.00244305	256.34	-3.09183e-06	1555.69	200.462	0	-1088.18	180	0	-0.504205	123.001	0	-2.21571	235.999	0	-6.27261e-07	15158
ODIN	0	1.33238	1.92792	2.59658e-06	-0.9861	0.00581785	3.66205e-06	3.11137	-2.17636	-0.00050673	-0.0029911	0.00199423	180	0	0.00244137	256.34	-3.05972e-06	1555.69	200.462	0	-1088.18	180	0	-0.500474	123.001	0	-2.21572	235.999	0	-9.23302e-05	15192
ODIN	0	1.33238	1.92792	2.59658e-06	-0.9861	0.00581785	3.6591e-06	3.11137	-2.17636	-0.000502978	-0.0029912	0.00199413	180	0	0.0024394	256.34	-3.15658e-06	1555.69	200.462	0	-1088.18	180	0	-0.496768	123.001	0	-2.2157	235.999	0	-4.84326e-08	15223
ODIN	0	1.33238	1.92792	2.59658e-06	-0.9861	0.00581785	3.65688e-06	3.11137	-2.17636	-0.000499256	-0.00297573	0.00198382	180	0	0.00243792	256.34	-2.91112e-06	1555.69	200.462	0	-1088.18	180	0	-0.493092	123.001	0	-2.20424	235.999	0	-6.24289e-08	15259
ODIN	0	1.33238	1.92792	2.59658e-06	-0.9861	0.00581785	3.65435e-06	3.11137	-2.17636	-0.00049556	-0.00297571	0.0019838	180	0	0.00243624	256.34	-3.0473e-06	1555.69	200.462	0	-1088.18	180	0	-0.489442	123.001	0	-2.20423	235.999	0	1.11444e-06	15302
ODIN	0	1.33238	1.92792	2.59658e-06	-0.9861	0.00581785	3.65435e-06	3.11137	-2.17636	-0.00049556	-0.00297571	0.0019838	180	0	0.00243624	256.34	-3.0473e-06	1555.69	200.462	0	-1088.18	180	0	-0.489442	123.001	0	-2.20423	235.999	0	1.11444e-06	15337
ODIN	0	1.33238	1.92792	2.59658e-06	-0.9861	0.00581785	3.65193e-06	3.11137	-2.17636	-0.000491892	-0.00297568	0.00198378	180	0	0.00243462	256.34	-3.16274e-06	1555.69	200.462	0	-1088.18	180	0	-0.485819	123.001	0	-2.2042	235.999	0	1.90702e-06	15378
ODIN	0	1.33238	1.92792	2.59658e-06	-0.9861	0.00581785	3.65063e-06	3.11137	-2.17632	-0.000488251	-0.00297559	0.0019839	180	0	0.00243375	256.34	-2.99957e-06	1555.69	200.462	0	-1088.16	180	0	-0.482223	123.001	0	-2.20424	235.999	0	-9.30521e-05	15414
ODIN	0	1.33238	1.92792	2.59658e-06	-0.9861	0.00581785	3.64758e-06	3.11137	-2.17636	-0.000484639	-0.00297569	0.00198379	180	0	0.00243172	256.34	-3.07989e-06	1555.69	200.462	0	-1088.18	180	0	-0.478656	123.001	0	-2.20421	235.999	0	-3.51206e-07	15452
ODIN	0	1.33238	1.92792	2.39684e-06	-0.9861	0.00581785	3.64402e-06	3.11137	-2.17632	-0.000481054	-0.00297569	0.00198379	180	0	0.00242935	256.34	-3.10459e-06	1555.69	200.462	0	-1088.16	180	0	-0.475115	123.001	0	-2.20421	235.999	0	-3.84602e-07	15490
ODIN	0	1.33238	1.92792	2.39684e-06	-0.9861	0.00581785	3.64402e-06	3.11137	-2.17632	-0.000481054	-0.00297569	0.00198379	180	0	0.00242935	256.34	-3.10459e-06	1555.69	200.462	0	-1088.16	180	0	-0.475115	123.001	0	-2.20421	235.999	0	-3.84602e-07	15523
ODIN	0	1.33238	1.92792	2.39684e-06	-0.9861	0.00581785	3.64188e-06	3.11137	-2.17636	-0.000477492	-0.00297557	0.00198388	180	0	0.00242792	256.34	-3.04203e-06	1555.69	200.462	0	-1088.18	180	0	-0.471598	123.001	0	-2.20422	235.999	0	-9.30686e-05	15556
ODIN	0	1.33238	1.92792	2.39684e-06	-0.9861	0.00581785	3.64096e-06	3.11137	-2.17636	-0.000473957	-0.00297569	0.00198379	180	0	0.0024273	256.34	-3.08683e-06	1555.69	200.462	0	-1088.18	180	0	-0.468106	123.001	0	-2.20422	235.999	0	1.38895e-07	15597
ODIN	0	1.33238	1.92792	2.39684e-06	-0.9861	0.00581785	3.63973e-06	3.11137	-2.17636	-0.000470449	-0.00297566	0.00198377	180	0	0.00242649	256.34	-3.21448e-06	1555.69	200.462	0	-1088.18	180	0	-0.464641	123.001	0	-2.20419	235.999	0	2.43729e-07	15638
ODIN	0	1.33238	1.92792	2.39684e-06	-0.9861	0.00581785	3.63727e-06	3.11137	-2.17636	-0.000466966	-0.0029756	0.0019839	180	0	0.00242485	256.34	-2.9751e-06	1555.69	200.462	0	-1088.18	180	0	-0.461201	123.001	0	-2.20424	235.999	0	-9.32939e-05	15679
ODIN	0	1.33238	1.92792	2.39684e-06	-0.9861	0.00581785	3.63727e-06	3.11137	-2.17636	-0.000466966	-0.0029756	0.0019839	180	0	0.00242485	256.34	-2.9751e-06	1555.69	200.462	0	-1088.18	180	0	-0.461201	123.001	0	-2.20424	235.999	0	-9.32939e-05	15719
ODIN	0	1.33238	1.92792	2.39684e-06	-0.9861	0.00581785	3.63515e-06	3.11137	-2.17636	-0.00046351	-0.00297569	0.00198379	180	0	0.00242343	256.34	-3.09248e-06	1555.69	200.462	0	-1088.18	180	0	-0.457788	123.001	0	-2.20421	235.999	0	1.83106e-06	15752
ODIN	0	1.33238	1.92792	2.39684e-06	-0.9861	0.00581785	3.63287e-06	3.11137	-2.17632	-0.00046008	-0.00297556	0.00198387	180	0	0.00242191	256.34	-3.13096e-06	1555.69	200.462	0	-1088.16	180	0	-0.4544	123.001	0	-2.20421	235.999	0	-9.20801e-05	15784
ODIN	0	1.33238	1.92792	2.39684e-06	-0.9861	0.00581785	3.63074e-06	3.11137	-2.17632	-0.000456676	-0.00297568	0.00198379	180	0	0.0024205	256.34	-3.11686e-06	1555.69	200.462	0	-1088.16	180	0	-0.451038	123.001	0	-2.20421	235.999	0	-3.09949e-07	15819
ODIN	0	1.33238	1.92792	2.39684e-06	-0.9861	0.00581785	3.62891e-06	3.11137	-2.17636	-0.000453295	-0.00297568	0.00198378	180	0	0.00241927	256.34	-3.15543e-06	1555.69	200.462	0	-1088.18	180	0	-0.447699	123.001	0	-2.2042	235.999	0	3.42806e-07	15865
ODIN	0	1.33238	1.92792	2.39684e-06	-0.9861	0.00581785	3.62891e-06	3.11137	-2.17636	-0.000453295	-0.00297568	0.00198378	180	0	0.00241927	256.34	-3.15543e-06	1555.69	200.462	0	-1088.18	180	0	-0.447699	123.001	0	-2.2042	235.999	0	3.42806e-07	15904
ODIN	0	1.33238	1.92792	2.39684e-06	-0.9861	0.00581785	3.62733e-06	3.11137	-2.17636	-0.000449942	-0.00297568	0.00198379	180	0	0.00241822	256.34	-3.12963e-06	1555.69	200.462	0	-1088.18	180	0	-0.444387	123.001	0	-2.20421	235.999	0	-8.85634e-08	15937
ODIN	0	1.33238	1.92792	2.39684e-06	-0.9861	0.00581785	3.62567e-06	3.11137	-2.17632	-0.000446612	-0.00297568	0.00198379	180	0	0.00241711	256.34	-3.1003e-06	1555.69	200.462	0	-1088.16	180	0	-0.441098	123.001	0	-2.20421	235.999	0	-3.67571e-07	15971
ODIN	0	1.33238	1.92792	2.39684e-06	-0.9861	0.00581785	3.62393e-06	3.11137	-2.17636	-0.000443306	-0.00297572	0.00198381	180	0	0.00241596	256.34	-2.99291e-06	1555.69	200.462	0	-1088.18	180	0	-0.437833	123.001	0	-2.20424	235.999	0	-2.02637e-07	16008
ODIN	0	1.33238	1.92792	2.19711e-06	-0.9861	0.00581785	3.62233e-06	3.11137	-2.17636	-0.000440025	-0.00297569	0.00198379	180	0	0.00241488	256.34	-3.11442e-06	1555.69	200.462	0	-1088.18	180	0	-0.434592	123.001	0	-2.20421	235.999	0	-2.05587e-07	16046
ODIN	0	1.33238	1.92792	2.19711e-06	-0.9861	0.00581785	3.62233e-06	3.11137	-2.17636	-0.000440025	-0.00297569	0.00198379	180	0	0.00241488	256.34	-3.11442e-06	1555.69	200.462	0	-1088.18	180	0	-0.434592	123.001	0	-2.20421	235.999	0	-2.05587e-07	16087
ODIN	0	1.33238	1.92792	2.19711e-06	-0.9861	0.00581785	3.62085e-06	3.11137	-2.17636	-0.000436769	-0.0029598	0.0019732	180	0	0.0024139	256.34	-3.12848e-06	1555.69	200.462	0	-1088.18	180	0	-0.431377	123.001	0	-2.19245	235.999	0	-4.68267e-07	16115
ODIN	0	1.33238	1.92792	2.19711e-06	-0.9861	0.00581785	3.61909e-06	3.11137	-2.17636	-0.000433536	-0.00296016	0.00197344	180	0	0.00241273	256.34	-3.12022e-06	1555.69	200.462	0	-1088.18	180	0	-0.428184	123.001	0	-2.19271	235.999	0	-2.59619e-07	16153
ODIN	0	1.33238	1.92792	2.19711e-06	-0.9861	0.00581785	3.61765e-06	3.11137	-2.17636	-0.000430328	-0.00296017	0.00197345	180	0	0.00241177	256.34	-3.08323e-06	1555.69	200.462	0	-1088.18	180	0	-0.425016	123.001	0	-2.19272	235.999	0	-1.68856e-07	16196
ODIN	0	1.33238	1.92792	2.19711e-06	-0.9861	0.00581785	3.61603e-06	3.11137	-2.17636	-0.000427143	-0.00296004	0.00197353	180	0	0.00241068	256.34	-3.10777e-06	1555.69	200.462	0	-1088.18	180	0	-0.421869	123.001	0	-2.19271	235.999	0	-9.24624e-05	16234
ODIN	0	1.33238	1.92792	2.19711e-06	-0.9861	0.00581785	3.61603e-06	3.11137	-2.17636	-0.000427143	-0.00296004	0.00197353	180	0	0.00241068	256.34	-3.10777e-06	1555.69	200.462	0	-1088.18	180	0	-0.421869	123.001	0	-2.19271	235.999	0	-9.24624e-05	16272
ODIN	0	1.33238	1.92792	2.19711e-06	-0.9861	0.00581785	3.61438e-06	3.11137	-2.17632	-0.000423981	-0.0029602	0.00197347	180	0	0.00240959	256.34	-2.99151e-06	1555.69	200.462	0	-1088.16	180	0	-0.418747	123.001	0	-2.19274	235.999	0	-6.07769e-07	16312
ODIN	0	1.33238	1.92792	2.19711e-06	-0.9861	0.00581785	3.61311e-06	3.11137	-2.17636	-0.000420845	-0.00296018	0.00197345	180	0	0.00240874	256.34	-3.04675e-06	1555.69	200.462	0	-1088.18	180	0	-0.415649	123.001	0	-2.19273	235.999	0	-4.77713e-07	16355
ODIN	0	1.33238	1.92792	2.19711e-06	-0.9861	0.00581785	3.61162e-06	3.11137	-2.17636	-0.000417729	-0.00296016	0.00197344	180	0	0.00240775	256.34	-3.1219e-06	1555.69	200.462	0	-1088.18	180	0	-0.412572	123.001	0	-2.19271	235.999	0	7.20117e-07	16391
ODIN	0	1.33238	1.92792	2.19711e-06	-0.9861	0.00581785	3.61162e-06	3.11137	-2.17636	-0.000417729	-0.00296016	0.00197344	180	0	0.00240775	256.34	-3.1219e-06	1555.69	200.462	0	-1088.18	180	0	-0.412572	123.001	0	-2.19271	235.999	0	7.20117e-07	16428
ODIN	0	1.33238	1.92792	2.19711e-06	-0.9861	0.00581785	3.61012e-06	3.11137	-2.17636	-0.000414638	-0.00296004	0.00197353	180	0	0.00240674	256.34	-3.12202e-06	1555.69	200.462	0	-1088.18	180	0	-0.409519	123.001	0	-2.19271	235.999	0	-9.30781e-05	16459
ODIN	0	1.33238	1.92792	2.19711e-06	-0.9861	0.00581785	3.609e-06	3.11137	-2.17632	-0.00041157	-0.00296003	0.00197352	180	0	0.002406	256.34	-3.12445e-06	1555.69	200.462	0	-1088.16	180	0	-0.406489	123.001	0	-2.19271	235.999	0	-9.30371e-05	16501
ODIN	0	1.33238	1.92792	2.19711e-06	-0.9861	0.00581785	3.60763e-06	3.11137	-2.17636	-0.000408524	-0.00296015	0.00197344	180	0	0.00240509	256.34	-3.14206e-06	1555.69	200.462	0	-1088.18	180	0	-0.403481	123.001	0	-2.19271	235.999	0	-4.90632e-07	16533
ODIN	0	1.33238	1.92792	2.19711e-06	-0.9861	0.00581785	3.60586e-06	3.11137	-2.17632	-0.000405498	-0.00296016	0.00197344	180	0	0.0024039	256.34	-3.1087e-06	1555.69	200.462	0	-1088.16	180	0	-0.400492	123.001	0	-2.19271	235.999	0	-1.81476e-07	16572
ODIN	0	1.33238	1.92792	2.19711e-06	-0.9861	0.00581785	3.60609e-06	3.11137	-2.17636	-0.000404778	-0.00296006	0.00197354	180	0	0.00240406	256.34	-3.03645e-06	1555.69	200.462	0	-1088.18	180	0	-0.39978	123.001	0	-2.19273	235.999	0	-9.2524e-05	16606
ODIN	0	1.33238	1.92792	2.19711e-06	-0.9861	0.00581785	3.60522e-06	3.11137	-2.17636	-0.000402499	-0.00296017	0.00197345	180	0	0.00240348	256.34	-3.08866e-06	1555.69	200.462	0	-1088.18	180	0	-0.39753	123.001	0	-2.19272	235.999	0	-2.60072e-07	16647
ODIN	0	1.33238	1.92792	1.99737e-06	-0.9861	0.00581785	3.60389e-06	3.11137	-2.17636	-0.000399521	-0.00296022	0.00197348	180	0	0.0024026	256.34	-2.90522e-06	1555.69	200.462	0	-1088.18	180	0	-0.394588	123.001	0	-2.19275	235.999	0	-4.37407e-07	16687
ODIN	0	1.33238	1.92792	1.99737e-06	-0.9861	0.00581785	3.60229e-06	3.11137	-2.17632	-0.000396562	-0.00296002	0.00197352	180	0	0.00240152	256.34	-3.17088e-06	1555.69	200.462	0	-1088.16	180	0	-0.391666	123.001	0	-2.1927	235.999	0	-9.33727e-05	16723
ODIN	0	1.33238	1.92792	1.99737e-06	-0.9861	0.00581785	3.6014e-06	3.11137	-2.17632	-0.000393629	-0.00296017	0.00197345	180	0	0.00240093	256.34	-3.08154e-06	1555.69	200.462	0	-1088.16	180	0	-0.388769	123.001	0	-2.19272	235.999	0	-5.38582e-07	16756
ODIN	0	1.33238	1.92792	1.99737e-06	-0.9861	0.00581785	3.60017e-06	3.11137	-2.17632	-0.000390715	-0.00296015	0.00197344	180	0	0.00240011	256.34	-3.15759e-06	1555.69	200.462	0	-1088.16	180	0	-0.385892	123.001	0	-2.19271	235.999	0	-4.46374e-07	16797
ODIN	0	1.33238	1.92792	1.99737e-06	-0.9861	0.00581785	3.60017e-06	3.11137	-2.17632	-0.000390715	-0.00296015	0.00197344	180	0	0.00240011	256.34	-3.15759e-06	1555.69	200.462	0	-1088.16	180	0	-0.385892	123.001	0	-2.19271	235.999	0	-4.46374e-07	16835
ODIN	0	1.33238	1.92792	1.99737e-06	-0.9861	0.00581785	3.59911e-06	3.11137	-2.17636	-0.000387825	-0.00296021	0.00197347	180	0	0.0023994	256.34	-2.94949e-06	1555.69	200.462	0	-1088.18	180	0	-0.383037	123.001	0	-2.19275	235.999	0	-5.08769e-07	16873
ODIN	0	1.33238	1.92792	1.99737e-06	-0.9861	0.00581785	3.59776e-06	3.11137	-2.17632	-0.000384954	-0.00296003	0.00197352	180	0	0.00239851	256.34	-3.14641e-06	1555.69	200.462	0	-1088.16	180	0	-0.380201	123.001	0	-2.19271	235.999	0	-9.30012e-05	16912
ODIN	0	1.33238	1.92792	1.99737e-06	-0.9861	0.00581785	3.59538e-06	3.11137	-2.17635	-0.0003821	-0.00296018	0.00197345	180	0	0.00239692	256.34	-3.03369e-06	1555.69	200.462	0	-1088.18	180	0	-0.377383	123.001	0	-2.19273	235.999	0	-1.65021e-06	16952
ODIN	0	1.33238	1.92792	1.99737e-06	-0.9861	0.00581785	3.59538e-06	3.11137	-2.17635	-0.0003821	-0.00296018	0.00197345	180	0	0.00239692	256.34	-3.03369e-06	1555.69	200.462	0	-1088.18	180	0	-0.377383	123.001	0	-2.19273	235.999	0	-1.65021e-06	16989
ODIN	0	1.33238	1.92792	1.99737e-06	-0.9861	0.00581785	3.59563e-06	3.11137	-2.17636	-0.000379275	-0.00296015	0.00197343	180	0	0.00239708	256.34	-3.20718e-06	1555.69	200.462	0	-1088.18	180	0	-0.374593	123.001	0	-2.1927	235.999	0	2.61159e-08	17030
ODIN	0	1.33238	1.92792	1.99737e-06	-0.9861	0.00581785	3.59482e-06	3.11141	-2.17636	-0.000376469	-0.00296012	0.00197341	180	0	0.00239655	256.34	-2.00784e-06	1555.7	200.462	0	-1088.18	180	0	-0.371821	123.001	0	-2.19268	235.999	0	-1.93247e-07	17071
ODIN	0	1.33238	1.92792	1.99737e-06	-0.9861	0.00581785	3.59369e-06	3.11141	-2.17636	-0.000373683	-0.00296015	0.00197343	180	0	0.00239579	256.34	-1.32633e-06	1555.7	200.462	0	-1088.18	180	0	-0.369069	123.001	0	-2.19271	235.999	0	4.17899e-07	17107
ODIN	0	1.33238	1.92792	1.99737e-06	-0.9861	0.00581785	3.59243e-06	3.11141	-2.17636	-0.000370918	-0.00296004	0.00197353	180	0	0.00239495	256.34	-1.2883e-06	1555.7	200.462	0	-1088.18	180	0	-0.366338	123.001	0	-2.19271	235.999	0	-9.32715e-05	17151
ODIN	0	1.33238	1.92792	1.99737e-06	-0.9861	0.00581785	3.59243e-06	3.11141	-2.17636	-0.000370918	-0.00296004	0.00197353	180	0	0.00239495	256.34	-1.2883e-06	1555.7	200.462	0	-1088.18	180	0	-0.366338	123.001	0	-2.19271	235.999	0	-9.32715e-05	17186
ODIN	0	1.33238	1.92792	1.99737e-06	-0.9861	0.00581785	3.59078e-06	3.11141	-2.17636	-0.000368167	-0.00296016	0.00197343	180	0	0.00239386	256.34	-1.29867e-06	1555.7	200.462	0	-1088.18	180	0	-0.363622	123.001	0	-2.19271	235.999	0	2.1031e-06	17227
ODIN	0	1.33238	1.92792	1.99737e-06	-0.9861	0.00581785	3.59051e-06	3.11141	-2.17635	-0.000365447	-0.00296016	0.00197344	180	0	0.00239368	256.34	-1.28006e-06	1555.7	200.462	0	-1088.18	180	0	-0.360936	123.001	0	-2.19271	235.999	0	-7.6274e-07	17267
ODIN	0	1.33238	1.92792	1.79763e-06	-0.9861	0.00581785	3.58942e-06	3.11141	-2.17632	-0.000362742	-0.00296023	0.00197349	180	0	0.00239295	256.34	-1.06357e-06	1555.7	200.462	0	-1088.16	180	0	-0.358264	123.001	0	-2.19276	235.999	0	-7.15493e-07	17302
ODIN	0	1.33238	1.92792	1.79763e-06	-0.9861	0.0058179	3.58866e-06	3.11141	-2.17636	-0.000360058	-0.00294462	0.00196308	180	0	0.00239244	256.34	-1.32748e-06	1555.7	200.462	0	-1088.18	180	0	-0.355613	123.001	0	-2.1812	235.999	0	-3.45992e-07	17343
ODIN	0	1.33238	1.92792	1.79763e-06	-0.9861	0.0058179	3.58866e-06	3.11141	-2.17636	-0.000360058	-0.00294462	0.00196308	180	0	0.00239244	256.34	-1.32748e-06	1555.7	200.462	0	-1088.18	180	0	-0.355613	123.001	0	-2.1812	235.999	0	-3.45992e-07	17385
ODIN	0	1.33238	1.92792	1.79763e-06	-0.9861	0.0058179	3.58779e-06	3.11141	-2.17636	-0.000357394	-0.00294466	0.0019631	180	0	0.00239186	256.34	-1.22133e-06	1555.7	200.462	0	-1088.18	180	0	-0.352981	123.001	0	-2.18123	235.999	0	7.02386e-08	17420
ODIN	0	1.33238	1.92792	1.79763e-06	-0.9861	0.0058179	3.58695e-06	3.11141	-2.17636	-0.000354749	-0.00294465	0.0019631	180	0	0.0023913	256.34	-1.2823e-06	1555.7	200.462	0	-1088.18	180	0	-0.350369	123.001	0	-2.18122	235.999	0	1.05513e-06	17462
ODIN	0	1.33238	1.92792	1.79763e-06	-0.9861	0.0058179	3.58571e-06	3.11141	-2.17636	-0.000352123	-0.00294464	0.00196309	180	0	0.00239047	256.34	-1.28997e-06	1555.7	200.462	0	-1088.18	180	0	-0.347776	123.001	0	-2.18122	235.999	0	-4.78014e-07	17502
ODIN	0	1.33238	1.92792	1.79763e-06	-0.9861	0.0058179	3.58486e-06	3.11141	-2.17636	-0.000349518	-0.00294466	0.0019631	180	0	0.00238991	256.34	-1.23065e-06	1555.7	200.462	0	-1088.18	180	0	-0.345202	123.001	0	-2.18123	235.999	0	-5.87695e-07	17540
ODIN	0	1.33238	1.92792	1.79763e-06	-0.9861	0.0058179	3.58486e-06	3.11141	-2.17636	-0.000349518	-0.00294466	0.0019631	180	0	0.00238991	256.34	-1.23065e-06	1555.7	200.462	0	-1088.18	180	0	-0.345202	123.001	0	-2.18123	235.999	0	-5.87695e-07	17583
ODIN	0	1.33238	1.92792	1.79763e-06	-0.9861	0.0058179	3.58402e-06	3.11141	-2.17636	-0.000346931	-0.00294464	0.00196309	180	0	0.00238934	256.34	-1.29673e-06	1555.7	200.462	0	-1088.18	180	0	-0.342648	123.001	0	-2.18122	235.999	0	2.47629e-07	17620
ODIN	0	1.33238	1.92792	1.79763e-06	-0.9861	0.0058179	3.58309e-06	3.11141	-2.17636	-0.000344364	-0.00294464	0.00196309	180	0	0.00238873	256.34	-1.28581e-06	1555.7	200.462	0	-1088.18	180	0	-0.340112	123.001	0	-2.18122	235.999	0	-6.0441e-07	17655
ODIN	0	1.33238	1.92792	1.79763e-06	-0.9861	0.0058179	3.58222e-06	3.11141	-2.17636	-0.000341815	-0.00294466	0.00196311	180	0	0.00238814	256.34	-1.2182e-06	1555.7	200.462	0	-1088.18	180	0	-0.337595	123.001	0	-2.18123	235.999	0	-2.6352e-07	17689
ODIN	0	1.33238	1.92792	1.79763e-06	-0.9861	0.0058179	3.58144e-06	3.11141	-2.17636	-0.000339286	-0.00294464	0.00196309	180	0	0.00238762	256.34	-1.29524e-06	1555.7	200.462	0	-1088.18	180	0	-0.335097	123.001	0	-2.18121	235.999	0	-5.96018e-07	17729
ODIN	0	1.33238	1.92792	1.79763e-06	-0.9861	0.0058179	3.58144e-06	3.11141	-2.17636	-0.000339286	-0.00294464	0.00196309	180	0	0.00238762	256.34	-1.29524e-06	1555.7	200.462	0	-1088.18	180	0	-0.335097	123.001	0	-2.18121	235.999	0	-5.96018e-07	17770
ODIN	0	1.33238	1.92792	1.79763e-06	-0.9861	0.0058179	3.58058e-06	3.11141	-2.17636	-0.000336775	-0.00294452	0.00196318	180	0	0.00238705	256.34	-1.28417e-06	1555.7	200.462	0	-1088.18	180	0	-0.332618	123.001	0	-2.18122	235.999	0	-9.30984e-05	17810
ODIN	0	1.33238	1.92792	1.79763e-06	-0.9861	0.0058179	3.58039e-06	3.11141	-2.17632	-0.000334282	-0.00294467	0.00196311	180	0	0.00238693	256.34	-1.18457e-06	1555.7	200.462	0	-1088.16	180	0	-0.330155	123.001	0	-2.18124	235.999	0	-3.46032e-08	17848
ODIN	0	1.33238	1.92792	1.79763e-06	-0.9861	0.0058179	3.57935e-06	3.11141	-2.17632	-0.00033181	-0.00294464	0.00196309	180	0	0.00238623	256.34	-1.30016e-06	1555.7	200.462	0	-1088.16	180	0	-0.327713	123.001	0	-2.18121	235.999	0	-2.70646e-07	17886
ODIN	0	1.33238	1.92792	1.79763e-06	-0.9861	0.0058179	3.57935e-06	3.11141	-2.17632	-0.00033181	-0.00294464	0.00196309	180	0	0.00238623	256.34	-1.30016e-06	1555.7	200.462	0	-1088.16	180	0	-0.327713	123.001	0	-2.18121	235.999	0	-2.70646e-07	17920
ODIN	0	1.33238	1.92792	1.79763e-06	-0.9861	0.0058179	3.57758e-06	3.11141	-2.17636	-0.000329354	-0.00294466	0.0019631	180	0	0.00238505	256.34	-1.24184e-06	1555.7	200.462	0	-1088.18	180	0	-0.325288	123.001	0	-2.18123	235.999	0	1.62484e-06	17960
ODIN	0	1.33238	1.92792	1.79763e-06	-0.9861	0.0058179	3.57668e-06	3.11141	-2.17636	-0.000326917	-0.00294465	0.0019631	180	0	0.00238445	256.34	-1.25323e-06	1555.7	200.462	0	-1088.18	180	0	-0.322881	123.001	0	-2.18122	235.999	0	-8.49606e-08	17998
ODIN	0	1.33238	1.92792	1.79763e-06	-0.9861	0.0058179	3.57492e-06	3.11141	-2.17636	-0.000324498	-0.00294464	0.00196309	180	0	0.00238328	256.34	-1.30437e-06	1555.7	200.462	0	-1088.18	180	0	-0.320492	123.001	0	-2.18121	235.999	0	-1.86346e-07	18034
ODIN	0	1.33238	1.92792	1.5979e-06	-0.9861	0.0058179	3.57579e-06	3.11141	-2.17632	-0.000322095	-0.00294471	0.00196314	180	0	0.00238386	256.34	-9.95625e-07	1555.7	200.462	0	-1088.16	180	0	-0.318119	123.001	0	-2.18127	235.999	0	1.53158e-06	18071
ODIN	0	1.33238	1.92792	1.5979e-06	-0.9861	0.0058179	3.57603e-06	3.11141	-2.17636	-0.000319713	-0.00294465	0.0019631	180	0	0.00238402	256.34	-1.25813e-06	1555.7	200.462	0	-1088.18	180	0	-0.315766	123.001	0	-2.18122	235.999	0	-2.51795e-07	18118
ODIN	0	1.33238	1.92792	1.5979e-06	-0.9861	0.0058179	3.57603e-06	3.11141	-2.17636	-0.000319713	-0.00294465	0.0019631	180	0	0.00238402	256.34	-1.25813e-06	1555.7	200.462	0	-1088.18	180	0	-0.315766	123.001	0	-2.18122	235.999	0	-2.51795e-07	18155
ODIN	0	1.33238	1.92792	1.5979e-06	-0.9861	0.0058179	3.57518e-06	3.11141	-2.17636	-0.000317346	-0.00294464	0.00196309	180	0	0.00238345	256.34	-1.31083e-06	1555.7	200.462	0	-1088.18	180	0	-0.313429	123.001	0	-2.18121	235.999	0	-1.70217e-07	18192
ODIN	0	1.33238	1.92792	1.5979e-06	-0.9861	0.0058179	3.57411e-06	3.11141	-2.17636	-0.000314999	-0.00294468	0.00196312	180	0	0.00238274	256.34	-1.14207e-06	1555.7	200.462	0	-1088.18	180	0	-0.31111	123.001	0	-2.18124	235.999	0	-4.99272e-07	18235
ODIN	0	1.33238	1.92792	1.5979e-06	-0.9861	0.0058179	3.57291e-06	3.11141	-2.17632	-0.000312668	-0.00294463	0.00196309	180	0	0.00238194	256.34	-1.3129e-06	1555.7	200.462	0	-1088.16	180	0	-0.308808	123.001	0	-2.18121	235.999	0	1.51152e-07	18272
ODIN	0	1.33238	1.92792	1.5979e-06	-0.9861	0.0058179	3.57198e-06	3.11141	-2.17636	-0.000310355	-0.00294463	0.00196309	180	0	0.00238132	256.34	-1.3206e-06	1555.7	200.462	0	-1088.18	180	0	-0.306523	123.001	0	-2.18121	235.999	0	-5.05884e-07	18313
ODIN	0	1.33238	1.92792	1.5979e-06	-0.9861	0.0058179	3.57198e-06	3.11141	-2.17636	-0.000310355	-0.00294463	0.00196309	180	0	0.00238132	256.34	-1.3206e-06	1555.7	200.462	0	-1088.18	180	0	-0.306523	123.001	0	-2.18121	235.999	0	-5.05884e-07	18351
ODIN	0	1.33238	1.92792	1.5979e-06	-0.9861	0.0058179	3.57129e-06	3.11141	-2.17636	-0.000308058	-0.00294466	0.00196311	180	0	0.00238086	256.34	-1.22709e-06	1555.7	200.462	0	-1088.18	180	0	-0.304255	123.001	0	-2.18123	235.999	0	-1.53019e-07	18390
ODIN	0	1.33238	1.92792	1.5979e-06	-0.9861	0.0058179	3.5706e-06	3.11141	-2.17636	-0.000305778	-0.00294464	0.0019631	180	0	0.0023804	256.34	-1.28537e-06	1555.7	200.462	0	-1088.18	180	0	-0.302003	123.001	0	-2.18122	235.999	0	3.76648e-08	18432
ODIN	0	1.33238	1.92792	1.5979e-06	-0.9861	0.0058179	3.5706e-06	3.11141	-2.17636	-0.000305778	-0.00294464	0.0019631	180	0	0.0023804	256.34	-1.28537e-06	1555.7	200.462	0	-1088.18	180	0	-0.302003	123.001	0	-2.18122	235.999	0	3.76648e-08	18462
ODIN	0	1.33238	1.92792	1.5979e-06	-0.9861	0.0058179	3.57022e-06	3.11141	-2.17636	-0.000303516	-0.00294466	0.0019631	180	0	0.00238015	256.34	-1.23768e-06	1555.7	200.462	0	-1088.18	180	0	-0.299769	123.001	0	-2.18123	235.999	0	9.39068e-07	18505
ODIN	0	1.33238	1.92792	1.5979e-06	-0.9861	0.0058179	3.5695e-06	3.11141	-2.17636	-0.00030127	-0.00294464	0.00196309	180	0	0.00237967	256.34	-1.3075e-06	1555.7	200.462	0	-1088.18	180	0	-0.297551	123.001	0	-2.18121	235.999	0	-3.07746e-07	18549
ODIN	0	1.33238	1.92792	1.5979e-06	-0.9861	0.0058179	3.56883e-06	3.11141	-2.17636	-0.00029904	-0.00294463	0.00196309	180	0	0.00237922	256.34	-1.32732e-06	1555.7	200.462	0	-1088.18	180	0	-0.295349	123.001	0	-2.18121	235.999	0	-1.17323e-07	18582
ODIN	0	1.33238	1.92792	1.5979e-06	-0.9861	0.0058179	3.56796e-06	3.11141	-2.17635	-0.000296826	-0.0029446	0.00196307	180	0	0.00237864	256.34	-1.46122e-06	1555.7	200.462	0	-1088.18	180	0	-0.293162	123.001	0	-2.18119	235.999	0	-8.62621e-07	18620
ODIN	0	1.33238	1.92792	1.5979e-06	-0.9861	0.0058179	3.56768e-06	3.11141	-2.17632	-0.000294631	-0.00294463	0.00196309	180	0	0.00237846	256.34	-1.31081e-06	1555.7	200.462	0	-1088.16	180	0	-0.290993	123.001	0	-2.18121	235.999	0	-2.51031e-07	18656
ODIN	0	1.33238	1.92792	1.5979e-06	-0.9861	0.0058179	3.56768e-06	3.11141	-2.17632	-0.000294631	-0.00294463	0.00196309	180	0	0.00237846	256.34	-1.31081e-06	1555.7	200.462	0	-1088.16	180	0	-0.290993	123.001	0	-2.18121	235.999	0	-2.51031e-07	18698
ODIN	0	1.33238	1.92792	1.5979e-06	-0.9861	0.0058179	3.56708e-06	3.11141	-2.17632	-0.00029245	-0.00294465	0.0019631	180	0	0.00237805	256.34	-1.28155e-06	1555.7	200.462	0	-1088.16	180	0	-0.28884	123.001	0	-2.18122	235.999	0	5.61633e-07	18739
ODIN	0	1.33238	1.92792	1.5979e-06	-0.9861	0.0058179	3.56631e-06	3.11141	-2.17636	-0.000290287	-0.00294464	0.0019631	180	0	0.00237754	256.34	-1.28113e-06	1555.7	200.462	0	-1088.18	180	0	-0.286703	123.001	0	-2.18122	235.999	0	-2.869e-07	18775
ODIN	0	1.33238	1.92792	1.5979e-06	-0.9861	0.0058179	3.56573e-06	3.11141	-2.17636	-0.000288139	-0.00294469	0.00196313	180	0	0.00237715	256.34	-1.08935e-06	1555.7	200.462	0	-1088.18	180	0	-0.284582	123.001	0	-2.18125	235.999	0	8.75668e-07	18819
ODIN	0	1.33239	1.92791	1.5979e-06	-0.986097	0.00581785	-4.50192e-05	3.10386	-2.16851	-0.000313801	-0.00566559	0.00378102	180	0	-0.0300128	256.34	0.0098034	1551.93	200.461	0	-1084.26	180	0	-0.309927	123.001	0	-4.19893	235.999	0	-0.00219858	18854
ODIN	0	1.33239	1.92791	1.5979e-06	-0.986097	0.00581785	-4.50192e-05	3.10386	-2.16851	-0.000313801	-0.00566559	0.00378102	180	0	-0.0300128	256.34	0.0098034	1551.93	200.461	0	-1084.26	180	0	-0.309927	123.001	0	-4.19893	235.999	0	-0.00219858	18897
ODIN	2.66316e-07	1.33239	1.92791	1.5979e-06	-0.986096	0.00581785	-7.91858e-05	3.10946	-2.17397	-0.000320822	-0.00380185	0.00253625	180	0	-0.0527906	256.34	-0.0024348	1554.73	200.461	0	-1086.99	180	0	-0.316861	123.001	0	-2.81712	235.999	0	-0.000936167	18933
ODIN	2.66316e-07	1.33239	1.92792	1.5979e-06	-0.986098	0.00581785	-4.55943e-05	3.11443	-2.17921	-0.000298169	-0.00197825	0.00131638	180	0	-0.0303962	256.34	-0.00896482	1557.21	200.461	0	-1089.61	180	0	-0.294488	123.001	0	-1.464	235.999	0	0.0013654	18975
ODIN	2.66316e-07	1.33238	1.92792	1.5979e-06	-0.986101	0.00581785	2.9973e-05	3.11608	-2.18109	-0.000263464	-0.00129307	0.00085766	180	0	0.019982	256.34	-0.00806216	1558.04	200.462	0	-1090.54	180	0	-0.260211	123.001	0	-0.955392	235.999	0	0.00243661	19014
ODIN	0	1.33237	1.92793	1.39816e-06	-0.986102	0.00581785	9.23637e-05	3.11498	-2.18005	-0.000239926	-0.00164502	0.00109362	180	0	0.0615758	256.339	-0.00337474	1557.49	200.462	0	-1090.03	180	0	-0.236964	123	0	-1.21683	235.999	0	0.00170187	19056
ODIN	0	1.33237	1.92793	1.39816e-06	-0.986102	0.00581785	9.23637e-05	3.11498	-2.18005	-0.000239926	-0.00164502	0.00109362	180	0	0.0615758	256.339	-0.00337474	1557.49	200.462	0	-1090.03	180	0	-0.236964	123	0	-1.21683	235.999	0	0.00170187	19095
ODIN	0	1.33237	1.92793	1.39816e-06	-0.986103	0.00581776	0.000105056	3.11285	-2.17784	-0.000238833	-0.00238883	0.00159232	180	0	0.0700373	256.339	0.00111198	1556.43	200.462	0	-1088.92	180	0	-0.235885	123	0	-1.76937	236	0	0.00012932	19137
ODIN	0	1.33237	1.92793	1.39816e-06	-0.986102	0.00581776	6.89041e-05	3.1111	-2.17595	-0.000255498	-0.0030485	0.00203471	180	0	0.0459361	256.339	0.00335001	1555.55	200.462	0	-1087.98	180	0	-0.252344	123.001	0	-2.25947	235.999	0	-0.00131881	19176
ODIN	0	1.33238	1.92792	1.39816e-06	-0.986101	0.00581781	1.36889e-05	3.11039	-2.17517	-0.000276089	-0.00332768	0.00222168	180	0	0.00912594	256.34	0.00316248	1555.2	200.462	0	-1087.59	180	0	-0.272681	123.001	0	-2.46674	235.999	0	-0.00179151	19212
ODIN	0	1.33238	1.92792	1.39816e-06	-0.9861	0.00581785	-2.81448e-05	3.1106	-2.17535	-0.000288111	-0.00326631	0.00217991	180	0	-0.0187632	256.34	0.00166833	1555.3	200.462	0	-1087.68	180	0	-0.284554	123.001	0	-2.42081	235.999	0	-0.00131851	19252
ODIN	0	1.33238	1.92792	1.39816e-06	-0.9861	0.00581785	-2.81448e-05	3.1106	-2.17535	-0.000288111	-0.00326631	0.00217991	180	0	-0.0187632	256.34	0.00166833	1555.3	200.462	0	-1087.68	180	0	-0.284554	123.001	0	-2.42081	235.999	0	-0.00131851	19292
ODIN	0	1.33238	1.92792	1.39816e-06	-0.9861	0.00581781	-3.90368e-05	3.11124	-2.176	-0.000286875	-0.00304491	0.00203063	180	0	-0.0260246	256.34	7.81445e-05	1555.62	200.462	0	-1088	180	0	-0.283333	123.001	0	-2.25587	235.999	0	-0.000385801	19330
ODIN	0	1.33238	1.92792	1.39816e-06	-0.9861	0.00581785	-2.24347e-05	3.11181	-2.17662	-0.000275801	-0.00283221	0.00188735	180	0	-0.0149565	256.34	-0.00083075	1555.9	200.462	0	-1088.31	180	0	-0.272396	123.001	0	-2.0975	235.999	0	0.000438843	19375
ODIN	0	1.33238	1.92792	1.39816e-06	-0.9861	0.00581785	5.61881e-06	3.11209	-2.17692	-0.000262243	-0.00272166	0.0018132	180	0	0.00374587	256.34	-0.000941678	1556.05	200.462	0	-1088.46	180	0	-0.259005	123.001	0	-2.01535	235.999	0	0.000689427	19406
ODIN	0	1.33238	1.92792	1.39816e-06	-0.986101	0.00581785	2.79474e-05	3.11207	-2.17687	-0.000252605	-0.00272905	0.00181846	180	0	0.0186316	256.34	-0.000533647	1556.04	200.462	0	-1088.44	180	0	-0.249486	123.001	0	-2.02101	235.999	0	0.000504065	19442
ODIN	0	1.33238	1.92792	1.39816e-06	-0.986101	0.00581785	2.79474e-05	3.11207	-2.17687	-0.000252605	-0.00272905	0.00181846	180	0	0.0186316	256.34	-0.000533647	1556.04	200.462	0	-1088.44	180	0	-0.249486	123.001	0	-2.02101	235.999	0	0.000504065	19480
ODIN	0	1.33238	1.92792	1.39816e-06	-0.986101	0.00581785	3.55293e-05	3.11186	-2.17666	-0.000249376	-0.00280928	0.00187279	180	0	0.0236862	256.34	-1.66711e-05	1555.93	200.462	0	-1088.33	180	0	-0.246297	123.001	0	-2.08091	235.999	0	3.13807e-05	19519
ODIN	0	1.33238	1.92792	1.39816e-06	-0.986101	0.00581785	2.93738e-05	3.11162	-2.17644	-0.000251147	-0.00287517	0.00191735	180	0	0.0195825	256.34	0.000320788	1555.81	200.462	0	-1088.22	180	0	-0.248047	123.001	0	-2.13007	235.999	0	-0.000315355	19553
ODIN	0	1.33238	1.92792	1.39816e-06	-0.986101	0.00581785	1.66513e-05	3.11152	-2.17629	-0.000254584	-0.00292408	0.00195025	180	0	0.0111009	256.34	0.000395935	1555.76	200.462	0	-1088.15	180	0	-0.251441	123.001	0	-2.16646	235.999	0	-0.000479235	19587
ODIN	0	1.33238	1.92792	1.39816e-06	-0.986101	0.00581785	1.66513e-05	3.11152	-2.17629	-0.000254584	-0.00292408	0.00195025	180	0	0.0111009	256.34	0.000395935	1555.76	200.462	0	-1088.15	180	0	-0.251441	123.001	0	-2.16646	235.999	0	-0.000479235	19624
ODIN	0	1.33238	1.92792	1.39816e-06	-0.9861	0.00581785	5.11236e-06	3.11116	-2.17595	-0.000257078	-0.00305112	0.00203509	180	0	0.00340824	256.34	0.000901339	1555.58	200.462	0	-1087.98	180	0	-0.253904	123.001	0	-2.26065	235.999	0	-0.000560617	19670
ODIN	0	1.33238	1.92792	1.39816e-06	-0.9861	0.00581785	-3.99898e-06	3.11144	-2.17606	-0.000258435	-0.00301191	0.00200881	180	0	-0.00266599	256.34	-6.4029e-05	1555.72	200.462	0	-1088.03	180	0	-0.255244	123.001	0	-2.23153	235.999	0	-0.000480296	19704
ODIN	0	1.33238	1.92792	1.39816e-06	-0.9861	0.00581785	2.25761e-06	3.1129	-2.17757	-0.000251854	-0.00249165	0.00166087	180	0	0.00150508	256.34	-0.00222989	1556.45	200.462	0	-1088.79	180	0	-0.248745	123.001	0	-1.84554	235.999	0	0.00012606	19746
ODIN	0	1.33237	1.92793	1.39816e-06	-0.986102	0.0058179	3.12039e-05	3.11745	-2.18207	-0.000233826	-0.000952605	0.000632641	180	0	0.0208026	256.339	-0.00877724	1558.72	200.462	0	-1091.03	180	0	-0.230939	123.001	0	-0.704284	235.999	0	0.00134931	19778
ODIN	0	1.33237	1.92793	1.39816e-06	-0.986102	0.0058179	3.12039e-05	3.11745	-2.18207	-0.000233826	-0.000952605	0.000632641	180	0	0.0208026	256.339	-0.00877724	1558.72	200.462	0	-1091.03	180	0	-0.230939	123.001	0	-0.704284	235.999	0	0.00134931	19810
ODIN	0	1.33237	1.92793	1.19842e-06	-0.986104	0.00581785	7.63262e-05	3.11537	-2.18047	-0.000214156	-0.00145361	0.000966923	180	0	0.0508841	256.339	-0.00198529	1557.69	200.462	0	-1090.23	180	0	-0.211512	123	0	-1.07555	236	0	0.00119273	19846
ODIN	0	1.33237	1.92793	1.19842e-06	-0.986103	0.00581776	7.49693e-05	3.11132	-2.17623	-0.00021865	-0.00291848	0.00194663	180	0	0.0499796	256.339	0.00483737	1555.66	200.462	0	-1088.11	180	0	-0.21595	123	0	-2.16238	236	0	-0.000542595	19884
ODIN	0	1.33238	1.92793	1.19842e-06	-0.986102	0.00581785	2.73645e-05	3.10915	-2.17391	-0.000239366	-0.00373026	0.00249018	180	0	0.018243	256.34	0.00626986	1554.58	200.462	0	-1086.96	180	0	-0.236411	123.001	0	-2.76501	235.999	0	-0.00185414	19918
ODIN	0	1.33238	1.92792	1.19842e-06	-0.9861	0.00581785	-3.02235e-05	3.10899	-2.17367	-0.000259534	-0.00383569	0.00256061	180	0	-0.020149	256.34	0.00418613	1554.49	200.462	0	-1086.83	180	0	-0.25633	123.001	0	-2.84319	235.999	0	-0.00193483	19957
ODIN	0	1.33238	1.92792	1.19842e-06	-0.9861	0.00581785	-3.02235e-05	3.10899	-2.17367	-0.000259534	-0.00383569	0.00256061	180	0	-0.020149	256.34	0.00418613	1554.49	200.462	0	-1086.83	180	0	-0.25633	123.001	0	-2.84319	235.999	0	-0.00193483	19991
ODIN	0	1.33238	1.92792	1.19842e-06	-0.986099	0.00581785	-6.25051e-05	3.10999	-2.1747	-0.000266387	-0.00348424	0.00232453	180	0	-0.04167	256.34	0.00110867	1554.99	200.462	0	-1087.35	180	0	-0.263098	123.001	0	-2.58187	235.999	0	-0.00094971	20030
ODIN	2.66316e-07	1.33238	1.92792	1.39816e-06	-0.986099	0.00581785	-5.68569e-05	3.11119	-2.17598	-0.000257964	-0.00304858	0.00203191	180	0	-0.0379046	256.34	-0.00113071	1555.6	200.462	0	-1087.99	180	0	-0.254779	123.001	0	-2.25795	235.999	0	0.000263088	20066
ODIN	2.66316e-07	1.33238	1.92792	1.39816e-06	-0.986099	0.00581785	-5.68569e-05	3.11119	-2.17598	-0.000257964	-0.00304858	0.00203191	180	0	-0.0379046	256.34	-0.00113071	1555.6	200.462	0	-1087.99	180	0	-0.254779	123.001	0	-2.25795	235.999	0	0.000263088	20094
ODIN	2.66316e-07	1.33238	1.92792	1.19842e-06	-0.9861	0.00581785	9.3026e-06	3.11208	-2.17704	-0.000226281	-0.00268556	0.00178866	180	0	0.00620173	256.34	-0.0013525	1556.04	200.462	0	-1088.52	180	0	-0.223488	123.001	0	-1.98835	235.999	0	0.000954973	20136
ODIN	2.66316e-07	1.33238	1.92792	1.19842e-06	-0.9861	0.00581785	9.3026e-06	3.11208	-2.17704	-0.000226281	-0.00268556	0.00178866	180	0	0.00620173	256.34	-0.0013525	1556.04	200.462	0	-1088.52	180	0	-0.223488	123.001	0	-1.98835	235.999	0	0.000954973	20175
ODIN	0	1.33238	1.92792	1.19842e-06	-0.9861	0.00581776	2.82695e-05	3.11179	-2.17673	-0.000219061	-0.0027886	0.00185827	180	0	0.0188464	256.34	-0.00036427	1555.89	200.462	0	-1088.36	180	0	-0.216356	123.001	0	-2.06519	235.999	0	0.000440532	20210
ODIN	0	1.33238	1.92792	1.19842e-06	-0.9861	0.00581776	2.62456e-05	3.11136	-2.17633	-0.000220114	-0.00293643	0.00195791	180	0	0.0174971	256.34	0.000398695	1555.68	200.462	0	-1088.17	180	0	-0.217396	123.001	0	-2.1753	235.999	0	-0.000163661	20243
ODIN	0	1.33238	1.92792	1.19842e-06	-0.9861	0.00581785	1.0336e-05	3.11109	-2.17604	-0.000225526	-0.00302607	0.00201822	180	0	0.00689069	256.34	0.000672322	1555.54	200.462	0	-1088.02	180	0	-0.222741	123.001	0	-2.242	235.999	0	-0.000467378	20279
ODIN	0	1.33238	1.92792	1.19842e-06	-0.9861	0.00581785	-7.76954e-06	3.111	-2.17598	-0.000230437	-0.00305269	0.00203608	180	0	-0.00517969	256.34	0.00053446	1555.5	200.462	0	-1087.99	180	0	-0.227592	123.001	0	-2.26178	235.999	0	-0.00052859	20312
ODIN	0	1.33238	1.92792	1.19842e-06	-0.9861	0.00581785	-7.76954e-06	3.111	-2.17598	-0.000230437	-0.00305269	0.00203608	180	0	-0.00517969	256.34	0.00053446	1555.5	200.462	0	-1087.99	180	0	-0.227592	123.001	0	-2.26178	235.999	0	-0.00052859	20352
ODIN	0	1.33238	1.92792	1.19842e-06	-0.986099	0.00581785	-2.58847e-05	3.10937	-2.17436	-0.000236294	-0.00361233	0.0024094	180	0	-0.0172564	256.34	0.00277779	1554.69	200.462	0	-1087.18	180	0	-0.233377	123.001	0	-2.67645	235.999	0	-0.000655226	20383
ODIN	2.66316e-07	1.33238	1.92792	1.19842e-06	-0.986099	0.00581785	-3.93644e-05	3.10991	-2.17485	-0.000238681	-0.00346969	0.00231373	180	0	-0.026243	256.34	0.000882605	1554.96	200.462	0	-1087.43	180	0	-0.235734	123.001	0	-2.57048	235.999	0	-0.000334605	20422
ODIN	2.66316e-07	1.33238	1.92792	1.19842e-06	-0.986099	0.00581785	-3.57195e-05	3.11091	-2.17587	-0.000233569	-0.00311559	0.00207666	180	0	-0.023813	256.34	-0.000960848	1555.46	200.462	0	-1087.93	180	0	-0.230686	123.001	0	-2.30762	235.999	0	0.000219597	20461
ODIN	2.66316e-07	1.33238	1.92792	1.19842e-06	-0.986099	0.00581785	-3.57195e-05	3.11091	-2.17587	-0.000233569	-0.00311559	0.00207666	180	0	-0.023813	256.34	-0.000960848	1555.46	200.462	0	-1087.93	180	0	-0.230686	123.001	0	-2.30762	235.999	0	0.000219597	20498
ODIN	2.66316e-07	1.33238	1.92792	1.19842e-06	-0.986099	0.00581781	-1.80437e-05	3.11157	-2.1766	-0.000223832	-0.00285143	0.00189982	180	0	-0.0120291	256.34	-0.00160423	1555.78	200.462	0	-1088.3	180	0	-0.221069	123.001	0	-2.11154	235.999	0	0.000628415	20541
ODIN	2.66316e-07	1.33238	1.92792	1.19842e-06	-0.9861	0.00581785	1.91362e-06	3.11174	-2.17681	-0.000214634	-0.00277879	0.00185131	180	0	0.00127574	256.34	-0.00125339	1555.87	200.462	0	-1088.41	180	0	-0.211984	123.001	0	-2.05769	235.999	0	0.000677956	20572
ODIN	0	1.33238	1.92792	1.19842e-06	-0.9861	0.00581785	1.297e-05	3.11145	-2.17651	-0.000210036	-0.00288551	0.00192302	180	0	0.00864668	256.34	-0.000323358	1555.72	200.462	0	-1088.25	180	0	-0.207443	123.001	0	-2.13705	235.999	0	0.000361176	20612
ODIN	0	1.33238	1.92792	1.19842e-06	-0.9861	0.00581785	1.11879e-05	3.11102	-2.1761	-0.000210539	-0.00302651	0.00201773	180	0	0.00745862	256.34	0.000434917	1555.51	200.462	0	-1088.05	180	0	-0.20794	123.001	0	-2.24189	235.999	0	-3.07303e-05	20653
ODIN	0	1.33238	1.92792	1.19842e-06	-0.9861	0.00581785	1.11879e-05	3.11102	-2.1761	-0.000210539	-0.00302651	0.00201773	180	0	0.00745862	256.34	0.000434917	1555.51	200.462	0	-1088.05	180	0	-0.20794	123.001	0	-2.24189	235.999	0	-3.07303e-05	20690
ODIN	0	1.33238	1.92792	1.19842e-06	-0.9861	0.00581781	-4.76295e-07	3.11059	-2.17565	-0.000214448	-0.0031778	0.00211911	180	0	-0.00031753	256.34	0.000944904	1555.29	200.462	0	-1087.83	180	0	-0.2118	123.001	0	-2.35425	235.999	0	-0.000318658	20733
ODIN	0	1.33238	1.92792	1.19842e-06	-0.9861	0.0058179	-1.41324e-05	3.11047	-2.17555	-0.000218192	-0.00322888	0.00215323	180	0	-0.00942161	256.34	0.000735327	1555.24	200.462	0	-1087.77	180	0	-0.215498	123.001	0	-2.39212	235.999	0	-0.000355293	20767
ODIN	0	1.33238	1.92792	1.19842e-06	-0.986099	0.00581785	-2.14287e-05	3.11078	-2.17582	-0.00021865	-0.00313378	0.00208931	180	0	-0.0142858	256.34	2.54577e-05	1555.39	200.462	0	-1087.91	180	0	-0.215951	123.001	0	-2.32139	235.999	0	-6.45221e-05	20807
ODIN	2.66316e-07	1.33238	1.92792	1.19842e-06	-0.9861	0.0058179	-1.86152e-05	3.1112	-2.17625	-0.000214998	-0.00297411	0.00198241	180	0	-0.0124101	256.34	-0.000648267	1555.6	200.462	0	-1088.12	180	0	-0.212344	123.001	0	-2.20286	235.999	0	0.000181944	20845
ODIN	2.66316e-07	1.33238	1.92792	1.19842e-06	-0.9861	0.00581785	-8.36952e-06	3.11153	-2.17663	-0.000208938	-0.00285418	0.00190202	180	0	-0.00557968	256.34	-0.000921279	1555.77	200.462	0	-1088.31	180	0	-0.206359	123.001	0	-2.11378	235.999	0	0.000426935	20885
ODIN	2.66316e-07	1.33238	1.92792	1.19842e-06	-0.9861	0.00581785	-8.36952e-06	3.11153	-2.17663	-0.000208938	-0.00285418	0.00190202	180	0	-0.00557968	256.34	-0.000921279	1555.77	200.462	0	-1088.31	180	0	-0.206359	123.001	0	-2.11378	235.999	0	0.000426935	20917
ODIN	0	1.33238	1.92792	1.19842e-06	-0.9861	0.00581785	3.04423e-06	3.11169	-2.17675	-0.000203162	-0.00281247	0.00187427	180	0	0.00202948	256.34	-0.000781098	1555.84	200.462	0	-1088.38	180	0	-0.200654	123.001	0	-2.08292	235.999	0	0.000393969	20947
ODIN	0	1.33238	1.92792	9.98685e-07	-0.9861	0.00581785	9.94079e-06	3.11162	-2.17671	-0.000199696	-0.00281739	0.00187777	180	0	0.00662719	256.34	-0.000410207	1555.81	200.462	0	-1088.35	180	0	-0.19723	123.001	0	-2.08668	235.999	0	0.000273946	20990
ODIN	0	1.33238	1.92792	9.98685e-07	-0.9861	0.00581776	6.50703e-06	3.10991	-2.17503	-0.000201678	-0.00338058	0.00225426	180	0	0.00433802	256.34	0.0025503	1554.95	200.462	0	-1087.51	180	0	-0.199188	123.001	0	-2.50443	235.999	0	-0.000303602	21027
ODIN	0	1.33238	1.92792	9.98685e-07	-0.986099	0.00581785	-1.43056e-05	3.10899	-2.17393	-0.000210444	-0.00377198	0.00251609	180	0	-0.00953704	256.34	0.00299735	1554.49	200.462	0	-1086.96	180	0	-0.207846	123.001	0	-2.79486	235.999	0	-0.000799213	21068
ODIN	0	1.33238	1.92792	9.98685e-07	-0.986099	0.00581781	-1.51129e-05	3.109	-2.17396	-0.000210706	-0.0037805	0.00252175	180	0	-0.0100752	256.34	0.00287825	1554.5	200.462	0	-1086.98	180	0	-0.208104	123.001	0	-2.80116	235.999	0	-0.000789601	21095
ODIN	0	1.33238	1.92792	1.19842e-06	-0.986098	0.00581785	-3.34946e-05	3.10985	-2.17476	-0.000215621	-0.00351483	0.00234425	180	0	-0.0223297	256.34	0.000507457	1554.93	200.462	0	-1087.38	180	0	-0.212959	123.001	0	-2.60415	235.999	0	-0.000571866	21117
ODIN	2.66316e-07	1.33238	1.92792	1.19842e-06	-0.986099	0.00581785	-3.22118e-05	3.11117	-2.17611	-0.000211577	-0.00304303	0.00202843	180	0	-0.0214746	256.34	-0.00169638	1555.58	200.462	0	-1088.05	180	0	-0.208965	123.001	0	-2.25395	235.999	0	0.000144154	21147
ODIN	2.66316e-07	1.33238	1.92792	1.19842e-06	-0.986099	0.00581785	-1.14588e-05	3.11223	-2.17719	-0.000200492	-0.00264922	0.00176486	180	0	-0.00763921	256.34	-0.00267487	1556.11	200.462	0	-1088.59	180	0	-0.198016	123.001	0	-1.96167	235.999	0	0.000716418	21186
ODIN	2.66316e-07	1.33238	1.92792	1.19842e-06	-0.986099	0.00581785	-1.14588e-05	3.11223	-2.17719	-0.000200492	-0.00264922	0.00176486	180	0	-0.00763921	256.34	-0.00267487	1556.11	200.462	0	-1088.59	180	0	-0.198016	123.001	0	-1.96167	235.999	0	0.000716418	21222
ODIN	0	1.33238	1.92792	9.98685e-07	-0.9861	0.00581785	1.59547e-05	3.11271	-2.17772	-0.000188371	-0.00247381	0.00164772	180	0	0.0106365	256.34	-0.00242198	1556.35	200.462	0	-1088.86	180	0	-0.186045	123.001	0	-1.83163	235.999	0	0.000825827	21260
ODIN	0	1.33238	1.92792	9.98685e-07	-0.986101	0.00581785	3.55936e-05	3.11272	-2.17772	-0.000180581	-0.00246014	0.00163905	180	0	0.0237291	256.34	-0.00152334	1556.36	200.462	0	-1088.86	180	0	-0.178352	123.001	0	-1.82175	235.999	0	0.000579166	21300
ODIN	0	1.33238	1.92793	9.98685e-07	-0.986101	0.00581776	4.52251e-05	3.1138	-2.1788	-0.000175777	-0.00207923	0.00138534	180	0	0.0301501	256.34	-0.00267218	1556.9	200.462	0	-1089.4	180	0	-0.173607	123.001	0	-1.53972	235.999	0	0.00045472	21338
ODIN	0	1.33237	1.92793	9.98685e-07	-0.986102	0.00581776	4.53992e-05	3.11279	-2.17785	-0.000175691	-0.00239534	0.00159693	180	0	0.0302661	256.339	-0.000120905	1556.39	200.462	0	-1088.93	180	0	-0.173522	123.001	0	-1.77434	235.999	0	-1.65549e-05	21378
ODIN	0	1.33237	1.92793	9.98685e-07	-0.986102	0.00581776	4.53992e-05	3.11279	-2.17785	-0.000175691	-0.00239534	0.00159693	180	0	0.0302661	256.339	-0.000120905	1556.39	200.462	0	-1088.93	180	0	-0.173522	123.001	0	-1.77434	235.999	0	-1.65549e-05	21412
ODIN	0	1.33238	1.92793	9.98685e-07	-0.986102	0.0058179	2.94678e-05	3.11163	-2.17662	-0.000181992	-0.00281186	0.00187559	180	0	0.0196452	256.34	0.00166968	1555.81	200.462	0	-1088.31	180	0	-0.179745	123.001	0	-2.08342	235.999	0	-0.000563844	21453
ODIN	0	1.33238	1.92793	9.98685e-07	-0.986101	0.00581785	6.02926e-06	3.11103	-2.17598	-0.000190068	-0.00304282	0.00202989	180	0	0.00401951	256.34	0.00195466	1555.51	200.462	0	-1087.99	180	0	-0.187721	123.001	0	-2.25469	235.999	0	-0.000748341	21493
ODIN	0	1.33238	1.92792	9.98685e-07	-0.986101	0.00581785	-1.25731e-05	3.11098	-2.17591	-0.000194919	-0.00307217	0.00204912	180	0	-0.0083821	256.34	0.00130052	1555.49	200.462	0	-1087.95	180	0	-0.192513	123.001	0	-2.27624	235.999	0	-0.0005601	21528
ODIN	0	1.33238	1.92792	9.98685e-07	-0.9861	0.00581785	-1.84234e-05	3.11124	-2.17616	-0.000194221	-0.00299024	0.00199379	180	0	-0.0122823	256.34	0.000443734	1555.62	200.462	0	-1088.08	180	0	-0.191824	123.001	0	-2.21515	235.999	0	-0.000164054	21569
ODIN	0	1.33238	1.92792	9.98685e-07	-0.9861	0.00581785	-1.84234e-05	3.11124	-2.17616	-0.000194221	-0.00299024	0.00199379	180	0	-0.0122823	256.34	0.000443734	1555.62	200.462	0	-1088.08	180	0	-0.191824	123.001	0	-2.21515	235.999	0	-0.000164054	21607
ODIN	0	1.33238	1.92792	9.98685e-07	-0.9861	0.00581785	-1.21404e-05	3.11151	-2.17645	-0.000189162	-0.00289357	0.00192865	180	0	-0.00809362	256.34	-0.000133238	1555.75	200.462	0	-1088.22	180	0	-0.186826	123.001	0	-2.14317	235.999	0	0.0002214	21644
ODIN	0	1.33238	1.92792	9.98685e-07	-0.9861	0.00581785	-3.28555e-07	3.11165	-2.1766	-0.000182814	-0.0028452	0.00189615	180	0	-0.000219036	256.34	-0.000276399	1555.82	200.462	0	-1088.3	180	0	-0.180557	123.001	0	-2.10719	235.999	0	0.000359521	21681
ODIN	0	1.33238	1.92792	9.98685e-07	-0.9861	0.00581781	9.35525e-06	3.11162	-2.17658	-0.000178091	-0.00284154	0.00189392	180	0	0.00623683	256.34	-0.000106201	1555.81	200.462	0	-1088.29	180	0	-0.175892	123.001	0	-2.1046	235.999	0	0.00024258	21722
ODIN	0	1.33238	1.92792	9.98685e-07	-0.9861	0.00581785	1.25548e-05	3.11146	-2.17641	-0.000176243	-0.00290569	0.00193709	180	0	0.00836989	256.34	0.0001512	1555.73	200.462	0	-1088.21	180	0	-0.174067	123.001	0	-2.15234	235.999	0	2.29863e-05	21757
ODIN	0	1.33238	1.92792	9.98685e-07	-0.9861	0.00581785	1.25548e-05	3.11146	-2.17641	-0.000176243	-0.00290569	0.00193709	180	0	0.00836989	256.34	0.0001512	1555.73	200.462	0	-1088.21	180	0	-0.174067	123.001	0	-2.15234	235.999	0	2.29863e-05	21797
ODIN	0	1.33238	1.92792	9.98685e-07	-0.9861	0.00581785	9.30698e-06	3.11133	-2.17628	-0.000176763	-0.00295684	0.0019714	180	0	0.00620465	256.34	0.000332761	1555.66	200.462	0	-1088.14	180	0	-0.174581	123.001	0	-2.19035	235.999	0	-9.97919e-05	21834
ODIN	0	1.33238	1.92792	9.98685e-07	-0.9861	0.00581785	2.85744e-06	3.11121	-2.17616	-0.000178139	-0.00299824	0.00199916	180	0	0.00190496	256.34	0.000372568	1555.61	200.462	0	-1088.08	180	0	-0.17594	123.001	0	-2.22111	235.999	0	-0.000185001	21874
ODIN	0	1.33238	1.92792	9.98685e-07	-0.9861	0.00581785	-4.14327e-06	3.11073	-2.17572	-0.000179702	-0.00315145	0.00210144	180	0	-0.00276218	256.34	0.000977074	1555.37	200.462	0	-1087.86	180	0	-0.177483	123.001	0	-2.33467	235.999	0	-0.00026349	21919
ODIN	0	1.33238	1.92792	9.98685e-07	-0.9861	0.00581785	-1.04649e-05	3.11081	-2.17573	-0.000180628	-0.00313924	0.00209324	180	0	-0.00697658	256.34	0.000467969	1555.4	200.462	0	-1087.86	180	0	-0.178399	123.001	0	-2.32559	235.999	0	-0.000230012	21957
ODIN	0	1.33238	1.92792	9.98685e-07	-0.9861	0.00581785	-1.04649e-05	3.11081	-2.17573	-0.000180628	-0.00313924	0.00209324	180	0	-0.00697658	256.34	0.000467969	1555.4	200.462	0	-1087.86	180	0	-0.178399	123.001	0	-2.32559	235.999	0	-0.000230012	21997
ODIN	0	1.33238	1.92792	9.98685e-07	-0.9861	0.00581785	-1.03627e-05	3.11125	-2.17619	-0.000178502	-0.00297897	0.00198585	180	0	-0.00690844	256.34	-0.000382276	1555.63	200.462	0	-1088.1	180	0	-0.176298	123.001	0	-2.20657	235.999	0	6.87993e-05	22035
ODIN	0	1.33238	1.92792	9.98685e-07	-0.9861	0.00581785	-3.6896e-06	3.11161	-2.17657	-0.000174002	-0.00285326	0.00190171	180	0	-0.00245973	256.34	-0.000760017	1555.81	200.462	0	-1088.29	180	0	-0.171854	123.001	0	-2.11327	235.999	0	0.000256393	22077
ODIN	0	1.33238	1.92792	9.98685e-07	-0.9861	0.00581785	5.04697e-06	3.11171	-2.17668	-0.000169278	-0.00280514	0.00186958	180	0	0.00336465	256.34	-0.000646229	1555.86	200.462	0	-1088.34	180	0	-0.167189	123.001	0	-2.0776	235.999	0	0.000280946	22108
ODIN	0	1.33238	1.92792	9.98685e-07	-0.9861	0.00581785	5.04697e-06	3.11171	-2.17668	-0.000169278	-0.00280514	0.00186958	180	0	0.00336465	256.34	-0.000646229	1555.86	200.462	0	-1088.34	180	0	-0.167189	123.001	0	-2.0776	235.999	0	0.000280946	22138
ODIN	0	1.33238	1.92792	9.98685e-07	-0.9861	0.00581785	1.0817e-05	3.11165	-2.17662	-0.00016623	-0.00283825	0.00189195	180	0	0.00721131	256.34	-0.000288031	1555.83	200.462	0	-1088.31	180	0	-0.164177	123.001	0	-2.10229	235.999	0	0.000121173	22179
ODIN	0	1.33238	1.92792	9.98685e-07	-0.9861	0.00581785	1.11866e-05	3.11151	-2.17646	-0.000165428	-0.0028874	0.00192498	180	0	0.00745775	256.34	5.3969e-05	1555.75	200.462	0	-1088.23	180	0	-0.163386	123.001	0	-2.13884	235.999	0	-2.46948e-05	22221
ODIN	0	1.33238	1.92792	9.98685e-07	-0.9861	0.00581785	7.2139e-06	3.11135	-2.17633	-0.000166119	-0.002939	0.00195964	180	0	0.00480927	256.34	0.000231292	1555.67	200.462	0	-1088.16	180	0	-0.164068	123.001	0	-2.17721	235.999	0	-0.000171002	22262
ODIN	0	1.33238	1.92792	9.98685e-07	-0.9861	0.00581785	1.86058e-06	3.11132	-2.17626	-0.000166973	-0.00295713	0.00197182	180	0	0.00124039	256.34	0.000232157	1555.66	200.462	0	-1088.13	180	0	-0.164912	123.001	0	-2.19069	235.999	0	-0.000220689	22305
ODIN	0	1.33238	1.92792	9.98685e-07	-0.9861	0.00581785	1.86058e-06	3.11132	-2.17626	-0.000166973	-0.00295713	0.00197182	180	0	0.00124039	256.34	0.000232157	1555.66	200.462	0	-1088.13	180	0	-0.164912	123.001	0	-2.19069	235.999	0	-0.000220689	22333
ODIN	0	1.33238	1.92792	7.98948e-07	-0.9861	0.00581785	-1.85704e-06	3.11131	-2.17625	-0.000166938	-0.00295473	0.00197004	180	0	-0.00123803	256.34	0.000127509	1555.65	200.462	0	-1088.13	180	0	-0.164877	123.001	0	-2.18881	235.999	0	-0.000125347	22375
ODIN	0	1.33238	1.92792	7.98948e-07	-0.9861	0.00581785	-2.67693e-06	3.11137	-2.17632	-0.000165704	-0.00293244	0.00195504	180	0	-0.00178462	256.34	8.66569e-06	1555.68	200.462	0	-1088.16	180	0	-0.163658	123.001	0	-2.17222	235.999	0	-4.15543e-05	22411
ODIN	0	1.33238	1.92792	7.98948e-07	-0.9861	0.00581785	-1.05232e-06	3.11141	-2.17636	-0.000163635	-0.00291788	0.0019451	180	0	-0.000701549	256.34	-6.59761e-05	1555.7	200.462	0	-1088.18	180	0	-0.161614	123.001	0	-2.16131	235.999	0	8.61038e-05	22451
ODIN	0	1.33238	1.92792	7.98948e-07	-0.9861	0.00581785	1.50889e-06	3.11145	-2.1764	-0.000161392	-0.00291415	0.00194264	180	0	0.00100593	256.34	-8.07091e-05	1555.72	200.462	0	-1088.2	180	0	-0.1594	123.001	0	-2.15856	235.999	0	6.99639e-05	22491
ODIN	0	1.33238	1.92792	7.98948e-07	-0.9861	0.00581785	2.84078e-06	3.11144	-2.17639	-0.000160216	-0.00291621	0.00194406	180	0	0.00189385	256.34	-6.81347e-05	1555.72	200.462	0	-1088.2	180	0	-0.158238	123.001	0	-2.16011	235.999	0	4.64094e-05	22532
ODIN	0	1.33238	1.92792	7.98948e-07	-0.9861	0.00581785	3.52414e-06	3.11143	-2.17639	-0.000159519	-0.00290297	0.00193526	180	0	0.00234943	256.34	-5.3057e-05	1555.72	200.462	0	-1088.19	180	0	-0.15755	123.001	0	-2.15032	235.999	0	2.76645e-05	22563
ODIN	0	1.33238	1.92792	7.98948e-07	-0.9861	0.00581785	4.23275e-06	3.11141	-2.1764	-0.000158214	-0.00291044	0.00194032	180	0	0.00282183	256.34	-1.38552e-05	1555.71	200.462	0	-1088.2	180	0	-0.156261	123.001	0	-2.1559	235.999	0	-1.41984e-05	22597
ODIN	0	1.33238	1.92792	7.98948e-07	-0.9861	0.00581785	4.23275e-06	3.11141	-2.1764	-0.000158214	-0.00291044	0.00194032	180	0	0.00282183	256.34	-1.38552e-05	1555.71	200.462	0	-1088.2	180	0	-0.156261	123.001	0	-2.1559	235.999	0	-1.41984e-05	22625
ODIN	0	1.33238	1.92792	7.98948e-07	-0.9861	0.00581785	2.6525e-06	3.11139	-2.17634	-0.000156637	-0.00291835	0.00194563	180	0	0.00176833	256.34	2.58471e-05	1555.7	200.462	0	-1088.17	180	0	-0.154703	123.001	0	-2.16177	235.999	0	-3.40892e-05	22668
ODIN	0	1.33238	1.92792	7.98948e-07	-0.9861	0.00581785	2.6525e-06	3.11139	-2.17634	-0.000156637	-0.00291835	0.00194563	180	0	0.00176833	256.34	2.58471e-05	1555.7	200.462	0	-1088.17	180	0	-0.154703	123.001	0	-2.16177	235.999	0	-3.40892e-05	22709
ODIN	0	1.33238	1.92792	7.98948e-07	-0.9861	0.00581785	1.68818e-06	3.1114	-2.17634	-0.000155818	-0.0029332	0.0019555	180	0	0.00112546	256.34	2.00333e-05	1555.7	200.462	0	-1088.17	180	0	-0.153895	123.001	0	-2.17276	235.999	0	-1.73356e-05	22747
LOKI	-2.66316e-07	1.3324	1.92792	-2.71642e-05	-0.986079	0.00581781	6.54766e-05	3.10666	-2.17593	0.00540656	-0.00855064	0.00569611	180	0	0.043651	256.341	-0.000277522	1553.33	200.462	0	-1087.96	179.998	0	5.33982	123.002	0	-6.33141	235.998	0	0.00239864	18
LOKI	-2.66316e-07	1.3324	1.92792	-2.69645e-05	-0.986079	0.00581781	6.5485e-05	3.10672	-2.17596	0.00536652	-0.00847284	0.0056444	180	0	0.0436567	256.341	-0.000274113	1553.36	200.462	0	-1087.98	179.998	0	5.30027	123.002	0	-6.27387	235.998	0	0.00231009	62
LOKI	-2.66316e-07	1.3324	1.92792	-2.69645e-05	-0.986079	0.00581781	6.5485e-05	3.10672	-2.17596	0.00536652	-0.00847284	0.0056444	180	0	0.0436567	256.341	-0.000274113	1553.36	200.462	0	-1087.98	179.998	0	5.30027	123.002	0	-6.27387	235.998	0	0.00231009	100
LOKI	-2.66316e-07	1.3324	1.92792	-2.67648e-05	-0.986079	0.00581785	6.54964e-05	3.10678	-2.17596	0.00532677	-0.0083952	0.00559264	180	0	0.0436643	256.341	-0.000270212	1553.39	200.462	0	-1087.98	179.998	0	5.26101	123.002	0	-6.21635	235.998	0	0.0023101	139
LOKI	-2.66316e-07	1.3324	1.92792	-2.6565e-05	-0.986079	0.00581785	6.55016e-05	3.10685	-2.17596	0.00528733	-0.00831745	0.00554097	180	0	0.0436678	256.341	-0.000266573	1553.42	200.462	0	-1087.98	179.998	0	5.22205	123.002	0	-6.15885	235.998	0	0.0022218	175
LOKI	-2.66316e-07	1.3324	1.92792	-2.63653e-05	-0.98608	0.00581785	6.55134e-05	3.10691	-2.17599	0.00524816	-0.00823954	0.00548903	180	0	0.0436756	256.341	-0.000263387	1553.45	200.462	0	-1088	179.998	0	5.18337	123.002	0	-6.10114	235.998	0	0.00222159	214
LOKI	-2.66316e-07	1.3324	1.92792	-2.61656e-05	-0.98608	0.00581776	6.55222e-05	3.10697	-2.17599	0.00520928	-0.00816182	0.00543737	180	0	0.0436815	256.341	-0.00025998	1553.49	200.462	0	-1087.99	179.998	0	5.14497	123.002	0	-6.04366	235.998	0	0.00213157	255
LOKI	-2.66316e-07	1.3324	1.92792	-2.61656e-05	-0.98608	0.00581776	6.55222e-05	3.10697	-2.17599	0.00520928	-0.00816182	0.00543737	180	0	0.0436815	256.341	-0.00025998	1553.49	200.462	0	-1087.99	179.998	0	5.14497	123.002	0	-6.04366	235.998	0	0.00213157	296
LOKI	-2.66316e-07	1.3324	1.92792	-2.59658e-05	-0.98608	0.00581785	6.55315e-05	3.107	-2.17599	0.00517071	-0.00810009	0.00539622	180	0	0.0436877	256.341	-0.000256343	1553.5	200.462	0	-1087.99	179.998	0	5.10687	123.002	0	-5.99793	235.998	0	0.00213324	335
LOKI	-2.66316e-07	1.3324	1.92792	-2.57661e-05	-0.986081	0.00581776	6.55396e-05	3.10706	-2.17599	0.0051324	-0.0080223	0.00534436	180	0	0.043693	256.341	-0.000252682	1553.53	200.462	0	-1087.99	179.998	0	5.06904	123.002	0	-5.94031	235.998	0	0.00213321	378
LOKI	-2.66316e-07	1.3324	1.92792	-2.55663e-05	-0.986081	0.00581785	6.55483e-05	3.10713	-2.17602	0.00509438	-0.00796022	0.00530313	180	0	0.0436989	256.341	-0.00024934	1553.56	200.462	0	-1088.01	179.998	0	5.03149	123.002	0	-5.89442	235.998	0	0.00204445	416
LOKI	-2.66316e-07	1.3324	1.92792	-2.53666e-05	-0.986081	0.00581776	6.55558e-05	3.10719	-2.17602	0.00505666	-0.00788234	0.00525122	180	0	0.0437039	256.341	-0.000245849	1553.59	200.462	0	-1088.01	179.998	0	4.99423	123.002	0	-5.83673	235.998	0	0.00204445	449
LOKI	-2.66316e-07	1.3324	1.92792	-2.53666e-05	-0.986081	0.00581776	6.55558e-05	3.10719	-2.17602	0.00505666	-0.00788234	0.00525122	180	0	0.0437039	256.341	-0.000245849	1553.59	200.462	0	-1088.01	179.998	0	4.99423	123.002	0	-5.83673	235.998	0	0.00204445	486
LOKI	-2.66316e-07	1.3324	1.92792	-2.53666e-05	-0.986081	0.00581785	6.55633e-05	3.10725	-2.17602	0.0050192	-0.00782041	0.00521008	180	0	0.0437089	256.341	-0.000242639	1553.63	200.462	0	-1088.01	179.998	0	4.95723	123.002	0	-5.79094	235.998	0	0.00195619	527
LOKI	-2.66316e-07	1.3324	1.92792	-2.51669e-05	-0.986082	0.00581785	6.55748e-05	3.10731	-2.17602	0.00498201	-0.00775846	0.00516879	180	0	0.0437165	256.341	-0.000239838	1553.66	200.462	0	-1088.01	179.998	0	4.92051	123.002	0	-5.74505	235.998	0	0.00195567	563
LOKI	-2.66316e-07	1.3324	1.92792	-2.49671e-05	-0.986082	0.00581785	6.55844e-05	3.10734	-2.17605	0.00494511	-0.00768032	0.00511686	180	0	0.0437229	256.341	-0.000236459	1553.67	200.462	0	-1088.03	179.998	0	4.88406	123.002	0	-5.68726	235.998	0	0.00186418	590
LOKI	-2.66316e-07	1.3324	1.92792	-2.49671e-05	-0.986082	0.00581785	6.55844e-05	3.10734	-2.17605	0.00494511	-0.00768032	0.00511686	180	0	0.0437229	256.341	-0.000236459	1553.67	200.462	0	-1088.03	179.998	0	4.88406	123.002	0	-5.68726	235.998	0	0.00186418	629
LOKI	-2.66316e-07	1.33239	1.92792	-2.47674e-05	-0.986082	0.00581785	6.55926e-05	3.10741	-2.17605	0.00490848	-0.00761822	0.00507545	180	0	0.0437284	256.341	-0.000233246	1553.7	200.462	0	-1088.03	179.998	0	4.84788	123.002	0	-5.64126	235.998	0	0.00186723	666
LOKI	-2.66316e-07	1.33239	1.92792	-2.45677e-05	-0.986082	0.00581785	6.55977e-05	3.10747	-2.17605	0.00487214	-0.00755644	0.00503426	180	0	0.0437318	256.341	-0.000230033	1553.73	200.462	0	-1088.03	179.998	0	4.81199	123.002	0	-5.59549	235.998	0	0.00186747	707
LOKI	-2.66316e-07	1.33239	1.92792	-2.43679e-05	-0.986083	0.00581781	6.56037e-05	3.1075	-2.17605	0.00483605	-0.00749422	0.00499294	180	0	0.0437358	256.341	-0.00022717	1553.75	200.462	0	-1088.03	179.998	0	4.77634	123.002	0	-5.54949	235.998	0	0.00177887	746
LOKI	-2.66316e-07	1.33239	1.92792	-2.41682e-05	-0.986083	0.00581781	6.56152e-05	3.10756	-2.17608	0.00480022	-0.00743219	0.00495159	180	0	0.0437435	256.341	-0.000224023	1553.78	200.462	0	-1088.04	179.998	0	4.74096	123.002	0	-5.50355	235.998	0	0.00177901	783
LOKI	-2.66316e-07	1.33239	1.92792	-2.39684e-05	-0.986083	0.00581776	6.56234e-05	3.10759	-2.17608	0.0047726	-0.00738565	0.00492057	180	0	0.0437489	256.341	-0.000221735	1553.8	200.462	0	-1088.04	179.998	0	4.71368	123.002	0	-5.46907	235.998	0	0.00177825	818
LOKI	-2.66316e-07	1.33239	1.92792	-2.39684e-05	-0.986083	0.00581781	6.56282e-05	3.10763	-2.17608	0.00476464	-0.00737001	0.00491014	180	0	0.0437522	256.341	-0.000221108	1553.81	200.462	0	-1088.04	179.998	0	4.70582	123.002	0	-5.45749	235.998	0	0.00177807	858
LOKI	-2.66316e-07	1.33239	1.92792	-2.37687e-05	-0.986083	0.00581776	6.56353e-05	3.10766	-2.17608	0.00472937	-0.00730781	0.00486883	180	0	0.0437568	256.341	-0.00021809	1553.83	200.462	0	-1088.04	179.998	0	4.67098	123.002	0	-5.4115	235.998	0	0.00169008	898
LOKI	-2.66316e-07	1.33239	1.92792	-2.3569e-05	-0.986084	0.00581776	6.56368e-05	3.10772	-2.17608	0.00469434	-0.00724569	0.00482742	180	0	0.0437579	256.341	-0.000214915	1553.86	200.462	0	-1088.04	179.998	0	4.63639	123.002	0	-5.36549	235.998	0	0.0016902	937
LOKI	-2.66316e-07	1.33239	1.92792	-2.33692e-05	-0.986084	0.00581776	6.56525e-05	3.10775	-2.17611	0.00465954	-0.00718348	0.00478595	180	0	0.0437683	256.341	-0.000212753	1553.88	200.462	0	-1088.06	179.998	0	4.60202	123.002	0	-5.31941	235.998	0	0.00168893	977
LOKI	-2.66316e-07	1.33239	1.92792	-2.33692e-05	-0.986084	0.00581776	6.56525e-05	3.10775	-2.17611	0.00465954	-0.00718348	0.00478595	180	0	0.0437683	256.341	-0.000212753	1553.88	200.462	0	-1088.06	179.998	0	4.60202	123.002	0	-5.31941	235.998	0	0.00168893	1011
LOKI	-2.66316e-07	1.33239	1.92792	-2.33692e-05	-0.986084	0.00581785	6.56537e-05	3.10781	-2.17611	0.00462506	-0.00713719	0.00475524	180	0	0.0437691	256.341	-0.000209241	1553.91	200.462	0	-1088.06	179.998	0	4.56796	123.002	0	-5.28521	235.998	0	0.00160159	1052
LOKI	-2.66316e-07	1.33239	1.92792	-2.31695e-05	-0.986084	0.00581785	6.5662e-05	3.10784	-2.17611	0.0045908	-0.00707505	0.00471382	180	0	0.0437747	256.341	-0.000206976	1553.92	200.462	0	-1088.06	179.998	0	4.53412	123.002	0	-5.23918	235.998	0	0.00160155	1087
LOKI	-2.66316e-07	1.33239	1.92792	-2.29698e-05	-0.986084	0.00581781	6.56702e-05	3.10791	-2.17611	0.0045568	-0.00701272	0.00467226	180	0	0.0437802	256.341	-0.000203738	1553.95	200.462	0	-1088.06	179.998	0	4.50054	123.002	0	-5.193	235.998	0	0.00160161	1123
LOKI	-2.66316e-07	1.33239	1.92792	-2.277e-05	-0.986085	0.00581776	6.56788e-05	3.10794	-2.17611	0.00452304	-0.00696637	0.00464152	180	0	0.0437859	256.34	-0.000201484	1553.97	200.462	0	-1088.06	179.998	0	4.4672	123.002	0	-5.15876	235.998	0	0.00151233	1163
LOKI	-2.66316e-07	1.33239	1.92792	-2.277e-05	-0.986085	0.00581776	6.56788e-05	3.10794	-2.17611	0.00452304	-0.00696637	0.00464152	180	0	0.0437859	256.34	-0.000201484	1553.97	200.462	0	-1088.06	179.998	0	4.4672	123.002	0	-5.15876	235.998	0	0.00151233	1200
LOKI	-2.66316e-07	1.33239	1.92792	-2.25703e-05	-0.986085	0.00581776	6.56874e-05	3.108	-2.17614	0.00448953	-0.006904	0.00459994	180	0	0.0437916	256.34	-0.000198596	1554	200.462	0	-1088.07	179.998	0	4.4341	123.001	0	-5.11256	235.999	0	0.00151286	1238
LOKI	-2.66316e-07	1.33239	1.92792	-2.23706e-05	-0.986085	0.00581785	6.56945e-05	3.10803	-2.17614	0.00445628	-0.00685774	0.0045691	180	0	0.0437964	256.34	-0.000196128	1554.02	200.462	0	-1088.07	179.998	0	4.40126	123.001	0	-5.07829	235.999	0	0.00151248	1276
LOKI	-2.66316e-07	1.33239	1.92792	-2.21708e-05	-0.986085	0.00581785	6.5703e-05	3.10809	-2.17614	0.00442326	-0.00679523	0.00452759	180	0	0.043802	256.34	-0.000193284	1554.05	200.462	0	-1088.07	179.998	0	4.36866	123.001	0	-5.03208	235.999	0	0.00142332	1318
LOKI	-2.66316e-07	1.33239	1.92792	-2.21708e-05	-0.986085	0.00581776	6.57084e-05	3.10813	-2.17614	0.00439051	-0.00674892	0.00449672	180	0	0.0438056	256.34	-0.000190714	1554.06	200.462	0	-1088.07	179.998	0	4.3363	123.001	0	-4.99778	235.999	0	0.00142438	1357
LOKI	-2.66316e-07	1.33239	1.92792	-2.21708e-05	-0.986085	0.00581776	6.57084e-05	3.10813	-2.17614	0.00439051	-0.00674892	0.00449672	180	0	0.0438056	256.34	-0.000190714	1554.06	200.462	0	-1088.07	179.998	0	4.3363	123.001	0	-4.99778	235.999	0	0.00142438	1392
LOKI	-2.66316e-07	1.33239	1.92792	-2.19711e-05	-0.986086	0.00581776	6.57154e-05	3.10819	-2.17614	0.00435797	-0.00668648	0.00445509	180	0	0.0438103	256.34	-0.000188669	1554.09	200.462	0	-1088.07	179.998	0	4.30416	123.001	0	-4.95152	235.999	0	0.00142407	1437
LOKI	-2.66316e-07	1.33239	1.92792	-2.17713e-05	-0.986086	0.00581776	6.57224e-05	3.10822	-2.17614	0.0043257	-0.00664017	0.00442421	180	0	0.0438149	256.34	-0.000185549	1554.11	200.462	0	-1088.07	179.998	0	4.2723	123.001	0	-4.91722	235.999	0	0.0014243	1471
LOKI	-2.66316e-07	1.33239	1.92792	-2.15716e-05	-0.986086	0.00581781	6.57304e-05	3.10825	-2.17617	0.00429366	-0.00659359	0.00439332	180	0	0.0438203	256.34	-0.000183381	1554.13	200.462	0	-1088.09	179.998	0	4.24065	123.001	0	-4.88281	235.999	0	0.00133557	1509
LOKI	-2.66316e-07	1.33239	1.92792	-2.13719e-05	-0.986086	0.00581776	6.57382e-05	3.10831	-2.17617	0.00426185	-0.00654707	0.00436231	180	0	0.0438255	256.34	-0.000180716	1554.16	200.462	0	-1088.09	179.998	0	4.20923	123.001	0	-4.84835	235.999	0	0.00133573	1536
LOKI	-2.66316e-07	1.33239	1.92792	-2.13719e-05	-0.986086	0.00581776	6.57382e-05	3.10831	-2.17617	0.00426185	-0.00654707	0.00436231	180	0	0.0438255	256.34	-0.000180716	1554.16	200.462	0	-1088.09	179.998	0	4.20923	123.001	0	-4.84835	235.999	0	0.00133573	1578
LOKI	-2.66316e-07	1.33239	1.92792	-2.13719e-05	-0.986087	0.00581776	6.57498e-05	3.10834	-2.17617	0.00423027	-0.00648452	0.00432061	180	0	0.0438332	256.34	-0.000178099	1554.17	200.462	0	-1088.09	179.998	0	4.17805	123.001	0	-4.80201	235.999	0	0.00133555	1610
LOKI	-2.66316e-07	1.33239	1.92792	-2.11721e-05	-0.986087	0.00581785	6.57527e-05	3.10838	-2.17617	0.00419895	-0.00643811	0.00428983	180	0	0.0438351	256.34	-0.00017603	1554.19	200.462	0	-1088.09	179.998	0	4.14711	123.001	0	-4.76773	235.999	0	0.00124262	1648
LOKI	-2.66316e-07	1.33239	1.92792	-2.09724e-05	-0.986087	0.00581781	6.57578e-05	3.10844	-2.17617	0.00416783	-0.00639162	0.00425884	180	0	0.0438386	256.34	-0.000174081	1554.22	200.462	0	-1088.09	179.998	0	4.11638	123.001	0	-4.73329	235.999	0	0.00124683	1686
LOKI	-2.66316e-07	1.33239	1.92792	-2.07727e-05	-0.986087	0.00581776	6.57655e-05	3.10847	-2.17617	0.00413696	-0.00634494	0.00422771	180	0	0.0438437	256.34	-0.000171142	1554.23	200.462	0	-1088.09	179.998	0	4.08589	123.001	0	-4.69871	235.999	0	0.00124703	1730
LOKI	-2.66316e-07	1.33239	1.92792	-2.07727e-05	-0.986087	0.00581776	6.57655e-05	3.10847	-2.17617	0.00413696	-0.00634494	0.00422771	180	0	0.0438437	256.34	-0.000171142	1554.23	200.462	0	-1088.09	179.998	0	4.08589	123.001	0	-4.69871	235.999	0	0.00124703	1767
LOKI	-2.66316e-07	1.33239	1.92792	-2.05729e-05	-0.986087	0.00581785	6.57747e-05	3.1085	-2.1762	0.00410631	-0.00629851	0.00419676	180	0	0.0438498	256.34	-0.00016904	1554.25	200.462	0	-1088.1	179.998	0	4.05561	123.001	0	-4.66432	235.999	0	0.00124685	1801
LOKI	-2.66316e-07	1.33239	1.92792	-2.05729e-05	-0.986087	0.00581781	6.57826e-05	3.10853	-2.1762	0.00407589	-0.00625181	0.00416563	180	0	0.043855	256.34	-0.000166853	1554.27	200.462	0	-1088.1	179.998	0	4.02557	123.001	0	-4.62973	235.999	0	0.0012464	1837
LOKI	-2.66316e-07	1.33239	1.92792	-2.03732e-05	-0.986088	0.00581776	6.57884e-05	3.10856	-2.1762	0.0040457	-0.00620525	0.00413475	180	0	0.0438589	256.34	-0.000164962	1554.28	200.462	0	-1088.1	179.998	0	3.99576	123.001	0	-4.59532	235.999	0	0.00115808	1881
LOKI	-2.66316e-07	1.33239	1.92792	-2.03732e-05	-0.986088	0.00581776	6.57884e-05	3.10856	-2.1762	0.0040457	-0.00620525	0.00413475	180	0	0.0438589	256.34	-0.000164962	1554.28	200.462	0	-1088.1	179.998	0	3.99576	123.001	0	-4.59532	235.999	0	0.00115808	1920
LOKI	-2.66316e-07	1.33239	1.92792	-2.01734e-05	-0.986088	0.00581785	6.57953e-05	3.10863	-2.1762	0.00401574	-0.00615852	0.00410359	180	0	0.0438635	256.34	-0.000162173	1554.31	200.462	0	-1088.1	179.998	0	3.96616	123.001	0	-4.56071	235.999	0	0.00115813	1955
LOKI	-2.66316e-07	1.33239	1.92792	-1.99737e-05	-0.986088	0.00581781	6.58035e-05	3.10866	-2.1762	0.00398598	-0.00611181	0.00407246	180	0	0.043869	256.34	-0.000159939	1554.33	200.462	0	-1088.1	179.998	0	3.93677	123.001	0	-4.52611	235.999	0	0.00115782	1994
LOKI	-2.66316e-07	1.33239	1.92792	-1.99737e-05	-0.986088	0.00581776	6.58078e-05	3.10869	-2.1762	0.00395646	-0.00608124	0.00405208	180	0	0.0438719	256.34	-0.000157914	1554.34	200.462	0	-1088.1	179.998	0	3.90762	123.001	0	-4.50347	235.999	0	0.001158	2033
LOKI	-2.66316e-07	1.33239	1.92792	-1.9774e-05	-0.986088	0.00581785	6.58163e-05	3.10872	-2.1762	0.00392714	-0.00603449	0.00402107	180	0	0.0438775	256.34	-0.000155942	1554.36	200.462	0	-1088.1	179.998	0	3.87866	123.001	0	-4.46893	235.999	0	0.00106896	2073
LOKI	-2.66316e-07	1.33239	1.92792	-1.9774e-05	-0.986088	0.00581785	6.58163e-05	3.10872	-2.1762	0.00392714	-0.00603449	0.00402107	180	0	0.0438775	256.34	-0.000155942	1554.36	200.462	0	-1088.1	179.998	0	3.87866	123.001	0	-4.46893	235.999	0	0.00106896	2104
LOKI	-2.66316e-07	1.33239	1.92792	-1.95742e-05	-0.986088	0.00581776	6.58234e-05	3.10875	-2.17623	0.00389805	-0.00598782	0.00398995	180	0	0.0438823	256.34	-0.000154327	1554.38	200.462	0	-1088.12	179.999	0	3.84993	123.001	0	-4.43435	235.999	0	0.00106913	2139
LOKI	-2.66316e-07	1.33239	1.92792	-1.93745e-05	-0.986089	0.00581776	6.58308e-05	3.10878	-2.17623	0.00386917	-0.00594099	0.00395873	180	0	0.0438872	256.34	-0.000152208	1554.39	200.462	0	-1088.12	179.999	0	3.8214	123.001	0	-4.39966	235.999	0	0.00106899	2181
LOKI	-2.66316e-07	1.33239	1.92792	-1.93745e-05	-0.986089	0.00581781	6.5837e-05	3.10884	-2.17623	0.00384051	-0.0059104	0.00393834	180	0	0.0438913	256.34	-0.000150333	1554.42	200.462	0	-1088.12	179.999	0	3.7931	123.001	0	-4.377	235.999	0	0.00106906	2216
LOKI	-2.66316e-07	1.33239	1.92792	-1.91748e-05	-0.986089	0.00581785	6.58421e-05	3.10888	-2.17623	0.00381207	-0.0058637	0.00390721	180	0	0.0438947	256.34	-0.0001481	1554.44	200.462	0	-1088.12	179.999	0	3.765	123.001	0	-4.34241	235.999	0	0.0010692	2257
LOKI	-2.66316e-07	1.33239	1.92792	-1.91748e-05	-0.986089	0.00581785	6.58421e-05	3.10888	-2.17623	0.00381207	-0.0058637	0.00390721	180	0	0.0438947	256.34	-0.0001481	1554.44	200.462	0	-1088.12	179.999	0	3.765	123.001	0	-4.34241	235.999	0	0.0010692	2300
LOKI	-2.66316e-07	1.33239	1.92792	-1.8975e-05	-0.986089	0.00581785	6.58463e-05	3.10891	-2.17623	0.00378382	-0.0058167	0.00387603	180	0	0.0438976	256.34	-0.000145898	1554.45	200.462	0	-1088.12	179.999	0	3.73711	123.001	0	-4.30769	235.999	0	0.000981229	2341
LOKI	-2.66316e-07	1.33239	1.92792	-1.8975e-05	-0.986089	0.00581776	6.58565e-05	3.10894	-2.17623	0.00375578	-0.00578599	0.00385556	180	0	0.0439043	256.34	-0.000143734	1554.47	200.462	0	-1088.12	179.999	0	3.70941	123.001	0	-4.28494	235.999	0	0.000980423	2377
LOKI	-2.66316e-07	1.33239	1.92792	-1.87753e-05	-0.986089	0.00581785	6.58639e-05	3.10897	-2.17623	0.00372794	-0.00573912	0.00382431	180	0	0.0439093	256.34	-0.000141387	1554.48	200.462	0	-1088.12	179.999	0	3.68192	123.001	0	-4.25022	235.999	0	0.000980428	2423
LOKI	-2.66316e-07	1.33239	1.92792	-1.87753e-05	-0.986089	0.00581785	6.58639e-05	3.10897	-2.17623	0.00372794	-0.00573912	0.00382431	180	0	0.0439093	256.34	-0.000141387	1554.48	200.462	0	-1088.12	179.999	0	3.68192	123.001	0	-4.25022	235.999	0	0.000980428	2453
LOKI	-2.66316e-07	1.33239	1.92792	-1.85755e-05	-0.986089	0.00581776	6.58657e-05	3.109	-2.17623	0.00370035	-0.00570843	0.00380386	180	0	0.0439104	256.34	-0.000139895	1554.5	200.462	0	-1088.12	179.999	0	3.65466	123.001	0	-4.22749	235.999	0	0.000980825	2498
LOKI	-2.66316e-07	1.33239	1.92792	-1.83758e-05	-0.98609	0.00581776	6.5875e-05	3.10903	-2.17623	0.00367293	-0.00566148	0.00377255	180	0	0.0439167	256.34	-0.000138045	1554.52	200.462	0	-1088.12	179.999	0	3.62758	123.001	0	-4.19271	235.999	0	0.000980527	2537
LOKI	-2.66316e-07	1.33239	1.92792	-1.83758e-05	-0.98609	0.00581781	6.5887e-05	3.10906	-2.17627	0.00364569	-0.00563044	0.00375202	180	0	0.0439247	256.34	-0.000136265	1554.53	200.462	0	-1088.13	179.999	0	3.60068	123.001	0	-4.1698	235.999	0	0.000890377	2577
LOKI	-2.66316e-07	1.33239	1.92792	-1.81761e-05	-0.98609	0.00581785	6.58866e-05	3.10909	-2.17627	0.00361871	-0.00559972	0.00373154	180	0	0.0439244	256.34	-0.000134349	1554.55	200.462	0	-1088.13	179.999	0	3.57404	123.001	0	-4.14705	235.999	0	0.000892127	2615
LOKI	-2.66316e-07	1.33239	1.92792	-1.79763e-05	-0.98609	0.00581781	6.58933e-05	3.10913	-2.17627	0.0035919	-0.00555281	0.00370027	180	0	0.0439288	256.34	-0.000132582	1554.56	200.462	0	-1088.13	179.999	0	3.54755	123.001	0	-4.1123	235.999	0	0.000891814	2654
LOKI	-2.66316e-07	1.33239	1.92792	-1.79763e-05	-0.98609	0.00581781	6.58933e-05	3.10913	-2.17627	0.0035919	-0.00555281	0.00370027	180	0	0.0439288	256.34	-0.000132582	1554.56	200.462	0	-1088.13	179.999	0	3.54755	123.001	0	-4.1123	235.999	0	0.000891814	2692
LOKI	-2.66316e-07	1.33239	1.92792	-1.79763e-05	-0.98609	0.00581776	6.58995e-05	3.10916	-2.17627	0.00356529	-0.00552207	0.00367978	180	0	0.043933	256.34	-0.000130857	1554.58	200.462	0	-1088.13	179.999	0	3.52127	123.001	0	-4.08953	235.999	0	0.000891704	2722
LOKI	-2.66316e-07	1.33239	1.92792	-1.77766e-05	-0.98609	0.00581781	6.59059e-05	3.10919	-2.17627	0.00353888	-0.00549108	0.00365911	180	0	0.0439373	256.34	-0.000129032	1554.59	200.462	0	-1088.13	179.999	0	3.49519	123.001	0	-4.06657	235.999	0	0.000891782	2756
LOKI	-2.66316e-07	1.33239	1.92792	-1.75769e-05	-0.986091	0.00581776	6.59096e-05	3.10922	-2.17627	0.00351266	-0.00544407	0.00362778	180	0	0.0439398	256.34	-0.000127654	1554.61	200.462	0	-1088.13	179.999	0	3.46929	123.001	0	-4.03175	235.999	0	0.000891621	2800
LOKI	-2.66316e-07	1.33239	1.92792	-1.75769e-05	-0.986091	0.00581776	6.59113e-05	3.10922	-2.17627	0.00350972	-0.00544427	0.00362791	180	0	0.0439409	256.34	-0.000127364	1554.61	200.462	0	-1088.13	179.999	0	3.46639	123.001	0	-4.0319	235.999	0	0.000891377	2839
LOKI	-2.66316e-07	1.33239	1.92792	-1.75769e-05	-0.986091	0.00581781	6.59176e-05	3.10925	-2.17627	0.00348663	-0.00541319	0.00360735	180	0	0.0439451	256.34	-0.000126323	1554.63	200.462	0	-1088.13	179.999	0	3.44359	123.001	0	-4.00897	235.999	0	0.000802441	2878
LOKI	-2.66316e-07	1.33239	1.92792	-1.73771e-05	-0.986091	0.00581776	6.59208e-05	3.10928	-2.17627	0.00346081	-0.00538229	0.00358674	180	0	0.0439472	256.34	-0.000124796	1554.64	200.462	0	-1088.13	179.999	0	3.41808	123.001	0	-3.98608	235.999	0	0.000803449	2916
LOKI	-2.66316e-07	1.33239	1.92792	-1.71774e-05	-0.986091	0.00581781	6.59287e-05	3.10928	-2.17627	0.00343514	-0.00535122	0.00356603	180	0	0.0439525	256.34	-0.000122971	1554.64	200.462	0	-1088.13	179.999	0	3.39273	123.001	0	-3.96306	235.999	0	0.000803458	2957
LOKI	-2.66316e-07	1.33239	1.92792	-1.71774e-05	-0.986091	0.00581785	6.59356e-05	3.10931	-2.17627	0.0034097	-0.00532026	0.00354539	180	0	0.0439571	256.34	-0.000121179	1554.66	200.462	0	-1088.13	179.999	0	3.36761	123.001	0	-3.94013	235.999	0	0.000802977	2988
LOKI	-2.66316e-07	1.33239	1.92792	-1.71774e-05	-0.986091	0.00581785	6.59356e-05	3.10931	-2.17627	0.0034097	-0.00532026	0.00354539	180	0	0.0439571	256.34	-0.000121179	1554.66	200.462	0	-1088.13	179.999	0	3.36761	123.001	0	-3.94013	235.999	0	0.000802977	3023
LOKI	-2.66316e-07	1.33239	1.92792	-1.69777e-05	-0.986091	0.00581781	6.59403e-05	3.10934	-2.1763	0.00338444	-0.00527319	0.00351402	180	0	0.0439602	256.34	-0.000119528	1554.67	200.462	0	-1088.15	179.999	0	3.34266	123.001	0	-3.90526	235.999	0	0.000803028	3059
LOKI	-2.66316e-07	1.33239	1.92792	-1.69777e-05	-0.986091	0.00581776	6.59458e-05	3.10938	-2.1763	0.00335937	-0.00524229	0.00349342	180	0	0.0439639	256.34	-0.000117698	1554.69	200.462	0	-1088.15	179.999	0	3.3179	123.001	0	-3.88238	235.999	0	0.000803045	3103
LOKI	-2.66316e-07	1.33239	1.92792	-1.67779e-05	-0.986091	0.00581781	6.59534e-05	3.10941	-2.1763	0.00333448	-0.00521114	0.00347265	180	0	0.0439689	256.34	-0.000115897	1554.7	200.462	0	-1088.15	179.999	0	3.29331	123.001	0	-3.8593	235.999	0	0.000802916	3145
LOKI	-2.66316e-07	1.33239	1.92792	-1.67779e-05	-0.986091	0.00581781	6.59534e-05	3.10941	-2.1763	0.00333448	-0.00521114	0.00347265	180	0	0.0439689	256.34	-0.000115897	1554.7	200.462	0	-1088.15	179.999	0	3.29331	123.001	0	-3.8593	235.999	0	0.000802916	3168
LOKI	-2.66316e-07	1.33239	1.92792	-1.65782e-05	-0.986091	0.00581785	6.59574e-05	3.10944	-2.1763	0.00330978	-0.00518016	0.00345216	180	0	0.0439716	256.34	-0.000114467	1554.72	200.462	0	-1088.15	179.999	0	3.26891	123.001	0	-3.83644	235.999	0	0.0007144	3210
LOKI	-2.66316e-07	1.33239	1.92792	-1.65782e-05	-0.986092	0.00581781	6.59646e-05	3.10947	-2.1763	0.00328525	-0.00514906	0.00343142	180	0	0.0439764	256.34	-0.000113212	1554.73	200.462	0	-1088.15	179.999	0	3.24469	123.001	0	-3.81341	235.999	0	0.000714188	3241
LOKI	-2.66316e-07	1.33239	1.92792	-1.63784e-05	-0.986092	0.00581785	6.59691e-05	3.10947	-2.1763	0.0032609	-0.00511793	0.00341066	180	0	0.0439794	256.34	-0.000112	1554.73	200.462	0	-1088.15	179.999	0	3.22065	123.001	0	-3.79034	235.999	0	0.000713974	3284
LOKI	-2.66316e-07	1.33239	1.92792	-1.61787e-05	-0.986092	0.00581776	6.59756e-05	3.1095	-2.1763	0.00323674	-0.00508687	0.00338996	180	0	0.0439837	256.34	-0.000110216	1554.75	200.462	0	-1088.15	179.999	0	3.19678	123.001	0	-3.76734	235.999	0	0.000713946	3323
LOKI	-2.66316e-07	1.33239	1.92792	-1.61787e-05	-0.986092	0.00581776	6.59784e-05	3.1095	-2.1763	0.00322885	-0.00508732	0.00339026	180	0	0.0439856	256.34	-0.000110193	1554.75	200.462	0	-1088.15	179.999	0	3.18898	123.001	0	-3.76767	235.999	0	0.000714004	3363
LOKI	-2.66316e-07	1.33239	1.92792	-1.61787e-05	-0.986092	0.00581785	6.59783e-05	3.10953	-2.1763	0.00321277	-0.00505581	0.00336926	180	0	0.0439855	256.34	-0.000108501	1554.77	200.462	0	-1088.15	179.999	0	3.1731	123.001	0	-3.74433	235.999	0	0.000714362	3402
LOKI	-2.66316e-07	1.33239	1.92792	-1.5979e-05	-0.986092	0.00581785	6.59862e-05	3.10956	-2.1763	0.00318896	-0.00504074	0.00335921	180	0	0.0439908	256.34	-0.000106864	1554.78	200.462	0	-1088.15	179.999	0	3.14959	123.001	0	-3.73317	235.999	0	0.000714068	3442
LOKI	-2.66316e-07	1.33239	1.92792	-1.5979e-05	-0.986092	0.00581781	6.59929e-05	3.10959	-2.1763	0.00316532	-0.00500971	0.00333852	180	0	0.0439953	256.34	-0.000106115	1554.8	200.462	0	-1088.15	179.999	0	3.12625	123.001	0	-3.71018	235.999	0	0.000713765	3480
LOKI	-2.66316e-07	1.33239	1.92792	-1.57792e-05	-0.986092	0.00581785	6.59962e-05	3.10959	-2.1763	0.00314188	-0.00497853	0.0033179	180	0	0.0439975	256.34	-0.00010473	1554.8	200.462	0	-1088.15	179.999	0	3.10309	123.001	0	-3.68717	235.999	0	0.000622875	3522
LOKI	-2.66316e-07	1.33239	1.92792	-1.55795e-05	-0.986092	0.00581776	6.60006e-05	3.10962	-2.1763	0.0031186	-0.00494735	0.00329711	180	0	0.0440004	256.34	-0.000102964	1554.81	200.462	0	-1088.15	179.999	0	3.0801	123.001	0	-3.66408	235.999	0	0.000625847	3566
LOKI	-2.66316e-07	1.33239	1.92792	-1.55795e-05	-0.986092	0.00581776	6.60006e-05	3.10962	-2.1763	0.0031186	-0.00494735	0.00329711	180	0	0.0440004	256.34	-0.000102964	1554.81	200.462	0	-1088.15	179.999	0	3.0801	123.001	0	-3.66408	235.999	0	0.000625847	3591
LOKI	-2.66316e-07	1.33239	1.92792	-1.55795e-05	-0.986093	0.00581785	6.60074e-05	3.10966	-2.1763	0.0030955	-0.00491625	0.00327637	180	0	0.0440049	256.34	-0.000101326	1554.83	200.462	0	-1088.15	179.999	0	3.05728	123.001	0	-3.64104	235.999	0	0.000625571	3633
LOKI	-2.66316e-07	1.33239	1.92792	-1.53798e-05	-0.986093	0.00581785	6.60134e-05	3.10969	-2.1763	0.00307257	-0.00490095	0.00326617	180	0	0.0440089	256.34	-0.000100088	1554.84	200.462	0	-1088.15	179.999	0	3.03463	123.001	0	-3.62971	235.999	0	0.00062556	3670
LOKI	-1.33158e-06	1.33239	1.92792	-1.61787e-05	-0.986093	0.00581781	0.00123491	3.10979	-2.1764	0.00358746	-0.00485363	0.00320222	180	0	0.82327	256.34	-0.000226099	1554.89	200.462	0	-1088.2	179.999	0	3.54317	123.001	0	-3.57665	235.999	0	0.0186307	3705
LOKI	-2.13053e-06	1.33239	1.92792	-1.63784e-05	-0.986093	0.00581776	0.000658536	3.1097	-2.17631	0.00317111	-0.00479969	0.00325155	180	0	0.439024	256.34	5.30781e-06	1554.85	200.462	0	-1088.16	179.999	0	3.13196	123.001	0	-3.58408	235.999	0	-0.0287526	3742
LOKI	-2.13053e-06	1.33239	1.92792	-1.63784e-05	-0.986093	0.00581776	0.000658536	3.1097	-2.17631	0.00317111	-0.00479969	0.00325155	180	0	0.439024	256.34	5.30781e-06	1554.85	200.462	0	-1088.16	179.999	0	3.13196	123.001	0	-3.58408	235.999	0	-0.0287526	3772
LOKI	-1.33158e-06	1.33239	1.92792	-1.57792e-05	-0.986093	0.00581794	-0.000299027	3.10966	-2.17623	0.00278403	-0.00479941	0.00325271	180	0	-0.199351	256.34	7.82152e-05	1554.83	200.462	0	-1088.12	179.999	0	2.74965	123.001	0	-3.58462	235.999	0	-0.0295016	3811
LOKI	0	1.33239	1.92792	-1.47805e-05	-0.986093	0.00581785	-0.000773752	3.10968	-2.17625	0.00264279	-0.00478772	0.00321649	180	0	-0.515834	256.34	-2.55792e-05	1554.84	200.462	0	-1088.13	179.999	0	2.61016	123.001	0	-3.56017	235.999	0	-0.0137124	3845
LOKI	1.06526e-06	1.33239	1.92792	-1.41813e-05	-0.986093	0.00581785	-0.000706464	3.10978	-2.17632	0.00270144	-0.00476775	0.00317643	180	0	-0.470976	256.34	-0.000154926	1554.89	200.462	0	-1088.16	179.999	0	2.66809	123.001	0	-3.53052	235.999	0	0.00114678	3879
LOKI	1.06526e-06	1.33239	1.92792	-1.41813e-05	-0.986093	0.00581785	-0.000706464	3.10978	-2.17632	0.00270144	-0.00476775	0.00317643	180	0	-0.470976	256.34	-0.000154926	1554.89	200.462	0	-1088.16	179.999	0	2.66809	123.001	0	-3.53052	235.999	0	0.00114678	3920
LOKI	1.33158e-06	1.33239	1.92792	-1.39816e-05	-0.986093	0.0058179	-0.000348837	3.10987	-2.17636	0.00283788	-0.00473393	0.00314241	180	0	-0.232558	256.34	-0.000207472	1554.94	200.462	0	-1088.18	179.999	0	2.80285	123.001	0	-3.49909	235.999	0	0.00752449	3958
LOKI	1.06526e-06	1.33239	1.92792	-1.41813e-05	-0.986093	0.00581785	4.78251e-06	3.10988	-2.17637	0.00294501	-0.004707	0.00312655	180	0	0.00318834	256.34	-0.000168305	1554.94	200.462	0	-1088.19	179.999	0	2.90865	123.001	0	-3.4803	235.999	0	0.00636056	3997
LOKI	5.32632e-07	1.33239	1.92792	-1.43811e-05	-0.986093	0.00581776	0.000192793	3.10988	-2.17636	0.00297532	-0.00468289	0.00311992	180	0	0.128529	256.34	-9.01861e-05	1554.94	200.462	0	-1088.18	179.999	0	2.93859	123.001	0	-3.46769	235.999	0	0.00111812	4038
LOKI	5.32632e-07	1.33239	1.92792	-1.43811e-05	-0.986093	0.00581776	0.000192793	3.10988	-2.17636	0.00297532	-0.00468289	0.00311992	180	0	0.128529	256.34	-9.01861e-05	1554.94	200.462	0	-1088.18	179.999	0	2.93859	123.001	0	-3.46769	235.999	0	0.00111812	4073
LOKI	0	1.33239	1.92792	-1.43811e-05	-0.986094	0.00581785	0.000195144	3.10984	-2.1763	0.00293657	-0.00465617	0.00311123	180	0	0.130096	256.34	-3.19884e-05	1554.92	200.462	0	-1088.15	179.999	0	2.90031	123.001	0	-3.45297	235.999	0	-0.00395468	4110
LOKI	0	1.33239	1.92792	-1.43811e-05	-0.986094	0.00581785	9.07667e-05	3.10984	-2.17629	0.00286629	-0.00463955	0.00310524	180	0	0.0605111	256.34	-2.2069e-05	1554.92	200.462	0	-1088.15	179.999	0	2.8309	123.001	0	-3.44348	235.999	0	-0.00678021	4147
LOKI	0	1.33239	1.92792	-1.41813e-05	-0.986094	0.00581785	-2.67553e-05	3.10989	-2.17631	0.00280141	-0.00461892	0.00309148	180	0	-0.0178369	256.34	-5.00007e-05	1554.94	200.462	0	-1088.15	179.999	0	2.76682	123.001	0	-3.4282	235.999	0	-0.00677531	4182
LOKI	0	1.33239	1.92792	-1.39816e-05	-0.986094	0.00581785	-9.98418e-05	3.10991	-2.17633	0.00275806	-0.00458158	0.00306421	180	0	-0.0665612	256.34	-9.04526e-05	1554.95	200.462	0	-1088.16	179.999	0	2.72401	123.001	0	-3.39922	235.999	0	-0.00545707	4223
LOKI	2.66316e-07	1.33239	1.92792	-1.39816e-05	-0.986094	0.00581785	2.83809e-05	3.10996	-2.17635	0.00278998	-0.00455466	0.00304995	180	0	0.0189206	256.34	-0.000132634	1554.98	200.462	0	-1088.18	179.999	0	2.75554	123.001	0	-3.38133	235.999	0	-0.00750628	4264
LOKI	2.66316e-07	1.33239	1.92792	-1.39816e-05	-0.986094	0.00581785	2.83809e-05	3.10996	-2.17635	0.00278998	-0.00455466	0.00304995	180	0	0.0189206	256.34	-0.000132634	1554.98	200.462	0	-1088.18	179.999	0	2.75554	123.001	0	-3.38133	235.999	0	-0.00750628	4302
LOKI	2.66316e-07	1.33239	1.92792	-1.37819e-05	-0.986094	0.0058179	-0.000196848	3.10996	-2.17632	0.00262681	-0.00451396	0.00304858	180	0	-0.131232	256.34	-7.41074e-05	1554.98	200.462	0	-1088.16	179.999	0	2.59438	123.001	0	-3.36549	235.999	0	-0.0218173	4333
LOKI	5.32632e-07	1.33239	1.92792	-1.33824e-05	-0.986094	0.00581785	-0.00041178	3.10996	-2.17632	0.00253796	-0.00450876	0.00303621	180	0	-0.27452	256.34	-6.07256e-05	1554.98	200.462	0	-1088.16	179.999	0	2.50662	123.001	0	-3.35669	235.999	0	-0.0168728	4369
LOKI	1.06526e-06	1.33238	1.92792	-1.29829e-05	-0.986094	0.00581785	-0.000364981	3.11	-2.17633	0.00256188	-0.00449954	0.00301489	180	0	-0.243321	256.34	-8.86013e-05	1555	200.462	0	-1088.17	179.999	0	2.53025	123.001	0	-3.34144	235.999	0	-0.00844456	4409
LOKI	1.06526e-06	1.33238	1.92792	-1.29829e-05	-0.986094	0.0058179	-0.00020303	3.11001	-2.17634	0.00261934	-0.00446318	0.00298339	180	0	-0.135353	256.34	-0.000107842	1555.01	200.462	0	-1088.17	179.999	0	2.58701	123.001	0	-3.31046	235.999	0	-0.00440802	4443
LOKI	1.06526e-06	1.33238	1.92792	-1.29829e-05	-0.986094	0.0058179	-0.00014653	3.11005	-2.17634	0.0026369	-0.00446996	0.00298714	180	0	-0.0976867	256.34	-0.00011106	1555.02	200.462	0	-1088.17	179.999	0	2.60435	123.001	0	-3.31506	235.999	0	-0.0039772	4486
LOKI	7.98948e-07	1.33238	1.92792	-1.29829e-05	-0.986094	0.00581794	8.02102e-05	3.11004	-2.17634	0.00269952	-0.00443941	0.00296647	180	0	0.0534734	256.34	-0.00010449	1555.02	200.462	0	-1088.17	179.999	0	2.6662	123.001	0	-3.29227	235.999	0	-0.00381509	4520
LOKI	2.66316e-07	1.33238	1.92792	-1.31826e-05	-0.986094	0.00581785	0.000211846	3.11006	-2.17636	0.00271726	-0.00442531	0.00296141	180	0	0.141231	256.34	-7.93007e-05	1555.03	200.462	0	-1088.18	179.999	0	2.68371	123.001	0	-3.28423	235.999	0	-0.00622634	4559
LOKI	0	1.33238	1.92792	-1.31826e-05	-0.986094	0.00581785	0.000229164	3.11008	-2.17635	0.00269162	-0.00441008	0.00295633	180	0	0.152776	256.34	-5.76766e-05	1555.04	200.462	0	-1088.17	179.999	0	2.65839	123.001	0	-3.27577	235.999	0	-0.00904267	4596
LOKI	0	1.33238	1.92792	-1.31826e-05	-0.986094	0.00581785	0.000229164	3.11008	-2.17635	0.00269162	-0.00441008	0.00295633	180	0	0.152776	256.34	-5.76766e-05	1555.04	200.462	0	-1088.17	179.999	0	2.65839	123.001	0	-3.27577	235.999	0	-0.00904267	4635
LOKI	-2.66316e-07	1.33238	1.92792	-1.31826e-05	-0.986094	0.0058179	0.00016563	3.11008	-2.17631	0.00264108	-0.00439435	0.00294785	180	0	0.11042	256.34	-5.16504e-05	1555.04	200.462	0	-1088.16	179.999	0	2.60847	123.001	0	-3.26523	235.999	0	-0.01016	4672
LOKI	-2.66316e-07	1.33238	1.92792	-1.31826e-05	-0.986095	0.00581785	0.000106686	3.11009	-2.17632	0.002601	-0.00436151	0.00292455	180	0	0.071124	256.34	-6.65457e-05	1555.04	200.462	0	-1088.16	179.999	0	2.56889	123.001	0	-3.24013	235.999	0	-0.00937667	4714
LOKI	-2.66316e-07	1.33238	1.92792	-1.29829e-05	-0.986095	0.00581785	6.59149e-06	3.11013	-2.17633	0.00255017	-0.00434906	0.00290994	180	0	0.00439433	256.34	-7.48048e-05	1555.06	200.462	0	-1088.16	179.999	0	2.51868	123.001	0	-3.2274	235.999	0	-0.00586659	4752
LOKI	-2.66316e-07	1.33238	1.92792	-1.29829e-05	-0.986095	0.00581785	0.000189496	3.11018	-2.17638	0.00264371	-0.00433941	0.00288372	180	0	0.126331	256.34	-0.000122327	1555.09	200.462	0	-1088.19	179.999	0	2.61107	123.001	0	-3.20926	235.999	0	0.00511974	4790
LOKI	-2.66316e-07	1.33238	1.92792	-1.29829e-05	-0.986095	0.00581785	0.000189496	3.11018	-2.17638	0.00264371	-0.00433941	0.00288372	180	0	0.126331	256.34	-0.000122327	1555.09	200.462	0	-1088.19	179.999	0	2.61107	123.001	0	-3.20926	235.999	0	0.00511974	4830
LOKI	-5.32632e-07	1.33238	1.92792	-1.29829e-05	-0.986095	0.00581785	0.000349716	3.11021	-2.17638	0.00267483	-0.00430472	0.00286666	180	0	0.233144	256.34	-0.000111509	1555.1	200.462	0	-1088.19	179.999	0	2.64181	123.001	0	-3.18693	235.999	0	0.00175127	4864
LOKI	-7.98948e-07	1.33238	1.92792	-1.29829e-05	-0.986095	0.00581785	0.000336993	3.11019	-2.17636	0.00263322	-0.00428936	0.00286647	180	0	0.224662	256.34	-6.84457e-05	1555.09	200.462	0	-1088.18	179.999	0	2.60071	123.001	0	-3.18114	235.999	0	-0.00383316	4904
LOKI	-7.98948e-07	1.33238	1.92792	-1.29829e-05	-0.986095	0.00581785	0.000181638	3.1102	-2.17634	0.00254186	-0.00427459	0.00286444	180	0	0.121092	256.34	-3.39868e-05	1555.1	200.462	0	-1088.17	179.999	0	2.51048	123.001	0	-3.17454	235.999	0	-0.00817626	4938
LOKI	-5.32632e-07	1.33238	1.92792	-1.27832e-05	-0.986095	0.00581781	-2.2691e-06	3.1102	-2.17634	0.00245207	-0.0042584	0.00285572	180	0	-0.00151273	256.34	-2.99438e-05	1555.1	200.462	0	-1088.17	179.999	0	2.4218	123.001	0	-3.1637	235.999	0	-0.00932697	4974
LOKI	-5.32632e-07	1.33238	1.92792	-1.27832e-05	-0.986095	0.00581781	-2.2691e-06	3.1102	-2.17634	0.00245207	-0.0042584	0.00285572	180	0	-0.00151273	256.34	-2.99438e-05	1555.1	200.462	0	-1088.17	179.999	0	2.4218	123.001	0	-3.1637	235.999	0	-0.00932697	5016
LOKI	-2.66316e-07	1.33238	1.92792	-1.23837e-05	-0.986095	0.00581781	-0.000145114	3.11021	-2.17635	0.00238284	-0.00424062	0.00284258	180	0	-0.0967425	256.34	-4.81249e-05	1555.1	200.462	0	-1088.17	179.999	0	2.35342	123.001	0	-3.14981	235.999	0	-0.00861342	5055
LOKI	2.66316e-07	1.33238	1.92792	-1.19842e-05	-0.986095	0.00581785	-0.000636082	3.11017	-2.17628	0.00207615	-0.00420347	0.00286085	180	0	-0.424055	256.34	1.64653e-05	1555.09	200.462	0	-1088.14	179.999	0	2.05052	123.001	0	-3.1462	235.999	0	-0.0325236	5092
LOKI	1.5979e-06	1.33238	1.92792	-1.09855e-05	-0.986095	0.0058179	-0.00123431	3.11019	-2.17629	0.00189393	-0.00421783	0.00282873	180	0	-0.822871	256.34	-6.9298e-06	1555.09	200.462	0	-1088.14	179.999	0	1.87055	123.001	0	-3.13368	235.999	0	-0.00935726	5133
LOKI	2.39684e-06	1.33238	1.92792	-1.05861e-05	-0.986095	0.00581785	-0.000838901	3.11029	-2.17637	0.00211818	-0.00421214	0.0027757	180	0	-0.559268	256.34	-0.000151646	1555.15	200.462	0	-1088.18	179.999	0	2.09203	123.001	0	-3.10211	235.999	0	0.0179965	5173
LOKI	2.39684e-06	1.33238	1.92792	-1.05861e-05	-0.986095	0.00581785	-0.000838901	3.11029	-2.17637	0.00211818	-0.00421214	0.0027757	180	0	-0.559268	256.34	-0.000151646	1555.15	200.462	0	-1088.18	179.999	0	2.09203	123.001	0	-3.10211	235.999	0	0.0179965	5212
LOKI	2.13053e-06	1.33238	1.92792	-1.07858e-05	-0.986095	0.00581781	-9.90614e-05	3.11035	-2.17643	0.00239691	-0.00417919	0.00274116	180	0	-0.066041	256.34	-0.000200116	1555.18	200.462	0	-1088.21	179.999	0	2.36732	123.001	0	-3.07071	235.999	0	0.0249816	5249
LOKI	1.06526e-06	1.33238	1.92792	-1.1385e-05	-0.986096	0.00581776	0.000504673	3.11035	-2.17643	0.00258439	-0.00415163	0.00273025	180	0	0.336449	256.34	-0.000142228	1555.18	200.462	0	-1088.22	179.999	0	2.55248	123.001	0	-3.05445	235.999	0	0.0208342	5283
LOKI	-2.66316e-07	1.33238	1.92792	-1.19842e-05	-0.986096	0.00581776	0.000783454	3.11034	-2.17638	0.00263473	-0.00414141	0.00273946	180	0	0.522303	256.34	-4.87367e-05	1555.17	200.462	0	-1088.19	179.999	0	2.6022	123.001	0	-3.05578	235.999	0	0.0119352	5316
LOKI	-1.06526e-06	1.33238	1.92792	-1.2184e-05	-0.986096	0.00581776	0.000781484	3.11031	-2.17635	0.00259378	-0.00412093	0.00273791	180	0	0.520989	256.34	2.14446e-06	1555.15	200.462	0	-1088.18	179.999	0	2.56176	123.001	0	-3.04733	235.999	0	0.00520955	5353
LOKI	-1.06526e-06	1.33238	1.92792	-1.23837e-05	-0.986096	0.00581776	0.000762349	3.11031	-2.17632	0.00257911	-0.00412717	0.00274366	180	0	0.508233	256.34	9.4272e-06	1555.15	200.462	0	-1088.16	179.999	0	2.54727	123.001	0	-3.05284	235.999	0	0.0043255	5398
LOKI	-1.5979e-06	1.33238	1.92792	-1.23837e-05	-0.986096	0.00581776	0.000929916	3.11035	-2.17636	0.00273383	-0.0041505	0.00271047	180	0	0.619944	256.34	-7.7061e-05	1555.18	200.462	0	-1088.18	179.999	0	2.70007	123.001	0	-3.04304	235.999	0	0.0314089	5430
LOKI	-2.39684e-06	1.33238	1.92792	-1.27832e-05	-0.986096	0.00581785	0.000904011	3.11037	-2.17635	0.00257928	-0.00407239	0.00272311	180	0	0.602674	256.34	-4.79422e-05	1555.18	200.462	0	-1088.18	179.999	0	2.54744	123.001	0	-3.02113	235.999	0	-0.00454792	5466
LOKI	-2.39684e-06	1.33238	1.92792	-1.25834e-05	-0.986096	0.00581785	0.000347141	3.11035	-2.17633	0.00232617	-0.00407142	0.0027348	180	0	0.231427	256.34	-8.98461e-06	1555.17	200.462	0	-1088.17	179.999	0	2.29745	123.001	0	-3.02727	235.999	0	-0.0114005	5505
LOKI	-1.5979e-06	1.33238	1.92792	-1.19842e-05	-0.986096	0.00581785	-6.11603e-05	3.11036	-2.17635	0.00217921	-0.00405875	0.00271558	180	0	-0.0407736	256.34	-4.08797e-05	1555.18	200.462	0	-1088.17	179.999	0	2.1523	123.001	0	-3.0119	235.999	0	-0.00541355	5550
LOKI	-1.5979e-06	1.33238	1.92792	-1.19842e-05	-0.986096	0.00581785	-6.11603e-05	3.11036	-2.17635	0.00217921	-0.00405875	0.00271558	180	0	-0.0407736	256.34	-4.08797e-05	1555.18	200.462	0	-1088.17	179.999	0	2.1523	123.001	0	-3.0119	235.999	0	-0.00541355	5585
LOKI	-7.98948e-07	1.33238	1.92792	-1.15848e-05	-0.986096	0.0058179	-0.000171271	3.11042	-2.17637	0.00215304	-0.00404447	0.0026913	180	0	-0.114181	256.34	-9.26539e-05	1555.21	200.462	0	-1088.19	179.999	0	2.12645	123.001	0	-2.99312	235.999	0	0.00278704	5621
LOKI	-2.66316e-07	1.33238	1.92792	-1.11853e-05	-0.986096	0.00581785	-6.80951e-05	3.11043	-2.17639	0.00219575	-0.00401519	0.00266246	180	0	-0.0453968	256.34	-0.000113886	1555.22	200.462	0	-1088.19	179.999	0	2.16864	123.001	0	-2.96625	235.999	0	0.00796335	5657
LOKI	-2.66316e-07	1.33238	1.92792	-1.11853e-05	-0.986096	0.00581776	0.000100278	3.11046	-2.17641	0.00224724	-0.00400414	0.00265352	180	0	0.0668519	256.34	-9.36109e-05	1555.23	200.462	0	-1088.21	179.999	0	2.2195	123.001	0	-2.95719	235.999	0	0.00883893	5693
LOKI	-2.66316e-07	1.33238	1.92792	-1.11853e-05	-0.986096	0.00581776	0.000100278	3.11046	-2.17641	0.00224724	-0.00400414	0.00265352	180	0	0.0668519	256.34	-9.36109e-05	1555.23	200.462	0	-1088.21	179.999	0	2.2195	123.001	0	-2.95719	235.999	0	0.00883893	5729
LOKI	-2.66316e-07	1.33238	1.92792	-1.11853e-05	-0.986096	0.00581776	0.000218948	3.11047	-2.17639	0.00226961	-0.00399327	0.00264993	180	0	0.145965	256.34	-5.22995e-05	1555.23	200.462	0	-1088.19	179.999	0	2.24159	123.001	0	-2.95117	235.999	0	0.00680758	5771
LOKI	-5.32632e-07	1.33238	1.92792	-1.11853e-05	-0.986096	0.00581781	0.000241759	3.11045	-2.17637	0.00225204	-0.00398008	0.00264651	180	0	0.161172	256.34	-1.87599e-05	1555.22	200.462	0	-1088.18	179.999	0	2.22424	123.001	0	-2.94439	235.999	0	0.00381725	5810
LOKI	-5.32632e-07	1.33238	1.92792	-1.11853e-05	-0.986096	0.00581781	0.000190363	3.11045	-2.17633	0.00220994	-0.0039793	0.00264984	180	0	0.126909	256.34	-1.02513e-05	1555.22	200.462	0	-1088.17	179.999	0	2.18265	123.001	0	-2.94594	235.999	0	0.00168313	5841
LOKI	-5.32632e-07	1.33238	1.92792	-1.09855e-05	-0.986096	0.00581785	0.000112308	3.11045	-2.17634	0.00216282	-0.00396019	0.0026385	180	0	0.0748723	256.34	-2.50398e-05	1555.23	200.462	0	-1088.17	179.999	0	2.13612	123.001	0	-2.93257	235.999	0	0.000901205	5882
LOKI	-5.32632e-07	1.33238	1.92792	-1.09855e-05	-0.986096	0.00581785	0.000112308	3.11045	-2.17634	0.00216282	-0.00396019	0.0026385	180	0	0.0748723	256.34	-2.50398e-05	1555.23	200.462	0	-1088.17	179.999	0	2.13612	123.001	0	-2.93257	235.999	0	0.000901205	5920
LOKI	-5.32632e-07	1.33238	1.92792	-1.07858e-05	-0.986096	0.00581785	5.01201e-05	3.11047	-2.17635	0.0021258	-0.00394076	0.00262476	180	0	0.0334134	256.34	-4.91975e-05	1555.23	200.462	0	-1088.18	179.999	0	2.09956	123.001	0	-2.91774	235.999	0	0.00134489	5966
LOKI	-2.66316e-07	1.33238	1.92792	-1.05861e-05	-0.986096	0.00581785	-7.79209e-05	3.1105	-2.17636	0.00205012	-0.00392127	0.00261599	180	0	-0.0519473	256.34	-5.05675e-05	1555.25	200.462	0	-1088.18	179.999	0	2.02481	123.001	0	-2.90565	235.999	0	-0.00100482	6001
LOKI	0	1.33238	1.92792	-1.03863e-05	-0.986096	0.00581776	-5.27903e-05	3.11051	-2.17637	0.00206664	-0.00390921	0.00259704	180	0	-0.0351935	256.34	-7.60759e-05	1555.26	200.462	0	-1088.18	179.999	0	2.04112	123.001	0	-2.89066	235.999	0	0.00505496	6043
LOKI	0	1.33238	1.92792	-1.03863e-05	-0.986096	0.00581781	6.74983e-05	3.11055	-2.17637	0.00210266	-0.0038942	0.00258412	180	0	0.0449989	256.34	-8.19215e-05	1555.27	200.462	0	-1088.19	179.999	0	2.0767	123.001	0	-2.87792	235.999	0	0.00667433	6075
LOKI	0	1.33238	1.92792	-1.03863e-05	-0.986096	0.00581781	6.74983e-05	3.11055	-2.17637	0.00210266	-0.0038942	0.00258412	180	0	0.0449989	256.34	-8.19215e-05	1555.27	200.462	0	-1088.19	179.999	0	2.0767	123.001	0	-2.87792	235.999	0	0.00667433	6106
LOKI	0	1.33238	1.92792	-1.03863e-05	-0.986097	0.00581785	0.000165903	3.11054	-2.17637	0.00212038	-0.00388001	0.00257662	180	0	0.110602	256.34	-6.5598e-05	1555.27	200.462	0	-1088.18	179.999	0	2.0942	123.001	0	-2.86849	235.999	0	0.00558494	6146
LOKI	-2.66316e-07	1.33238	1.92792	-1.03863e-05	-0.986097	0.00581776	0.000201566	3.11056	-2.17638	0.00211168	-0.00386605	0.00257067	180	0	0.134377	256.34	-4.17911e-05	1555.28	200.462	0	-1088.19	179.999	0	2.08561	123.001	0	-2.86002	235.999	0	0.0037203	6185
LOKI	-5.32632e-07	1.33238	1.92792	-1.03863e-05	-0.986097	0.00581776	0.000182989	3.11055	-2.17635	0.00208421	-0.00385074	0.00256326	180	0	0.121993	256.34	-2.85308e-05	1555.28	200.462	0	-1088.17	179.999	0	2.05848	123.001	0	-2.85023	235.999	0	0.00216401	6224
LOKI	-5.32632e-07	1.33238	1.92792	-1.03863e-05	-0.986097	0.00581776	0.000140383	3.11055	-2.17635	0.00205113	-0.00385034	0.00256392	180	0	0.0935884	256.34	-3.044e-05	1555.28	200.462	0	-1088.17	179.999	0	2.02581	123.001	0	-2.85045	235.999	0	0.00165278	6256
LOKI	-5.32632e-07	1.33238	1.92792	-1.03863e-05	-0.986097	0.00581776	0.000140383	3.11055	-2.17635	0.00205113	-0.00385034	0.00256392	180	0	0.0935884	256.34	-3.044e-05	1555.28	200.462	0	-1088.17	179.999	0	2.02581	123.001	0	-2.85045	235.999	0	0.00165278	6297
LOKI	-5.32632e-07	1.33238	1.92792	-1.01866e-05	-0.986097	0.00581781	0.000102528	3.11056	-2.17635	0.00202273	-0.00383297	0.00255209	180	0	0.0683517	256.34	-4.16726e-05	1555.28	200.462	0	-1088.18	179.999	0	1.99776	123.001	0	-2.83744	235.999	0	0.00179046	6338
LOKI	-2.66316e-07	1.33238	1.92792	-1.01866e-05	-0.986097	0.00581785	8.42567e-05	3.1106	-2.17636	0.00200309	-0.00381585	0.00253972	180	0	0.0561711	256.34	-5.16948e-05	1555.3	200.462	0	-1088.18	179.999	0	1.97836	123.001	0	-2.82423	235.999	0	0.00232079	6373
LOKI	-2.66316e-07	1.33238	1.92792	-9.98685e-06	-0.986097	0.00581785	8.56876e-05	3.1106	-2.17636	0.00199072	-0.00379945	0.00252788	180	0	0.0571251	256.34	-5.73044e-05	1555.3	200.462	0	-1088.18	179.999	0	1.96614	123.001	0	-2.81158	235.999	0	0.00282363	6411
LOKI	-2.66316e-07	1.33238	1.92792	-9.98685e-06	-0.986097	0.00581785	9.80748e-05	3.11063	-2.17636	0.00198161	-0.00380026	0.00252818	180	0	0.0653832	256.34	-5.49225e-05	1555.31	200.462	0	-1088.18	179.999	0	1.95714	123.001	0	-2.81204	235.999	0	0.00296036	6451
LOKI	-2.66316e-07	1.33238	1.92792	-9.98685e-06	-0.986097	0.00581785	9.80748e-05	3.11063	-2.17636	0.00198161	-0.00380026	0.00252818	180	0	0.0653832	256.34	-5.49225e-05	1555.31	200.462	0	-1088.18	179.999	0	1.95714	123.001	0	-2.81204	235.999	0	0.00296036	6490
LOKI	-2.66316e-07	1.33238	1.92792	-9.78712e-06	-0.986097	0.00581785	0.000111158	3.11063	-2.17639	0.00197182	-0.00378572	0.0025185	180	0	0.0741055	256.34	-4.8633e-05	1555.31	200.462	0	-1088.2	179.999	0	1.94748	123.001	0	-2.80129	235.999	0	0.00295236	6517
LOKI	-2.66316e-07	1.33238	1.92792	-9.78712e-06	-0.986097	0.00581776	0.000118746	3.11062	-2.17639	0.00195952	-0.00377105	0.00250916	180	0	0.0791638	256.34	-4.25294e-05	1555.31	200.462	0	-1088.19	179.999	0	1.93533	123.001	0	-2.79066	235.999	0	0.00271127	6550
LOKI	-2.66316e-07	1.33238	1.92792	-9.78712e-06	-0.986097	0.00581781	0.00011952	3.11065	-2.17639	0.00194471	-0.00375568	0.00249937	180	0	0.07968	256.34	-3.81453e-05	1555.33	200.462	0	-1088.19	179.999	0	1.9207	123.001	0	-2.77953	235.999	0	0.00245423	6586
LOKI	-2.66316e-07	1.33238	1.92792	-9.58738e-06	-0.986097	0.00581781	0.000115991	3.11065	-2.17635	0.00192822	-0.00375564	0.00249958	180	0	0.0773274	256.34	-3.78065e-05	1555.33	200.462	0	-1088.18	179.999	0	1.90441	123.001	0	-2.77963	235.999	0	0.00232027	6626
LOKI	-2.66316e-07	1.33238	1.92792	-9.58738e-06	-0.986097	0.00581785	0.000115821	3.11065	-2.17635	0.0019286	-0.00373963	0.00248891	180	0	0.0772139	256.34	-3.78865e-05	1555.33	200.462	0	-1088.18	179.999	0	1.90479	123.001	0	-2.76778	235.999	0	0.00231896	6664
LOKI	-2.66316e-07	1.33238	1.92792	-9.58738e-06	-0.986097	0.00581785	0.000111017	3.11065	-2.17636	0.00191252	-0.00373957	0.00248896	180	0	0.0740114	256.34	-4.05103e-05	1555.33	200.462	0	-1088.18	179.999	0	1.88891	123.001	0	-2.76778	235.999	0	0.00227314	6698
LOKI	-2.66316e-07	1.33238	1.92792	-9.58738e-06	-0.986097	0.00581776	0.000107603	3.11066	-2.17636	0.00189731	-0.0037235	0.00247826	180	0	0.0717354	256.34	-4.32585e-05	1555.33	200.462	0	-1088.18	179.999	0	1.87389	123.001	0	-2.75588	235.999	0	0.00226442	6738
LOKI	-2.66316e-07	1.33238	1.92792	-9.38764e-06	-0.986097	0.00581776	0.00010645	3.11069	-2.17639	0.00188312	-0.00370745	0.0024676	180	0	0.0709666	256.34	-4.32062e-05	1555.34	200.462	0	-1088.19	179.999	0	1.85987	123.001	0	-2.74402	235.999	0	0.00224058	6777
LOKI	-2.66316e-07	1.33238	1.92792	-9.38764e-06	-0.986097	0.00581776	0.00010645	3.11069	-2.17639	0.00188312	-0.00370745	0.0024676	180	0	0.0709666	256.34	-4.32062e-05	1555.34	200.462	0	-1088.19	179.999	0	1.85987	123.001	0	-2.74402	235.999	0	0.00224058	6809
LOKI	-2.66316e-07	1.33238	1.92792	-9.38764e-06	-0.986097	0.00581776	0.000107034	3.11069	-2.17639	0.00186959	-0.00370765	0.00246769	180	0	0.0713558	256.34	-4.30484e-05	1555.34	200.462	0	-1088.19	179.999	0	1.84651	123.001	0	-2.74414	235.999	0	0.00226567	6852
LOKI	-2.66316e-07	1.33238	1.92792	-9.38764e-06	-0.986097	0.00581781	0.000108315	3.11069	-2.17639	0.00185633	-0.00369229	0.00245746	180	0	0.0722103	256.34	-4.2104e-05	1555.34	200.462	0	-1088.19	179.999	0	1.83341	123.001	0	-2.73277	235.999	0	0.00225854	6891
LOKI	-2.66316e-07	1.33238	1.92792	-9.18791e-06	-0.986097	0.00581785	0.000109331	3.11072	-2.17639	0.00184297	-0.00367674	0.00244731	180	0	0.0728873	256.34	-3.92536e-05	1555.36	200.462	0	-1088.19	179.999	0	1.82022	123.001	0	-2.72137	235.999	0	0.00214263	6917
LOKI	-2.66316e-07	1.33238	1.92792	-9.18791e-06	-0.986097	0.00581785	0.000109659	3.11072	-2.17639	0.00182943	-0.00367697	0.00244749	180	0	0.0731059	256.34	-3.83237e-05	1555.36	200.462	0	-1088.19	179.999	0	1.80684	123.001	0	-2.72156	235.999	0	0.0021245	6956
LOKI	-2.66316e-07	1.33238	1.92792	-9.18791e-06	-0.986097	0.00581785	0.000109344	3.11072	-2.17639	0.00181573	-0.00366133	0.00243726	180	0	0.0728962	256.34	-3.81703e-05	1555.36	200.462	0	-1088.19	179.999	0	1.79332	123.001	0	-2.71008	235.999	0	0.00201785	6998
LOKI	-2.66316e-07	1.33238	1.92792	-9.18791e-06	-0.986097	0.00581785	0.000109344	3.11072	-2.17639	0.00181573	-0.00366133	0.00243726	180	0	0.0728962	256.34	-3.81703e-05	1555.36	200.462	0	-1088.19	179.999	0	1.79332	123.001	0	-2.71008	235.999	0	0.00201785	7037
LOKI	-2.66316e-07	1.33238	1.92792	-8.98817e-06	-0.986097	0.00581785	0.000108725	3.11075	-2.17639	0.00180207	-0.00364565	0.0024268	180	0	0.072483	256.34	-3.77214e-05	1555.37	200.462	0	-1088.19	179.999	0	1.77982	123.001	0	-2.69846	235.999	0	0.0020209	7075
LOKI	-2.66316e-07	1.33238	1.92792	-8.98817e-06	-0.986097	0.00581785	0.000108114	3.11075	-2.17639	0.00178854	-0.00364556	0.00242688	180	0	0.0720758	256.34	-3.71795e-05	1555.37	200.462	0	-1088.19	179.999	0	1.76646	123.001	0	-2.69847	235.999	0	0.00193867	7117
LOKI	-2.66316e-07	1.33238	1.92792	-8.98817e-06	-0.986097	0.00581776	0.000107697	3.11075	-2.17639	0.00177519	-0.00362998	0.00241648	180	0	0.0717978	256.34	-3.75119e-05	1555.37	200.462	0	-1088.19	179.999	0	1.75328	123.001	0	-2.68692	235.999	0	0.0019476	7159
LOKI	-2.66316e-07	1.33238	1.92792	-8.98817e-06	-0.986097	0.00581776	0.000107697	3.11075	-2.17639	0.00177519	-0.00362998	0.00241648	180	0	0.0717978	256.34	-3.75119e-05	1555.37	200.462	0	-1088.19	179.999	0	1.75328	123.001	0	-2.68692	235.999	0	0.0019476	7195
LOKI	-2.66316e-07	1.33238	1.92792	-8.78843e-06	-0.986098	0.00581781	0.000107536	3.11075	-2.17639	0.00176205	-0.00361432	0.00240603	180	0	0.0716907	256.34	-3.76612e-05	1555.37	200.462	0	-1088.19	179.999	0	1.7403	123.001	0	-2.67532	235.999	0	0.00195455	7240
LOKI	-2.66316e-07	1.33238	1.92792	-8.78843e-06	-0.986098	0.00581781	0.000107513	3.11078	-2.17639	0.00174903	-0.00361431	0.00240618	180	0	0.0716755	256.34	-3.59459e-05	1555.39	200.462	0	-1088.19	179.999	0	1.72743	123.001	0	-2.6754	235.999	0	0.00186578	7271
LOKI	-2.66316e-07	1.33238	1.92792	-8.78843e-06	-0.986098	0.00581785	0.000107525	3.11078	-2.17639	0.00173612	-0.00359883	0.00239586	180	0	0.0716831	256.34	-3.55564e-05	1555.39	200.462	0	-1088.19	179.999	0	1.71469	123.001	0	-2.66393	235.999	0	0.00186606	7312
LOKI	-2.66316e-07	1.33238	1.92792	-8.78843e-06	-0.986098	0.00581785	0.000107525	3.11078	-2.17639	0.00173612	-0.00359883	0.00239586	180	0	0.0716831	256.34	-3.55564e-05	1555.39	200.462	0	-1088.19	179.999	0	1.71469	123.001	0	-2.66393	235.999	0	0.00186606	7348
LOKI	-2.66316e-07	1.33238	1.92792	-8.58869e-06	-0.986098	0.00581776	0.000107475	3.11078	-2.17639	0.00172325	-0.00358275	0.00238531	180	0	0.0716501	256.34	-3.53661e-05	1555.39	200.462	0	-1088.19	179.999	0	1.70198	123.001	0	-2.65212	235.999	0	0.00177124	7386
LOKI	-2.66316e-07	1.33238	1.92792	-8.58869e-06	-0.986098	0.00581776	0.000107376	3.11078	-2.17639	0.00171048	-0.00358325	0.00238564	180	0	0.0715838	256.34	-3.53184e-05	1555.39	200.462	0	-1088.19	179.999	0	1.68936	123.001	0	-2.65249	235.999	0	0.00177222	7426
LOKI	-2.66316e-07	1.33238	1.92792	-8.58869e-06	-0.986098	0.00581776	0.000107212	3.11081	-2.17639	0.00169777	-0.00356761	0.00237522	180	0	0.0714749	256.34	-3.37053e-05	1555.41	200.462	0	-1088.19	179.999	0	1.67681	123.001	0	-2.6409	235.999	0	0.00177168	7463
LOKI	-2.66316e-07	1.33238	1.92792	-8.38896e-06	-0.986098	0.00581776	0.000107033	3.11081	-2.17639	0.00168515	-0.00356759	0.00237537	180	0	0.0713551	256.34	-3.35826e-05	1555.41	200.462	0	-1088.19	179.999	0	1.66434	123.001	0	-2.64098	235.999	0	0.00168301	7498
LOKI	-2.66316e-07	1.33238	1.92792	-8.38896e-06	-0.986098	0.00581781	0.000106875	3.11081	-2.17639	0.00167262	-0.00355203	0.00236499	180	0	0.0712498	256.34	-3.36736e-05	1555.41	200.462	0	-1088.19	179.999	0	1.65197	123.001	0	-2.62945	235.999	0	0.00168292	7538
LOKI	-2.66316e-07	1.33238	1.92792	-8.38896e-06	-0.986098	0.00581781	0.000106875	3.11081	-2.17639	0.00167262	-0.00355203	0.00236499	180	0	0.0712498	256.34	-3.36736e-05	1555.41	200.462	0	-1088.19	179.999	0	1.65197	123.001	0	-2.62945	235.999	0	0.00168292	7579
LOKI	-2.66316e-07	1.33238	1.92792	-8.38896e-06	-0.986098	0.00581781	0.000106732	3.11081	-2.17639	0.0016602	-0.00355193	0.00236509	180	0	0.0711545	256.34	-3.36745e-05	1555.41	200.462	0	-1088.19	179.999	0	1.63971	123.001	0	-2.62947	235.999	0	0.00159228	7613
LOKI	-2.66316e-07	1.33238	1.92792	-8.18922e-06	-0.986098	0.00581785	0.000106642	3.11084	-2.17639	0.00164789	-0.00353637	0.00235471	180	0	0.0710946	256.34	-3.20423e-05	1555.42	200.462	0	-1088.19	179.999	0	1.62755	123.001	0	-2.61794	235.999	0	0.0015957	7653
LOKI	-2.66316e-07	1.33238	1.92792	-8.18922e-06	-0.986098	0.00581785	0.000106554	3.11084	-2.17639	0.00163568	-0.00352054	0.00234415	180	0	0.0710358	256.34	-3.1863e-05	1555.42	200.462	0	-1088.19	179.999	0	1.61548	123.001	0	-2.60621	235.999	0	0.00159795	7694
LOKI	-2.66316e-07	1.33238	1.92792	-8.18922e-06	-0.986098	0.00581785	0.000106554	3.11084	-2.17639	0.00163568	-0.00352054	0.00234415	180	0	0.0710358	256.34	-3.1863e-05	1555.42	200.462	0	-1088.19	179.999	0	1.61548	123.001	0	-2.60621	235.999	0	0.00159795	7728
LOKI	-2.66316e-07	1.33238	1.92792	-8.18922e-06	-0.986098	0.00581785	0.000106454	3.11084	-2.17639	0.00162353	-0.00352078	0.00234447	180	0	0.0709695	256.34	-3.18129e-05	1555.42	200.462	0	-1088.19	179.999	0	1.60349	123.001	0	-2.60648	235.999	0	0.00150601	7772
LOKI	-2.66316e-07	1.33238	1.92792	-7.98948e-06	-0.986098	0.00581785	0.000106371	3.11084	-2.17639	0.00161149	-0.0035051	0.00233402	180	0	0.0709143	256.34	-3.18334e-05	1555.42	200.462	0	-1088.19	179.999	0	1.59159	123.001	0	-2.59487	235.999	0	0.00150725	7811
LOKI	-2.66316e-07	1.33238	1.92792	-7.98948e-06	-0.986098	0.00581785	0.000106236	3.11087	-2.17639	0.00159947	-0.00350521	0.0023341	180	0	0.0708239	256.34	-3.03848e-05	1555.44	200.462	0	-1088.19	179.999	0	1.57972	123.001	0	-2.59495	235.999	0	0.00150026	7845
LOKI	-2.66316e-07	1.33238	1.92792	-7.98948e-06	-0.986098	0.00581776	0.000106171	3.11087	-2.17639	0.00158764	-0.00348948	0.00232377	180	0	0.0707809	256.34	-3.00257e-05	1555.44	200.462	0	-1088.19	179.999	0	1.56804	123.001	0	-2.58338	235.999	0	0.00141651	7885
LOKI	-2.66316e-07	1.33238	1.92792	-7.98948e-06	-0.986098	0.00581776	0.000106171	3.11087	-2.17639	0.00158764	-0.00348948	0.00232377	180	0	0.0707809	256.34	-3.00257e-05	1555.44	200.462	0	-1088.19	179.999	0	1.56804	123.001	0	-2.58338	235.999	0	0.00141651	7926
LOKI	-2.66316e-07	1.33238	1.92792	-7.78975e-06	-0.986098	0.00581776	0.000106085	3.11087	-2.17639	0.00157586	-0.00348962	0.00232386	180	0	0.0707235	256.34	-2.99731e-05	1555.44	200.462	0	-1088.19	179.999	0	1.55641	123.001	0	-2.58348	235.999	0	0.00141846	7957
LOKI	-2.66316e-07	1.33238	1.92792	-7.78975e-06	-0.986098	0.00581781	0.000105993	3.11087	-2.17639	0.00156417	-0.00347401	0.00231345	180	0	0.0706622	256.34	-3.00189e-05	1555.44	200.462	0	-1088.19	179.999	0	1.54486	123.001	0	-2.57192	235.999	0	0.00141916	7999
LOKI	-2.66316e-07	1.33238	1.92792	-7.78975e-06	-0.986098	0.00581781	0.000105904	3.11087	-2.17639	0.00155254	-0.00347397	0.00231359	180	0	0.0706025	256.34	-2.99804e-05	1555.44	200.462	0	-1088.19	179.999	0	1.53337	123.001	0	-2.57199	235.999	0	0.00132499	8037
LOKI	-2.66316e-07	1.33238	1.92792	-7.78975e-06	-0.986098	0.00581785	0.000105838	3.11091	-2.17639	0.00154103	-0.00345835	0.00230317	180	0	0.070559	256.34	-2.82977e-05	1555.45	200.462	0	-1088.19	179.999	0	1.52201	123.001	0	-2.56041	235.999	0	0.00133038	8079
LOKI	-2.66316e-07	1.33238	1.92792	-7.78975e-06	-0.986098	0.00581785	0.000105838	3.11091	-2.17639	0.00154103	-0.00345835	0.00230317	180	0	0.070559	256.34	-2.82977e-05	1555.45	200.462	0	-1088.19	179.999	0	1.52201	123.001	0	-2.56041	235.999	0	0.00133038	8106
LOKI	-2.66316e-07	1.33238	1.92792	-7.59001e-06	-0.986098	0.00581785	0.000105755	3.11091	-2.17639	0.00152959	-0.00345845	0.00230324	180	0	0.0705033	256.34	-2.81581e-05	1555.45	200.462	0	-1088.19	179.999	0	1.51071	123.001	0	-2.56049	235.999	0	0.00133007	8150
LOKI	-2.66316e-07	1.33238	1.92792	-7.59001e-06	-0.986098	0.00581776	0.000105687	3.11091	-2.17639	0.00151824	-0.0034428	0.00229281	180	0	0.0704583	256.34	-2.81923e-05	1555.45	200.462	0	-1088.19	179.999	0	1.49949	123.001	0	-2.54889	235.999	0	0.00133025	8189
LOKI	-2.66316e-07	1.33238	1.92792	-7.59001e-06	-0.986098	0.00581776	0.000105622	3.11091	-2.17639	0.00150697	-0.00344281	0.00229297	180	0	0.070415	256.34	-2.8153e-05	1555.45	200.462	0	-1088.19	179.999	0	1.48837	123.001	0	-2.54899	235.999	0	0.00124122	8232
LOKI	-2.66316e-07	1.33238	1.92792	-7.39027e-06	-0.986098	0.00581776	0.000105549	3.11094	-2.17639	0.00149578	-0.00342703	0.00228245	180	0	0.0703662	256.34	-2.81828e-05	1555.47	200.462	0	-1088.19	179.999	0	1.47732	123.001	0	-2.5373	235.999	0	0.00124178	8264
LOKI	-2.66316e-07	1.33238	1.92792	-7.39027e-06	-0.986098	0.00581776	0.000105549	3.11094	-2.17639	0.00149578	-0.00342703	0.00228245	180	0	0.0703662	256.34	-2.81828e-05	1555.47	200.462	0	-1088.19	179.999	0	1.47732	123.001	0	-2.5373	235.999	0	0.00124178	8309
LOKI	-2.66316e-07	1.33238	1.92792	-7.39027e-06	-0.986098	0.00581776	0.000105485	3.11094	-2.17639	0.00148468	-0.00342728	0.00228262	180	0	0.0703234	256.34	-2.6397e-05	1555.47	200.462	0	-1088.19	179.999	0	1.46635	123.001	0	-2.53748	235.999	0	0.001241	8346
LOKI	-2.66316e-07	1.33238	1.92792	-7.39027e-06	-0.986098	0.00581776	0.000105419	3.11094	-2.17639	0.00147366	-0.00342729	0.00228263	180	0	0.0702796	256.34	-2.6329e-05	1555.47	200.462	0	-1088.19	179.999	0	1.45546	123.001	0	-2.53749	235.999	0	0.00124126	8390
LOKI	-2.66316e-07	1.33238	1.92792	-7.39027e-06	-0.986098	0.00581781	0.000105362	3.11094	-2.17639	0.00146271	-0.00341164	0.00227236	180	0	0.0702415	256.34	-2.63412e-05	1555.47	200.462	0	-1088.19	179.999	0	1.44465	123.001	0	-2.52599	235.999	0	0.00115199	8426
LOKI	-2.66316e-07	1.33238	1.92792	-7.39027e-06	-0.986098	0.00581781	0.000105362	3.11094	-2.17639	0.00146271	-0.00341164	0.00227236	180	0	0.0702415	256.34	-2.63412e-05	1555.47	200.462	0	-1088.19	179.999	0	1.44465	123.001	0	-2.52599	235.999	0	0.00115199	8463
LOKI	-2.66316e-07	1.33238	1.92792	-7.19053e-06	-0.986098	0.00581781	0.000105306	3.11094	-2.17639	0.00145186	-0.00341165	0.00227236	180	0	0.0702043	256.34	-2.63287e-05	1555.47	200.462	0	-1088.19	179.999	0	1.43393	123.001	0	-2.526	235.999	0	0.00115272	8505
LOKI	-2.66316e-07	1.33238	1.92792	-7.19053e-06	-0.986098	0.00581785	0.000105248	3.11094	-2.17639	0.00144107	-0.00339611	0.002262	180	0	0.0701654	256.34	-2.63561e-05	1555.47	200.462	0	-1088.19	179.999	0	1.42328	123.001	0	-2.51449	235.999	0	0.00115286	8540
LOKI	-2.66316e-07	1.33238	1.92792	-7.19053e-06	-0.986098	0.00581785	0.000105201	3.11097	-2.17639	0.00143038	-0.00339611	0.002262	180	0	0.0701338	256.34	-2.46031e-05	1555.48	200.462	0	-1088.19	179.999	0	1.41272	123.001	0	-2.51448	235.999	0	0.0011533	8581
LOKI	-2.66316e-07	1.33238	1.92792	-7.19053e-06	-0.986098	0.00581785	0.000105201	3.11097	-2.17639	0.00143038	-0.00339611	0.002262	180	0	0.0701338	256.34	-2.46031e-05	1555.48	200.462	0	-1088.19	179.999	0	1.41272	123.001	0	-2.51448	235.999	0	0.0011533	8615
LOKI	-2.66316e-07	1.33238	1.92792	-7.19053e-06	-0.986098	0.00581785	0.000105151	3.11097	-2.17639	0.00141976	-0.00338041	0.00225169	180	0	0.0701006	256.34	-2.4556e-05	1555.48	200.462	0	-1088.19	179.999	0	1.40223	123.001	0	-2.50294	235.999	0	0.00106464	8653
LOKI	-2.66316e-07	1.33238	1.92792	-6.9908e-06	-0.986098	0.00581785	0.000105095	3.11097	-2.17639	0.00140921	-0.00338049	0.00225174	180	0	0.0700631	256.34	-2.45084e-05	1555.48	200.462	0	-1088.19	179.999	0	1.39181	123.001	0	-2.503	235.999	0	0.00106324	8698
LOKI	-2.66316e-07	1.33238	1.92792	-6.9908e-06	-0.986098	0.00581785	0.000105051	3.11097	-2.17639	0.00139876	-0.00338049	0.00225174	180	0	0.0700343	256.34	-2.45071e-05	1555.48	200.462	0	-1088.19	179.999	0	1.38149	123.001	0	-2.503	235.999	0	0.00106524	8732
LOKI	-2.66316e-07	1.33238	1.92792	-6.9908e-06	-0.986098	0.00581785	0.00010501	3.11097	-2.17639	0.00138837	-0.00336496	0.00224139	180	0	0.0700065	256.34	-2.45277e-05	1555.48	200.462	0	-1088.19	179.999	0	1.37123	123.001	0	-2.4915	235.999	0	0.00106441	8773
LOKI	-2.66316e-07	1.33238	1.92792	-6.79106e-06	-0.986098	0.00581785	0.000104964	3.111	-2.17639	0.00137806	-0.0033648	0.00224144	180	0	0.0699763	256.34	-2.32322e-05	1555.5	200.462	0	-1088.19	179.999	0	1.36105	123.001	0	-2.49147	235.999	0	0.000975254	8805
LOKI	-2.66316e-07	1.33238	1.92792	-6.79106e-06	-0.986098	0.00581785	0.000104964	3.111	-2.17639	0.00137806	-0.0033648	0.00224144	180	0	0.0699763	256.34	-2.32322e-05	1555.5	200.462	0	-1088.19	179.999	0	1.36105	123.001	0	-2.49147	235.999	0	0.000975254	8848
LOKI	-2.66316e-07	1.33238	1.92792	-6.79106e-06	-0.986099	0.00581776	0.000104914	3.111	-2.17639	0.00136783	-0.00334927	0.00223109	180	0	0.0699428	256.34	-2.27389e-05	1555.5	200.462	0	-1088.19	179.999	0	1.35094	123.001	0	-2.47996	235.999	0	0.000975731	8881
LOKI	-2.66316e-07	1.33238	1.92792	-6.79106e-06	-0.986099	0.00581776	0.000104878	3.111	-2.17639	0.00135767	-0.00334932	0.00223113	180	0	0.0699187	256.34	-2.26768e-05	1555.5	200.462	0	-1088.19	179.999	0	1.34091	123.001	0	-2.48001	235.999	0	0.000976136	8916
LOKI	-2.66316e-07	1.33238	1.92792	-6.79106e-06	-0.986099	0.00581776	0.000104843	3.111	-2.17639	0.00134759	-0.00334933	0.00223113	180	0	0.0698956	256.34	-2.26716e-05	1555.5	200.462	0	-1088.19	179.999	0	1.33095	123.001	0	-2.48001	235.999	0	0.000976053	8956
LOKI	-2.66316e-07	1.33238	1.92792	-6.59132e-06	-0.986099	0.00581781	0.000104803	3.111	-2.17639	0.00133758	-0.0033338	0.00222077	180	0	0.0698688	256.34	-2.26886e-05	1555.5	200.462	0	-1088.19	179.999	0	1.32107	123.001	0	-2.4685	235.999	0	0.00097607	8988
LOKI	-2.66316e-07	1.33238	1.92792	-6.59132e-06	-0.986099	0.00581781	0.000104803	3.111	-2.17639	0.00133758	-0.0033338	0.00222077	180	0	0.0698688	256.34	-2.26886e-05	1555.5	200.462	0	-1088.19	179.999	0	1.32107	123.001	0	-2.4685	235.999	0	0.00097607	9022
LOKI	-2.66316e-07	1.33238	1.92792	-6.59132e-06	-0.986099	0.00581781	0.000104763	3.111	-2.17639	0.00132765	-0.00333368	0.00222086	180	0	0.0698418	256.34	-2.26731e-05	1555.5	200.462	0	-1088.19	179.999	0	1.31126	123.001	0	-2.46851	235.999	0	0.00088709	9052
LOKI	-2.66316e-07	1.33238	1.92792	-6.59132e-06	-0.986099	0.00581785	0.000104736	3.11103	-2.17639	0.00131779	-0.00331798	0.00221039	180	0	0.0698242	256.34	-2.15413e-05	1555.52	200.462	0	-1088.19	179.999	0	1.30152	123.001	0	-2.45688	235.999	0	0.000887173	9092
LOKI	-2.66316e-07	1.33238	1.92792	-6.59132e-06	-0.986099	0.00581785	0.0001047	3.11103	-2.17639	0.001308	-0.00331815	0.00221051	180	0	0.0697999	256.34	-2.08991e-05	1555.51	200.462	0	-1088.19	179.999	0	1.29185	123.001	0	-2.457	235.999	0	0.000886551	9130
LOKI	-2.66316e-07	1.33238	1.92792	-6.59132e-06	-0.986099	0.00581785	0.0001047	3.11103	-2.17639	0.001308	-0.00331815	0.00221051	180	0	0.0697999	256.34	-2.08991e-05	1555.51	200.462	0	-1088.19	179.999	0	1.29185	123.001	0	-2.457	235.999	0	0.000886551	9171
LOKI	-2.66316e-07	1.33238	1.92792	-6.39159e-06	-0.986099	0.00581785	0.000104671	3.11103	-2.17639	0.00129829	-0.00331816	0.00221051	180	0	0.069781	256.34	-2.08784e-05	1555.51	200.462	0	-1088.19	180	0	1.28226	123.001	0	-2.45701	235.999	0	0.00088689	9212
LOKI	-2.66316e-07	1.33238	1.92792	-6.39159e-06	-0.986099	0.00581776	0.000104638	3.11103	-2.17639	0.00128865	-0.00330259	0.00220013	180	0	0.0697585	256.34	-2.09131e-05	1555.51	200.462	0	-1088.19	180	0	1.27274	123.001	0	-2.44547	235.999	0	0.000887654	9249
LOKI	-2.66316e-07	1.33238	1.92792	-6.39159e-06	-0.986099	0.00581776	0.00010461	3.11103	-2.17639	0.00127908	-0.00330252	0.00220024	180	0	0.06974	256.34	-2.08834e-05	1555.51	200.462	0	-1088.19	180	0	1.26329	123.001	0	-2.44551	235.999	0	0.000798429	9285
LOKI	-2.66316e-07	1.33238	1.92792	-6.39159e-06	-0.986099	0.00581776	0.000104577	3.11103	-2.17639	0.00126958	-0.00330252	0.00220024	180	0	0.0697177	256.34	-2.08801e-05	1555.51	200.462	0	-1088.19	180	0	1.2539	123.001	0	-2.44551	235.999	0	0.000799088	9326
LOKI	-2.66316e-07	1.33238	1.92792	-6.39159e-06	-0.986099	0.00581776	0.000104573	3.11103	-2.17639	0.00126867	-0.00330252	0.00220024	180	0	0.0697155	256.34	-2.088e-05	1555.51	200.462	0	-1088.19	180	0	1.25301	123.001	0	-2.44551	235.999	0	0.000798661	9363
LOKI	-2.66316e-07	1.33238	1.92792	-6.39159e-06	-0.986099	0.00581776	0.000104557	3.11103	-2.17639	0.00126015	-0.00328697	0.00218988	180	0	0.0697045	256.34	-2.09102e-05	1555.51	200.462	0	-1088.19	180	0	1.24459	123.001	0	-2.434	235.999	0	0.000798481	9404
LOKI	-2.66316e-07	1.33238	1.92792	-6.19185e-06	-0.986099	0.00581776	0.000104528	3.11106	-2.17639	0.00125079	-0.00328697	0.00218988	180	0	0.0696855	256.34	-1.91801e-05	1555.53	200.462	0	-1088.19	180	0	1.23535	123.001	0	-2.43399	235.999	0	0.000798706	9448
LOKI	-2.66316e-07	1.33238	1.92792	-6.19185e-06	-0.986099	0.00581776	0.000104506	3.11106	-2.17639	0.0012415	-0.003287	0.00218989	180	0	0.069671	256.34	-1.90649e-05	1555.53	200.462	0	-1088.19	180	0	1.22617	123.001	0	-2.43401	235.999	0	0.00079789	9488
LOKI	-2.66316e-07	1.33238	1.92792	-6.19185e-06	-0.986099	0.00581781	0.000104482	3.11106	-2.17639	0.00123227	-0.00327145	0.00217953	180	0	0.0696544	256.34	-1.90882e-05	1555.53	200.462	0	-1088.19	180	0	1.21706	123.001	0	-2.4225	235.999	0	0.000797862	9528
LOKI	-2.66316e-07	1.33238	1.92792	-6.19185e-06	-0.986099	0.00581781	0.000104452	3.11106	-2.17639	0.00122312	-0.00327136	0.00217963	180	0	0.069635	256.34	-1.90587e-05	1555.53	200.462	0	-1088.19	180	0	1.20802	123.001	0	-2.42252	235.999	0	0.000709472	9568
LOKI	-2.66316e-07	1.33238	1.92792	-6.19185e-06	-0.986099	0.00581781	0.000104452	3.11106	-2.17639	0.00122312	-0.00327136	0.00217963	180	0	0.069635	256.34	-1.90587e-05	1555.53	200.462	0	-1088.19	180	0	1.20802	123.001	0	-2.42252	235.999	0	0.000709472	9605
LOKI	-2.66316e-07	1.33238	1.92792	-5.99211e-06	-0.986099	0.00581781	0.000104434	3.11106	-2.17639	0.00121404	-0.00327136	0.00217963	180	0	0.0696225	256.34	-1.90579e-05	1555.53	200.462	0	-1088.19	180	0	1.19905	123.001	0	-2.42252	235.999	0	0.000709867	9637
LOKI	-2.66316e-07	1.33238	1.92792	-5.99211e-06	-0.986099	0.00581785	0.000104415	3.11106	-2.17639	0.00120502	-0.00325579	0.00216925	180	0	0.0696102	256.34	-1.90997e-05	1555.53	200.462	0	-1088.19	180	0	1.19015	123.001	0	-2.41099	235.999	0	0.000710337	9681
LOKI	-2.66316e-07	1.33238	1.92792	-5.99211e-06	-0.986099	0.00581785	0.000104388	3.11106	-2.17639	0.00119606	-0.00325583	0.00216928	180	0	0.0695918	256.34	-1.90645e-05	1555.53	200.462	0	-1088.19	180	0	1.1813	123.001	0	-2.41102	235.999	0	0.000709529	9718
LOKI	-2.66316e-07	1.33238	1.92792	-5.99211e-06	-0.986099	0.00581785	0.000104388	3.11106	-2.17639	0.00119606	-0.00325583	0.00216928	180	0	0.0695918	256.34	-1.90645e-05	1555.53	200.462	0	-1088.19	180	0	1.1813	123.001	0	-2.41102	235.999	0	0.000709529	9757
LOKI	-2.66316e-07	1.33238	1.92792	-5.99211e-06	-0.986099	0.00581785	0.000104379	3.11109	-2.17639	0.00118719	-0.00325581	0.00216926	180	0	0.0695858	256.34	-1.7395e-05	1555.55	200.462	0	-1088.19	180	0	1.17253	123.001	0	-2.411	235.999	0	0.000709969	9793
LOKI	-2.66316e-07	1.33238	1.92792	-5.79238e-06	-0.986099	0.00581785	0.000104351	3.11109	-2.17639	0.00117836	-0.00324015	0.00215882	180	0	0.0695671	256.34	-1.72778e-05	1555.55	200.462	0	-1088.19	180	0	1.16381	123.001	0	-2.3994	235.999	0	0.00070973	9832
LOKI	-2.66316e-07	1.33238	1.92792	-5.79238e-06	-0.986099	0.00581785	0.000104335	3.11109	-2.17639	0.00116961	-0.00324019	0.00215901	180	0	0.069557	256.34	-1.723e-05	1555.55	200.462	0	-1088.19	180	0	1.15517	123.001	0	-2.39952	235.999	0	0.000619833	9873
LOKI	-2.66316e-07	1.33238	1.92792	-5.79238e-06	-0.986099	0.00581785	0.000104334	3.11109	-2.17639	0.00116564	-0.00324019	0.00215901	180	0	0.069556	256.34	-1.72259e-05	1555.55	200.462	0	-1088.19	180	0	1.15125	123.001	0	-2.39952	235.999	0	0.000622089	9909
LOKI	-2.66316e-07	1.33238	1.92792	-5.79238e-06	-0.986099	0.00581785	0.000104311	3.11109	-2.17639	0.00116091	-0.00324019	0.00215901	180	0	0.0695409	256.34	-1.72201e-05	1555.55	200.462	0	-1088.19	180	0	1.14657	123.001	0	-2.39952	235.999	0	0.000620775	9945
LOKI	-2.66316e-07	1.33238	1.92792	-5.79238e-06	-0.986099	0.00581785	0.000104308	3.11109	-2.17639	0.00115229	-0.00324019	0.00215901	180	0	0.069539	256.34	-1.72232e-05	1555.55	200.462	0	-1088.19	180	0	1.13807	123.001	0	-2.39952	235.999	0	0.000620966	9985
LOKI	-2.66316e-07	1.33238	1.92792	-5.79238e-06	-0.986099	0.00581776	0.000104287	3.11109	-2.17639	0.00114373	-0.00322466	0.00214866	180	0	0.0695249	256.34	-1.72471e-05	1555.55	200.462	0	-1088.19	180	0	1.12961	123.001	0	-2.38802	235.999	0	0.000621054	10026
LOKI	-2.66316e-07	1.33238	1.92792	-5.59264e-06	-0.986099	0.00581776	0.000104266	3.11109	-2.17639	0.00113522	-0.00322467	0.00214866	180	0	0.0695105	256.34	-1.72258e-05	1555.55	200.462	0	-1088.19	180	0	1.12121	123.001	0	-2.38802	235.999	0	0.000620214	10063
LOKI	-2.66316e-07	1.33238	1.92792	-5.59264e-06	-0.986099	0.00581776	0.000104262	3.11109	-2.17639	0.0011268	-0.00322467	0.00214866	180	0	0.0695079	256.34	-1.72283e-05	1555.55	200.462	0	-1088.19	180	0	1.11289	123.001	0	-2.38803	235.999	0	0.000621836	10102
LOKI	-2.66316e-07	1.33238	1.92792	-5.59264e-06	-0.986099	0.00581776	0.000104262	3.11109	-2.17639	0.0011268	-0.00322467	0.00214866	180	0	0.0695079	256.34	-1.72283e-05	1555.55	200.462	0	-1088.19	180	0	1.11289	123.001	0	-2.38803	235.999	0	0.000621836	10141
LOKI	-2.66316e-07	1.33238	1.92792	-5.59264e-06	-0.986099	0.00581781	0.000104238	3.11112	-2.17639	0.00111842	-0.00320902	0.00213823	180	0	0.0694919	256.34	-1.55975e-05	1555.56	200.462	0	-1088.19	180	0	1.10461	123.001	0	-2.37643	235.999	0	0.000620934	10182
LOKI	-2.66316e-07	1.33238	1.92792	-5.59264e-06	-0.986099	0.00581781	0.000104232	3.11112	-2.17639	0.00111011	-0.00320914	0.00213831	180	0	0.069488	256.34	-1.54184e-05	1555.56	200.462	0	-1088.19	180	0	1.09641	123.001	0	-2.37652	235.999	0	0.000620568	10216
LOKI	-2.66316e-07	1.33238	1.92792	-5.59264e-06	-0.986099	0.00581781	0.000104219	3.11112	-2.17639	0.00110186	-0.00320903	0.0021384	180	0	0.0694792	256.34	-1.54015e-05	1555.56	200.462	0	-1088.19	180	0	1.08826	123.001	0	-2.37653	235.999	0	0.000532417	10256
LOKI	-2.66316e-07	1.33238	1.92792	-5.3929e-06	-0.986099	0.00581781	0.0001042	3.11112	-2.17639	0.00109367	-0.00320903	0.0021384	180	0	0.0694664	256.34	-1.53991e-05	1555.56	200.462	0	-1088.19	180	0	1.08017	123.001	0	-2.37653	235.999	0	0.000532223	10294
LOKI	-2.66316e-07	1.33238	1.92792	-5.3929e-06	-0.986099	0.00581781	0.0001042	3.11112	-2.17639	0.00109367	-0.00320903	0.0021384	180	0	0.0694664	256.34	-1.53991e-05	1555.56	200.462	0	-1088.19	180	0	1.08017	123.001	0	-2.37653	235.999	0	0.000532223	10328
LOKI	-2.66316e-07	1.33238	1.92792	-5.3929e-06	-0.986099	0.00581781	0.000104196	3.11112	-2.17639	0.00108555	-0.00319347	0.00212802	180	0	0.0694638	256.34	-1.54417e-05	1555.56	200.462	0	-1088.19	180	0	1.07215	123.001	0	-2.365	235.999	0	0.000532768	10364
LOKI	-2.66316e-07	1.33238	1.92792	-5.3929e-06	-0.986099	0.00581781	0.000104181	3.11112	-2.17639	0.00107748	-0.00319351	0.00212805	180	0	0.0694539	256.34	-1.54077e-05	1555.56	200.462	0	-1088.19	180	0	1.06418	123.001	0	-2.36503	235.999	0	0.000532927	10399
LOKI	-2.66316e-07	1.33238	1.92792	-5.3929e-06	-0.986099	0.00581781	0.000104174	3.11112	-2.17639	0.00106948	-0.00319351	0.00212805	180	0	0.0694493	256.34	-1.54055e-05	1555.56	200.462	0	-1088.19	180	0	1.05627	123.001	0	-2.36503	235.999	0	0.000532873	10442
LOKI	-2.66316e-07	1.33238	1.92792	-5.3929e-06	-0.986099	0.00581781	0.000104174	3.11112	-2.17639	0.00106948	-0.00319351	0.00212805	180	0	0.0694493	256.34	-1.54055e-05	1555.56	200.462	0	-1088.19	180	0	1.05627	123.001	0	-2.36503	235.999	0	0.000532873	10482
LOKI	-2.66316e-07	1.33238	1.92792	-5.3929e-06	-0.986099	0.00581781	0.00010416	3.11112	-2.17639	0.00106153	-0.00319351	0.00212805	180	0	0.0694401	256.34	-1.54054e-05	1555.56	200.462	0	-1088.19	180	0	1.04842	123.001	0	-2.36503	235.999	0	0.000532987	10523
LOKI	-2.66316e-07	1.33238	1.92792	-5.19316e-06	-0.986099	0.00581785	0.000104154	3.11112	-2.17639	0.00105364	-0.00317796	0.00211768	180	0	0.0694357	256.34	-1.54458e-05	1555.56	200.462	0	-1088.19	180	0	1.04063	123.001	0	-2.35351	235.999	0	0.000533433	10562
LOKI	-2.66316e-07	1.33238	1.92792	-5.19316e-06	-0.986099	0.00581785	0.000104145	3.11116	-2.17639	0.00104581	-0.00317797	0.00211769	180	0	0.06943	256.34	-1.3673e-05	1555.58	200.462	0	-1088.19	180	0	1.0329	123.001	0	-2.35352	235.999	0	0.000532632	10604
LOKI	-2.66316e-07	1.33238	1.92792	-5.19316e-06	-0.986099	0.00581785	0.000104138	3.11116	-2.17639	0.0010417	-0.00317798	0.0021177	180	0	0.069425	256.34	-1.36068e-05	1555.58	200.462	0	-1088.19	180	0	1.02884	123.001	0	-2.35353	235.999	0	0.000532948	10644
LOKI	-2.66316e-07	1.33238	1.92792	-5.19316e-06	-0.986099	0.00581785	0.000104136	3.11116	-2.17639	0.00103804	-0.00317799	0.0021177	180	0	0.0694243	256.34	-1.35878e-05	1555.58	200.462	0	-1088.19	180	0	1.02522	123.001	0	-2.35353	235.999	0	0.000532984	10683
LOKI	-2.66316e-07	1.33238	1.92792	-5.19316e-06	-0.986099	0.00581785	0.000104124	3.11116	-2.17639	0.00103031	-0.00317787	0.00211778	180	0	0.0694163	256.34	-1.35795e-05	1555.58	200.462	0	-1088.19	180	0	1.01759	123.001	0	-2.35353	235.999	0	0.000443686	10718
LOKI	-1.86421e-06	1.33238	1.92792	-6.19185e-06	-0.986099	0.00581772	0.00161228	3.11126	-2.1765	0.00165377	-0.00314076	0.00208418	180	0	1.07486	256.34	-0.000149503	1555.63	200.462	0	-1088.25	180	0	1.63335	123.001	0	-2.32112	235.999	0	0.00536435	10758
LOKI	-2.66316e-06	1.33238	1.92792	-6.39159e-06	-0.986099	0.00581776	0.000592953	3.1111	-2.17634	0.00107307	-0.00311565	0.00215518	180	0	0.395302	256.34	0.000154569	1555.55	200.462	0	-1088.17	180	0	1.05982	123.001	0	-2.35127	235.999	0	-0.0433761	10795
LOKI	-1.5979e-06	1.33238	1.92792	-5.59264e-06	-0.986099	0.0058179	-0.000552362	3.11105	-2.17624	0.000660442	-0.00315341	0.00216642	180	0	-0.368241	256.34	0.000195798	1555.52	200.462	0	-1088.12	180	0	0.652288	123.001	0	-2.3715	235.999	0	-0.0356385	10839
LOKI	-1.5979e-06	1.33238	1.92792	-5.59264e-06	-0.986099	0.0058179	-0.000552362	3.11105	-2.17624	0.000660442	-0.00315341	0.00216642	180	0	-0.368241	256.34	0.000195798	1555.52	200.462	0	-1088.12	180	0	0.652288	123.001	0	-2.3715	235.999	0	-0.0356385	10873
LOKI	2.66316e-07	1.33238	1.92792	-4.59395e-06	-0.986099	0.0058179	-0.00097312	3.1111	-2.17629	0.000576114	-0.00317122	0.0021389	180	0	-0.648747	256.34	3.94561e-05	1555.55	200.462	0	-1088.15	180	0	0.569001	123.001	0	-2.3628	235.999	0	-0.0137526	10912
LOKI	1.33158e-06	1.33238	1.92792	-3.99474e-06	-0.986099	0.0058179	-0.000754939	3.11118	-2.17641	0.000712532	-0.00314801	0.00209344	180	0	-0.503293	256.34	-0.000115501	1555.59	200.462	0	-1088.2	180	0	0.703735	123.001	0	-2.32895	235.999	0	0.00290865	10949
LOKI	1.5979e-06	1.33238	1.92792	-3.99474e-06	-0.986099	0.00581785	-0.000272006	3.11123	-2.17647	0.000906934	-0.0031461	0.00208244	180	0	-0.181337	256.34	-0.000156328	1555.61	200.462	0	-1088.23	180	0	0.895737	123.001	0	-2.32213	235.999	0	0.00831501	10981
LOKI	1.33158e-06	1.33238	1.92792	-4.19448e-06	-0.986099	0.00581781	3.02701e-06	3.11125	-2.17645	0.00100132	-0.00313358	0.00207626	180	0	0.002018	256.34	-0.000129092	1555.62	200.462	0	-1088.23	180	0	0.988962	123.001	0	-2.31406	235.999	0	0.00710888	11024
LOKI	1.06526e-06	1.33238	1.92792	-4.39422e-06	-0.986099	0.00581781	8.73987e-05	3.11122	-2.17643	0.000992654	-0.00312883	0.00209072	180	0	0.0582658	256.34	-7.51849e-05	1555.61	200.462	0	-1088.21	180	0	0.980399	123.001	0	-2.32034	235.999	0	-0.00268458	11060
LOKI	1.06526e-06	1.33238	1.92792	-4.19448e-06	-0.986099	0.00581781	-0.000393969	3.11113	-2.17633	0.000744317	-0.00314941	0.00212044	180	0	-0.262646	256.34	9.13629e-05	1555.57	200.462	0	-1088.17	180	0	0.735128	123.001	0	-2.34447	235.999	0	-0.0115748	11093
LOKI	1.33158e-06	1.33238	1.92792	-3.99474e-06	-0.986099	0.00581781	-0.00035868	3.11112	-2.17632	0.000818438	-0.00316938	0.00209829	180	0	-0.23912	256.34	4.38193e-05	1555.56	200.462	0	-1088.16	180	0	0.808334	123.001	0	-2.33956	235.999	0	0.00812704	11134
LOKI	1.06526e-06	1.33238	1.92792	-4.19448e-06	-0.986099	0.00581776	2.2912e-06	3.11117	-2.17636	0.000971018	-0.0031642	0.00208206	180	0	0.00152747	256.34	-3.36731e-05	1555.58	200.462	0	-1088.18	180	0	0.95903	123.001	0	-2.32863	235.999	0	0.0152259	11173
LOKI	5.32632e-07	1.33238	1.92792	-4.59395e-06	-0.986099	0.00581781	0.000322889	3.11121	-2.17641	0.00107343	-0.00313921	0.00207	180	0	0.215259	256.34	-5.76927e-05	1555.61	200.462	0	-1088.21	180	0	1.06017	123.001	0	-2.31267	235.999	0	0.0126677	11213
LOKI	5.32632e-07	1.33238	1.92792	-4.59395e-06	-0.986099	0.00581781	0.000322889	3.11121	-2.17641	0.00107343	-0.00313921	0.00207	180	0	0.215259	256.34	-5.76927e-05	1555.61	200.462	0	-1088.21	180	0	1.06017	123.001	0	-2.31267	235.999	0	0.0126677	11254
LOKI	-2.66316e-07	1.33238	1.92792	-4.79369e-06	-0.986099	0.00581781	0.000451388	3.1112	-2.1764	0.00110108	-0.00313799	0.00207491	180	0	0.300925	256.34	-3.90114e-05	1555.6	200.462	0	-1088.2	180	0	1.08749	123.001	0	-2.31495	235.999	0	0.00948796	11286
LOKI	-7.98948e-07	1.33238	1.92792	-4.99343e-06	-0.986099	0.00581776	0.000643373	3.11121	-2.17641	0.00120388	-0.00314745	0.00206603	180	0	0.428916	256.34	-5.31007e-05	1555.6	200.462	0	-1088.2	180	0	1.18902	123.001	0	-2.31351	235.999	0	0.0179284	11324
LOKI	-1.5979e-06	1.33238	1.92792	-5.3929e-06	-0.986099	0.00581781	0.000791104	3.11122	-2.1764	0.00120452	-0.00311438	0.0020724	180	0	0.527403	256.34	-2.32665e-05	1555.61	200.462	0	-1088.2	180	0	1.18965	123.001	0	-2.30481	235.999	0	0.00213857	11367
LOKI	-1.86421e-06	1.33238	1.92792	-5.3929e-06	-0.986099	0.00581785	0.00040565	3.11119	-2.17636	0.00100914	-0.00311228	0.00209228	180	0	0.270433	256.34	4.70543e-05	1555.59	200.462	0	-1088.18	180	0	0.99668	123.001	0	-2.31507	235.999	0	-0.00968388	11403
LOKI	-1.86421e-06	1.33238	1.92792	-5.3929e-06	-0.986099	0.00581785	0.000420584	3.11119	-2.17636	0.00101563	-0.00311221	0.00209192	180	0	0.280389	256.34	4.70543e-05	1555.59	200.462	0	-1088.18	180	0	1.00309	123.001	0	-2.31485	235.999	0	-0.00950999	11441
LOKI	-1.33158e-06	1.33238	1.92792	-4.99343e-06	-0.986099	0.00581785	-2.35475e-05	3.11115	-2.17635	0.000841712	-0.00311428	0.00209371	180	0	-0.0156983	256.34	5.26869e-05	1555.58	200.462	0	-1088.18	180	0	0.831321	123.001	0	-2.31661	235.999	0	-0.00973583	11472
LOKI	-5.32632e-07	1.33238	1.92792	-4.59395e-06	-0.986099	0.00581785	-0.000531889	3.11115	-2.17632	0.000589998	-0.00311404	0.00211664	180	0	-0.354593	256.34	6.23395e-05	1555.57	200.462	0	-1088.16	180	0	0.582714	123.001	0	-2.32926	235.999	0	-0.0225593	11508
LOKI	5.32632e-07	1.33238	1.92792	-3.99474e-06	-0.986099	0.00581785	-0.00072563	3.11119	-2.17636	0.000568245	-0.00312189	0.00209349	180	0	-0.483753	256.34	-1.24602e-05	1555.59	200.462	0	-1088.18	180	0	0.56123	123.001	0	-2.3193	235.999	0	-0.00679516	11546
LOKI	1.33158e-06	1.33238	1.92792	-3.39553e-06	-0.986099	0.00581785	-0.00069299	3.11121	-2.17638	0.000585243	-0.00310662	0.00207289	180	0	-0.461994	256.34	-5.1012e-05	1555.6	200.462	0	-1088.19	180	0	0.578018	123.001	0	-2.3022	235.999	0	-0.00100292	11587
LOKI	1.33158e-06	1.33238	1.92792	-3.39553e-06	-0.986099	0.00581785	-0.00069299	3.11121	-2.17638	0.000585243	-0.00310662	0.00207289	180	0	-0.461994	256.34	-5.1012e-05	1555.6	200.462	0	-1088.19	180	0	0.578018	123.001	0	-2.3022	235.999	0	-0.00100292	11628
LOKI	1.5979e-06	1.33238	1.92792	-3.39553e-06	-0.986099	0.00581785	-0.000396702	3.11122	-2.17642	0.000719864	-0.00311614	0.00206037	180	0	-0.264468	256.34	-7.5263e-05	1555.61	200.462	0	-1088.21	180	0	0.710977	123.001	0	-2.29878	235.999	0	0.0094748	11664
LOKI	1.33158e-06	1.33238	1.92792	-3.59527e-06	-0.986099	0.00581785	3.65435e-05	3.11125	-2.17642	0.000884408	-0.00310759	0.00204741	180	0	0.0243623	256.34	-6.31053e-05	1555.62	200.462	0	-1088.21	180	0	0.873489	123.001	0	-2.28841	235.999	0	0.0135093	11708
LOKI	5.32632e-07	1.33238	1.92792	-3.99474e-06	-0.986099	0.00581785	0.000405764	3.11123	-2.1764	0.00100603	-0.00311225	0.00205352	180	0	0.27051	256.34	-2.52317e-05	1555.61	200.462	0	-1088.2	180	0	0.993609	123.001	0	-2.29353	235.999	0	0.0118414	11745
LOKI	5.32632e-07	1.33238	1.92792	-3.99474e-06	-0.986099	0.00581785	0.000405764	3.11123	-2.1764	0.00100603	-0.00311225	0.00205352	180	0	0.27051	256.34	-2.52317e-05	1555.61	200.462	0	-1088.2	180	0	0.993609	123.001	0	-2.29353	235.999	0	0.0118414	11785
LOKI	-2.66316e-07	1.33238	1.92792	-4.39422e-06	-0.986099	0.00581785	0.000603381	3.11121	-2.17638	0.00105463	-0.00311339	0.00206251	180	0	0.402254	256.34	1.30242e-05	1555.6	200.462	0	-1088.19	180	0	1.04161	123.001	0	-2.29895	235.999	0	0.00726974	11824
LOKI	-1.06526e-06	1.33238	1.92792	-4.79369e-06	-0.9861	0.00581776	0.000825207	3.11122	-2.17639	0.00119012	-0.00312839	0.00204637	180	0	0.550138	256.34	-2.0779e-05	1555.61	200.462	0	-1088.19	180	0	1.17543	123.001	0	-2.29554	235.999	0	0.0217878	11861
LOKI	-2.13053e-06	1.33238	1.92792	-5.19316e-06	-0.9861	0.00581776	0.0010017	3.11121	-2.17639	0.00116914	-0.00308121	0.00205829	180	0	0.667798	256.34	-3.44472e-06	1555.61	200.462	0	-1088.19	180	0	1.15471	123.001	0	-2.28468	235.999	0	-0.0023059	11904
LOKI	-2.13053e-06	1.33238	1.92792	-5.19316e-06	-0.9861	0.00581776	0.000513746	3.11118	-2.17635	0.000938634	-0.00307838	0.00207566	180	0	0.342497	256.34	5.49449e-05	1555.59	200.462	0	-1088.18	180	0	0.927046	123.001	0	-2.29329	235.999	0	-0.0130066	11939
LOKI	-2.13053e-06	1.33238	1.92792	-5.19316e-06	-0.9861	0.00581776	0.000513746	3.11118	-2.17635	0.000938634	-0.00307838	0.00207566	180	0	0.342497	256.34	5.49449e-05	1555.59	200.462	0	-1088.18	180	0	0.927046	123.001	0	-2.29329	235.999	0	-0.0130066	11976
LOKI	-1.86421e-06	1.33238	1.92792	-4.79369e-06	-0.986099	0.00581785	6.50307e-05	3.11119	-2.17636	0.000774899	-0.00309443	0.00208176	180	0	0.0433538	256.34	3.45903e-05	1555.6	200.462	0	-1088.18	180	0	0.765332	123.001	0	-2.30262	235.999	0	-0.0104477	12017
LOKI	-1.06526e-06	1.33238	1.92792	-4.39422e-06	-0.986099	0.00581785	-0.000164147	3.11122	-2.17636	0.000707172	-0.00309324	0.00206938	180	0	-0.109432	256.34	-1.92554e-05	1555.61	200.462	0	-1088.18	180	0	0.698442	123.001	0	-2.2953	235.999	0	-0.00401258	12054
LOKI	-2.66316e-07	1.33238	1.92792	-3.99474e-06	-0.9861	0.0058179	-0.000153813	3.11124	-2.17641	0.00072956	-0.00307821	0.00204768	180	0	-0.102542	256.34	-6.12544e-05	1555.62	200.462	0	-1088.21	180	0	0.720553	123.001	0	-2.27768	235.999	0	0.00247726	12086
LOKI	0	1.33238	1.92792	-3.99474e-06	-0.9861	0.0058179	-7.53897e-06	3.11128	-2.17642	0.000790869	-0.0030815	0.00204428	180	0	-0.00502598	256.34	-6.2555e-05	1555.64	200.462	0	-1088.21	180	0	0.781105	123.001	0	-2.27701	235.999	0	0.00558702	12127
LOKI	0	1.33238	1.92792	-3.99474e-06	-0.9861	0.0058179	-7.53897e-06	3.11128	-2.17642	0.000790869	-0.0030815	0.00204428	180	0	-0.00502598	256.34	-6.2555e-05	1555.64	200.462	0	-1088.21	180	0	0.781105	123.001	0	-2.27701	235.999	0	0.00558702	12162
LOKI	-2.66316e-07	1.33238	1.92792	-3.99474e-06	-0.9861	0.00581781	0.000145419	3.11126	-2.1764	0.000841327	-0.0030708	0.002038	180	0	0.096946	256.34	-2.99179e-05	1555.63	200.462	0	-1088.2	180	0	0.830941	123.001	0	-2.26956	235.999	0	0.00511015	12192
LOKI	-2.66316e-07	1.33238	1.92792	-3.99474e-06	-0.9861	0.00581781	0.000225211	3.11124	-2.17638	0.000857302	-0.00307509	0.00204508	180	0	0.150141	256.34	9.00415e-06	1555.62	200.462	0	-1088.19	180	0	0.846718	123.001	0	-2.27508	235.999	0	0.00276519	12237
LOKI	-5.32632e-07	1.33238	1.92792	-3.99474e-06	-0.9861	0.00581781	0.000221341	3.11123	-2.17637	0.000841689	-0.00307622	0.00205021	180	0	0.147561	256.34	3.09889e-05	1555.61	200.462	0	-1088.18	180	0	0.831297	123.001	0	-2.27835	235.999	0	0.00033519	12275
LOKI	-5.32632e-07	1.33238	1.92792	-3.99474e-06	-0.9861	0.00581781	0.000221341	3.11123	-2.17637	0.000841689	-0.00307622	0.00205021	180	0	0.147561	256.34	3.09889e-05	1555.61	200.462	0	-1088.18	180	0	0.831297	123.001	0	-2.27835	235.999	0	0.00033519	12307
LOKI	-5.32632e-07	1.33238	1.92792	-3.99474e-06	-0.9861	0.00581781	0.00016695	3.11123	-2.17637	0.000811024	-0.00307424	0.00205122	180	0	0.1113	256.34	2.80773e-05	1555.61	200.462	0	-1088.18	180	0	0.801011	123.001	0	-2.27817	235.999	0	-0.000959754	12351
LOKI	-5.32632e-07	1.33238	1.92792	-3.99474e-06	-0.9861	0.00581781	8.08733e-05	3.11121	-2.17638	0.000763005	-0.00306829	0.00205183	180	0	0.0539155	256.34	1.30104e-05	1555.6	200.462	0	-1088.19	180	0	0.753585	123.001	0	-2.27631	235.999	0	-0.00350208	12392
LOKI	-2.66316e-07	1.33238	1.92792	-3.795e-06	-0.9861	0.00581781	1.42174e-06	3.11122	-2.17639	0.000737556	-0.00306814	0.00204631	180	0	0.000947828	256.34	-1.10015e-05	1555.61	200.462	0	-1088.19	180	0	0.72845	123.001	0	-2.27319	235.999	0	-0.000492803	12433
LOKI	-2.66316e-07	1.33238	1.92792	-3.795e-06	-0.9861	0.00581781	3.75455e-05	3.11126	-2.1764	0.000755758	-0.003067	0.00204063	180	0	0.0250303	256.34	-3.44224e-05	1555.63	200.462	0	-1088.2	180	0	0.746428	123.001	0	-2.26961	235.999	0	0.00223891	12472
LOKI	-2.66316e-07	1.33238	1.92792	-3.795e-06	-0.9861	0.00581781	0.000106026	3.11126	-2.1764	0.000777705	-0.00306697	0.00203978	180	0	0.070684	256.34	-3.597e-05	1555.63	200.462	0	-1088.2	180	0	0.768104	123.001	0	-2.26912	235.999	0	0.00270713	12513
LOKI	-2.66316e-07	1.33238	1.92792	-3.795e-06	-0.9861	0.00581781	0.000106026	3.11126	-2.1764	0.000777705	-0.00306697	0.00203978	180	0	0.070684	256.34	-3.597e-05	1555.63	200.462	0	-1088.2	180	0	0.768104	123.001	0	-2.26912	235.999	0	0.00270713	12555
LOKI	-2.66316e-07	1.33238	1.92792	-3.795e-06	-0.9861	0.00581781	0.000155742	3.11126	-2.1764	0.000788231	-0.00306873	0.00204214	180	0	0.103828	256.34	-2.0987e-05	1555.63	200.462	0	-1088.2	180	0	0.7785	123.001	0	-2.27109	235.999	0	0.00204353	12591
LOKI	-2.66316e-07	1.33238	1.92792	-3.795e-06	-0.9861	0.00581781	0.000170674	3.11125	-2.17639	0.000784614	-0.00305518	0.00203492	180	0	0.113783	256.34	-3.36178e-06	1555.62	200.462	0	-1088.19	180	0	0.774927	123.001	0	-2.26206	235.999	0	0.0010388	12635
LOKI	-5.32632e-07	1.33238	1.92792	-3.795e-06	-0.9861	0.00581781	0.000157915	3.11124	-2.17638	0.000771647	-0.00305603	0.0020369	180	0	0.105277	256.34	6.13456e-06	1555.62	200.462	0	-1088.19	180	0	0.76212	123.001	0	-2.26348	235.999	0	0.000251666	12662
LOKI	-5.32632e-07	1.33238	1.92792	-3.795e-06	-0.9861	0.00581781	0.000157915	3.11124	-2.17638	0.000771647	-0.00305603	0.0020369	180	0	0.105277	256.34	6.13456e-06	1555.62	200.462	0	-1088.19	180	0	0.76212	123.001	0	-2.26348	235.999	0	0.000251666	12697
LOKI	-5.32632e-07	1.33238	1.92792	-3.795e-06	-0.9861	0.00581781	0.000134223	3.11124	-2.17638	0.000756415	-0.0030556	0.00203706	180	0	0.0894817	256.34	4.89637e-06	1555.62	200.462	0	-1088.19	180	0	0.747076	123.001	0	-2.2634	235.999	0	5.71992e-06	12737
LOKI	-5.32632e-07	1.33238	1.92792	-3.795e-06	-0.9861	0.00581781	0.000114522	3.11125	-2.17638	0.000744153	-0.00305447	0.00203593	180	0	0.0763481	256.34	-2.89982e-06	1555.62	200.462	0	-1088.19	180	0	0.734966	123.001	0	-2.26236	235.999	0	0.000213323	12767
LOKI	-2.66316e-07	1.33238	1.92792	-3.59527e-06	-0.9861	0.00581781	0.000105859	3.11125	-2.17639	0.000736637	-0.00305331	0.00203466	180	0	0.0705726	256.34	-1.09804e-05	1555.63	200.462	0	-1088.19	180	0	0.727543	123.001	0	-2.26122	235.999	0	0.000490076	12795
LOKI	-2.66316e-07	1.33238	1.92792	-3.59527e-06	-0.9861	0.00581781	0.000107469	3.11125	-2.17639	0.000732841	-0.00305287	0.00203385	180	0	0.0716463	256.34	-1.50643e-05	1555.63	200.462	0	-1088.2	180	0	0.723794	123.001	0	-2.26061	235.999	0	0.000777457	12837
LOKI	-2.66316e-07	1.33238	1.92792	-3.59527e-06	-0.9861	0.00581781	0.000109032	3.11125	-2.17639	0.000732141	-0.00305284	0.00203379	180	0	0.072688	256.34	-1.52752e-05	1555.63	200.462	0	-1088.2	180	0	0.723102	123.001	0	-2.26056	235.999	0	0.000795411	12877
LOKI	-2.66316e-07	1.33238	1.92792	-3.59527e-06	-0.9861	0.00581781	0.000114231	3.11125	-2.17639	0.000730455	-0.00305308	0.00203382	180	0	0.0761543	256.34	-1.43302e-05	1555.63	200.462	0	-1088.2	180	0	0.721437	123.001	0	-2.26067	235.999	0	0.000873607	12912
LOKI	-2.66316e-07	1.33238	1.92792	-3.59527e-06	-0.9861	0.00581781	0.000120906	3.11125	-2.17639	0.000727539	-0.0030537	0.00203427	180	0	0.0806037	256.34	-1.07608e-05	1555.63	200.462	0	-1088.19	180	0	0.718557	123.001	0	-2.26115	235.999	0	0.000852492	12951
LOKI	-2.66316e-07	1.33238	1.92792	-3.59527e-06	-0.9861	0.00581785	0.000124394	3.11125	-2.17639	0.000723198	-0.00303866	0.00202447	180	0	0.0829296	256.34	-7.0966e-06	1555.62	200.462	0	-1088.19	180	0	0.714269	123.001	0	-2.25013	235.999	0	0.000723949	12988
LOKI	-2.66316e-07	1.33238	1.92792	-3.59527e-06	-0.9861	0.00581785	0.000124301	3.11128	-2.17639	0.000717561	-0.00303898	0.00202482	180	0	0.0828673	256.34	-3.36525e-06	1555.64	200.462	0	-1088.19	180	0	0.708702	123.001	0	-2.25045	235.999	0	0.000645024	13015
LOKI	-2.66316e-07	1.33238	1.92792	-3.59527e-06	-0.9861	0.00581785	0.000124301	3.11128	-2.17639	0.000717561	-0.00303898	0.00202482	180	0	0.0828673	256.34	-3.36525e-06	1555.64	200.462	0	-1088.19	180	0	0.708702	123.001	0	-2.25045	235.999	0	0.000645024	13049
LOKI	-2.66316e-07	1.33238	1.92792	-3.59527e-06	-0.9861	0.00581785	0.00012198	3.11128	-2.17639	0.000711251	-0.00303884	0.00202493	180	0	0.0813198	256.34	-3.43815e-06	1555.64	200.462	0	-1088.19	180	0	0.70247	123.001	0	-2.25046	235.999	0	0.000533489	13082
LOKI	-2.66316e-07	1.33238	1.92792	-3.59527e-06	-0.9861	0.00581785	0.000119274	3.11128	-2.17639	0.000705039	-0.00303861	0.00202473	180	0	0.0795161	256.34	-4.91702e-06	1555.64	200.462	0	-1088.19	180	0	0.696334	123.001	0	-2.25026	235.999	0	0.000561978	13116
LOKI	-2.66316e-07	1.33238	1.92792	-3.39553e-06	-0.9861	0.00581785	0.000117414	3.11128	-2.17639	0.000699288	-0.00303824	0.00202457	180	0	0.0782762	256.34	-6.54136e-06	1555.64	200.462	0	-1088.19	180	0	0.690655	123.001	0	-2.25003	235.999	0	0.000514822	13150
LOKI	-2.66316e-07	1.33238	1.92792	-3.39553e-06	-0.9861	0.00581785	0.000116744	3.11128	-2.17639	0.000694045	-0.0030381	0.00202441	180	0	0.0778297	256.34	-7.48272e-06	1555.64	200.462	0	-1088.19	180	0	0.685476	123.001	0	-2.24989	235.999	0	0.000547705	13190
LOKI	-2.66316e-07	1.33238	1.92792	-3.39553e-06	-0.9861	0.00581785	0.000117019	3.11128	-2.17639	0.000689037	-0.00303809	0.00202438	180	0	0.0780127	256.34	-7.56768e-06	1555.64	200.462	0	-1088.19	180	0	0.68053	123.001	0	-2.24988	235.999	0	0.000562088	13222
LOKI	-2.66316e-07	1.33238	1.92792	-3.39553e-06	-0.9861	0.00581785	0.000116999	3.11128	-2.17639	0.000689143	-0.00303809	0.00202439	180	0	0.0779996	256.34	-7.55261e-06	1555.64	200.462	0	-1088.19	180	0	0.680635	123.001	0	-2.24988	235.999	0	0.000559745	13255
LOKI	-2.66316e-07	1.33238	1.92792	-3.39553e-06	-0.9861	0.00581785	0.000117582	3.11128	-2.17639	0.000684346	-0.00303818	0.00202445	180	0	0.0783877	256.34	-7.01696e-06	1555.64	200.462	0	-1088.19	180	0	0.675897	123.001	0	-2.24995	235.999	0	0.000556172	13303
LOKI	-2.66316e-07	1.33238	1.92792	-3.39553e-06	-0.9861	0.00581785	0.000117961	3.11128	-2.17639	0.000679444	-0.00303829	0.00202455	180	0	0.0786408	256.34	-6.32414e-06	1555.64	200.462	0	-1088.19	180	0	0.671056	123.001	0	-2.25005	235.999	0	0.0005407	13336
LOKI	-2.66316e-07	1.33238	1.92792	-3.39553e-06	-0.9861	0.00581776	0.00011797	3.11128	-2.17639	0.000674429	-0.0030228	0.00201425	180	0	0.0786467	256.34	-5.91223e-06	1555.64	200.462	0	-1088.19	180	0	0.666103	123.001	0	-2.23858	235.999	0	0.000528503	13370
LOKI	-2.66316e-07	1.33238	1.92792	-3.39553e-06	-0.9861	0.00581776	0.00011797	3.11128	-2.17639	0.000674429	-0.0030228	0.00201425	180	0	0.0786467	256.34	-5.91223e-06	1555.64	200.462	0	-1088.19	180	0	0.666103	123.001	0	-2.23858	235.999	0	0.000528503	13410
LOKI	-2.66316e-07	1.33238	1.92792	-3.39553e-06	-0.9861	0.00581776	0.000117642	3.11128	-2.17639	0.000669332	-0.00302285	0.00201429	180	0	0.0784277	256.34	-5.77672e-06	1555.64	200.462	0	-1088.19	180	0	0.661069	123.001	0	-2.23863	235.999	0	0.000523214	13450
LOKI	-2.66316e-07	1.33238	1.92792	-3.19579e-06	-0.9861	0.00581776	0.000117204	3.11128	-2.17639	0.000664256	-0.00302283	0.00201427	180	0	0.0781362	256.34	-5.97268e-06	1555.64	200.462	0	-1088.19	180	0	0.656056	123.001	0	-2.2386	235.999	0	0.000525744	13484
LOKI	-2.66316e-07	1.33238	1.92792	-3.19579e-06	-0.9861	0.00581776	0.000116756	3.11128	-2.17639	0.000659207	-0.00302278	0.00201424	180	0	0.0778372	256.34	-6.24554e-06	1555.64	200.462	0	-1088.19	180	0	0.651069	123.001	0	-2.23857	235.999	0	0.000526847	13518
LOKI	-2.66316e-07	1.33238	1.92792	-3.19579e-06	-0.9861	0.00581776	0.000116756	3.11128	-2.17639	0.000659207	-0.00302278	0.00201424	180	0	0.0778372	256.34	-6.24554e-06	1555.64	200.462	0	-1088.19	180	0	0.651069	123.001	0	-2.23857	235.999	0	0.000526847	13556
LOKI	-2.66316e-07	1.33238	1.92792	-3.19579e-06	-0.9861	0.00581776	0.000116453	3.11128	-2.17639	0.000654275	-0.00302262	0.00201429	180	0	0.0776354	256.34	-6.44117e-06	1555.64	200.462	0	-1088.19	180	0	0.646197	123.001	0	-2.23854	235.999	0	0.000442124	13594
LOKI	-2.66316e-07	1.33238	1.92792	-3.19579e-06	-0.9861	0.00581776	0.000116262	3.11128	-2.17639	0.000649409	-0.00302262	0.00201427	180	0	0.0775079	256.34	-6.50311e-06	1555.64	200.462	0	-1088.19	180	0	0.641391	123.001	0	-2.23853	235.999	0	0.000447356	13628
LOKI	-2.66316e-07	1.33238	1.92792	-3.19579e-06	-0.9861	0.00581776	0.000116135	3.11128	-2.17639	0.000644577	-0.00302262	0.00201428	180	0	0.0774236	256.34	-6.44249e-06	1555.64	200.462	0	-1088.19	180	0	0.636619	123.001	0	-2.23853	235.999	0	0.000443348	13666
LOKI	-2.66316e-07	1.33238	1.92792	-3.19579e-06	-0.9861	0.00581776	0.000116053	3.11128	-2.17639	0.000639821	-0.00302264	0.00201429	180	0	0.0773686	256.34	-6.36721e-06	1555.64	200.462	0	-1088.19	180	0	0.631922	123.001	0	-2.23855	235.999	0	0.000446428	13707
LOKI	-2.66316e-07	1.33238	1.92792	-3.19579e-06	-0.9861	0.00581776	0.000115929	3.11128	-2.17639	0.000635056	-0.00302265	0.00201431	180	0	0.077286	256.34	-6.27712e-06	1555.64	200.462	0	-1088.19	180	0	0.627216	123.001	0	-2.23856	235.999	0	0.000442731	13745
LOKI	-2.66316e-07	1.33238	1.92792	-3.19579e-06	-0.9861	0.00581776	0.000115929	3.11128	-2.17639	0.000635056	-0.00302265	0.00201431	180	0	0.077286	256.34	-6.27712e-06	1555.64	200.462	0	-1088.19	180	0	0.627216	123.001	0	-2.23856	235.999	0	0.000442731	13787
LOKI	-2.66316e-07	1.33238	1.92792	-3.19579e-06	-0.9861	0.00581776	0.000115789	3.11128	-2.17639	0.000630334	-0.00302266	0.00201431	180	0	0.0771926	256.34	-6.24054e-06	1555.64	200.462	0	-1088.19	180	0	0.622552	123.001	0	-2.23857	235.999	0	0.000443213	13822
LOKI	-2.66316e-07	1.33238	1.92792	-2.99606e-06	-0.9861	0.00581776	0.000115602	3.11128	-2.17639	0.000625611	-0.00300709	0.00200393	180	0	0.0770681	256.34	-6.2868e-06	1555.64	200.462	0	-1088.19	180	0	0.617887	123.001	0	-2.22703	235.999	0	0.000440578	13850
LOKI	-2.66316e-07	1.33238	1.92792	-2.99606e-06	-0.9861	0.00581776	0.00011542	3.11128	-2.17639	0.00062094	-0.00300713	0.00200396	180	0	0.076947	256.34	-6.29278e-06	1555.64	200.462	0	-1088.19	180	0	0.613275	123.001	0	-2.22706	235.999	0	0.000443271	13890
LOKI	-2.66316e-07	1.33238	1.92792	-2.99606e-06	-0.9861	0.00581776	0.00011528	3.11128	-2.17639	0.000616321	-0.00300713	0.00200395	180	0	0.0768537	256.34	-6.33225e-06	1555.64	200.462	0	-1088.19	180	0	0.608712	123.001	0	-2.22706	235.999	0	0.000444702	13931
LOKI	-2.66316e-07	1.33238	1.92792	-2.99606e-06	-0.9861	0.00581776	0.00011528	3.11128	-2.17639	0.000616321	-0.00300713	0.00200395	180	0	0.0768537	256.34	-6.33225e-06	1555.64	200.462	0	-1088.19	180	0	0.608712	123.001	0	-2.22706	235.999	0	0.000444702	13971
LOKI	-2.66316e-07	1.33238	1.92792	-2.99606e-06	-0.9861	0.00581776	0.00011513	3.11128	-2.17639	0.00061172	-0.00300712	0.00200395	180	0	0.0767531	256.34	-6.34968e-06	1555.64	200.462	0	-1088.19	180	0	0.604168	123.001	0	-2.22705	235.999	0	0.000444456	14010
LOKI	-2.66316e-07	1.33238	1.92792	-2.99606e-06	-0.9861	0.00581776	0.000114993	3.11131	-2.17639	0.000607153	-0.00300708	0.00200392	180	0	0.0766619	256.34	-4.75911e-06	1555.66	200.462	0	-1088.19	180	0	0.599658	123.001	0	-2.22703	235.999	0	0.000443471	14050
LOKI	-2.66316e-07	1.33238	1.92792	-2.99606e-06	-0.9861	0.00581776	0.000114864	3.11131	-2.17639	0.000602622	-0.003007	0.00200403	180	0	0.0765761	256.34	-4.52498e-06	1555.66	200.462	0	-1088.19	180	0	0.595182	123.001	0	-2.22705	235.999	0	0.000353365	14090
LOKI	-2.66316e-07	1.33238	1.92792	-2.99606e-06	-0.9861	0.00581776	0.000114864	3.11131	-2.17639	0.000602622	-0.003007	0.00200403	180	0	0.0765761	256.34	-4.52498e-06	1555.66	200.462	0	-1088.19	180	0	0.595182	123.001	0	-2.22705	235.999	0	0.000353365	14125
LOKI	-2.66316e-07	1.33238	1.92792	-2.99606e-06	-0.9861	0.00581776	0.000114755	3.11131	-2.17639	0.000598139	-0.00300701	0.00200403	180	0	0.0765034	256.34	-4.49785e-06	1555.66	200.462	0	-1088.19	180	0	0.590755	123.001	0	-2.22706	235.999	0	0.000355106	14163
LOKI	-2.66316e-07	1.33238	1.92792	-2.99606e-06	-0.9861	0.00581776	0.000114632	3.11131	-2.17639	0.000593677	-0.00300701	0.00200403	180	0	0.0764212	256.34	-4.48214e-06	1555.66	200.462	0	-1088.19	180	0	0.586347	123.001	0	-2.22706	235.999	0	0.000355213	14196
LOKI	-2.66316e-07	1.33238	1.92792	-2.99606e-06	-0.9861	0.00581776	0.000114509	3.11131	-2.17639	0.000589241	-0.00300701	0.00200404	180	0	0.0763392	256.34	-4.47852e-06	1555.66	200.462	0	-1088.19	180	0	0.581966	123.001	0	-2.22706	235.999	0	0.000353985	14226
LOKI	-2.66316e-07	1.33238	1.92792	-2.79632e-06	-0.9861	0.00581776	0.000114407	3.11131	-2.17639	0.000584854	-0.00300701	0.00200403	180	0	0.0762715	256.34	-4.48606e-06	1555.66	200.462	0	-1088.19	180	0	0.577633	123.001	0	-2.22706	235.999	0	0.0003546	14263
LOKI	-2.66316e-07	1.33238	1.92792	-2.79632e-06	-0.9861	0.00581776	0.000114407	3.11131	-2.17639	0.000584854	-0.00300701	0.00200403	180	0	0.0762715	256.34	-4.48606e-06	1555.66	200.462	0	-1088.19	180	0	0.577633	123.001	0	-2.22706	235.999	0	0.0003546	14304
LOKI	-2.66316e-07	1.33238	1.92792	-2.79632e-06	-0.9861	0.00581776	0.000114289	3.11131	-2.17639	0.000580488	-0.00300701	0.00200403	180	0	0.0761924	256.34	-4.49346e-06	1555.66	200.462	0	-1088.19	180	0	0.573321	123.001	0	-2.22706	235.999	0	0.000355784	14339
LOKI	-2.66316e-07	1.33238	1.92792	-2.79632e-06	-0.9861	0.00581781	0.000114199	3.11131	-2.17639	0.000576165	-0.002991	0.00199336	180	0	0.0761325	256.34	-4.50075e-06	1555.66	200.462	0	-1088.19	180	0	0.569052	123.001	0	-2.2152	235.999	0	0.000355738	14377
LOKI	-2.66316e-07	1.33238	1.92792	-2.79632e-06	-0.9861	0.00581781	0.000114087	3.11131	-2.17639	0.000571854	-0.00299148	0.00199368	180	0	0.0760583	256.34	-4.51148e-06	1555.66	200.462	0	-1088.19	180	0	0.564794	123.001	0	-2.21556	235.999	0	0.000353797	14408
LOKI	-2.66316e-07	1.33238	1.92792	-2.79632e-06	-0.9861	0.00581781	0.000113995	3.11131	-2.17639	0.000567592	-0.00299148	0.00199368	180	0	0.0759968	256.34	-4.49887e-06	1555.66	200.462	0	-1088.19	180	0	0.560584	123.001	0	-2.21556	235.999	0	0.000354563	14436
LOKI	-2.66316e-07	1.33238	1.92792	-2.79632e-06	-0.9861	0.00581781	0.000113995	3.11131	-2.17639	0.000567592	-0.00299148	0.00199368	180	0	0.0759968	256.34	-4.49887e-06	1555.66	200.462	0	-1088.19	180	0	0.560584	123.001	0	-2.21556	235.999	0	0.000354563	14474
LOKI	-2.66316e-07	1.33238	1.92792	-2.79632e-06	-0.9861	0.00581781	0.000113905	3.11131	-2.17639	0.00056336	-0.00299148	0.00199368	180	0	0.0759366	256.34	-4.49669e-06	1555.66	200.462	0	-1088.19	180	0	0.556405	123.001	0	-2.21556	235.999	0	0.000354789	14511
LOKI	-2.66316e-07	1.33238	1.92792	-2.79632e-06	-0.9861	0.00581781	0.000113809	3.11131	-2.17639	0.000559156	-0.00299149	0.00199368	180	0	0.0758728	256.34	-4.49539e-06	1555.66	200.462	0	-1088.19	180	0	0.552253	123.001	0	-2.21556	235.999	0	0.000355734	14537
LOKI	-2.66316e-07	1.33238	1.92792	-2.79632e-06	-0.9861	0.00581781	0.000113718	3.11131	-2.17639	0.00055498	-0.00299149	0.00199368	180	0	0.0758117	256.34	-4.49411e-06	1555.66	200.462	0	-1088.19	180	0	0.548129	123.001	0	-2.21556	235.999	0	0.000355463	14581
LOKI	-2.66316e-07	1.33238	1.92792	-2.79632e-06	-0.9861	0.00581781	0.000113644	3.11131	-2.17639	0.000550837	-0.00299148	0.00199369	180	0	0.075763	256.34	-4.49559e-06	1555.66	200.462	0	-1088.19	180	0	0.544037	123.001	0	-2.21556	235.999	0	0.00035414	14616
LOKI	-2.66316e-07	1.33238	1.92792	-2.79632e-06	-0.9861	0.00581781	0.000113644	3.11131	-2.17639	0.000550837	-0.00299148	0.00199369	180	0	0.075763	256.34	-4.49559e-06	1555.66	200.462	0	-1088.19	180	0	0.544037	123.001	0	-2.21556	235.999	0	0.00035414	14651
LOKI	-2.66316e-07	1.33238	1.92792	-2.59658e-06	-0.9861	0.00581785	0.000113571	3.11131	-2.17639	0.000546731	-0.00299136	0.00199377	180	0	0.0757138	256.34	-4.49665e-06	1555.66	200.462	0	-1088.19	180	0	0.539981	123.001	0	-2.21556	235.999	0	0.000264749	14696
LOKI	-2.66316e-07	1.33238	1.92792	-2.59658e-06	-0.9861	0.00581785	0.000113485	3.11131	-2.17639	0.000542651	-0.00299137	0.00199376	180	0	0.0756567	256.34	-4.49644e-06	1555.66	200.462	0	-1088.19	180	0	0.535951	123.001	0	-2.21556	235.999	0	0.000267103	14731
LOKI	-2.66316e-07	1.33238	1.92792	-2.59658e-06	-0.9861	0.00581785	0.000113409	3.11131	-2.17639	0.000538598	-0.00299137	0.00199376	180	0	0.0756061	256.34	-4.49665e-06	1555.66	200.462	0	-1088.19	180	0	0.531949	123.001	0	-2.21556	235.999	0	0.000266809	14763
LOKI	-2.66316e-07	1.33238	1.92792	-2.59658e-06	-0.9861	0.00581785	0.000113409	3.11131	-2.17639	0.000538598	-0.00299137	0.00199376	180	0	0.0756061	256.34	-4.49665e-06	1555.66	200.462	0	-1088.19	180	0	0.531949	123.001	0	-2.21556	235.999	0	0.000266809	14802
LOKI	-2.66316e-07	1.33238	1.92792	-2.59658e-06	-0.9861	0.00581785	0.000113335	3.11131	-2.17639	0.000534572	-0.00299137	0.00199377	180	0	0.0755569	256.34	-4.49614e-06	1555.66	200.462	0	-1088.19	180	0	0.527973	123.001	0	-2.21556	235.999	0	0.000265643	14834
LOKI	-2.66316e-07	1.33238	1.92792	-2.59658e-06	-0.9861	0.00581785	0.000113271	3.11131	-2.17639	0.000530589	-0.00299137	0.00199376	180	0	0.0755138	256.34	-4.49899e-06	1555.66	200.462	0	-1088.19	180	0	0.524038	123.001	0	-2.21556	235.999	0	0.000267144	14873
LOKI	-2.66316e-07	1.33238	1.92792	-2.59658e-06	-0.9861	0.00581785	0.000113198	3.11131	-2.17639	0.000526619	-0.00299137	0.00199377	180	0	0.0754653	256.34	-4.49605e-06	1555.66	200.462	0	-1088.19	180	0	0.520118	123.001	0	-2.21556	235.999	0	0.000265631	14911
LOKI	-2.66316e-07	1.33238	1.92792	-2.59658e-06	-0.9861	0.00581785	0.000113138	3.11131	-2.17639	0.000522689	-0.00299137	0.00199377	180	0	0.0754256	256.34	-4.4967e-06	1555.66	200.462	0	-1088.19	180	0	0.516236	123.001	0	-2.21556	235.999	0	0.000265437	14945
LOKI	-2.66316e-07	1.33238	1.92792	-2.59658e-06	-0.9861	0.00581785	0.000113085	3.11131	-2.17639	0.000519042	-0.00297565	0.00198329	180	0	0.0753897	256.34	-4.54001e-06	1555.66	200.462	0	-1088.19	180	0	0.512634	123.001	0	-2.20392	235.999	0	0.00026642	14975
LOKI	-2.66316e-07	1.33238	1.92792	-2.59658e-06	-0.9861	0.00581785	0.00011307	3.11131	-2.17639	0.00051878	-0.0029757	0.00198332	180	0	0.0753798	256.34	-4.54103e-06	1555.66	200.462	0	-1088.19	180	0	0.512375	123.001	0	-2.20396	235.999	0	0.00026429	15013
LOKI	-2.66316e-07	1.33238	1.92792	-2.59658e-06	-0.9861	0.00581785	0.000113014	3.11131	-2.17639	0.000514911	-0.00297584	0.00198342	180	0	0.0753425	256.34	-4.50419e-06	1555.66	200.462	0	-1088.19	180	0	0.508554	123.001	0	-2.20406	235.999	0	0.000265235	15041
LOKI	-2.66316e-07	1.33238	1.92792	-2.59658e-06	-0.9861	0.00581785	0.000112958	3.11131	-2.17639	0.000511073	-0.00297584	0.00198342	180	0	0.0753055	256.34	-4.49956e-06	1555.66	200.462	0	-1088.19	180	0	0.504764	123.001	0	-2.20406	235.999	0	0.000266908	15079
LOKI	-2.66316e-07	1.33238	1.92792	-2.39684e-06	-0.9861	0.00581785	0.000112901	3.11131	-2.17639	0.00050725	-0.00297584	0.00198342	180	0	0.0752677	256.34	-4.49787e-06	1555.66	200.462	0	-1088.19	180	0	0.500987	123.001	0	-2.20406	235.999	0	0.0002654	15124
LOKI	-2.66316e-07	1.33238	1.92792	-2.39684e-06	-0.9861	0.00581785	0.000112901	3.11131	-2.17639	0.00050725	-0.00297584	0.00198342	180	0	0.0752677	256.34	-4.49787e-06	1555.66	200.462	0	-1088.19	180	0	0.500987	123.001	0	-2.20406	235.999	0	0.0002654	15158
LOKI	-2.66316e-07	1.33238	1.92792	-2.39684e-06	-0.9861	0.00581785	0.000112848	3.11131	-2.17639	0.000503465	-0.00297584	0.00198342	180	0	0.0752321	256.34	-4.49865e-06	1555.66	200.462	0	-1088.19	180	0	0.49725	123.001	0	-2.20406	235.999	0	0.000266262	15192
LOKI	-2.66316e-07	1.33238	1.92792	-2.39684e-06	-0.9861	0.00581785	0.000112808	3.11131	-2.17639	0.000499712	-0.00297584	0.00198342	180	0	0.0752053	256.34	-4.50102e-06	1555.66	200.462	0	-1088.19	180	0	0.493543	123.001	0	-2.20406	235.999	0	0.000266723	15223
LOKI	-2.66316e-07	1.33238	1.92792	-2.39684e-06	-0.9861	0.00581785	0.000112751	3.11131	-2.17639	0.000495975	-0.00297584	0.00198342	180	0	0.0751672	256.34	-4.49869e-06	1555.66	200.462	0	-1088.19	180	0	0.489852	123.001	0	-2.20406	235.999	0	0.000266392	15259
LOKI	-2.66316e-07	1.33238	1.92792	-2.39684e-06	-0.9861	0.00581785	0.000112706	3.11131	-2.17639	0.000492273	-0.00297584	0.00198342	180	0	0.0751374	256.34	-4.5007e-06	1555.66	200.462	0	-1088.19	180	0	0.486196	123.001	0	-2.20406	235.999	0	0.000266828	15302
LOKI	-2.66316e-07	1.33238	1.92792	-2.39684e-06	-0.9861	0.00581785	0.000112706	3.11131	-2.17639	0.000492273	-0.00297584	0.00198342	180	0	0.0751374	256.34	-4.5007e-06	1555.66	200.462	0	-1088.19	180	0	0.486196	123.001	0	-2.20406	235.999	0	0.000266828	15337
LOKI	-2.66316e-07	1.33238	1.92792	-2.39684e-06	-0.9861	0.00581785	0.000112656	3.11131	-2.17639	0.000488595	-0.00297585	0.00198342	180	0	0.075104	256.34	-4.50111e-06	1555.66	200.462	0	-1088.19	180	0	0.482563	123.001	0	-2.20406	235.999	0	0.000267312	15378
LOKI	-2.66316e-07	1.33238	1.92792	-2.39684e-06	-0.9861	0.00581785	0.000112617	3.11134	-2.17639	0.000484946	-0.0029758	0.00198338	180	0	0.0750777	256.34	-3.404e-06	1555.67	200.462	0	-1088.19	180	0	0.478959	123.001	0	-2.20403	235.999	0	0.00026695	15414
LOKI	-2.66316e-07	1.33238	1.92792	-2.39684e-06	-0.9861	0.00581785	0.000112568	3.11134	-2.17639	0.000481314	-0.00297583	0.00198341	180	0	0.0750451	256.34	-2.69571e-06	1555.67	200.462	0	-1088.19	180	0	0.475372	123.001	0	-2.20406	235.999	0	0.00026539	15452
LOKI	-2.66316e-07	1.33238	1.92792	-2.39684e-06	-0.9861	0.00581785	0.00011253	3.11134	-2.17639	0.000477723	-0.00297572	0.0019835	180	0	0.0750202	256.34	-2.66825e-06	1555.67	200.462	0	-1088.19	180	0	0.471825	123.001	0	-2.20406	235.999	0	0.000177803	15490
LOKI	-2.66316e-07	1.33238	1.92792	-2.39684e-06	-0.9861	0.00581785	0.00011253	3.11134	-2.17639	0.000477723	-0.00297572	0.0019835	180	0	0.0750202	256.34	-2.66825e-06	1555.67	200.462	0	-1088.19	180	0	0.471825	123.001	0	-2.20406	235.999	0	0.000177803	15523
LOKI	-2.66316e-07	1.33238	1.92792	-2.39684e-06	-0.9861	0.00581785	0.000112487	3.11134	-2.17639	0.000474148	-0.00297572	0.0019835	180	0	0.0749915	256.34	-2.65807e-06	1555.67	200.462	0	-1088.19	180	0	0.468294	123.001	0	-2.20406	235.999	0	0.00017684	15556
LOKI	-2.66316e-07	1.33238	1.92792	-2.39684e-06	-0.9861	0.00581785	0.000112453	3.11134	-2.17639	0.000470609	-0.00297573	0.0019835	180	0	0.0749687	256.34	-2.65495e-06	1555.67	200.462	0	-1088.19	180	0	0.464799	123.001	0	-2.20406	235.999	0	0.000177758	15597
LOKI	-2.66316e-07	1.33238	1.92792	-2.19711e-06	-0.9861	0.00581785	0.000112424	3.11134	-2.17639	0.000467096	-0.00297573	0.0019835	180	0	0.0749495	256.34	-2.65785e-06	1555.67	200.462	0	-1088.19	180	0	0.46133	123.001	0	-2.20406	235.999	0	0.000177886	15638
LOKI	-2.66316e-07	1.33238	1.92792	-2.19711e-06	-0.9861	0.00581785	0.000112389	3.11134	-2.17639	0.000463604	-0.00297573	0.0019835	180	0	0.0749257	256.34	-2.65798e-06	1555.67	200.462	0	-1088.19	180	0	0.45788	123.001	0	-2.20406	235.999	0	0.000177681	15679
LOKI	-2.66316e-07	1.33238	1.92792	-2.19711e-06	-0.9861	0.00581785	0.000112389	3.11134	-2.17639	0.000463604	-0.00297573	0.0019835	180	0	0.0749257	256.34	-2.65798e-06	1555.67	200.462	0	-1088.19	180	0	0.45788	123.001	0	-2.20406	235.999	0	0.000177681	15719
LOKI	-2.66316e-07	1.33238	1.92792	-2.19711e-06	-0.9861	0.00581785	0.00011234	3.11134	-2.17639	0.000460129	-0.00297572	0.0019835	180	0	0.0748934	256.34	-2.65686e-06	1555.67	200.462	0	-1088.19	180	0	0.454448	123.001	0	-2.20406	235.999	0	0.00017685	15752
LOKI	-2.66316e-07	1.33238	1.92792	-2.19711e-06	-0.9861	0.00581785	0.000112313	3.11134	-2.17639	0.000456698	-0.00296016	0.00197312	180	0	0.0748753	256.34	-2.69968e-06	1555.67	200.462	0	-1088.19	180	0	0.45106	123.001	0	-2.19253	235.999	0	0.000178208	15784
LOKI	-2.66316e-07	1.33238	1.92792	-2.19711e-06	-0.9861	0.00581785	0.000112276	3.11134	-2.17639	0.000453279	-0.0029602	0.00197315	180	0	0.0748508	256.34	-2.66424e-06	1555.67	200.462	0	-1088.19	180	0	0.447683	123.001	0	-2.19256	235.999	0	0.000177585	15819
LOKI	-2.66316e-07	1.33238	1.92792	-2.19711e-06	-0.9861	0.00581785	0.000112256	3.11134	-2.17639	0.000449895	-0.0029602	0.00197315	180	0	0.0748374	256.34	-2.66175e-06	1555.67	200.462	0	-1088.19	180	0	0.444341	123.001	0	-2.19256	235.999	0	0.000177662	15865
LOKI	-2.66316e-07	1.33238	1.92792	-2.19711e-06	-0.9861	0.00581785	0.000112256	3.11134	-2.17639	0.000449895	-0.0029602	0.00197315	180	0	0.0748374	256.34	-2.66175e-06	1555.67	200.462	0	-1088.19	180	0	0.444341	123.001	0	-2.19256	235.999	0	0.000177662	15904
LOKI	-2.66316e-07	1.33238	1.92792	-2.19711e-06	-0.9861	0.00581785	0.000112223	3.11134	-2.17639	0.000446531	-0.0029602	0.00197315	180	0	0.0748151	256.34	-2.65985e-06	1555.67	200.462	0	-1088.19	180	0	0.441019	123.001	0	-2.19256	235.999	0	0.000177814	15937
LOKI	-2.66316e-07	1.33238	1.92792	-2.19711e-06	-0.9861	0.00581785	0.000112186	3.11134	-2.17639	0.000443186	-0.0029602	0.00197315	180	0	0.0747909	256.34	-2.65775e-06	1555.67	200.462	0	-1088.19	180	0	0.437715	123.001	0	-2.19256	235.999	0	0.000177149	15971
LOKI	-2.66316e-07	1.33238	1.92792	-2.19711e-06	-0.9861	0.00581785	0.000112169	3.11134	-2.17639	0.000439877	-0.0029602	0.00197315	180	0	0.0747794	256.34	-2.65993e-06	1555.67	200.462	0	-1088.19	180	0	0.434447	123.001	0	-2.19256	235.999	0	0.000177398	16008
LOKI	-2.66316e-07	1.33238	1.92792	-2.19711e-06	-0.9861	0.00581785	0.000112141	3.11134	-2.17639	0.00043659	-0.0029602	0.00197315	180	0	0.0747608	256.34	-2.66012e-06	1555.67	200.462	0	-1088.19	180	0	0.4312	123.001	0	-2.19256	235.999	0	0.000178051	16046
LOKI	-2.66316e-07	1.33238	1.92792	-2.19711e-06	-0.9861	0.00581785	0.000112141	3.11134	-2.17639	0.00043659	-0.0029602	0.00197315	180	0	0.0747608	256.34	-2.66012e-06	1555.67	200.462	0	-1088.19	180	0	0.4312	123.001	0	-2.19256	235.999	0	0.000178051	16087
LOKI	-2.66316e-07	1.33238	1.92792	-2.19711e-06	-0.9861	0.00581785	0.000112111	3.11134	-2.17639	0.000433319	-0.0029602	0.00197315	180	0	0.0747408	256.34	-2.65854e-06	1555.67	200.462	0	-1088.19	180	0	0.427969	123.001	0	-2.19257	235.999	0	0.000176979	16115
LOKI	-2.66316e-07	1.33238	1.92792	-2.19711e-06	-0.9861	0.00581785	0.00011209	3.11134	-2.17639	0.000430085	-0.0029602	0.00197315	180	0	0.074727	256.34	-2.66117e-06	1555.67	200.462	0	-1088.19	180	0	0.424775	123.001	0	-2.19256	235.999	0	0.000178408	16153
LOKI	-2.66316e-07	1.33238	1.92792	-1.99737e-06	-0.9861	0.00581785	0.000112065	3.11134	-2.17639	0.000426862	-0.0029602	0.00197315	180	0	0.0747099	256.34	-2.65959e-06	1555.67	200.462	0	-1088.19	180	0	0.421592	123.001	0	-2.19256	235.999	0	0.000176896	16196
LOKI	-2.66316e-07	1.33238	1.92792	-1.99737e-06	-0.9861	0.00581785	0.000112045	3.11134	-2.17639	0.000423671	-0.0029602	0.00197315	180	0	0.0746969	256.34	-2.66076e-06	1555.67	200.462	0	-1088.19	180	0	0.418441	123.001	0	-2.19256	235.999	0	0.000177342	16234
LOKI	-2.66316e-07	1.33238	1.92792	-1.99737e-06	-0.9861	0.00581785	0.000112045	3.11134	-2.17639	0.000423671	-0.0029602	0.00197315	180	0	0.0746969	256.34	-2.66076e-06	1555.67	200.462	0	-1088.19	180	0	0.418441	123.001	0	-2.19256	235.999	0	0.000177342	16272
LOKI	-2.66316e-07	1.33238	1.92792	-1.99737e-06	-0.9861	0.00581785	0.000112023	3.11134	-2.17639	0.000420505	-0.0029602	0.00197315	180	0	0.0746817	256.34	-2.66144e-06	1555.67	200.462	0	-1088.19	180	0	0.415314	123.001	0	-2.19256	235.999	0	0.000178109	16312
LOKI	-2.66316e-07	1.33238	1.92792	-1.99737e-06	-0.9861	0.00581785	0.000111998	3.11134	-2.17639	0.000417353	-0.0029602	0.00197315	180	0	0.0746654	256.34	-2.65998e-06	1555.67	200.462	0	-1088.19	180	0	0.4122	123.001	0	-2.19257	235.999	0	0.00017705	16355
LOKI	-2.66316e-07	1.33238	1.92792	-1.99737e-06	-0.9861	0.00581785	0.000111982	3.11134	-2.17639	0.000414237	-0.0029602	0.00197315	180	0	0.0746544	256.34	-2.66194e-06	1555.67	200.462	0	-1088.19	180	0	0.409123	123.001	0	-2.19256	235.999	0	0.000178061	16391
LOKI	-2.66316e-07	1.33238	1.92792	-1.99737e-06	-0.9861	0.00581785	0.000111982	3.11134	-2.17639	0.000414237	-0.0029602	0.00197315	180	0	0.0746544	256.34	-2.66194e-06	1555.67	200.462	0	-1088.19	180	0	0.409123	123.001	0	-2.19256	235.999	0	0.000178061	16428
LOKI	-2.66316e-07	1.33238	1.92792	-1.99737e-06	-0.9861	0.00581785	0.000111962	3.11134	-2.17639	0.000411137	-0.0029602	0.00197315	180	0	0.0746415	256.34	-2.66201e-06	1555.67	200.462	0	-1088.19	180	0	0.406061	123.001	0	-2.19256	235.999	0	0.000178009	16459
LOKI	-2.66316e-07	1.33238	1.92792	-1.99737e-06	-0.9861	0.00581785	0.000111938	3.11134	-2.17639	0.000408056	-0.0029602	0.00197315	180	0	0.0746254	256.34	-2.66071e-06	1555.67	200.462	0	-1088.19	180	0	0.403019	123.001	0	-2.19257	235.999	0	0.000177589	16501
LOKI	-2.66316e-07	1.33238	1.92792	-1.99737e-06	-0.9861	0.00581785	0.000111923	3.11134	-2.17639	0.000405003	-0.0029602	0.00197315	180	0	0.0746154	256.34	-2.66134e-06	1555.67	200.462	0	-1088.19	180	0	0.400003	123.001	0	-2.19257	235.999	0	0.000177419	16533
LOKI	-2.66316e-07	1.33238	1.92792	-1.99737e-06	-0.9861	0.00581785	0.000111906	3.11134	-2.17639	0.000401968	-0.0029602	0.00197315	180	0	0.0746039	256.34	-2.66058e-06	1555.67	200.462	0	-1088.19	180	0	0.397005	123.001	0	-2.19257	235.999	0	0.000176603	16572
LOKI	-2.66316e-07	1.33238	1.92792	-1.99737e-06	-0.9861	0.00581785	0.000111906	3.11134	-2.17639	0.000401968	-0.0029602	0.00197315	180	0	0.0746039	256.34	-2.66058e-06	1555.67	200.462	0	-1088.19	180	0	0.397005	123.001	0	-2.19257	235.999	0	0.000176603	16606
LOKI	-2.66316e-07	1.33238	1.92792	-1.99737e-06	-0.9861	0.00581785	0.000111888	3.11134	-2.17639	0.000398964	-0.0029602	0.00197315	180	0	0.0745923	256.34	-2.66173e-06	1555.67	200.462	0	-1088.19	180	0	0.394038	123.001	0	-2.19257	235.999	0	0.000177733	16647
LOKI	-2.66316e-07	1.33238	1.92792	-1.99737e-06	-0.9861	0.00581785	0.000111874	3.11134	-2.17639	0.000395979	-0.0029602	0.00197315	180	0	0.0745827	256.34	-2.66222e-06	1555.67	200.462	0	-1088.19	180	0	0.39109	123.001	0	-2.19257	235.999	0	0.000177785	16687
LOKI	-2.66316e-07	1.33238	1.92792	-1.99737e-06	-0.9861	0.00581785	0.000111857	3.11134	-2.17639	0.000393013	-0.0029602	0.00197315	180	0	0.0745712	256.34	-2.66275e-06	1555.67	200.462	0	-1088.19	180	0	0.388161	123.001	0	-2.19257	235.999	0	0.000178004	16723
LOKI	-2.66316e-07	1.33238	1.92792	-1.99737e-06	-0.9861	0.00581785	0.00011184	3.11134	-2.17639	0.000390068	-0.00296008	0.00197323	180	0	0.0745603	256.34	-2.6618e-06	1555.67	200.462	0	-1088.19	180	0	0.385252	123.001	0	-2.19257	235.999	0	8.8661e-05	16756
LOKI	-2.66316e-07	1.33238	1.92792	-1.79763e-06	-0.9861	0.0058179	0.000111829	3.11134	-2.17639	0.000387151	-0.00294453	0.00196286	180	0	0.0745529	256.34	-2.69923e-06	1555.67	200.462	0	-1088.19	180	0	0.382372	123.001	0	-2.18104	235.999	0	8.94215e-05	16797
LOKI	-2.66316e-07	1.33238	1.92792	-1.79763e-06	-0.9861	0.0058179	0.000111829	3.11134	-2.17639	0.000387151	-0.00294453	0.00196286	180	0	0.0745529	256.34	-2.69923e-06	1555.67	200.462	0	-1088.19	180	0	0.382372	123.001	0	-2.18104	235.999	0	8.94215e-05	16835
LOKI	-2.66316e-07	1.33238	1.92792	-1.79763e-06	-0.9861	0.0058179	0.000111815	3.11134	-2.17639	0.000384252	-0.00294456	0.00196288	180	0	0.074543	256.34	-2.66677e-06	1555.67	200.462	0	-1088.19	180	0	0.379508	123.001	0	-2.18107	235.999	0	8.9212e-05	16873
LOKI	-2.66316e-07	1.33238	1.92792	-1.79763e-06	-0.9861	0.0058179	0.0001118	3.11134	-2.17639	0.000381374	-0.00294456	0.00196288	180	0	0.074533	256.34	-2.66354e-06	1555.67	200.462	0	-1088.19	180	0	0.376666	123.001	0	-2.18107	235.999	0	8.94263e-05	16912
LOKI	-2.66316e-07	1.33238	1.92792	-1.79763e-06	-0.9861	0.0058179	0.000111762	3.11134	-2.17639	0.000378504	-0.00294456	0.00196288	180	0	0.0745082	256.34	-2.65985e-06	1555.67	200.462	0	-1088.19	180	0	0.373831	123.001	0	-2.18107	235.999	0	8.91868e-05	16952
LOKI	-2.66316e-07	1.33238	1.92792	-1.79763e-06	-0.9861	0.0058179	0.000111762	3.11134	-2.17639	0.000378504	-0.00294456	0.00196288	180	0	0.0745082	256.34	-2.65985e-06	1555.67	200.462	0	-1088.19	180	0	0.373831	123.001	0	-2.18107	235.999	0	8.91868e-05	16989
LOKI	-2.66316e-07	1.33238	1.92792	-1.79763e-06	-0.9861	0.0058179	0.000111792	3.11134	-2.17639	0.000375688	-0.00294456	0.00196288	180	0	0.074528	256.34	-2.66635e-06	1555.67	200.462	0	-1088.19	180	0	0.37105	123.001	0	-2.18107	235.999	0	8.89192e-05	17030
LOKI	-2.66316e-07	1.33238	1.92792	-1.79763e-06	-0.9861	0.0058179	0.000111765	3.11134	-2.17639	0.000372865	-0.00294456	0.00196288	180	0	0.0745099	256.34	-2.66174e-06	1555.67	200.462	0	-1088.19	180	0	0.368262	123.001	0	-2.18107	235.999	0	8.84374e-05	17071
LOKI	-2.66316e-07	1.33238	1.92792	-1.79763e-06	-0.9861	0.0058179	0.000111748	3.11134	-2.17639	0.000370074	-0.00294456	0.00196288	180	0	0.0744984	256.34	-2.66284e-06	1555.67	200.462	0	-1088.19	180	0	0.365505	123.001	0	-2.18107	235.999	0	8.95268e-05	17107
LOKI	-2.66316e-07	1.33238	1.92792	-1.79763e-06	-0.9861	0.0058179	0.000111738	3.11134	-2.17639	0.000367301	-0.00294456	0.00196288	180	0	0.0744918	256.34	-2.6641e-06	1555.67	200.462	0	-1088.19	180	0	0.362766	123.001	0	-2.18107	235.999	0	8.92999e-05	17151
LOKI	-2.66316e-07	1.33238	1.92792	-1.79763e-06	-0.9861	0.0058179	0.000111738	3.11134	-2.17639	0.000367301	-0.00294456	0.00196288	180	0	0.0744918	256.34	-2.6641e-06	1555.67	200.462	0	-1088.19	180	0	0.362766	123.001	0	-2.18107	235.999	0	8.92999e-05	17186
LOKI	-2.66316e-07	1.33238	1.92792	-1.79763e-06	-0.9861	0.0058179	0.000111713	3.11134	-2.17639	0.000364527	-0.00294456	0.00196288	180	0	0.0744752	256.34	-2.66044e-06	1555.67	200.462	0	-1088.19	180	0	0.360027	123.001	0	-2.18107	235.999	0	8.72076e-05	17227
LOKI	-2.66316e-07	1.33238	1.92792	-1.79763e-06	-0.9861	0.0058179	0.000111719	3.11134	-2.17639	0.000361815	-0.00294456	0.00196288	180	0	0.0744794	256.34	-2.66486e-06	1555.67	200.462	0	-1088.19	180	0	0.357348	123.001	0	-2.18107	235.999	0	8.86574e-05	17267
LOKI	-2.66316e-07	1.33238	1.92792	-1.79763e-06	-0.9861	0.0058179	0.000111712	3.11134	-2.17639	0.000359108	-0.00294456	0.00196288	180	0	0.0744744	256.34	-2.66514e-06	1555.67	200.462	0	-1088.19	180	0	0.354674	123.001	0	-2.18107	235.999	0	8.94102e-05	17302
LOKI	-2.66316e-07	1.33238	1.92792	-1.79763e-06	-0.9861	0.0058179	0.000111699	3.11134	-2.17639	0.000356414	-0.00294456	0.00196288	180	0	0.0744659	256.34	-2.66436e-06	1555.67	200.462	0	-1088.19	180	0	0.352013	123.001	0	-2.18107	235.999	0	8.90501e-05	17343
LOKI	-2.66316e-07	1.33238	1.92792	-1.79763e-06	-0.9861	0.0058179	0.000111699	3.11134	-2.17639	0.000356414	-0.00294456	0.00196288	180	0	0.0744659	256.34	-2.66436e-06	1555.67	200.462	0	-1088.19	180	0	0.352013	123.001	0	-2.18107	235.999	0	8.90501e-05	17385
LOKI	-2.66316e-07	1.33238	1.92792	-1.79763e-06	-0.9861	0.0058179	0.000111686	3.11134	-2.17639	0.000353738	-0.00294456	0.00196288	180	0	0.0744571	256.34	-2.66331e-06	1555.67	200.462	0	-1088.19	180	0	0.349371	123.001	0	-2.18107	235.999	0	8.86486e-05	17420
LOKI	-2.66316e-07	1.33238	1.92792	-1.79763e-06	-0.9861	0.0058179	0.000111679	3.11134	-2.17639	0.000351089	-0.00294456	0.00196288	180	0	0.0744528	256.34	-2.66463e-06	1555.67	200.462	0	-1088.19	180	0	0.346755	123.001	0	-2.18107	235.999	0	8.90274e-05	17462
LOKI	-2.66316e-07	1.33238	1.92792	-1.5979e-06	-0.9861	0.0058179	0.000111667	3.11134	-2.17639	0.000348454	-0.00294456	0.00196288	180	0	0.0744448	256.34	-2.66406e-06	1555.67	200.462	0	-1088.19	180	0	0.344152	123.001	0	-2.18107	235.999	0	8.85546e-05	17502
LOKI	-2.66316e-07	1.33238	1.92792	-1.5979e-06	-0.9861	0.0058179	0.000111664	3.11134	-2.17639	0.000347598	-0.00294456	0.00196288	180	0	0.0744429	256.34	-2.66469e-06	1555.67	200.462	0	-1088.19	180	0	0.343307	123.001	0	-2.18107	235.999	0	8.95861e-05	17540
LOKI	-2.66316e-07	1.33238	1.92792	-1.5979e-06	-0.9861	0.0058179	0.000111662	3.11134	-2.17639	0.000345844	-0.00294456	0.00196288	180	0	0.074441	256.34	-2.66545e-06	1555.67	200.462	0	-1088.19	180	0	0.341574	123.001	0	-2.18107	235.999	0	8.88207e-05	17583
LOKI	-2.66316e-07	1.33238	1.92792	-1.5979e-06	-0.9861	0.0058179	0.000111655	3.11134	-2.17639	0.000343251	-0.00294456	0.00196288	180	0	0.0744364	256.34	-2.66551e-06	1555.67	200.462	0	-1088.19	180	0	0.339013	123.001	0	-2.18107	235.999	0	8.87817e-05	17620
LOKI	-2.66316e-07	1.33238	1.92792	-1.5979e-06	-0.9861	0.0058179	0.000111645	3.11134	-2.17639	0.000340675	-0.00294456	0.00196288	180	0	0.0744298	256.34	-2.6648e-06	1555.67	200.462	0	-1088.19	180	0	0.336469	123.001	0	-2.18107	235.999	0	8.86023e-05	17655
LOKI	-2.66316e-07	1.33238	1.92792	-1.5979e-06	-0.9861	0.0058179	0.000111638	3.11134	-2.17639	0.000338121	-0.00294456	0.00196288	180	0	0.0744254	256.34	-2.66524e-06	1555.67	200.462	0	-1088.19	180	0	0.333946	123.001	0	-2.18107	235.999	0	8.87235e-05	17689
LOKI	-2.66316e-07	1.33238	1.92792	-1.5979e-06	-0.9861	0.0058179	0.00011163	3.11134	-2.17639	0.000335584	-0.00294456	0.00196288	180	0	0.0744199	256.34	-2.66536e-06	1555.67	200.462	0	-1088.19	180	0	0.331441	123.001	0	-2.18107	235.999	0	8.86636e-05	17729
LOKI	-2.66316e-07	1.33238	1.92792	-1.5979e-06	-0.9861	0.0058179	0.00011163	3.11134	-2.17639	0.000335584	-0.00294456	0.00196288	180	0	0.0744199	256.34	-2.66536e-06	1555.67	200.462	0	-1088.19	180	0	0.331441	123.001	0	-2.18107	235.999	0	8.86636e-05	17770
LOKI	-2.66316e-07	1.33238	1.92792	-1.5979e-06	-0.9861	0.0058179	0.000111624	3.11134	-2.17639	0.000333069	-0.00294456	0.00196288	180	0	0.0744162	256.34	-2.66605e-06	1555.67	200.462	0	-1088.19	180	0	0.328957	123.001	0	-2.18107	235.999	0	8.90215e-05	17810
LOKI	-2.66316e-07	1.33238	1.92792	-1.5979e-06	-0.9861	0.0058179	0.000111616	3.11137	-2.17639	0.00033057	-0.00294453	0.00196286	180	0	0.0744106	256.34	-2.03241e-06	1555.69	200.462	0	-1088.19	180	0	0.326489	123.001	0	-2.18104	235.999	0	8.92295e-05	17848
LOKI	-2.66316e-07	1.33238	1.92792	-1.5979e-06	-0.9861	0.0058179	0.000111609	3.11137	-2.17639	0.000328089	-0.00294455	0.00196287	180	0	0.0744058	256.34	-8.89507e-07	1555.69	200.462	0	-1088.19	180	0	0.324039	123.001	0	-2.18106	235.999	0	8.90108e-05	17886
LOKI	-2.66316e-07	1.33238	1.92792	-1.5979e-06	-0.9861	0.0058179	0.000111609	3.11137	-2.17639	0.000328089	-0.00294455	0.00196287	180	0	0.0744058	256.34	-8.89507e-07	1555.69	200.462	0	-1088.19	180	0	0.324039	123.001	0	-2.18106	235.999	0	8.90108e-05	17921
LOKI	-2.66316e-07	1.33238	1.92792	-1.5979e-06	-0.9861	0.0058179	0.000111607	3.11137	-2.17639	0.000325631	-0.00294456	0.00196288	180	0	0.0744044	256.34	-8.4648e-07	1555.69	200.462	0	-1088.19	180	0	0.32161	123.001	0	-2.18107	235.999	0	8.93202e-05	17960
LOKI	-2.66316e-07	1.33238	1.92792	-1.5979e-06	-0.9861	0.0058179	0.000111597	3.11137	-2.17639	0.000323182	-0.00294456	0.00196288	180	0	0.0743977	256.34	-8.39617e-07	1555.69	200.462	0	-1088.19	180	0	0.319192	123.001	0	-2.18107	235.999	0	8.86512e-05	17998
LOKI	-2.66316e-07	1.33238	1.92792	-1.5979e-06	-0.9861	0.0058179	0.000111592	3.11137	-2.17639	0.00032076	-0.00294456	0.00196288	180	0	0.0743949	256.34	-8.44727e-07	1555.69	200.462	0	-1088.19	180	0	0.3168	123.001	0	-2.18107	235.999	0	8.899e-05	18034
LOKI	-2.66316e-07	1.33238	1.92792	-1.5979e-06	-0.9861	0.0058179	0.000111579	3.11137	-2.17639	0.000318344	-0.00294456	0.00196288	180	0	0.0743863	256.34	-8.32872e-07	1555.69	200.462	0	-1088.19	180	0	0.314414	123.001	0	-2.18107	235.999	0	8.81084e-05	18071
LOKI	-2.66316e-07	1.33238	1.92792	-1.5979e-06	-0.9861	0.0058179	0.000111584	3.11137	-2.17639	0.000315964	-0.00294456	0.00196288	180	0	0.074389	256.34	-8.33898e-07	1555.69	200.462	0	-1088.19	180	0	0.312063	123.001	0	-2.18107	235.999	0	8.91224e-05	18118
LOKI	-2.66316e-07	1.33238	1.92792	-1.5979e-06	-0.9861	0.0058179	0.000111584	3.11137	-2.17639	0.000315964	-0.00294456	0.00196288	180	0	0.074389	256.34	-8.33898e-07	1555.69	200.462	0	-1088.19	180	0	0.312063	123.001	0	-2.18107	235.999	0	8.91224e-05	18155
LOKI	-2.66316e-07	1.33238	1.92792	-1.5979e-06	-0.9861	0.0058179	0.000111576	3.11137	-2.17639	0.000313591	-0.00294456	0.00196288	180	0	0.0743837	256.34	-8.35675e-07	1555.69	200.462	0	-1088.19	180	0	0.30972	123.001	0	-2.18107	235.999	0	8.91982e-05	18192
LOKI	-2.66316e-07	1.33238	1.92792	-1.5979e-06	-0.9861	0.0058179	0.000111569	3.11137	-2.17639	0.000311234	-0.00294456	0.00196288	180	0	0.0743792	256.34	-8.37636e-07	1555.69	200.462	0	-1088.19	180	0	0.307392	123.001	0	-2.18107	235.999	0	8.87242e-05	18235
LOKI	-2.66316e-07	1.33238	1.92792	-1.39816e-06	-0.9861	0.0058179	0.000111566	3.11137	-2.17639	0.000308899	-0.00294456	0.00196288	180	0	0.074377	256.34	-8.39699e-07	1555.69	200.462	0	-1088.19	180	0	0.305086	123.001	0	-2.18107	235.999	0	8.90602e-05	18272
LOKI	-2.66316e-07	1.33238	1.92792	-1.39816e-06	-0.9861	0.00581785	0.00011156	3.11137	-2.17639	0.000306579	-0.00292891	0.00195244	180	0	0.0743732	256.34	-8.86573e-07	1555.69	200.462	0	-1088.19	180	0	0.302794	123.001	0	-2.16947	235.999	0	8.90861e-05	18313
LOKI	-2.66316e-07	1.33238	1.92792	-1.39816e-06	-0.9861	0.00581785	0.00011156	3.11137	-2.17639	0.000306579	-0.00292891	0.00195244	180	0	0.0743732	256.34	-8.86573e-07	1555.69	200.462	0	-1088.19	180	0	0.302794	123.001	0	-2.16947	235.999	0	8.90861e-05	18351
LOKI	-2.66316e-07	1.33238	1.92792	-1.39816e-06	-0.9861	0.00581785	0.000111557	3.11137	-2.17639	0.000304278	-0.00292904	0.00195253	180	0	0.0743712	256.34	-8.47208e-07	1555.69	200.462	0	-1088.19	180	0	0.300521	123.001	0	-2.16957	235.999	0	8.91671e-05	18390
LOKI	-2.66316e-07	1.33238	1.92792	-1.39816e-06	-0.9861	0.00581785	0.000111551	3.11137	-2.17639	0.00030199	-0.00292904	0.00195253	180	0	0.0743676	256.34	-8.39022e-07	1555.69	200.462	0	-1088.19	180	0	0.298262	123.001	0	-2.16957	235.999	0	8.879e-05	18432
LOKI	-2.66316e-07	1.33238	1.92792	-1.39816e-06	-0.9861	0.00581785	0.000111547	3.11137	-2.17639	0.000299723	-0.00292904	0.00195253	180	0	0.0743644	256.34	-8.3794e-07	1555.69	200.462	0	-1088.19	180	0	0.296022	123.001	0	-2.16957	235.999	0	8.89065e-05	18462
LOKI	-2.66316e-07	1.33238	1.92792	-1.39816e-06	-0.9861	0.00581785	0.000111547	3.11137	-2.17639	0.000299723	-0.00292904	0.00195253	180	0	0.0743644	256.34	-8.3794e-07	1555.69	200.462	0	-1088.19	180	0	0.296022	123.001	0	-2.16957	235.999	0	8.89065e-05	18505
LOKI	-2.66316e-07	1.33238	1.92792	-1.39816e-06	-0.9861	0.00581785	0.000111543	3.11137	-2.17639	0.000297472	-0.00292904	0.00195253	180	0	0.0743623	256.34	-8.38045e-07	1555.69	200.462	0	-1088.19	180	0	0.293799	123.001	0	-2.16957	235.999	0	8.89975e-05	18549
LOKI	-2.66316e-07	1.33238	1.92792	-1.39816e-06	-0.9861	0.00581785	0.000111539	3.11137	-2.17639	0.000295236	-0.00292904	0.00195253	180	0	0.0743594	256.34	-8.38243e-07	1555.69	200.462	0	-1088.19	180	0	0.291591	123.001	0	-2.16957	235.999	0	8.90998e-05	18582
LOKI	-2.66316e-07	1.33238	1.92792	-1.39816e-06	-0.9861	0.00581785	0.000111535	3.11137	-2.17639	0.000293021	-0.00292904	0.00195253	180	0	0.0743569	256.34	-8.40469e-07	1555.69	200.462	0	-1088.19	180	0	0.289403	123.001	0	-2.16957	235.999	0	9.06892e-05	18620
LOKI	-2.66316e-07	1.33238	1.92792	-1.39816e-06	-0.9861	0.00581785	0.000111537	3.11137	-2.17639	0.000290815	-0.00292904	0.00195253	180	0	0.0743581	256.34	-8.38707e-07	1555.69	200.462	0	-1088.19	180	0	0.287225	123.001	0	-2.16957	235.999	0	8.85454e-05	18656
LOKI	-2.66316e-07	1.33238	1.92792	-1.39816e-06	-0.9861	0.00581785	0.000111537	3.11137	-2.17639	0.000290815	-0.00292904	0.00195253	180	0	0.0743581	256.34	-8.38707e-07	1555.69	200.462	0	-1088.19	180	0	0.287225	123.001	0	-2.16957	235.999	0	8.85454e-05	18698
LOKI	-2.66316e-07	1.33238	1.92792	-1.39816e-06	-0.9861	0.00581785	0.000111529	3.11137	-2.17639	0.000288629	-0.00292904	0.00195253	180	0	0.0743527	256.34	-8.37617e-07	1555.69	200.462	0	-1088.19	180	0	0.285066	123.001	0	-2.16957	235.999	0	8.87585e-05	18739
LOKI	-2.66316e-07	1.33238	1.92792	-1.39816e-06	-0.9861	0.00581785	0.000111521	3.11137	-2.17639	0.000286457	-0.00292904	0.00195253	180	0	0.0743472	256.34	-8.37521e-07	1555.69	200.462	0	-1088.19	180	0	0.282921	123.001	0	-2.16957	235.999	0	8.89079e-05	18775
LOKI	-2.66316e-07	1.33238	1.92792	-1.39816e-06	-0.9861	0.00581785	0.00011152	3.11137	-2.17639	0.000284306	-0.00292904	0.00195253	180	0	0.0743467	256.34	-8.38837e-07	1555.69	200.462	0	-1088.19	180	0	0.280796	123.001	0	-2.16957	235.999	0	8.90673e-05	18819
LOKI	2.92948e-06	1.33238	1.92792	1.19842e-06	-0.9861	0.00581803	-0.00312607	3.11113	-2.17612	-0.001087	-0.00300075	0.00202717	180	0	-2.08405	256.34	0.000288775	1555.56	200.462	0	-1088.06	180	0	-1.07358	123.001	0	-2.2376	235.999	0	-0.0148163	18854
LOKI	2.92948e-06	1.33238	1.92792	1.19842e-06	-0.9861	0.00581803	-0.00312607	3.11113	-2.17612	-0.001087	-0.00300075	0.00202717	180	0	-2.08405	256.34	0.000288775	1555.56	200.462	0	-1088.06	180	0	-1.07358	123.001	0	-2.2376	235.999	0	-0.0148163	18897
LOKI	4.79369e-06	1.33238	1.92792	1.5979e-06	-0.9861	0.00581785	-0.00106798	3.11146	-2.17646	7.62025e-05	-0.00301879	0.00185838	180	0	-0.711984	256.34	-0.000345137	1555.73	200.462	0	-1088.23	180	0	0.0752617	123.001	0	-2.1505	235.999	0	0.0856372	18933
LOKI	2.66316e-06	1.33238	1.92792	0	-0.9861	0.00581768	0.00131405	3.11161	-2.17666	0.00092979	-0.00294542	0.00182989	180	0	0.876033	256.34	-0.00044318	1555.8	200.462	0	-1088.33	180	0	0.918311	123.001	0	-2.1075	235.999	0	0.074291	18975
LOKI	-1.06526e-06	1.33238	1.92792	-1.99737e-06	-0.9861	0.00581768	0.00233246	3.11154	-2.17656	0.00115227	-0.00291054	0.00188241	180	0	1.55497	256.34	-0.000135781	1555.77	200.462	0	-1088.28	180	0	1.13804	123.001	0	-2.12376	235.999	0	0.0321938	19014
LOKI	-3.46211e-06	1.33238	1.92792	-3.19579e-06	-0.9861	0.00581768	0.00201642	3.11134	-2.17639	0.000900176	-0.00292579	0.00195567	180	0	1.34428	256.34	0.000190914	1555.67	200.462	0	-1088.19	180	0	0.889063	123.001	0	-2.17011	235.999	0	-0.00285576	19056
LOKI	-3.46211e-06	1.33238	1.92792	-3.19579e-06	-0.9861	0.00581768	0.00201642	3.11134	-2.17639	0.000900176	-0.00292579	0.00195567	180	0	1.34428	256.34	0.000190914	1555.67	200.462	0	-1088.19	180	0	0.889063	123.001	0	-2.17011	235.999	0	-0.00285576	19095
LOKI	-4.26106e-06	1.33238	1.92792	-3.19579e-06	-0.9861	0.00581776	0.00108492	3.11122	-2.17626	0.000499074	-0.00296281	0.00200381	180	0	0.723277	256.34	0.000293676	1555.61	200.462	0	-1088.13	180	0	0.492913	123.001	0	-2.21056	235.999	0	-0.0158893	19137
LOKI	-3.46211e-06	1.33238	1.92792	-2.59658e-06	-0.9861	0.00581776	0.000225934	3.11125	-2.17625	0.000191786	-0.00296563	0.00199692	180	0	0.150623	256.34	0.000175884	1555.62	200.462	0	-1088.13	180	0	0.189418	123.001	0	-2.20778	235.999	0	-0.0110169	19176
LOKI	-2.13053e-06	1.33238	1.92792	-1.79763e-06	-0.9861	0.00581776	-0.000183174	3.11132	-2.17633	8.54498e-05	-0.00294669	0.00196012	180	0	-0.122116	256.34	-2.4112e-05	1555.66	200.462	0	-1088.17	180	0	0.0843949	123.001	0	-2.18033	235.999	0	0.00241041	19212
LOKI	-1.06526e-06	1.33238	1.92792	-1.39816e-06	-0.9861	0.00581776	-0.000151709	3.11142	-2.17644	0.000139529	-0.00293651	0.00193143	180	0	-0.101139	256.34	-0.000157632	1555.71	200.462	0	-1088.22	180	0	0.137806	123.001	0	-2.16061	235.999	0	0.0145795	19252
LOKI	-1.06526e-06	1.33238	1.92792	-1.39816e-06	-0.9861	0.00581776	-0.000151709	3.11142	-2.17644	0.000139529	-0.00293651	0.00193143	180	0	-0.101139	256.34	-0.000157632	1555.71	200.462	0	-1088.22	180	0	0.137806	123.001	0	-2.16061	235.999	0	0.0145795	19292
LOKI	-5.32632e-07	1.33238	1.92792	-1.19842e-06	-0.9861	0.00581776	0.000120042	3.11146	-2.17648	0.000261284	-0.00292534	0.00191318	180	0	0.0800281	256.34	-0.000166638	1555.73	200.462	0	-1088.24	180	0	0.258058	123.001	0	-2.14634	235.999	0	0.0205842	19330
LOKI	-7.98948e-07	1.33238	1.92792	-1.39816e-06	-0.9861	0.00581781	0.000400468	3.11145	-2.17647	0.000363286	-0.00292384	0.00191296	180	0	0.266979	256.34	-8.16386e-05	1555.72	200.462	0	-1088.23	180	0	0.358801	123.001	0	-2.14566	235.999	0	0.0201484	19375
LOKI	-1.06526e-06	1.33238	1.92792	-1.5979e-06	-0.9861	0.00581781	0.000554902	3.11139	-2.17641	0.000406415	-0.00293841	0.00192935	180	0	0.369935	256.34	2.21129e-05	1555.7	200.462	0	-1088.2	180	0	0.401398	123.001	0	-2.16016	235.999	0	0.016442	19406
LOKI	-1.33158e-06	1.33238	1.92792	-1.5979e-06	-0.9861	0.00581781	0.000558593	3.11136	-2.17637	0.000392905	-0.00294572	0.00194114	180	0	0.372395	256.34	8.49319e-05	1555.68	200.462	0	-1088.19	180	0	0.388054	123.001	0	-2.16942	235.999	0	0.0125943	19442
LOKI	-1.33158e-06	1.33238	1.92792	-1.5979e-06	-0.9861	0.00581781	0.000558593	3.11136	-2.17637	0.000392905	-0.00294572	0.00194114	180	0	0.372395	256.34	8.49319e-05	1555.68	200.462	0	-1088.19	180	0	0.388054	123.001	0	-2.16942	235.999	0	0.0125943	19480
LOKI	-1.5979e-06	1.33238	1.92792	-1.79763e-06	-0.9861	0.00581776	0.000468959	3.11133	-2.17634	0.000350824	-0.00295953	0.00195425	180	0	0.312639	256.34	8.53824e-05	1555.66	200.462	0	-1088.17	180	0	0.346493	123.001	0	-2.18182	235.999	0	0.0104247	19519
LOKI	-1.5979e-06	1.33238	1.92792	-1.5979e-06	-0.9861	0.00581776	0.000362682	3.11135	-2.17636	0.000310114	-0.002952	0.00194939	180	0	0.241788	256.34	4.39231e-05	1555.68	200.462	0	-1088.18	180	0	0.306286	123.001	0	-2.17633	235.999	0	0.0103356	19553
LOKI	-1.33158e-06	1.33238	1.92792	-1.5979e-06	-0.9861	0.00581776	0.00029074	3.11134	-2.17636	0.000287526	-0.00294424	0.00194218	180	0	0.193827	256.34	-7.31437e-06	1555.67	200.462	0	-1088.18	180	0	0.283976	123.001	0	-2.16945	235.999	0	0.0114679	19587
LOKI	-1.33158e-06	1.33238	1.92792	-1.5979e-06	-0.9861	0.00581776	0.000280405	3.11135	-2.17639	0.000285324	-0.00294276	0.00194034	180	0	0.186937	256.34	-1.74741e-05	1555.68	200.462	0	-1088.2	180	0	0.281801	123.001	0	-2.16788	235.999	0	0.0119432	19624
LOKI	-1.06526e-06	1.33238	1.92792	-1.39816e-06	-0.9861	0.00581776	0.000155458	3.11138	-2.17639	0.000203295	-0.00293313	0.00194741	180	0	0.103639	256.34	-8.61029e-06	1555.69	200.462	0	-1088.2	180	0	0.200785	123.001	0	-2.16824	235.999	0	0.00444993	19670
LOKI	-7.98948e-07	1.33238	1.92792	-1.39816e-06	-0.9861	0.00581776	0.000150461	3.11141	-2.17642	0.000323972	-0.00297507	0.00190911	180	0	0.100308	256.34	-6.49274e-05	1555.7	200.462	0	-1088.21	180	0	0.319972	123.001	0	-2.16249	235.999	0	0.0412605	19704
LOKI	-1.06526e-06	1.33238	1.92792	-1.5979e-06	-0.9861	0.00581768	0.000766779	3.11147	-2.17645	0.00059152	-0.00297169	0.00189551	180	0	0.511186	256.34	-0.000119201	1555.73	200.462	0	-1088.22	180	0	0.584217	123.001	0	-2.15369	235.999	0	0.0475654	19746
LOKI	-2.66316e-06	1.33238	1.92792	-2.79632e-06	-0.9861	0.00581763	0.00252188	3.11161	-2.17662	0.00151556	-0.00298907	0.00181365	180	0	1.68126	256.34	-0.000322411	1555.8	200.462	0	-1088.31	180	0	1.49685	123.001	0	-2.11465	235.999	0	0.099476	19778
LOKI	-2.66316e-06	1.33238	1.92792	-2.79632e-06	-0.9861	0.00581763	0.00252188	3.11161	-2.17662	0.00151556	-0.00298907	0.00181365	180	0	1.68126	256.34	-0.000322411	1555.8	200.462	0	-1088.31	180	0	1.49685	123.001	0	-2.11465	235.999	0	0.099476	19810
LOKI	-5.32632e-06	1.33238	1.92792	-3.99474e-06	-0.9861	0.00581768	0.00213238	3.1114	-2.17643	0.000904614	-0.00288006	0.00196547	180	0	1.42159	256.34	0.000125753	1555.7	200.462	0	-1088.22	180	0	0.893446	123.001	0	-2.15862	235.999	0	-0.025242	19846
LOKI	-4.79369e-06	1.33238	1.92792	-3.39553e-06	-0.9861	0.00581781	0.000290384	3.11122	-2.17623	0.000176682	-0.00293053	0.00201701	180	0	0.193589	256.34	0.000351214	1555.61	200.462	0	-1088.12	180	0	0.174501	123.001	0	-2.20595	235.999	0	-0.0351801	19884
LOKI	-2.39684e-06	1.33238	1.92792	-1.99737e-06	-0.9861	0.0058179	-0.000873788	3.11123	-2.17624	-0.000173256	-0.00296666	0.00200418	180	0	-0.582525	256.34	0.000206476	1555.62	200.462	0	-1088.12	180	0	-0.171117	123.001	0	-2.2122	235.999	0	-0.0146734	19918
LOKI	0	1.33238	1.92792	-9.98685e-07	-0.9861	0.0058179	-0.00111687	3.11133	-2.17634	-0.000170291	-0.00294998	0.00195281	180	0	-0.744583	256.34	-4.49438e-05	1555.67	200.462	0	-1088.17	180	0	-0.168188	123.001	0	-2.17748	235.999	0	0.00768884	19957
LOKI	0	1.33238	1.92792	-9.98685e-07	-0.9861	0.0058179	-0.00111687	3.11133	-2.17634	-0.000170291	-0.00294998	0.00195281	180	0	-0.744583	256.34	-4.49438e-05	1555.67	200.462	0	-1088.17	180	0	-0.168188	123.001	0	-2.17748	235.999	0	0.00768884	19991
LOKI	1.33158e-06	1.33238	1.92792	-3.99474e-07	-0.9861	0.00581776	-0.000743168	3.11144	-2.17646	2.64622e-05	-0.00293764	0.00192163	180	0	-0.495445	256.34	-0.000190441	1555.72	200.462	0	-1088.23	180	0	0.0261355	123.001	0	-2.15559	235.999	0	0.0204409	20030
LOKI	1.33158e-06	1.33238	1.92792	-5.99211e-07	-0.9861	0.00581776	-0.000200548	3.11146	-2.17648	0.000241379	-0.00292368	0.00191203	180	0	-0.133699	256.34	-0.000170448	1555.73	200.462	0	-1088.24	180	0	0.238399	123.001	0	-2.14509	235.999	0	0.0206018	20066
LOKI	1.33158e-06	1.33238	1.92792	-5.99211e-07	-0.9861	0.00581776	-0.000200548	3.11146	-2.17648	0.000241379	-0.00292368	0.00191203	180	0	-0.133699	256.34	-0.000170448	1555.73	200.462	0	-1088.24	180	0	0.238399	123.001	0	-2.14509	235.999	0	0.0206018	20094
LOKI	2.66316e-07	1.33238	1.92792	-1.19842e-06	-0.9861	0.00581781	0.000278126	3.11137	-2.17638	0.000368537	-0.00292692	0.00194895	180	0	0.185417	256.34	7.30221e-05	1555.68	200.462	0	-1088.19	180	0	0.363987	123.001	0	-2.16679	235.999	0	0.00129144	20136
LOKI	2.66316e-07	1.33238	1.92792	-1.19842e-06	-0.9861	0.00581781	0.000278126	3.11137	-2.17638	0.000368537	-0.00292692	0.00194895	180	0	0.185417	256.34	7.30221e-05	1555.68	200.462	0	-1088.19	180	0	0.363987	123.001	0	-2.16679	235.999	0	0.00129144	20175
LOKI	0	1.33238	1.92792	-1.39816e-06	-0.9861	0.00581785	0.000146906	3.11131	-2.17632	0.000298426	-0.00292683	0.00196317	180	0	0.0979373	256.34	0.000122509	1555.65	200.462	0	-1088.16	180	0	0.294741	123.001	0	-2.17466	235.999	0	-0.00663901	20210
LOKI	0	1.33238	1.92792	-1.19842e-06	-0.9861	0.00581785	-5.4371e-05	3.11132	-2.17634	0.000217625	-0.002933	0.00197361	180	0	-0.0362474	256.34	9.25013e-05	1555.66	200.462	0	-1088.17	180	0	0.214939	123.001	0	-2.18275	235.999	0	-0.0101549	20243
LOKI	2.66316e-07	1.33238	1.92792	-1.19842e-06	-0.9861	0.00581785	-0.000208387	3.11133	-2.17634	0.000165324	-0.00291964	0.00196573	180	0	-0.138925	256.34	2.2046e-05	1555.66	200.462	0	-1088.17	180	0	0.163283	123.001	0	-2.17342	235.999	0	-0.010723	20279
LOKI	5.32632e-07	1.33238	1.92792	-9.98685e-07	-0.9861	0.00581785	-0.000270217	3.11136	-2.17638	0.000151041	-0.00290889	0.00195761	180	0	-0.180145	256.34	-3.74063e-05	1555.68	200.462	0	-1088.19	180	0	0.149177	123.001	0	-2.16493	235.999	0	-0.0101937	20312
LOKI	5.32632e-07	1.33238	1.92792	-9.98685e-07	-0.9861	0.00581785	-0.000270217	3.11136	-2.17638	0.000151041	-0.00290889	0.00195761	180	0	-0.180145	256.34	-3.74063e-05	1555.68	200.462	0	-1088.19	180	0	0.149177	123.001	0	-2.16493	235.999	0	-0.0101937	20352
LOKI	1.06526e-06	1.33238	1.92792	-3.99474e-07	-0.9861	0.00581794	-0.000933729	3.11132	-2.17634	-0.00017124	-0.00290243	0.00197991	180	0	-0.622486	256.34	3.66769e-05	1555.66	200.462	0	-1088.17	180	0	-0.169126	123.001	0	-2.17492	235.999	0	-0.0249731	20383
LOKI	2.13053e-06	1.33238	1.92792	0	-0.9861	0.00581794	-0.0008163	3.11137	-2.17639	-3.25936e-05	-0.00291874	0.0019466	180	0	-0.5442	256.34	-5.87934e-05	1555.69	200.462	0	-1088.19	180	0	-0.0321912	123.001	0	-2.16246	235.999	0	-0.000427511	20422
LOKI	2.13053e-06	1.33238	1.92792	-1.99737e-07	-0.9861	0.00581785	-0.000376742	3.11142	-2.17644	0.000149647	-0.00291739	0.00193765	180	0	-0.251161	256.34	-9.07286e-05	1555.71	200.462	0	-1088.22	180	0	0.147799	123.001	0	-2.15699	235.999	0	0.00404283	20461
LOKI	2.13053e-06	1.33238	1.92792	-1.99737e-07	-0.9861	0.00581785	-0.000376742	3.11142	-2.17644	0.000149647	-0.00291739	0.00193765	180	0	-0.251161	256.34	-9.07286e-05	1555.71	200.462	0	-1088.22	180	0	0.147799	123.001	0	-2.15699	235.999	0	0.00404283	20498
LOKI	1.5979e-06	1.33238	1.92792	-3.99474e-07	-0.9861	0.00581785	-3.84399e-05	3.1114	-2.17641	0.000257941	-0.00290316	0.00193676	180	0	-0.0256266	256.34	-4.40064e-05	1555.7	200.462	0	-1088.21	180	0	0.254757	123.001	0	-2.15122	235.999	0	-0.000732683	20541
LOKI	1.06526e-06	1.33238	1.92792	-7.98948e-07	-0.9861	0.00581785	7.79183e-05	3.11136	-2.17641	0.00027433	-0.00290639	0.00195166	180	0	0.0519456	256.34	2.3266e-05	1555.68	200.462	0	-1088.2	180	0	0.270943	123.001	0	-2.1607	235.999	0	-0.00781492	20572
LOKI	5.32632e-07	1.33238	1.92792	-7.98948e-07	-0.9861	0.00581785	-2.77104e-05	3.11134	-2.17635	0.000206406	-0.00292159	0.00197416	180	0	-0.0184736	256.34	6.71222e-05	1555.67	200.462	0	-1088.18	180	0	0.203858	123.001	0	-2.17882	235.999	0	-0.0146832	20612
LOKI	5.32632e-07	1.33238	1.92792	-7.98948e-07	-0.9861	0.00581794	-0.000196364	3.11134	-2.17635	0.000121266	-0.00291305	0.00197873	180	0	-0.130909	256.34	6.07837e-05	1555.67	200.462	0	-1088.18	180	0	0.119769	123.001	0	-2.1782	235.999	0	-0.0203888	20653
LOKI	5.32632e-07	1.33238	1.92792	-7.98948e-07	-0.9861	0.00581794	-0.000196364	3.11134	-2.17635	0.000121266	-0.00291305	0.00197873	180	0	-0.130909	256.34	6.07837e-05	1555.67	200.462	0	-1088.18	180	0	0.119769	123.001	0	-2.1782	235.999	0	-0.0203888	20690
LOKI	7.98948e-07	1.33238	1.92792	-5.99211e-07	-0.9861	0.00581794	-0.000397437	3.11133	-2.17634	3.84721e-05	-0.00290681	0.00197553	180	0	-0.264958	256.34	2.7605e-05	1555.66	200.462	0	-1088.17	180	0	0.0379971	123.001	0	-2.17411	235.999	0	-0.0209183	20733
LOKI	1.06526e-06	1.33238	1.92792	-3.99474e-07	-0.9861	0.00581794	-0.000460547	3.11135	-2.17637	2.59653e-05	-0.00290421	0.00196523	180	0	-0.307031	256.34	-2.08536e-05	1555.68	200.462	0	-1088.18	180	0	0.0256448	123.001	0	-2.16742	235.999	0	-0.0161597	20767
LOKI	1.33158e-06	1.33238	1.92792	-3.99474e-07	-0.9861	0.00581794	-0.000348292	3.11137	-2.17642	8.29772e-05	-0.00290489	0.00195559	180	0	-0.232195	256.34	-5.59896e-05	1555.69	200.462	0	-1088.21	180	0	0.0819528	123.001	0	-2.16232	235.999	0	-0.010556	20807
LOKI	1.06526e-06	1.33238	1.92792	-3.99474e-07	-0.9861	0.00581794	-0.000146756	3.1114	-2.17642	0.000162376	-0.00290794	0.00195306	180	0	-0.0978373	256.34	-5.37912e-05	1555.7	200.462	0	-1088.21	180	0	0.160371	123.001	0	-2.16205	235.999	0	-0.00802241	20845
LOKI	1.06526e-06	1.33238	1.92792	-3.99474e-07	-0.9861	0.00581794	-0.000146756	3.1114	-2.17642	0.000162376	-0.00290794	0.00195306	180	0	-0.0978373	256.34	-5.37912e-05	1555.7	200.462	0	-1088.21	180	0	0.160371	123.001	0	-2.16205	235.999	0	-0.00802241	20885
LOKI	7.98948e-07	1.33238	1.92792	-5.99211e-07	-0.9861	0.00581785	2.6088e-05	3.11139	-2.1764	0.000219702	-0.0028966	0.00194685	180	0	0.017392	256.34	-2.43668e-05	1555.69	200.462	0	-1088.2	180	0	0.21699	123.001	0	-2.1544	235.999	0	-0.00877177	20917
LOKI	5.32632e-07	1.33238	1.92792	-7.98948e-07	-0.9861	0.00581785	0.000108915	3.11137	-2.17638	0.000238311	-0.00290035	0.00195313	180	0	0.0726099	256.34	1.004e-05	1555.68	200.462	0	-1088.19	180	0	0.235369	123.001	0	-2.15928	235.999	0	-0.0108687	20947
LOKI	2.66316e-07	1.33238	1.92792	-7.98948e-07	-0.9861	0.00581794	9.87949e-05	3.11136	-2.17637	0.000224431	-0.00291831	0.00196759	180	0	0.0658633	256.34	2.86436e-05	1555.68	200.462	0	-1088.19	180	0	0.22166	123.001	0	-2.17396	235.999	0	-0.012251	20990
LOKI	2.66316e-07	1.33238	1.92792	-5.99211e-07	-0.9861	0.00581794	-0.000517801	3.1113	-2.17632	-0.000142242	-0.00289758	0.00200589	180	0	-0.345201	256.34	0.000135896	1555.65	200.462	0	-1088.16	180	0	-0.140486	123.001	0	-2.18756	235.999	0	-0.0412055	21027
LOKI	1.33158e-06	1.33238	1.92792	0	-0.9861	0.00581794	-0.00104304	3.11131	-2.17631	-0.000253553	-0.00292736	0.00197362	180	0	-0.695363	256.34	7.29033e-05	1555.65	200.462	0	-1088.16	180	0	-0.250423	123.001	0	-2.18066	235.999	0	-0.0122462	21068
LOKI	1.33158e-06	1.33238	1.92792	0	-0.9861	0.00581794	-0.00103826	3.11131	-2.17631	-0.000251133	-0.00292767	0.00197351	180	0	-0.692172	256.34	6.67616e-05	1555.65	200.462	0	-1088.16	180	0	-0.248033	123.001	0	-2.18072	235.999	0	-0.0120708	21095
LOKI	2.13053e-06	1.33238	1.92792	3.99474e-07	-0.9861	0.00581794	-0.000735935	3.11138	-2.17639	-6.80854e-05	-0.0029295	0.00193527	180	0	-0.490624	256.34	-8.04741e-05	1555.69	200.462	0	-1088.2	180	0	-0.0672448	123.001	0	-2.16015	235.999	0	0.00984709	21117
LOKI	1.86421e-06	1.33238	1.92792	1.99737e-07	-0.9861	0.00581785	-0.000130665	3.11145	-2.17646	0.000176048	-0.00292695	0.00192041	180	0	-0.0871098	256.34	-0.000138203	1555.72	200.462	0	-1088.23	180	0	0.173875	123.001	0	-2.15095	235.999	0	0.0171618	21147
LOKI	1.06526e-06	1.33238	1.92792	-3.99474e-07	-0.9861	0.00581785	0.000404737	3.11145	-2.17647	0.000359191	-0.00291506	0.00191699	180	0	0.269824	256.34	-9.30853e-05	1555.73	200.462	0	-1088.23	180	0	0.354756	123.001	0	-2.14465	235.999	0	0.014655	21186
LOKI	1.06526e-06	1.33238	1.92792	-3.99474e-07	-0.9861	0.00581785	0.000404737	3.11145	-2.17647	0.000359191	-0.00291506	0.00191699	180	0	0.269824	256.34	-9.30853e-05	1555.73	200.462	0	-1088.23	180	0	0.354756	123.001	0	-2.14465	235.999	0	0.014655	21222
LOKI	0	1.33238	1.92792	-9.98685e-07	-0.9861	0.00581785	0.000687936	3.11141	-2.17642	0.00043477	-0.00292214	0.00193339	180	0	0.458624	256.34	-6.27086e-06	1555.7	200.462	0	-1088.21	180	0	0.429403	123.001	0	-2.15638	235.999	0	0.00817055	21260
LOKI	-1.06526e-06	1.33238	1.92792	-1.39816e-06	-0.9861	0.00581785	0.000729242	3.11138	-2.17639	0.000424716	-0.00292612	0.00194637	180	0	0.486161	256.34	5.35191e-05	1555.69	200.462	0	-1088.2	180	0	0.419473	123.001	0	-2.16507	235.999	0	0.00243133	21300
LOKI	-1.86421e-06	1.33238	1.92792	-1.79763e-06	-0.9861	0.00581781	0.0011576	3.11142	-2.17643	0.000645768	-0.00292917	0.00192653	180	0	0.771733	256.34	-2.14391e-05	1555.71	200.462	0	-1088.21	180	0	0.637796	123.001	0	-2.15517	235.999	0	0.0145811	21338
LOKI	-2.39684e-06	1.33238	1.92792	-2.19711e-06	-0.9861	0.00581785	0.000826746	3.11134	-2.17636	0.000416601	-0.00290719	0.00195997	180	0	0.551164	256.34	5.83461e-05	1555.67	200.462	0	-1088.18	180	0	0.411458	123.001	0	-2.16561	235.999	0	-0.0121334	21378
LOKI	-2.39684e-06	1.33238	1.92792	-2.19711e-06	-0.9861	0.00581785	0.000826746	3.11134	-2.17636	0.000416601	-0.00290719	0.00195997	180	0	0.551164	256.34	5.83461e-05	1555.67	200.462	0	-1088.18	180	0	0.411458	123.001	0	-2.16561	235.999	0	-0.0121334	21412
LOKI	-2.39684e-06	1.33238	1.92792	-1.79763e-06	-0.9861	0.00581785	0.000286847	3.11134	-2.17635	0.000209293	-0.00292381	0.00197307	180	0	0.191231	256.34	6.42228e-05	1555.67	200.462	0	-1088.18	180	0	0.20671	123.001	0	-2.17905	235.999	0	-0.0132594	21453
LOKI	-1.5979e-06	1.33238	1.92792	-1.39816e-06	-0.9861	0.00581785	-4.1658e-05	3.11137	-2.17638	0.000111356	-0.00292254	0.00196013	180	0	-0.027772	256.34	7.50611e-06	1555.68	200.462	0	-1088.19	180	0	0.109981	123.001	0	-2.17139	235.999	0	-0.00653926	21493
LOKI	-7.98948e-07	1.33238	1.92792	-9.98685e-07	-0.9861	0.00581785	-0.000109232	3.1114	-2.17641	0.000111718	-0.00292087	0.00194709	180	0	-0.0728213	256.34	-4.75364e-05	1555.7	200.462	0	-1088.21	180	0	0.110338	123.001	0	-2.16352	235.999	0	8.70671e-05	21528
LOKI	-5.32632e-07	1.33238	1.92792	-9.98685e-07	-0.9861	0.00581785	-1.43013e-05	3.1114	-2.17642	0.000160063	-0.00290653	0.0019318	180	0	-0.00953423	256.34	-6.0422e-05	1555.7	200.462	0	-1088.21	180	0	0.158087	123.001	0	-2.14971	235.999	0	0.00326758	21569
LOKI	-5.32632e-07	1.33238	1.92792	-9.98685e-07	-0.9861	0.00581785	-1.43013e-05	3.1114	-2.17642	0.000160063	-0.00290653	0.0019318	180	0	-0.00953423	256.34	-6.0422e-05	1555.7	200.462	0	-1088.21	180	0	0.158087	123.001	0	-2.14971	235.999	0	0.00326758	21607
LOKI	-2.66316e-07	1.33238	1.92792	-9.98685e-07	-0.9861	0.00581785	0.000109905	3.11142	-2.17644	0.000208972	-0.0029117	0.00193458	180	0	0.0732697	256.34	-3.16646e-05	1555.71	200.462	0	-1088.22	180	0	0.206392	123.001	0	-2.15317	235.999	0	0.00364324	21644
LOKI	-2.66316e-07	1.33238	1.92792	-9.98685e-07	-0.9861	0.00581785	0.000178768	3.1114	-2.17641	0.000228175	-0.00291696	0.00194168	180	0	0.119179	256.34	1.11213e-05	1555.7	200.462	0	-1088.21	180	0	0.225358	123.001	0	-2.15907	235.999	0	0.00164424	21681
LOKI	-5.32632e-07	1.33238	1.92792	-9.98685e-07	-0.9861	0.00581785	0.000168531	3.11135	-2.17637	0.00021572	-0.00291939	0.00194782	180	0	0.112354	256.34	4.01065e-05	1555.68	200.462	0	-1088.18	180	0	0.213057	123.001	0	-2.16338	235.999	0	-0.000863638	21722
LOKI	-5.32632e-07	1.33238	1.92792	-9.98685e-07	-0.9861	0.00581785	0.000105977	3.11135	-2.17636	0.000186787	-0.0029182	0.00194977	180	0	0.0706515	256.34	4.17634e-05	1555.68	200.462	0	-1088.18	180	0	0.184481	123.001	0	-2.16402	235.999	0	-0.00238987	21757
LOKI	-5.32632e-07	1.33238	1.92792	-9.98685e-07	-0.9861	0.00581785	0.000105977	3.11135	-2.17636	0.000186787	-0.0029182	0.00194977	180	0	0.0706515	256.34	4.17634e-05	1555.68	200.462	0	-1088.18	180	0	0.184481	123.001	0	-2.16402	235.999	0	-0.00238987	21797
LOKI	-2.66316e-07	1.33238	1.92792	-7.98948e-07	-0.9861	0.00581785	3.08353e-05	3.11136	-2.17637	0.000157062	-0.00293051	0.00195864	180	0	0.0205568	256.34	2.4685e-05	1555.68	200.462	0	-1088.19	180	0	0.155123	123.001	0	-2.17351	235.999	0	-0.00276338	21834
LOKI	-2.66316e-07	1.33238	1.92792	-7.98948e-07	-0.9861	0.00581785	-2.52602e-05	3.11137	-2.17639	0.000137158	-0.00292656	0.00195517	180	0	-0.0168402	256.34	1.76646e-06	1555.69	200.462	0	-1088.19	180	0	0.135465	123.001	0	-2.17012	235.999	0	-0.00229613	21874
LOKI	0	1.33238	1.92792	-5.99211e-07	-0.9861	0.00581785	-0.000202039	3.11137	-2.17638	3.99433e-05	-0.00291942	0.00196248	180	0	-0.134693	256.34	1.44006e-05	1555.68	200.462	0	-1088.19	180	0	0.0394501	123.001	0	-2.17153	235.999	0	-0.00899979	21919
LOKI	2.66316e-07	1.33238	1.92792	-3.99474e-07	-0.9861	0.00581785	-0.00021635	3.11138	-2.1764	7.19127e-05	-0.00292843	0.00194933	180	0	-0.144233	256.34	-1.79102e-05	1555.69	200.462	0	-1088.2	180	0	0.0710249	123.001	0	-2.16756	235.999	0	0.00164361	21957
LOKI	2.66316e-07	1.33238	1.92792	-3.99474e-07	-0.9861	0.00581785	-0.00021635	3.11138	-2.1764	7.19127e-05	-0.00292843	0.00194933	180	0	-0.144233	256.34	-1.79102e-05	1555.69	200.462	0	-1088.2	180	0	0.0710249	123.001	0	-2.16756	235.999	0	0.00164361	21997
LOKI	5.32632e-07	1.33238	1.92792	-3.99474e-07	-0.9861	0.00581785	-2.92245e-05	3.11139	-2.17641	0.00015556	-0.0029132	0.00193237	180	0	-0.019483	256.34	-4.13291e-05	1555.7	200.462	0	-1088.2	180	0	0.15364	123.001	0	-2.1525	235.999	0	0.00542506	22035
LOKI	2.66316e-07	1.33238	1.92792	-5.99211e-07	-0.9861	0.00581785	0.000140807	3.11139	-2.1764	0.000213437	-0.00291363	0.00193498	180	0	0.0938713	256.34	-2.77362e-05	1555.69	200.462	0	-1088.2	180	0	0.210802	123.001	0	-2.15411	235.999	0	0.00413377	22077
LOKI	0	1.33238	1.92792	-7.98948e-07	-0.9861	0.00581785	0.00021105	3.11137	-2.17639	0.000227626	-0.00291517	0.00194135	180	0	0.1407	256.34	2.33057e-06	1555.69	200.462	0	-1088.19	180	0	0.224815	123.001	0	-2.15822	235.999	0	0.00116801	22108
LOKI	0	1.33238	1.92792	-7.98948e-07	-0.9861	0.00581785	0.00021105	3.11137	-2.17639	0.000227626	-0.00291517	0.00194135	180	0	0.1407	256.34	2.33057e-06	1555.69	200.462	0	-1088.19	180	0	0.224815	123.001	0	-2.15822	235.999	0	0.00116801	22138
LOKI	-2.66316e-07	1.33238	1.92792	-7.98948e-07	-0.9861	0.00581785	0.000188381	3.11136	-2.17638	0.00020882	-0.00291606	0.00194632	180	0	0.125587	256.34	2.35117e-05	1555.68	200.462	0	-1088.19	180	0	0.206242	123.001	0	-2.16131	235.999	0	-0.00126424	22179
LOKI	-2.66316e-07	1.33238	1.92792	-7.98948e-07	-0.9861	0.00581785	0.000120563	3.11136	-2.17637	0.000178362	-0.00291512	0.00194757	180	0	0.0803755	256.34	2.45973e-05	1555.68	200.462	0	-1088.19	180	0	0.17616	123.001	0	-2.16166	235.999	0	-0.00231054	22221
LOKI	-2.66316e-07	1.33238	1.92792	-7.98948e-07	-0.9861	0.00581785	5.6461e-05	3.11137	-2.17638	0.000154153	-0.00291294	0.00194566	180	0	0.0376407	256.34	1.03729e-05	1555.68	200.462	0	-1088.19	180	0	0.15225	123.001	0	-2.15979	235.999	0	-0.00205311	22262
LOKI	-2.66316e-07	1.33238	1.92792	-7.98948e-07	-0.9861	0.00581785	2.34013e-05	3.11138	-2.17639	0.000144009	-0.00291097	0.00194267	180	0	0.0156009	256.34	-6.72095e-06	1555.69	200.462	0	-1088.19	180	0	0.142231	123.001	0	-2.1574	235.999	0	-0.00112289	22305
LOKI	-2.66316e-07	1.33238	1.92792	-7.98948e-07	-0.9861	0.00581785	2.34013e-05	3.11138	-2.17639	0.000144009	-0.00291097	0.00194267	180	0	0.0156009	256.34	-6.72095e-06	1555.69	200.462	0	-1088.19	180	0	0.142231	123.001	0	-2.1574	235.999	0	-0.00112289	22333
LOKI	-2.66316e-07	1.33238	1.92792	-7.98948e-07	-0.9861	0.00581785	2.36243e-05	3.11138	-2.1764	0.000146167	-0.00291028	0.00194058	180	0	0.0157496	256.34	-1.6253e-05	1555.69	200.462	0	-1088.2	180	0	0.144363	123.001	0	-2.15598	235.999	0	-0.000220787	22375
LOKI	0	1.33238	1.92792	-7.98948e-07	-0.9861	0.00581785	4.3361e-05	3.11138	-2.1764	0.000154103	-0.00291101	0.00194019	180	0	0.0289073	256.34	-1.52101e-05	1555.69	200.462	0	-1088.2	180	0	0.1522	123.001	0	-2.15603	235.999	0	0.00026909	22411
LOKI	0	1.33238	1.92792	-7.98948e-07	-0.9861	0.00581785	6.57787e-05	3.11138	-2.17639	0.000161342	-0.00291243	0.00194116	180	0	0.0438525	256.34	-7.16759e-06	1555.69	200.462	0	-1088.2	180	0	0.15935	123.001	0	-2.1571	235.999	0	0.000254396	22451
LOKI	-2.66316e-07	1.33238	1.92792	-7.98948e-07	-0.9861	0.00581785	7.96574e-05	3.11137	-2.17639	0.00016436	-0.00291381	0.00194248	180	0	0.0531049	256.34	1.68377e-06	1555.69	200.462	0	-1088.19	180	0	0.162331	123.001	0	-2.15834	235.999	0	3.31828e-05	22491
LOKI	-2.66316e-07	1.33238	1.92792	-7.98948e-07	-0.9861	0.00581785	8.22537e-05	3.11137	-2.17638	0.000164068	-0.00291423	0.00194309	180	0	0.0548358	256.34	4.91833e-06	1555.69	200.462	0	-1088.19	180	0	0.162042	123.001	0	-2.15884	235.999	0	-0.000148955	22532
LOKI	-2.66316e-07	1.33238	1.92792	-7.98948e-07	-0.9861	0.00581785	8.22765e-05	3.11137	-2.17638	0.000163005	-0.00291441	0.0019434	180	0	0.054851	256.34	6.63684e-06	1555.68	200.462	0	-1088.19	180	0	0.160993	123.001	0	-2.15908	235.999	0	-0.000256415	22563
LOKI	-2.66316e-07	1.33238	1.92792	-7.98948e-07	-0.9861	0.00581785	7.70193e-05	3.11137	-2.17638	0.000159123	-0.00291419	0.00194359	180	0	0.0513462	256.34	6.44057e-06	1555.68	200.462	0	-1088.19	180	0	0.157159	123.001	0	-2.1591	235.999	0	-0.00044152	22597
LOKI	-2.66316e-07	1.33238	1.92792	-7.98948e-07	-0.9861	0.00581785	7.70193e-05	3.11137	-2.17638	0.000159123	-0.00291419	0.00194359	180	0	0.0513462	256.34	6.44057e-06	1555.68	200.462	0	-1088.19	180	0	0.157159	123.001	0	-2.1591	235.999	0	-0.00044152	22625
LOKI	-2.66316e-07	1.33238	1.92792	-7.98948e-07	-0.9861	0.00581785	6.39411e-05	3.11137	-2.17639	0.000152004	-0.00291276	0.00194261	180	0	0.0426274	256.34	-1.37805e-06	1555.69	200.462	0	-1088.19	180	0	0.150127	123.001	0	-2.15803	235.999	0	-0.000428668	22668
LOKI	-2.66316e-07	1.33238	1.92792	-7.98948e-07	-0.9861	0.00581785	6.39411e-05	3.11137	-2.17639	0.000152004	-0.00291276	0.00194261	180	0	0.0426274	256.34	-1.37805e-06	1555.69	200.462	0	-1088.19	180	0	0.150127	123.001	0	-2.15803	235.999	0	-0.000428668	22709
LOKI	-2.66316e-07	1.33238	1.92792	-7.98948e-07	-0.9861	0.00581785	6.20833e-05	3.11138	-2.17639	0.000150543	-0.00291241	0.00194218	180	0	0.0413889	256.34	-3.94617e-06	1555.69	200.462	0	-1088.19	180	0	0.148684	123.001	0	-2.15766	235.999	0	-0.000319087	22747
