/****************************************************************
*   Posicion inicial 320,0,-70,0,180,90                         *
*   Movimiento realizado: 320,0,50 + 300,100,120 + 320,0,-70    *
*                                                               *
*   SIM stiffness="0" damping="0.5" frictionloss="0.5"          *
****************************************************************/

THOR	2.66316e-07	1.34359	2.2827	1.99737e-07	-0.646882	3.41772e-05	-1.43644e-05	2.48535	-1.61962	-4.15069e-05	0.00690683	0.00704427	180	0	-0.0095763	256.982	-0.00271701	1242.68	220.789	0	-809.81	180	0	-0.0409945	142.933	0	-1.3554	217.061	0	-6.47157	21
THOR	2.66316e-07	1.34359	2.2827	1.99737e-07	-0.646882	3.34671e-05	-1.40827e-05	2.48598	-1.6198	-4.12189e-05	0.00669845	0.00694678	180	0	-0.00938848	256.982	-0.0026817	1242.99	220.789	0	-809.901	180	0	-0.04071	142.934	0	-1.37841	217.061	0	-6.34023	65
THOR	2.66316e-07	1.34359	2.2827	1.99737e-07	-0.646882	3.28457e-05	-1.38512e-05	2.48657	-1.62005	-4.09417e-05	0.0064941	0.00685209	180	0	-0.00923411	256.982	-0.00264511	1243.28	220.789	0	-810.024	180	0	-0.0404362	142.934	0	-1.40149	217.061	0	-6.21194	104
THOR	2.66316e-07	1.34359	2.2827	1.99737e-07	-0.646882	3.21355e-05	-1.35848e-05	2.4872	-1.62023	-4.06575e-05	0.00629286	0.00675944	180	0	-0.00905656	256.982	-0.00261052	1243.6	220.789	0	-810.116	180	0	-0.0401555	142.934	0	-1.42455	217.061	0	-6.08593	145
THOR	2.66316e-07	1.34359	2.2827	1.99737e-07	-0.646882	3.21355e-05	-1.35848e-05	2.4872	-1.62023	-4.06575e-05	0.00629286	0.00675944	180	0	-0.00905656	256.982	-0.00261052	1243.6	220.789	0	-810.116	180	0	-0.0401555	142.934	0	-1.42455	217.061	0	-6.08593	182
THOR	2.66316e-07	1.34359	2.2827	1.99737e-07	-0.646882	3.15141e-05	-1.33414e-05	2.48779	-1.62041	-4.03779e-05	0.00609521	0.00666922	180	0	-0.0088943	256.982	-0.00257529	1243.89	220.789	0	-810.207	180	0	-0.0398794	142.934	0	-1.44764	217.061	0	-5.96261	225
THOR	2.66316e-07	1.34358	2.2827	1.99737e-07	-0.646882	3.08927e-05	-1.31173e-05	2.48835	-1.62066	-4.01029e-05	0.00590099	0.00658137	180	0	-0.00874488	256.982	-0.00254098	1244.17	220.789	0	-810.332	180	0	-0.0396078	142.934	0	-1.47076	217.061	0	-5.84187	257
THOR	2.66316e-07	1.34358	2.2827	1.99737e-07	-0.646882	3.02713e-05	-1.28833e-05	2.48894	-1.62085	-3.98267e-05	0.00571012	0.00649562	180	0	-0.00858889	256.982	-0.00250665	1244.47	220.789	0	-810.423	180	0	-0.039335	142.934	0	-1.49382	217.061	0	-5.72354	296
THOR	2.66316e-07	1.34358	2.2827	1.99737e-07	-0.646882	3.02713e-05	-1.28833e-05	2.48894	-1.62085	-3.98267e-05	0.00571012	0.00649562	180	0	-0.00858889	256.982	-0.00250665	1244.47	220.789	0	-810.423	180	0	-0.039335	142.934	0	-1.49382	217.061	0	-5.72354	335
THOR	2.66316e-07	1.34358	2.2827	1.99737e-07	-0.646882	2.96499e-05	-1.26462e-05	2.48951	-1.62103	-3.95512e-05	0.00553825	0.00640138	180	0	-0.00843083	256.981	-0.00247337	1244.75	220.789	0	-810.515	180	0	-0.039063	142.934	0	-1.50512	217.061	0	-5.60752	367
THOR	2.66316e-07	1.34358	2.2827	1.99737e-07	-0.646881	2.90285e-05	-1.24244e-05	2.49007	-1.62121	-3.9279e-05	0.00535381	0.00631987	180	0	-0.00828292	256.981	-0.0024402	1245.03	220.789	0	-810.607	180	0	-0.0387941	142.934	0	-1.52815	217.061	0	-5.49393	407
THOR	2.66316e-07	1.34357	2.28271	1.99737e-07	-0.646881	2.84958e-05	-1.21881e-05	2.49063	-1.6214	-3.90044e-05	0.00517189	0.00624045	180	0	-0.00812541	256.981	-0.00240915	1245.32	220.789	0	-810.7	180	0	-0.0385228	142.934	0	-1.5514	217.061	0	-5.38243	444
THOR	2.66316e-07	1.34357	2.28271	1.99737e-07	-0.646881	2.78744e-05	-1.19953e-05	2.49116	-1.62158	-3.87389e-05	0.00499392	0.00616321	180	0	-0.0079969	256.981	-0.00237515	1245.58	220.789	0	-810.792	180	0	-0.0382606	142.934	0	-1.5744	217.061	0	-5.27361	485
THOR	2.66316e-07	1.34357	2.28271	1.99737e-07	-0.646881	2.78744e-05	-1.19953e-05	2.49116	-1.62158	-3.87389e-05	0.00499392	0.00616321	180	0	-0.0079969	256.981	-0.00237515	1245.58	220.789	0	-810.792	180	0	-0.0382606	142.934	0	-1.5744	217.061	0	-5.27361	524
THOR	0	1.34357	2.28271	1.99737e-07	-0.646881	2.73418e-05	-1.17769e-05	2.49172	-1.62177	-3.84695e-05	0.00483431	0.00607718	180	0	-0.00785127	256.981	-0.00234374	1245.86	220.789	0	-810.884	180	0	-0.0379946	142.934	0	-1.58572	217.061	0	-5.1667	563
THOR	0	1.34357	2.28271	1.99737e-07	-0.646881	2.67204e-05	-1.1577e-05	2.49225	-1.62189	-3.82046e-05	0.00466192	0.00600385	180	0	-0.00771799	256.981	-0.00231187	1246.13	220.789	0	-810.944	180	0	-0.0377329	142.934	0	-1.60883	217.061	0	-5.06211	598
THOR	0	1.34357	2.28271	1.99737e-07	-0.646881	2.61878e-05	-1.13591e-05	2.49275	-1.62207	-3.79369e-05	0.00449182	0.0059323	180	0	-0.00757273	256.981	-0.00228178	1246.38	220.79	0	-811.036	180	0	-0.0374686	142.934	0	-1.63209	217.061	0	-4.95936	631
THOR	0	1.34356	2.28271	1.99737e-07	-0.646881	2.56551e-05	-1.11725e-05	2.49328	-1.62226	-3.76759e-05	0.00434116	0.00585202	180	0	-0.00744834	256.981	-0.00225138	1246.64	220.79	0	-811.129	180	0	-0.0372107	142.934	0	-1.64329	217.061	0	-4.85896	668
THOR	0	1.34356	2.28271	1.99737e-07	-0.646881	2.56551e-05	-1.11725e-05	2.49328	-1.62226	-3.76759e-05	0.00434116	0.00585202	180	0	-0.00744834	256.981	-0.00225138	1246.64	220.79	0	-811.129	180	0	-0.0372107	142.934	0	-1.64329	217.061	0	-4.85896	705
THOR	0	1.34356	2.28271	1.99737e-07	-0.646881	2.52113e-05	-1.09829e-05	2.49378	-1.62244	-3.74147e-05	0.00417704	0.00578434	180	0	-0.00732196	256.98	-0.00222067	1246.89	220.79	0	-811.222	180	0	-0.0369528	142.934	0	-1.66647	217.061	0	-4.76057	746
THOR	0	1.34356	2.28271	1.99737e-07	-0.646881	2.46786e-05	-1.07854e-05	2.49428	-1.62256	-3.71534e-05	0.00403138	0.00570766	180	0	-0.00719028	256.98	-0.00219166	1247.14	220.79	0	-811.282	180	0	-0.0366947	142.934	0	-1.67782	217.061	0	-4.66402	793
THOR	0	1.34356	2.28271	1.99737e-07	-0.646881	2.4146e-05	-1.06012e-05	2.49478	-1.62275	-3.68944e-05	0.00387256	0.00564349	180	0	-0.00706748	256.98	-0.00216219	1247.39	220.79	0	-811.375	180	0	-0.036439	142.934	0	-1.70099	217.061	0	-4.56955	827
THOR	0	1.34356	2.28271	1.99737e-07	-0.646881	2.37021e-05	-1.04297e-05	2.49528	-1.62287	-3.66399e-05	0.00373237	0.00557045	180	0	-0.00695315	256.98	-0.00213293	1247.64	220.79	0	-811.436	180	0	-0.0361876	142.934	0	-1.71233	217.061	0	-4.47705	867
THOR	0	1.34356	2.28271	1.99737e-07	-0.646881	2.37021e-05	-1.04297e-05	2.49528	-1.62287	-3.66399e-05	0.00373237	0.00557045	180	0	-0.00695315	256.98	-0.00213293	1247.64	220.79	0	-811.436	180	0	-0.0361876	142.934	0	-1.71233	217.061	0	-4.47705	908
THOR	0	1.34355	2.28271	1.99737e-07	-0.64688	2.32583e-05	-1.02493e-05	2.49578	-1.62306	-3.63838e-05	0.00357869	0.00550966	180	0	-0.00683289	256.98	-0.00210446	1247.89	220.79	0	-811.529	180	0	-0.0359347	142.934	0	-1.73548	217.062	0	-4.38636	944
THOR	0	1.34355	2.28271	1.99737e-07	-0.64688	2.28144e-05	-1.00709e-05	2.49625	-1.62318	-3.61289e-05	0.00344328	0.00543991	180	0	-0.00671396	256.98	-0.00207674	1248.12	220.79	0	-811.589	180	0	-0.0356828	142.935	0	-1.74688	217.062	0	-4.29746	977
THOR	0	1.34355	2.28271	1.99737e-07	-0.64688	2.23706e-05	-9.90774e-06	2.49672	-1.6233	-3.58785e-05	0.00329456	0.00538239	180	0	-0.00660516	256.98	-0.00204913	1248.36	220.79	0	-811.65	180	0	-0.0354356	142.935	0	-1.77001	217.062	0	-4.21042	1012
THOR	0	1.34355	2.28271	1.99737e-07	-0.64688	2.18379e-05	-9.72699e-06	2.49719	-1.62342	-3.56255e-05	0.00316373	0.00531584	180	0	-0.00648466	256.98	-0.00202208	1248.59	220.79	0	-811.711	180	0	-0.0351857	142.935	0	-1.78149	217.062	0	-4.125	1051
THOR	0	1.34355	2.28271	1.99737e-07	-0.64688	2.18379e-05	-9.72699e-06	2.49719	-1.62342	-3.56255e-05	0.00316373	0.00531584	180	0	-0.00648466	256.98	-0.00202208	1248.59	220.79	0	-811.711	180	0	-0.0351857	142.935	0	-1.78149	217.062	0	-4.125	1088
THOR	0	1.34355	2.28271	1.99737e-07	-0.64688	2.13941e-05	-9.5728e-06	2.49766	-1.62361	-3.53784e-05	0.00301986	0.00526143	180	0	-0.00638187	256.98	-0.00199488	1248.83	220.79	0	-811.804	180	0	-0.0349417	142.935	0	-1.80455	217.062	0	-4.04149	1134
THOR	0	1.34355	2.28271	1.99737e-07	-0.64688	2.09502e-05	-9.41228e-06	2.49809	-1.62373	-3.51301e-05	0.00289387	0.00519801	180	0	-0.00627485	256.979	-0.00196799	1249.05	220.79	0	-811.866	180	0	-0.0346964	142.935	0	-1.81598	217.062	0	-3.95958	1174
THOR	0	1.34354	2.28271	1.99737e-07	-0.64688	2.05063e-05	-9.25914e-06	2.49853	-1.62385	-3.4885e-05	0.00275432	0.00514669	180	0	-0.00617276	256.979	-0.0019417	1249.26	220.79	0	-811.927	180	0	-0.0344543	142.935	0	-1.83916	217.062	0	-3.87939	1212
THOR	0	1.34354	2.28272	1.99737e-07	-0.64688	2.01513e-05	-9.10558e-06	2.499	-1.62398	-3.46405e-05	0.00263283	0.00508622	180	0	-0.00607039	256.979	-0.00191591	1249.5	220.79	0	-811.988	180	0	-0.0342128	142.935	0	-1.85055	217.062	0	-3.8008	1254
THOR	0	1.34354	2.28272	1.99737e-07	-0.64688	2.01513e-05	-9.10558e-06	2.499	-1.62398	-3.46405e-05	0.00263283	0.00508622	180	0	-0.00607039	256.979	-0.00191591	1249.5	220.79	0	-811.988	180	0	-0.0342128	142.935	0	-1.85055	217.062	0	-3.8008	1295
THOR	0	1.34354	2.28272	1.99737e-07	-0.64688	1.97962e-05	-8.95419e-06	2.4994	-1.6241	-3.43979e-05	0.00251324	0.00502718	180	0	-0.00596946	256.979	-0.00189061	1249.7	220.79	0	-812.049	180	0	-0.0339732	142.935	0	-1.86205	217.062	0	-3.72371	1332
THOR	0	1.34354	2.28272	1.99737e-07	-0.64688	1.93523e-05	-8.80868e-06	2.49984	-1.62422	-3.41554e-05	0.00238027	0.00498011	180	0	-0.00587245	256.979	-0.00186469	1249.92	220.79	0	-812.111	180	0	-0.0337337	142.935	0	-1.88515	217.062	0	-3.64831	1374
THOR	0	1.34354	2.28272	1.99737e-07	-0.64688	1.89084e-05	-8.65584e-06	2.50028	-1.62434	-3.3914e-05	0.00226494	0.00492387	180	0	-0.00577056	256.979	-0.00184058	1250.14	220.79	0	-812.172	180	0	-0.0334953	142.935	0	-1.89661	217.062	0	-3.57435	1411
THOR	0	1.34354	2.28272	1.99737e-07	-0.64688	1.85534e-05	-8.5239e-06	2.50068	-1.62447	-3.36772e-05	0.00215183	0.00486909	180	0	-0.0056826	256.979	-0.00181579	1250.34	220.79	0	-812.234	180	0	-0.0332614	142.935	0	-1.90807	217.062	0	-3.50202	1455
THOR	0	1.34354	2.28272	1.99737e-07	-0.64688	1.85534e-05	-8.5239e-06	2.50068	-1.62447	-3.36772e-05	0.00215183	0.00486909	180	0	-0.0056826	256.979	-0.00181579	1250.34	220.79	0	-812.234	180	0	-0.0332614	142.935	0	-1.90807	217.062	0	-3.50202	1494
THOR	0	1.34353	2.28272	1.99737e-07	-0.646879	1.81095e-05	-8.37733e-06	2.50109	-1.62459	-3.34391e-05	0.00202463	0.00482602	180	0	-0.00558488	256.979	-0.00179143	1250.54	220.79	0	-812.295	180	0	-0.0330263	142.935	0	-1.93126	217.062	0	-3.43098	1534
THOR	0	1.34353	2.28272	1.99737e-07	-0.646879	1.78432e-05	-8.24859e-06	2.5015	-1.62471	-3.32046e-05	0.00191544	0.00477375	180	0	-0.00549906	256.979	-0.00176756	1250.75	220.79	0	-812.357	180	0	-0.0327947	142.935	0	-1.94266	217.062	0	-3.3615	1564
THOR	0	1.34353	2.28272	1.99737e-07	-0.646879	1.74881e-05	-8.11303e-06	2.5019	-1.62484	-3.29702e-05	0.00180781	0.00472282	180	0	-0.00540869	256.979	-0.00174439	1250.95	220.79	0	-812.419	180	0	-0.0325631	142.935	0	-1.95423	217.062	0	-3.29335	1604
THOR	0	1.34353	2.28272	1.99737e-07	-0.646879	1.74881e-05	-8.11303e-06	2.5019	-1.62484	-3.29702e-05	0.00180781	0.00472282	180	0	-0.00540869	256.979	-0.00174439	1250.95	220.79	0	-812.419	180	0	-0.0325631	142.935	0	-1.95423	217.062	0	-3.29335	1635
THOR	0	1.34353	2.28272	1.99737e-07	-0.646879	1.70442e-05	-7.97606e-06	2.50231	-1.6249	-3.27358e-05	0.00168615	0.0046837	180	0	-0.00531738	256.979	-0.00172105	1251.15	220.79	0	-812.448	180	0	-0.0323316	142.935	0	-1.97756	217.062	0	-3.22656	1678
THOR	0	1.34353	2.28272	1.99737e-07	-0.646879	1.66891e-05	-7.85653e-06	2.50268	-1.62502	-3.25063e-05	0.00158281	0.00463503	180	0	-0.00523768	256.978	-0.00169857	1251.34	220.79	0	-812.51	180	0	-0.032105	142.935	0	-1.98879	217.062	0	-3.16124	1711
THOR	0	1.34353	2.28272	1.99737e-07	-0.646879	1.64228e-05	-7.73732e-06	2.50309	-1.62514	-3.22778e-05	0.00148099	0.00458774	180	0	-0.00515821	256.978	-0.00167518	1251.54	220.79	0	-812.572	180	0	-0.0318793	142.935	0	-2.00023	217.062	0	-3.09726	1754
THOR	0	1.34353	2.28272	1.99737e-07	-0.646879	1.60677e-05	-7.6128e-06	2.50346	-1.6252	-3.20492e-05	0.00138067	0.0045416	180	0	-0.0050752	256.978	-0.00165306	1251.73	220.79	0	-812.601	180	0	-0.0316535	142.935	0	-2.01175	217.062	0	-3.03447	1796
THOR	0	1.34353	2.28272	1.99737e-07	-0.646879	1.60677e-05	-7.6128e-06	2.50346	-1.6252	-3.20492e-05	0.00138067	0.0045416	180	0	-0.0050752	256.978	-0.00165306	1251.73	220.79	0	-812.601	180	0	-0.0316535	142.935	0	-2.01175	217.062	0	-3.03447	1832
THOR	0	1.34352	2.28272	1.99737e-07	-0.646879	1.58014e-05	-7.48696e-06	2.50384	-1.62533	-3.18214e-05	0.00128211	0.00449649	180	0	-0.0049913	256.978	-0.0016308	1251.92	220.79	0	-812.663	180	0	-0.0314285	142.935	0	-2.0232	217.062	0	-2.97291	1875
THOR	0	1.34352	2.28272	1.99737e-07	-0.646879	1.54463e-05	-7.38043e-06	2.50421	-1.62545	-3.15979e-05	0.00116926	0.0044635	180	0	-0.00492029	256.978	-0.00160873	1252.11	220.79	0	-812.726	180	0	-0.0312078	142.935	0	-2.04666	217.062	0	-2.91278	1916
THOR	0	1.34352	2.28272	1.99737e-07	-0.646879	1.518e-05	-7.2605e-06	2.50459	-1.62551	-3.13732e-05	0.00107433	0.00442047	180	0	-0.00484034	256.978	-0.00158735	1252.29	220.79	0	-812.755	180	0	-0.0309859	142.935	0	-2.05792	217.062	0	-2.85371	1954
THOR	0	1.34352	2.28272	1.99737e-07	-0.646879	1.518e-05	-7.2605e-06	2.50459	-1.62551	-3.13732e-05	0.00107433	0.00442047	180	0	-0.00484034	256.978	-0.00158735	1252.29	220.79	0	-812.755	180	0	-0.0309859	142.935	0	-2.05792	217.062	0	-2.85371	1989
THOR	0	1.34352	2.28272	1.99737e-07	-0.646879	1.48249e-05	-7.15161e-06	2.50493	-1.62563	-3.11516e-05	0.000980919	0.00437869	180	0	-0.00476774	256.978	-0.0015661	1252.47	220.79	0	-812.817	180	0	-0.030767	142.935	0	-2.0693	217.062	0	-2.79591	2019
THOR	0	1.34352	2.28272	1.99737e-07	-0.646879	1.45586e-05	-7.04029e-06	2.50527	-1.62569	-3.09307e-05	0.000888851	0.00433809	180	0	-0.00469353	256.978	-0.00154527	1252.64	220.79	0	-812.847	180	0	-0.0305488	142.935	0	-2.08085	217.062	0	-2.73926	2062
THOR	0	1.34352	2.28272	1.99737e-07	-0.646879	1.42035e-05	-6.93619e-06	2.50565	-1.62582	-3.0712e-05	0.000798425	0.00429853	180	0	-0.00462413	256.978	-0.00152493	1252.82	220.79	0	-812.909	180	0	-0.0303329	142.935	0	-2.09236	217.062	0	-2.68379	2103
THOR	0	1.34352	2.28272	1.99737e-07	-0.646878	1.39372e-05	-6.82512e-06	2.50599	-1.62588	-3.04925e-05	0.000709473	0.00425987	180	0	-0.00455008	256.978	-0.0015047	1253	220.79	0	-812.939	180	0	-0.0301161	142.935	0	-2.10383	217.062	0	-2.62936	2137
THOR	0	1.34352	2.28272	1.99737e-07	-0.646878	1.39372e-05	-6.82512e-06	2.50599	-1.62588	-3.04925e-05	0.000709473	0.00425987	180	0	-0.00455008	256.978	-0.0015047	1253	220.79	0	-812.939	180	0	-0.0301161	142.935	0	-2.10383	217.062	0	-2.62936	2181
THOR	0	1.34351	2.28272	1.99737e-07	-0.646878	1.36709e-05	-6.72667e-06	2.50634	-1.62594	-3.0277e-05	0.000621999	0.00422237	180	0	-0.00448445	256.978	-0.00148436	1253.17	220.79	0	-812.969	180	0	-0.0299032	142.935	0	-2.11539	217.062	0	-2.57613	2222
THOR	0	1.34351	2.28272	1.99737e-07	-0.646878	1.34046e-05	-6.62601e-06	2.50668	-1.62606	-3.00618e-05	0.000536148	0.0041857	180	0	-0.00441734	256.978	-0.00146473	1253.34	220.79	0	-813.031	180	0	-0.0296907	142.935	0	-2.12682	217.062	0	-2.52396	2258
THOR	0	1.34351	2.28272	1.99737e-07	-0.646878	1.31383e-05	-6.52245e-06	2.50699	-1.62612	-2.98475e-05	0.000451431	0.00415001	180	0	-0.0043483	256.978	-0.001445	1253.5	220.79	0	-813.062	180	0	-0.029479	142.935	0	-2.13837	217.062	0	-2.47276	2300
THOR	0	1.34351	2.28272	1.99737e-07	-0.646878	1.28719e-05	-6.42508e-06	2.50734	-1.62618	-2.96354e-05	0.000368095	0.00411529	180	0	-0.00428339	256.977	-0.0014261	1253.67	220.79	0	-813.092	180	0	-0.0292695	142.936	0	-2.14994	217.062	0	-2.42261	2332
THOR	0	1.34351	2.28272	1.99737e-07	-0.646878	1.28719e-05	-6.42508e-06	2.50734	-1.62618	-2.96354e-05	0.000368095	0.00411529	180	0	-0.00428339	256.977	-0.0014261	1253.67	220.79	0	-813.092	180	0	-0.0292695	142.936	0	-2.14994	217.062	0	-2.42261	2373
THOR	0	1.34351	2.28272	1.99737e-07	-0.646878	1.26056e-05	-6.33825e-06	2.50765	-1.62631	-2.9425e-05	0.000286569	0.00408145	180	0	-0.0042255	256.977	-0.00140667	1253.82	220.79	0	-813.154	180	0	-0.0290618	142.936	0	-2.16134	217.062	0	-2.37361	2405
THOR	0	1.34351	2.28272	1.99737e-07	-0.646878	1.23393e-05	-6.24023e-06	2.50796	-1.62637	-2.92143e-05	0.000206026	0.00404853	180	0	-0.00416015	256.977	-0.00138796	1253.98	220.79	0	-813.185	180	0	-0.0288537	142.936	0	-2.17288	217.062	0	-2.32549	2440
THOR	0	1.34351	2.28272	1.99737e-07	-0.646878	1.2073e-05	-6.14528e-06	2.50827	-1.62643	-2.90055e-05	0.000126781	0.0040165	180	0	-0.00409685	256.977	-0.00136915	1254.14	220.79	0	-813.215	180	0	-0.0286474	142.936	0	-2.18443	217.062	0	-2.27834	2484
THOR	0	1.34351	2.28273	1.99737e-07	-0.646878	1.18067e-05	-6.06411e-06	2.50858	-1.62649	-2.88006e-05	4.89563e-05	0.0039854	180	0	-0.00404274	256.977	-0.00135091	1254.29	220.791	0	-813.246	180	0	-0.0284451	142.936	0	-2.19598	217.062	0	-2.23224	2515
THOR	0	1.34351	2.28273	1.99737e-07	-0.646878	1.18067e-05	-6.06411e-06	2.50858	-1.62649	-2.88006e-05	4.89563e-05	0.0039854	180	0	-0.00404274	256.977	-0.00135091	1254.29	220.791	0	-813.246	180	0	-0.0284451	142.936	0	-2.19598	217.062	0	-2.23224	2548
THOR	0	1.3435	2.28273	1.99737e-07	-0.646878	1.16291e-05	-5.96887e-06	2.5089	-1.62662	-2.85931e-05	-2.7627e-05	0.00395493	180	0	-0.00397925	256.977	-0.00133316	1254.45	220.791	0	-813.308	180	0	-0.0282401	142.936	0	-2.20742	217.062	0	-2.18695	2589
THOR	0	1.3435	2.28273	1.99737e-07	-0.646878	1.13628e-05	-5.89009e-06	2.50921	-1.62668	-2.83902e-05	-0.000102894	0.00392547	180	0	-0.00392673	256.977	-0.00131568	1254.6	220.791	0	-813.338	180	0	-0.0280397	142.936	0	-2.21893	217.062	0	-2.14271	2630
THOR	0	1.3435	2.28273	1.99737e-07	-0.646878	1.11853e-05	-5.80577e-06	2.50949	-1.62674	-2.81875e-05	-0.000177062	0.00389678	180	0	-0.00387052	256.977	-0.00129833	1254.74	220.791	0	-813.369	180	0	-0.0278395	142.936	0	-2.23046	217.062	0	-2.0993	2671
THOR	0	1.3435	2.28273	1.99737e-07	-0.646878	1.11853e-05	-5.80577e-06	2.50949	-1.62674	-2.81875e-05	-0.000177062	0.00389678	180	0	-0.00387052	256.977	-0.00129833	1254.74	220.791	0	-813.369	180	0	-0.0278395	142.936	0	-2.23046	217.062	0	-2.0993	2705
THOR	0	1.3435	2.28273	1.99737e-07	-0.646878	1.08302e-05	-5.72249e-06	2.5098	-1.6268	-2.79859e-05	-0.000250076	0.00386883	180	0	-0.003815	256.977	-0.00128065	1254.9	220.791	0	-813.399	180	0	-0.0276404	142.936	0	-2.24197	217.062	0	-2.05673	2751
THOR	0	1.3435	2.28273	1.99737e-07	-0.646878	1.07414e-05	-5.64324e-06	2.51008	-1.62686	-2.77859e-05	-0.000321947	0.00384169	180	0	-0.00376216	256.977	-0.00126413	1255.04	220.791	0	-813.43	180	0	-0.0274429	142.936	0	-2.25351	217.062	0	-2.01503	2790
THOR	0	1.3435	2.28273	1.99737e-07	-0.646878	1.04751e-05	-5.56703e-06	2.51036	-1.62692	-2.75875e-05	-0.000392564	0.00381532	180	0	-0.00371135	256.977	-0.00124645	1255.18	220.791	0	-813.46	180	0	-0.0272469	142.936	0	-2.26502	217.062	0	-1.97423	2821
THOR	0	1.3435	2.28273	1.99737e-07	-0.646878	1.02976e-05	-5.4854e-06	2.51064	-1.62698	-2.73885e-05	-0.000462168	0.00378969	180	0	-0.00365693	256.977	-0.00123001	1255.32	220.791	0	-813.491	180	0	-0.0270503	142.936	0	-2.27656	217.062	0	-1.93421	2858
THOR	0	1.3435	2.28273	1.99737e-07	-0.646878	1.02976e-05	-5.4854e-06	2.51064	-1.62698	-2.73885e-05	-0.000462168	0.00378969	180	0	-0.00365693	256.977	-0.00123001	1255.32	220.791	0	-813.491	180	0	-0.0270503	142.936	0	-2.27656	217.062	0	-1.93421	2898
THOR	0	1.3435	2.28273	1.99737e-07	-0.646878	1.012e-05	-5.41419e-06	2.51093	-1.62704	-2.71934e-05	-0.000530588	0.00376482	180	0	-0.00360946	256.977	-0.00121334	1255.46	220.791	0	-813.522	180	0	-0.0268577	142.936	0	-2.28808	217.062	0	-1.89505	2941
THOR	0	1.3435	2.28273	1.99737e-07	-0.646878	9.94247e-06	-5.33709e-06	2.51121	-1.6271	-2.69981e-05	-0.000598085	0.00374067	180	0	-0.00355806	256.977	-0.00119771	1255.6	220.791	0	-813.552	180	0	-0.0266648	142.936	0	-2.29966	217.063	0	-1.85664	2968
THOR	0	1.34349	2.28273	1.99737e-07	-0.646877	9.67615e-06	-5.26667e-06	2.51149	-1.62717	-2.68049e-05	-0.000664609	0.00371734	180	0	-0.00351111	256.977	-0.00118185	1255.74	220.791	0	-813.583	180	0	-0.026474	142.936	0	-2.31134	217.063	0	-1.81903	2997
THOR	0	1.34349	2.28273	1.99737e-07	-0.646877	9.49861e-06	-5.19691e-06	2.51174	-1.62723	-2.6613e-05	-0.000713995	0.00368393	180	0	-0.00346461	256.977	-0.00116559	1255.87	220.791	0	-813.614	180	0	-0.0262845	142.936	0	-2.31107	217.063	0	-1.78218	3043
THOR	0	1.34349	2.28273	1.99737e-07	-0.646877	9.32106e-06	-5.12476e-06	2.51202	-1.62729	-2.64214e-05	-0.000778328	0.00366175	180	0	-0.00341651	256.976	-0.00115028	1256.01	220.791	0	-813.645	180	0	-0.0260952	142.936	0	-2.32258	217.063	0	-1.74604	3085
THOR	0	1.34349	2.28273	1.99737e-07	-0.646877	9.32106e-06	-5.12476e-06	2.51202	-1.62729	-2.64214e-05	-0.000778328	0.00366175	180	0	-0.00341651	256.976	-0.00115028	1256.01	220.791	0	-813.645	180	0	-0.0260952	142.936	0	-2.32258	217.063	0	-1.74604	3123
THOR	0	1.34349	2.28273	1.99737e-07	-0.646877	9.05475e-06	-5.05758e-06	2.51227	-1.62735	-2.62322e-05	-0.000841594	0.00364028	180	0	-0.00337172	256.976	-0.00113469	1256.13	220.791	0	-813.675	180	0	-0.0259083	142.936	0	-2.33408	217.063	0	-1.71068	3160
THOR	0	1.34349	2.28273	1.99737e-07	-0.646877	8.96598e-06	-4.9928e-06	2.51255	-1.62741	-2.60439e-05	-0.000903895	0.00361947	180	0	-0.00332853	256.976	-0.00111967	1256.27	220.791	0	-813.706	180	0	-0.0257224	142.936	0	-2.34559	217.063	0	-1.67604	3199
THOR	0	1.34349	2.28273	1.99737e-07	-0.646877	8.69966e-06	-4.92629e-06	2.5128	-1.62747	-2.58565e-05	-0.000965335	0.00359928	180	0	-0.00328419	256.976	-0.00110498	1256.4	220.791	0	-813.737	180	0	-0.0255373	142.936	0	-2.35713	217.063	0	-1.64207	3225
THOR	0	1.34349	2.28273	1.99737e-07	-0.646877	8.69966e-06	-4.92629e-06	2.5128	-1.62747	-2.58565e-05	-0.000965335	0.00359928	180	0	-0.00328419	256.976	-0.00110498	1256.4	220.791	0	-813.737	180	0	-0.0255373	142.936	0	-2.35713	217.063	0	-1.64207	3265
THOR	0	1.34349	2.28273	1.99737e-07	-0.646877	8.61089e-06	-4.86029e-06	2.51305	-1.62754	-2.567e-05	-0.00102623	0.00357997	180	0	-0.00324019	256.976	-0.00109045	1256.52	220.791	0	-813.768	180	0	-0.0253531	142.936	0	-2.36896	217.063	0	-1.60879	3299
THOR	0	1.34349	2.28273	1.99737e-07	-0.646877	8.43334e-06	-4.79967e-06	2.5133	-1.62753	-2.54865e-05	-0.00106985	0.00355037	180	0	-0.00319978	256.976	-0.0010755	1256.65	220.791	0	-813.767	180	0	-0.0251719	142.936	0	-2.36867	217.063	0	-1.57618	3337
THOR	0	1.34349	2.28273	1.99737e-07	-0.646877	8.2558e-06	-4.74013e-06	2.51352	-1.6276	-2.5303e-05	-0.00112845	0.00353201	180	0	-0.00316009	256.976	-0.00106085	1256.76	220.791	0	-813.798	180	0	-0.0249906	142.936	0	-2.38018	217.063	0	-1.54428	3368
THOR	0	1.34349	2.28273	1.99737e-07	-0.646877	8.2558e-06	-4.74013e-06	2.51352	-1.6276	-2.5303e-05	-0.00112845	0.00353201	180	0	-0.00316009	256.976	-0.00106085	1256.76	220.791	0	-813.798	180	0	-0.0249906	142.936	0	-2.38018	217.063	0	-1.54428	3402
THOR	0	1.34349	2.28273	1.99737e-07	-0.646877	8.07826e-06	-4.68085e-06	2.51377	-1.62766	-2.51215e-05	-0.00118621	0.0035142	180	0	-0.00312057	256.976	-0.00104662	1256.88	220.791	0	-813.829	180	0	-0.0248114	142.936	0	-2.39167	217.063	0	-1.513	3441
THOR	0	1.34348	2.28273	1.99737e-07	-0.646877	7.90071e-06	-4.62206e-06	2.51402	-1.62772	-2.49406e-05	-0.00124325	0.00349704	180	0	-0.00308137	256.976	-0.00103318	1257.01	220.791	0	-813.859	180	0	-0.0246326	142.936	0	-2.40326	217.063	0	-1.48234	3480
THOR	0	1.34348	2.28273	1.99737e-07	-0.646877	7.81194e-06	-4.56352e-06	2.51424	-1.62778	-2.47601e-05	-0.00128356	0.00346988	180	0	-0.00304235	256.976	-0.00101962	1257.12	220.791	0	-813.891	180	0	-0.0244544	142.936	0	-2.40311	217.063	0	-1.45232	3520
THOR	0	1.34348	2.28273	1.99737e-07	-0.646877	7.54562e-06	-4.50617e-06	2.51449	-1.62778	-2.45816e-05	-0.00133898	0.00345385	180	0	-0.00300411	256.976	-0.00100549	1257.24	220.791	0	-813.89	180	0	-0.0242781	142.936	0	-2.41473	217.063	0	-1.42289	3554
THOR	0	1.34348	2.28273	1.99737e-07	-0.646877	7.36808e-06	-4.45233e-06	2.5147	-1.62784	-2.44048e-05	-0.00139343	0.00343826	180	0	-0.00296822	256.976	-0.000991731	1257.35	220.791	0	-813.921	180	0	-0.0241035	142.936	0	-2.42623	217.063	0	-1.39406	3599
THOR	0	1.34348	2.28273	1.99737e-07	-0.646877	7.36808e-06	-4.45233e-06	2.5147	-1.62784	-2.44048e-05	-0.00139343	0.00343826	180	0	-0.00296822	256.976	-0.000991731	1257.35	220.791	0	-813.921	180	0	-0.0241035	142.936	0	-2.42623	217.063	0	-1.39406	3639
THOR	0	1.34348	2.28273	1.99737e-07	-0.646877	7.27931e-06	-4.39455e-06	2.51492	-1.6279	-2.42278e-05	-0.00144754	0.00342344	180	0	-0.0029297	256.976	-0.000979415	1257.46	220.791	0	-813.951	180	0	-0.0239286	142.936	0	-2.43803	217.063	0	-1.36578	3676
THOR	0	1.34348	2.28273	1.99737e-07	-0.646877	7.19053e-06	-4.34258e-06	2.51514	-1.62797	-2.40532e-05	-0.00148438	0.00339822	180	0	-0.00289505	256.976	-0.000966384	1257.57	220.791	0	-813.983	180	0	-0.0237562	142.936	0	-2.43767	217.063	0	-1.33813	3718
THOR	0	1.34348	2.28273	1.99737e-07	-0.646877	6.92422e-06	-4.28601e-06	2.51536	-1.62796	-2.38786e-05	-0.0015367	0.00338423	180	0	-0.00285734	256.976	-0.000953556	1257.68	220.791	0	-813.982	180	0	-0.0235838	142.936	0	-2.44928	217.063	0	-1.31098	3751
THOR	0	1.34348	2.28273	1.99737e-07	-0.646877	6.92422e-06	-4.24276e-06	2.51558	-1.62803	-2.37076e-05	-0.00158805	0.00337073	180	0	-0.00282851	256.976	-0.000940345	1257.79	220.791	0	-814.013	180	0	-0.0234149	142.936	0	-2.46079	217.063	0	-1.28446	3795
THOR	0	1.34348	2.28273	1.99737e-07	-0.646877	6.92422e-06	-4.24276e-06	2.51558	-1.62803	-2.37076e-05	-0.00158805	0.00337073	180	0	-0.00282851	256.976	-0.000940345	1257.79	220.791	0	-814.013	180	0	-0.0234149	142.936	0	-2.46079	217.063	0	-1.28446	3835
THOR	0	1.34348	2.28273	1.99737e-07	-0.646877	6.6579e-06	-4.19094e-06	2.5158	-1.62809	-2.35354e-05	-0.00162304	0.00334715	180	0	-0.00279396	256.976	-0.000928358	1257.9	220.791	0	-814.044	180	0	-0.0232448	142.936	0	-2.46065	217.063	0	-1.2584	3868
THOR	0	1.34348	2.28273	1.99737e-07	-0.646877	6.6579e-06	-4.14317e-06	2.51602	-1.62809	-2.33662e-05	-0.00167311	0.00333467	180	0	-0.00276211	256.976	-0.000915012	1258.01	220.791	0	-814.043	180	0	-0.0230778	142.936	0	-2.47226	217.063	0	-1.23292	3912
THOR	0	1.34348	2.28273	1.99737e-07	-0.646877	6.48036e-06	-4.09364e-06	2.5162	-1.62815	-2.31971e-05	-0.00172247	0.00332259	180	0	-0.0027291	256.976	-0.000903642	1258.1	220.791	0	-814.074	180	0	-0.0229107	142.936	0	-2.48384	217.063	0	-1.20793	3952
THOR	0	1.34348	2.28273	1.99737e-07	-0.646877	6.30281e-06	-4.04558e-06	2.51642	-1.62821	-2.30288e-05	-0.00175539	0.00330046	180	0	-0.00269705	256.975	-0.000891552	1258.21	220.791	0	-814.106	180	0	-0.0227445	142.936	0	-2.48373	217.063	0	-1.18344	3990
THOR	0	1.34348	2.28273	1.99737e-07	-0.646877	6.30281e-06	-4.04558e-06	2.51642	-1.62821	-2.30288e-05	-0.00175539	0.00330046	180	0	-0.00269705	256.975	-0.000891552	1258.21	220.791	0	-814.106	180	0	-0.0227445	142.936	0	-2.48373	217.063	0	-1.18344	4035
THOR	0	1.34347	2.28273	1.99737e-07	-0.646877	6.21404e-06	-4.00306e-06	2.51664	-1.62821	-2.2863e-05	-0.00180333	0.0032893	180	0	-0.0026687	256.975	-0.000879298	1258.32	220.791	0	-814.105	180	0	-0.0225807	142.936	0	-2.49529	217.063	0	-1.15949	4070
THOR	0	1.34347	2.28273	1.99737e-07	-0.646877	6.0365e-06	-3.95512e-06	2.51683	-1.62827	-2.2697e-05	-0.0018507	0.00327856	180	0	-0.00263675	256.975	-0.000868337	1258.41	220.791	0	-814.135	180	0	-0.0224168	142.936	0	-2.50687	217.063	0	-1.13598	4109
THOR	0	1.34347	2.28273	1.99737e-07	-0.646877	6.0365e-06	-3.91464e-06	2.51703	-1.62827	-2.25351e-05	-0.00188144	0.003258	180	0	-0.00260976	256.975	-0.000857029	1258.51	220.791	0	-814.135	180	0	-0.0222569	142.936	0	-2.50683	217.063	0	-1.11317	4147
THOR	0	1.34347	2.28273	1.99737e-07	-0.646876	5.77018e-06	-3.87108e-06	2.51722	-1.62833	-2.23778e-05	-0.00192618	0.00324882	180	0	-0.00258072	256.975	-0.00084603	1258.61	220.791	0	-814.166	180	0	-0.0221015	142.936	0	-2.5183	217.063	0	-1.0915	4193
THOR	0	1.34347	2.28273	1.99737e-07	-0.646876	5.77018e-06	-3.87007e-06	2.5172	-1.62833	-2.23699e-05	-0.00192759	0.00324785	180	0	-0.00258005	256.975	-0.000844812	1258.6	220.791	0	-814.166	180	0	-0.0220937	142.936	0	-2.51829	217.063	0	-1.09044	4229
THOR	0	1.34347	2.28273	1.99737e-07	-0.646876	5.77018e-06	-3.82887e-06	2.51742	-1.62833	-2.22079e-05	-0.00197347	0.00323869	180	0	-0.00255258	256.975	-0.000833245	1258.71	220.791	0	-814.166	180	0	-0.0219338	142.936	0	-2.53019	217.063	0	-1.06836	4269
THOR	0	1.34347	2.28273	1.99737e-07	-0.646876	5.59264e-06	-3.78772e-06	2.51761	-1.62839	-2.20467e-05	-0.00200218	0.00321887	180	0	-0.00252514	256.975	-0.00082237	1258.8	220.791	0	-814.197	180	0	-0.0217745	142.936	0	-2.52981	217.063	0	-1.04672	4304
THOR	0	1.34347	2.28273	1.99737e-07	-0.646876	5.50387e-06	-3.74277e-06	2.5178	-1.62846	-2.18856e-05	-0.00204636	0.0032101	180	0	-0.00249518	256.975	-0.000811913	1258.9	220.791	0	-814.228	180	0	-0.0216154	142.936	0	-2.5413	217.063	0	-1.02548	4341
THOR	0	1.34347	2.28273	1.99737e-07	-0.646876	5.50387e-06	-3.74277e-06	2.5178	-1.62846	-2.18856e-05	-0.00204636	0.0032101	180	0	-0.00249518	256.975	-0.000811913	1258.9	220.791	0	-814.228	180	0	-0.0216154	142.936	0	-2.5413	217.063	0	-1.02548	4384
THOR	0	1.34347	2.28273	1.99737e-07	-0.646876	5.41509e-06	-3.70806e-06	2.51798	-1.62845	-2.17288e-05	-0.00207445	0.00319144	180	0	-0.00247204	256.975	-0.0008006	1258.99	220.791	0	-814.227	180	0	-0.0214605	142.936	0	-2.54133	217.063	0	-1.00471	4425
THOR	0	1.34347	2.28273	1.99737e-07	-0.646876	5.32632e-06	-3.66726e-06	2.51814	-1.62852	-2.15704e-05	-0.00211735	0.00318339	180	0	-0.00244484	256.975	-0.000790275	1259.07	220.791	0	-814.258	180	0	-0.0213041	142.936	0	-2.55275	217.063	0	-0.984345	4464
THOR	0	1.34347	2.28273	1.99737e-07	-0.646876	5.14878e-06	-3.63015e-06	2.51833	-1.62852	-2.14139e-05	-0.00214438	0.00316553	180	0	-0.0024201	256.975	-0.00077903	1259.16	220.791	0	-814.258	180	0	-0.0211495	142.936	0	-2.55284	217.063	0	-0.96441	4499
THOR	0	1.34347	2.28273	1.99737e-07	-0.646876	5.14878e-06	-3.63015e-06	2.51833	-1.62852	-2.14139e-05	-0.00214438	0.00316553	180	0	-0.0024201	256.975	-0.00077903	1259.16	220.791	0	-814.258	180	0	-0.0211495	142.936	0	-2.55284	217.063	0	-0.96441	4539
THOR	0	1.34347	2.28273	1.99737e-07	-0.646876	5.14878e-06	-3.59371e-06	2.51851	-1.62858	-2.12588e-05	-0.00218614	0.00315822	180	0	-0.00239581	256.975	-0.000769069	1259.26	220.791	0	-814.289	180	0	-0.0209964	142.936	0	-2.56425	217.063	0	-0.944887	4584
THOR	0	1.34347	2.28273	1.99737e-07	-0.646876	4.97123e-06	-3.55593e-06	2.51867	-1.62858	-2.11035e-05	-0.00222797	0.00315161	180	0	-0.00237062	256.975	-0.000758916	1259.33	220.791	0	-814.289	180	0	-0.020843	142.936	0	-2.57607	217.063	0	-0.925721	4623
THOR	0	1.34347	2.28273	1.99737e-07	-0.646876	4.88246e-06	-3.51847e-06	2.51886	-1.62864	-2.09505e-05	-0.00225292	0.00313445	180	0	-0.00234564	256.975	-0.000748994	1259.43	220.791	0	-814.32	180	0	-0.0206919	142.936	0	-2.57578	217.063	0	-0.906947	4662
THOR	0	1.34347	2.28273	1.99737e-07	-0.646876	4.70492e-06	-3.48593e-06	2.51901	-1.62864	-2.0799e-05	-0.00229345	0.00312841	180	0	-0.00232395	256.975	-0.000738479	1259.51	220.791	0	-814.319	180	0	-0.0205422	142.936	0	-2.58743	217.063	0	-0.888581	4698
THOR	0	1.34347	2.28273	1.99737e-07	-0.646876	4.70492e-06	-3.48593e-06	2.51901	-1.62864	-2.0799e-05	-0.00229345	0.00312841	180	0	-0.00232395	256.975	-0.000738479	1259.51	220.791	0	-814.319	180	0	-0.0205422	142.936	0	-2.58743	217.063	0	-0.888581	4739
THOR	0	1.34347	2.28273	1.99737e-07	-0.646876	4.70492e-06	-3.45154e-06	2.5192	-1.6287	-2.06473e-05	-0.00231768	0.00311219	180	0	-0.00230103	256.975	-0.000728695	1259.6	220.791	0	-814.351	180	0	-0.0203923	142.936	0	-2.5874	217.063	0	-0.870594	4784
THOR	0	1.34346	2.28273	1.99737e-07	-0.646876	4.61615e-06	-3.41763e-06	2.51936	-1.6287	-2.04972e-05	-0.00235701	0.00310667	180	0	-0.00227842	256.975	-0.000718718	1259.68	220.791	0	-814.35	180	0	-0.0202442	142.936	0	-2.5989	217.063	0	-0.85296	4819
THOR	0	1.34346	2.28273	1.99737e-07	-0.646876	4.4386e-06	-3.38316e-06	2.51951	-1.6287	-2.03481e-05	-0.00238039	0.00309109	180	0	-0.00225544	256.975	-0.000709378	1259.76	220.791	0	-814.35	180	0	-0.0200969	142.936	0	-2.5989	217.063	0	-0.83565	4859
THOR	0	1.34346	2.28273	1.99737e-07	-0.646876	4.4386e-06	-3.38316e-06	2.51951	-1.6287	-2.03481e-05	-0.00238039	0.00309109	180	0	-0.00225544	256.975	-0.000709378	1259.76	220.791	0	-814.35	180	0	-0.0200969	142.936	0	-2.5989	217.063	0	-0.83565	4898
THOR	0	1.34346	2.28273	1.99737e-07	-0.646876	4.4386e-06	-3.35239e-06	2.51967	-1.62876	-2.02002e-05	-0.0024187	0.0030862	180	0	-0.00223492	256.975	-0.00069999	1259.83	220.791	0	-814.381	180	0	-0.0199508	142.936	0	-2.61037	217.063	0	-0.818739	4940
THOR	0	1.34346	2.28273	1.99737e-07	-0.646876	4.26106e-06	-3.32142e-06	2.51982	-1.62876	-2.00535e-05	-0.00244114	0.0030713	180	0	-0.00221428	256.975	-0.000690528	1259.91	220.791	0	-814.38	180	0	-0.019806	142.936	0	-2.61041	217.063	0	-0.802153	4978
THOR	0	1.34346	2.28273	1.99737e-07	-0.646876	4.26106e-06	-3.29095e-06	2.51998	-1.62882	-1.99075e-05	-0.00247849	0.00306696	180	0	-0.00219397	256.975	-0.000681947	1259.99	220.791	0	-814.412	180	0	-0.0196617	142.936	0	-2.62183	217.063	0	-0.785907	5015
THOR	0	1.34346	2.28273	1.99737e-07	-0.646876	4.17229e-06	-3.26083e-06	2.52014	-1.62882	-1.97627e-05	-0.00250009	0.0030527	180	0	-0.00217389	256.975	-0.00067238	1260.07	220.791	0	-814.411	180	0	-0.0195187	142.936	0	-2.6219	217.063	0	-0.769982	5054
THOR	0	1.34346	2.28273	1.99737e-07	-0.646876	4.08351e-06	-3.22706e-06	2.52029	-1.62882	-1.96127e-05	-0.00253742	0.00304859	180	0	-0.00215137	256.975	-0.000663105	1260.15	220.791	0	-814.411	180	0	-0.0193706	142.936	0	-2.63344	217.063	0	-0.753875	5095
THOR	0	1.34346	2.28273	1.99737e-07	-0.646876	4.08351e-06	-3.22887e-06	2.52029	-1.62882	-1.96178e-05	-0.00253674	0.00304904	180	0	-0.00215258	256.975	-0.000663105	1260.15	220.791	0	-814.411	180	0	-0.0193756	142.936	0	-2.63344	217.063	0	-0.754374	5130
THOR	0	1.34346	2.28273	1.99737e-07	-0.646876	3.99474e-06	-3.20116e-06	2.52045	-1.62888	-1.94756e-05	-0.00255729	0.00303522	180	0	-0.00213411	256.975	-0.000654565	1260.22	220.791	0	-814.442	180	0	-0.0192352	142.936	0	-2.63338	217.063	0	-0.739092	5168
THOR	0	1.34346	2.28273	1.99737e-07	-0.646876	3.90597e-06	-3.17249e-06	2.52061	-1.62888	-1.93332e-05	-0.00259311	0.00303217	180	0	-0.002115	256.975	-0.000645542	1260.3	220.791	0	-814.442	180	0	-0.0190945	142.936	0	-2.64495	217.063	0	-0.724128	5207
THOR	0	1.34346	2.28273	1.99737e-07	-0.646876	3.8172e-06	-3.14571e-06	2.52076	-1.62895	-1.9193e-05	-0.00261278	0.00301887	180	0	-0.00209714	256.975	-0.000637769	1260.38	220.791	0	-814.473	180	0	-0.0189561	142.936	0	-2.64485	217.063	0	-0.709453	5251
THOR	0	1.34346	2.28273	1.99737e-07	-0.646876	3.8172e-06	-3.14571e-06	2.52076	-1.62895	-1.9193e-05	-0.00261278	0.00301887	180	0	-0.00209714	256.975	-0.000637769	1260.38	220.791	0	-814.473	180	0	-0.0189561	142.936	0	-2.64485	217.063	0	-0.709453	5290
THOR	0	1.34346	2.28273	1.99737e-07	-0.646876	3.72843e-06	-3.11476e-06	2.52089	-1.62895	-1.9052e-05	-0.00264791	0.00301637	180	0	-0.00207651	256.975	-0.000628399	1260.44	220.791	0	-814.473	180	0	-0.0188168	142.936	0	-2.65647	217.063	0	-0.695054	5328
THOR	0	1.34346	2.28273	1.99737e-07	-0.646876	3.72843e-06	-3.08532e-06	2.52104	-1.62894	-1.89121e-05	-0.00266694	0.00300367	180	0	-0.00205688	256.974	-0.000620623	1260.52	220.791	0	-814.472	180	0	-0.0186786	142.936	0	-2.65646	217.063	0	-0.680951	5372
THOR	0	1.34346	2.28273	1.99737e-07	-0.646876	3.63965e-06	-3.06474e-06	2.52117	-1.62901	-1.87758e-05	-0.00270105	0.00300165	180	0	-0.00204316	256.974	-0.000612791	1260.58	220.791	0	-814.504	180	0	-0.018544	142.936	0	-2.66797	217.063	0	-0.667191	5411
THOR	0	1.34346	2.28273	1.99737e-07	-0.646876	3.63965e-06	-3.06474e-06	2.52117	-1.62901	-1.87758e-05	-0.00270105	0.00300165	180	0	-0.00204316	256.974	-0.000612791	1260.58	220.791	0	-814.504	180	0	-0.018544	142.936	0	-2.66797	217.063	0	-0.667191	5447
THOR	0	1.34346	2.28273	1.99737e-07	-0.646876	3.55088e-06	-3.03831e-06	2.52132	-1.62901	-1.86386e-05	-0.00271925	0.00298945	180	0	-0.00202554	256.974	-0.000603782	1260.66	220.791	0	-814.503	180	0	-0.0184085	142.936	0	-2.66794	217.063	0	-0.653676	5481
THOR	0	1.34346	2.28273	1.99737e-07	-0.646876	3.46211e-06	-3.01419e-06	2.52145	-1.62901	-1.85029e-05	-0.00273715	0.00297754	180	0	-0.00200946	256.974	-0.000595622	1260.72	220.791	0	-814.503	180	0	-0.0182745	142.936	0	-2.66795	217.063	0	-0.640431	5521
THOR	0	1.34346	2.28274	1.99737e-07	-0.646876	3.46211e-06	-2.98937e-06	2.52157	-1.62907	-1.83677e-05	-0.00277007	0.00297614	180	0	-0.00199291	256.974	-0.00058847	1260.79	220.791	0	-814.534	180	0	-0.018141	142.936	0	-2.67936	217.063	0	-0.62746	5555
THOR	0	1.34346	2.28274	1.99737e-07	-0.646876	3.28457e-06	-2.96353e-06	2.52173	-1.62907	-1.8233e-05	-0.00278739	0.00296479	180	0	-0.00197568	256.974	-0.00058049	1260.87	220.791	0	-814.534	180	0	-0.0180079	142.936	0	-2.67947	217.063	0	-0.614736	5594
THOR	0	1.34346	2.28274	1.99737e-07	-0.646875	3.19579e-06	-2.94203e-06	2.52185	-1.62907	-1.81009e-05	-0.00281973	0.00296395	180	0	-0.00196135	256.974	-0.000572231	1260.93	220.791	0	-814.534	180	0	-0.0178775	142.936	0	-2.69098	217.063	0	-0.602294	5630
THOR	0	1.34346	2.28274	1.99737e-07	-0.646875	3.19579e-06	-2.94203e-06	2.52185	-1.62907	-1.81009e-05	-0.00281973	0.00296395	180	0	-0.00196135	256.974	-0.000572231	1260.93	220.791	0	-814.534	180	0	-0.0178775	142.936	0	-2.69098	217.063	0	-0.602294	5663
THOR	0	1.34345	2.28274	1.99737e-07	-0.646875	3.19579e-06	-2.91707e-06	2.52198	-1.62913	-1.79677e-05	-0.0028362	0.00295296	180	0	-0.00194471	256.974	-0.000564706	1260.99	220.791	0	-814.566	180	0	-0.0177459	142.936	0	-2.69098	217.063	0	-0.590088	5705
THOR	0	1.34345	2.28274	1.99737e-07	-0.646875	3.19579e-06	-2.89302e-06	2.5221	-1.62913	-1.78361e-05	-0.00286801	0.00295262	180	0	-0.00192868	256.974	-0.000557373	1261.05	220.791	0	-814.565	180	0	-0.0176159	142.936	0	-2.70257	217.063	0	-0.578119	5739
THOR	0	1.34345	2.28274	1.99737e-07	-0.646875	3.19579e-06	-2.87335e-06	2.52223	-1.62913	-1.77065e-05	-0.00288368	0.00294202	180	0	-0.00191557	256.974	-0.000549699	1261.11	220.791	0	-814.564	180	0	-0.0174879	142.936	0	-2.70249	217.063	0	-0.566425	5782
THOR	0	1.34345	2.28274	1.99737e-07	-0.646875	3.01825e-06	-2.84949e-06	2.52235	-1.62913	-1.75762e-05	-0.0028992	0.00293168	180	0	-0.00189966	256.974	-0.00054241	1261.18	220.791	0	-814.564	180	0	-0.0173592	142.937	0	-2.70249	217.063	0	-0.554936	5820
THOR	0	1.34345	2.28274	1.99737e-07	-0.646875	3.01825e-06	-2.84949e-06	2.52235	-1.62913	-1.75762e-05	-0.0028992	0.00293168	180	0	-0.00189966	256.974	-0.00054241	1261.18	220.791	0	-814.564	180	0	-0.0173592	142.937	0	-2.70249	217.063	0	-0.554936	5862
THOR	0	1.34345	2.28274	1.99737e-07	-0.646875	2.92948e-06	-2.83038e-06	2.52248	-1.62919	-1.74484e-05	-0.0029298	0.00293186	180	0	-0.00188692	256.974	-0.000535478	1261.24	220.791	0	-814.595	180	0	-0.017233	142.937	0	-2.71392	217.063	0	-0.543701	5901
THOR	0	1.34345	2.28274	1.99737e-07	-0.646875	2.84071e-06	-2.80877e-06	2.5226	-1.62919	-1.73207e-05	-0.00294476	0.002922	180	0	-0.00187251	256.974	-0.000527889	1261.3	220.791	0	-814.595	180	0	-0.0171069	142.937	0	-2.71399	217.063	0	-0.53268	5941
THOR	0	1.34345	2.28274	1.99737e-07	-0.646875	2.84071e-06	-2.78714e-06	2.52273	-1.62919	-1.71938e-05	-0.00297503	0.00292272	180	0	-0.00185809	256.974	-0.000521175	1261.36	220.791	0	-814.595	180	0	-0.0169815	142.937	0	-2.7256	217.063	0	-0.521872	5982
THOR	0	1.34345	2.28274	1.99737e-07	-0.646875	2.84071e-06	-2.78714e-06	2.52273	-1.62919	-1.71938e-05	-0.00297503	0.00292272	180	0	-0.00185809	256.974	-0.000521175	1261.36	220.791	0	-814.595	180	0	-0.0169815	142.937	0	-2.7256	217.063	0	-0.521872	6019
THOR	0	1.34345	2.28274	1.99737e-07	-0.646875	2.75193e-06	-2.76907e-06	2.52285	-1.62919	-1.70686e-05	-0.00298916	0.00291312	180	0	-0.00184605	256.974	-0.000513969	1261.43	220.791	0	-814.595	180	0	-0.0168579	142.937	0	-2.7255	217.063	0	-0.511307	6055
THOR	0	1.34345	2.28274	1.99737e-07	-0.646875	2.75193e-06	-2.74883e-06	2.52298	-1.62925	-1.69432e-05	-0.0030031	0.00290378	180	0	-0.00183255	256.974	-0.000507597	1261.49	220.791	0	-814.626	180	0	-0.016734	142.937	0	-2.72547	217.063	0	-0.500952	6094
THOR	0	1.34345	2.28274	1.99737e-07	-0.646875	2.66316e-06	-2.72965e-06	2.52307	-1.62925	-1.68193e-05	-0.00303241	0.00290504	180	0	-0.00181977	256.974	-0.000500421	1261.54	220.791	0	-814.626	180	0	-0.0166117	142.937	0	-2.73703	217.063	0	-0.490796	6136
THOR	0	1.34345	2.28274	1.99737e-07	-0.646875	2.66316e-06	-2.71034e-06	2.5232	-1.62925	-1.66959e-05	-0.00304582	0.00289609	180	0	-0.00180689	256.974	-0.000493776	1261.6	220.791	0	-814.626	180	0	-0.0164898	142.937	0	-2.73702	217.063	0	-0.480853	6176
THOR	0	1.34345	2.28274	1.99737e-07	-0.646875	2.66316e-06	-2.71034e-06	2.5232	-1.62925	-1.66959e-05	-0.00304582	0.00289609	180	0	-0.00180689	256.974	-0.000493776	1261.6	220.791	0	-814.626	180	0	-0.0164898	142.937	0	-2.73702	217.063	0	-0.480853	6212
THOR	0	1.34345	2.28274	1.99737e-07	-0.646875	2.57439e-06	-2.69169e-06	2.52329	-1.62925	-1.65733e-05	-0.00305899	0.00288732	180	0	-0.00179446	256.974	-0.000487361	1261.65	220.791	0	-814.626	180	0	-0.0163687	142.937	0	-2.73703	217.063	0	-0.471111	6250
THOR	0	1.34345	2.28274	1.99737e-07	-0.646875	2.57439e-06	-2.67291e-06	2.52342	-1.62931	-1.64517e-05	-0.00308731	0.00288902	180	0	-0.00178194	256.974	-0.000480858	1261.71	220.791	0	-814.656	180	0	-0.0162486	142.937	0	-2.74846	217.063	0	-0.461563	6290
THOR	0	1.34345	2.28274	1.99737e-07	-0.646875	2.48562e-06	-2.65462e-06	2.52351	-1.62931	-1.63308e-05	-0.00310005	0.00288067	180	0	-0.00176974	256.974	-0.00047476	1261.76	220.791	0	-814.656	180	0	-0.0161292	142.937	0	-2.74854	217.063	0	-0.452202	6333
THOR	0	1.34345	2.28274	1.99737e-07	-0.646875	2.39684e-06	-2.6376e-06	2.52365	-1.62931	-1.62139e-05	-0.00311226	0.00287255	180	0	-0.0017584	256.974	-0.000468513	1261.82	220.791	0	-814.656	180	0	-0.0160138	142.937	0	-2.74855	217.063	0	-0.443174	6373
THOR	0	1.34345	2.28274	1.99737e-07	-0.646875	2.39684e-06	-2.63829e-06	2.52364	-1.62931	-1.62125e-05	-0.00312844	0.00288308	180	0	-0.00175886	256.974	-0.000467986	1261.82	220.791	0	-814.656	180	0	-0.0160124	142.937	0	-2.76039	217.063	0	-0.443031	6412
THOR	0	1.34345	2.28274	1.99737e-07	-0.646875	2.30807e-06	-2.62092e-06	2.52373	-1.62931	-1.60924e-05	-0.00314007	0.00287469	180	0	-0.00174728	256.974	-0.000461903	1261.86	220.791	0	-814.656	180	0	-0.0158937	142.937	0	-2.76004	217.063	0	-0.434063	6447
THOR	0	1.34345	2.28274	1.99737e-07	-0.646875	2.30807e-06	-2.60524e-06	2.52385	-1.62938	-1.59748e-05	-0.00315181	0.00286671	180	0	-0.00173683	256.974	-0.00045641	1261.93	220.791	0	-814.688	180	0	-0.0157776	142.937	0	-2.75995	217.063	0	-0.425278	6484
THOR	0	1.34345	2.28274	1.99737e-07	-0.646875	2.30807e-06	-2.58769e-06	2.52395	-1.62937	-1.58578e-05	-0.00317943	0.00286959	180	0	-0.00172513	256.974	-0.000449701	1261.97	220.791	0	-814.687	180	0	-0.0156621	142.937	0	-2.77178	217.063	0	-0.416649	6528
THOR	0	1.34345	2.28274	1.99737e-07	-0.646875	2.30807e-06	-2.58769e-06	2.52395	-1.62937	-1.58578e-05	-0.00317943	0.00286959	180	0	-0.00172513	256.974	-0.000449701	1261.97	220.791	0	-814.687	180	0	-0.0156621	142.937	0	-2.77178	217.063	0	-0.416649	6567
THOR	0	1.34345	2.28274	1.99737e-07	-0.646875	2.30807e-06	-2.57178e-06	2.52404	-1.62937	-1.5741e-05	-0.00319051	0.00286178	180	0	-0.00171452	256.974	-0.000443641	1262.02	220.791	0	-814.687	180	0	-0.0155467	142.937	0	-2.77155	217.063	0	-0.408208	6606
THOR	0	1.34345	2.28274	1.99737e-07	-0.646875	2.2193e-06	-2.55539e-06	2.52413	-1.62937	-1.56247e-05	-0.00320168	0.00285434	180	0	-0.0017036	256.974	-0.000437738	1262.07	220.791	0	-814.687	180	0	-0.0154318	142.937	0	-2.77155	217.063	0	-0.399936	6647
THOR	0	1.34345	2.28274	1.99737e-07	-0.646875	2.13053e-06	-2.54194e-06	2.52426	-1.62937	-1.55114e-05	-0.00322848	0.00285764	180	0	-0.00169463	256.974	-0.000431702	1262.13	220.791	0	-814.687	180	0	-0.0153199	142.937	0	-2.78331	217.063	0	-0.391845	6688
THOR	0	1.34345	2.28274	1.99737e-07	-0.646875	2.13053e-06	-2.52681e-06	2.52435	-1.62944	-1.53974e-05	-0.0032387	0.00285016	180	0	-0.00168454	256.974	-0.000426459	1262.18	220.791	0	-814.718	180	0	-0.0152073	142.937	0	-2.78294	217.063	0	-0.383903	6725
THOR	0	1.34345	2.28274	1.99737e-07	-0.646875	2.13053e-06	-2.52681e-06	2.52435	-1.62944	-1.53974e-05	-0.0032387	0.00285016	180	0	-0.00168454	256.974	-0.000426459	1262.18	220.791	0	-814.718	180	0	-0.0152073	142.937	0	-2.78294	217.063	0	-0.383903	6764
THOR	0	1.34344	2.28274	1.99737e-07	-0.646875	2.04176e-06	-2.51159e-06	2.52445	-1.62944	-1.5284e-05	-0.00324932	0.00284324	180	0	-0.00167439	256.974	-0.0004203	1262.22	220.791	0	-814.718	180	0	-0.0150953	142.937	0	-2.78303	217.063	0	-0.376124	6806
THOR	0	1.34344	2.28274	1.99737e-07	-0.646875	2.04176e-06	-2.4977e-06	2.52454	-1.62944	-1.51721e-05	-0.00325964	0.0028364	180	0	-0.00166513	256.974	-0.000414692	1262.27	220.791	0	-814.718	180	0	-0.0149848	142.937	0	-2.78305	217.063	0	-0.368506	6845
THOR	0	1.34396	2.27765	1.99737e-07	-0.655627	1.95298e-06	-1.73041e-05	6.73973	-4.83082	-2.21032e-05	-2.80821	1.87279	180	0	-0.0115361	257.003	1.7581	3369.87	220.5	0	-2415.41	180	0	-0.0218303	142.435	0	-2080.51	217.564	0	-0.361847	6883
THOR	0	1.34396	2.27765	1.99737e-07	-0.655627	1.95298e-06	-1.73041e-05	6.73973	-4.83082	-2.21032e-05	-2.80821	1.87279	180	0	-0.0115361	257.003	1.7581	3369.87	220.5	0	-2415.41	180	0	-0.0218303	142.435	0	-2080.51	217.564	0	-0.361847	6913
THOR	2.66316e-07	1.34684	2.26865	1.99737e-07	-0.673611	1.95298e-06	-3.17723e-05	5.99595	-4.29958	-2.59994e-05	-1.09893	0.733255	180	0	-0.0211815	257.168	4.59914	2997.97	219.984	0	-2149.79	180	0	-0.0256784	141.405	0	-814.373	218.595	0	-0.354439	6958
THOR	2.66316e-07	1.35179	2.25861	1.99737e-07	-0.695319	1.95298e-06	-2.39401e-05	5.49348	-4.10343	-2.09497e-05	-0.39884	0.266517	180	0	-0.0159601	257.452	6.51843	2746.74	219.409	0	-2051.72	180	0	-0.020691	140.161	0	-295.784	219.839	0	-0.346454	6995
THOR	2.66316e-07	1.35807	2.24806	1.99737e-07	-0.71853	1.86421e-06	1.50017e-06	5.17198	-3.97544	-1.0812e-05	-0.126391	0.0848699	180	0	0.00100012	257.812	7.74646	2585.99	218.804	0	-1987.72	180	0	-0.0106785	138.831	0	-93.9613	221.169	0	-0.338557	7037
THOR	0	1.36524	2.23712	1.99737e-07	-0.742284	1.86421e-06	2.618e-05	4.94645	-3.86986	-2.84941e-06	-0.0424889	0.0289224	180	0	0.0174533	258.222	8.60794	2473.22	218.178	0	-1934.93	180	0	-0.00281423	137.47	0	-31.8046	222.53	0	-0.33136	7077
THOR	0	1.36524	2.23712	1.99737e-07	-0.742284	1.86421e-06	2.618e-05	4.94645	-3.86986	-2.84941e-06	-0.0424889	0.0289224	180	0	0.0174533	258.222	8.60794	2473.22	218.178	0	-1934.93	180	0	-0.00281423	137.47	0	-31.8046	222.53	0	-0.33136	7117
THOR	0	1.37307	2.22586	1.99737e-07	-0.766159	1.86421e-06	3.4812e-05	4.77026	-3.77551	-1.79852e-06	-0.039523	0.0269337	180	0	0.023208	258.671	9.28091	2385.13	217.532	0	-1887.76	180	0	-0.00177632	136.102	0	-29.6013	223.898	0	-0.325023	7158
THOR	0	1.38142	2.21429	1.99737e-07	-0.789975	1.77544e-06	2.50671e-05	4.62521	-3.68878	-7.23771e-06	-0.0720455	0.048605	180	0	0.0167114	259.15	9.83499	2312.6	216.869	0	-1844.39	180	0	-0.00714836	134.738	0	-53.6863	225.262	0	-0.319257	7196
THOR	0	1.39023	2.20245	1.99737e-07	-0.813654	1.77544e-06	5.66132e-06	4.50007	-3.6105	-1.50399e-05	-0.118079	0.0792838	180	0	0.00377421	259.654	10.313	2250.04	216.191	0	-1805.25	180	0	-0.0148542	133.381	0	-87.7796	226.619	0	-0.3135	7240
THOR	0	1.39023	2.20245	1.99737e-07	-0.813654	1.77544e-06	5.66132e-06	4.50007	-3.6105	-1.50399e-05	-0.118079	0.0792838	180	0	0.00377421	259.654	10.313	2250.04	216.191	0	-1805.25	180	0	-0.0148542	133.381	0	-87.7796	226.619	0	-0.3135	7276
THOR	0	1.39942	2.19036	1.99737e-07	-0.837169	1.77544e-06	-1.12014e-05	4.39022	-3.54049	-2.05991e-05	-0.168117	0.112631	180	0	-0.00746759	260.181	10.7326	2195.11	215.498	0	-1770.24	180	0	-0.0203448	132.034	0	-124.839	227.966	0	-0.307392	7319
THOR	0	1.40896	2.17805	1.99737e-07	-0.860518	1.68667e-06	-1.77553e-05	4.29183	-3.4793	-2.15456e-05	-0.217375	0.145459	180	0	-0.0118368	260.728	11.1084	2145.92	214.793	0	-1739.65	180	0	-0.0212796	130.696	0	-161.32	229.304	0	-0.300914	7362
THOR	0	1.41881	2.16555	1.99737e-07	-0.883706	1.5979e-06	-1.35404e-05	4.20244	-3.42637	-1.84999e-05	-0.264042	0.176558	180	0	-0.00902696	261.292	11.4498	2101.22	214.077	0	-1713.18	180	0	-0.0182715	129.367	0	-195.881	230.633	0	-0.294323	7400
THOR	0	1.42912	2.15316	1.99737e-07	-0.906655	1.68667e-06	-4.23401e-06	3.89178	-2.22019	-1.45249e-05	-0.423623	0.282934	180	0	-0.00282267	261.883	12.6365	1945.89	213.367	0	-1110.09	180	0	-0.0143456	128.052	0	-314.083	231.947	0	-0.288071	7437
THOR	0	1.42912	2.15316	1.99737e-07	-0.906655	1.68667e-06	-4.23401e-06	3.89178	-2.22019	-1.45249e-05	-0.423623	0.282934	180	0	-0.00282267	261.883	12.6365	1945.89	213.367	0	-1110.09	180	0	-0.0143456	128.052	0	-314.083	231.947	0	-0.288071	7474
THOR	0	1.44141	2.14338	1.99737e-07	-0.928592	1.5979e-06	3.42797e-06	3.18224	-1.61623	-1.14528e-05	-0.781672	0.521622	180	0	0.00228531	262.587	15.3467	1591.12	212.807	0	-808.117	180	0	-0.0113114	126.795	0	-579.298	233.204	0	-0.282057	7503
THOR	0	1.45574	2.13671	1.99737e-07	-0.949509	1.50912e-06	1.21457e-05	2.68104	-1.4552	-7.75112e-06	-1.02693	0.685117	180	0	0.00809716	263.408	17.2612	1340.52	212.425	0	-727.598	180	0	-0.00765543	125.597	0	-760.966	234.403	0	-0.276072	7544
THOR	0	1.47136	2.13234	1.99737e-07	-0.969804	1.55351e-06	1.87417e-05	2.38712	-1.42715	-5.49421e-06	-1.16303	0.775842	180	0	0.0124945	264.303	18.3839	1193.56	212.174	0	-713.577	180	0	-0.00542638	124.434	0	-861.777	235.566	0	-0.270451	7582
THOR	0	1.4877	2.12956	1.99737e-07	-0.989781	1.50912e-06	1.86835e-05	2.23345	-1.47307	-6.56035e-06	-1.22528	0.81733	180	0	0.0124557	265.239	18.9708	1116.73	212.015	0	-736.536	180	0	-0.00647936	123.29	0	-907.879	236.71	0	-0.265272	7625
THOR	0	1.4877	2.12956	1.99737e-07	-0.989781	1.50912e-06	1.86835e-05	2.23345	-1.47307	-6.56035e-06	-1.22528	0.81733	180	0	0.0124557	265.239	18.9708	1116.73	212.015	0	-736.536	180	0	-0.00647936	123.29	0	-907.879	236.71	0	-0.265272	7665
THOR	0	1.50438	2.12788	1.99737e-07	-1.00964	1.46474e-06	1.11174e-05	2.17144	-1.5619	-1.06836e-05	-1.24026	0.827307	180	0	0.0074116	266.195	19.2077	1085.72	211.919	0	-780.95	180	0	-0.0105517	122.152	0	-918.969	237.848	0	-0.260357	7704
THOR	0	1.52116	2.12694	1.99737e-07	-1.0295	1.42035e-06	7.54839e-08	2.16829	-1.67312	-1.56393e-05	-1.22587	0.817705	180	0	5.03226e-05	267.156	19.2197	1084.15	211.865	0	-836.559	180	0	-0.0154462	121.014	0	-908.306	238.986	0	-0.255472	7743
THOR	0	1.53788	2.12649	1.99737e-07	-1.04944	1.37597e-06	-8.8938e-06	2.20176	-1.79223	-1.88985e-05	-1.19416	0.79656	180	0	-0.0059292	268.114	19.0919	1100.88	211.839	0	-896.113	180	0	-0.0186651	119.871	0	-884.816	240.128	0	-0.250442	7783
THOR	0	1.55445	2.12636	1.99737e-07	-1.06951	1.42035e-06	-1.20868e-05	2.26126	-1.89329	-1.91611e-05	-1.15015	0.767211	180	0	-0.00805784	269.064	18.8646	1130.63	211.832	0	-946.645	180	0	-0.0189246	118.721	0	-852.211	241.278	0	-0.245247	7818
THOR	0	1.55445	2.12636	1.99737e-07	-1.06951	1.42035e-06	-1.20868e-05	2.26126	-1.89329	-1.91611e-05	-1.15015	0.767211	180	0	-0.00805784	269.064	18.8646	1130.63	211.832	0	-946.645	180	0	-0.0189246	118.721	0	-852.211	241.278	0	-0.245247	7861
THOR	0	1.57072	2.12634	1.99737e-07	-1.08966	1.37597e-06	-9.32446e-06	2.42262	-1.9124	-1.67569e-05	0.554385	-0.369158	180	0	-0.00621631	269.996	18.2482	1211.31	211.83	0	-956.202	180	0	-0.0165501	117.567	0	410.416	242.433	0	-0.239966	7895
THOR	0	1.58577	2.1266	1.99737e-07	-1.10686	1.33158e-06	-3.43934e-06	2.93401	-2.37311	-1.36342e-05	2.08089	-1.38684	180	0	-0.00229289	270.858	16.2949	1467	211.845	0	-1186.55	180	0	-0.0134659	116.582	0	1541.17	243.418	0	-0.23484	7932
THOR	0	1.59907	2.12753	1.99737e-07	-1.11836	1.37597e-06	-7.61297e-07	3.4547	-2.88102	-1.28348e-05	1.87387	-1.24883	180	0	-0.000507531	271.62	14.306	1727.35	211.899	0	-1440.51	180	0	-0.0126764	115.923	0	1387.82	244.077	0	-0.230127	7969
THOR	0	1.61083	2.12857	1.99737e-07	-1.12512	1.24281e-06	-2.65825e-06	3.84732	-3.07763	-1.43203e-05	1.33674	-0.890754	180	0	-0.00177217	272.294	12.8063	1923.66	211.958	0	-1538.82	180	0	-0.0141435	115.535	0	989.952	244.465	0	-0.225696	8009
THOR	0	1.61083	2.12857	1.99737e-07	-1.12512	1.24281e-06	-2.65825e-06	3.84732	-3.07763	-1.43203e-05	1.33674	-0.890754	180	0	-0.00177217	272.294	12.8063	1923.66	211.958	0	-1538.82	180	0	-0.0141435	115.535	0	989.952	244.465	0	-0.225696	8045
THOR	0	1.62159	2.12934	1.99737e-07	-1.12876	1.28719e-06	-6.34869e-06	4.05891	-3.09194	-1.61099e-05	0.851362	-0.567176	180	0	-0.00423246	272.91	11.9981	2029.45	212.002	0	-1545.97	180	0	-0.015911	115.327	0	630.417	244.673	0	-0.221236	8081
THOR	0	1.63191	2.12979	1.99737e-07	-1.13052	1.19842e-06	-7.70124e-06	4.12343	-3.01893	-1.61103e-05	0.49083	-0.32683	180	0	-0.00513416	273.502	11.7516	2061.72	212.028	0	-1509.46	180	0	-0.0159114	115.226	0	363.362	244.774	0	-0.216612	8111
THOR	0	1.64221	2.12995	1.99737e-07	-1.13126	1.24281e-06	-4.95789e-06	3.9087	-2.91762	-1.39072e-05	0.245985	-0.163608	180	0	-0.00330526	274.092	11.8894	1954.35	212.037	0	-1458.81	180	0	-0.0137355	115.183	0	181.999	244.816	0	-0.211964	8152
THOR	0	1.64221	2.12995	1.99737e-07	-1.13126	1.24281e-06	-4.95789e-06	3.9087	-2.91762	-1.39072e-05	0.245985	-0.163608	180	0	-0.00330526	274.092	11.8894	1954.35	212.037	0	-1458.81	180	0	-0.0137355	115.183	0	181.999	244.816	0	-0.211964	8183
THOR	0	1.65233	2.12978	1.99737e-07	-1.13137	1.15404e-06	6.85344e-06	1.68649	-2.4291	-5.53387e-06	0.023473	-0.0152762	180	0	0.00456896	274.672	10.9137	843.243	212.027	0	-1214.55	180	0	-0.00546555	115.177	0	17.1805	244.823	0	-0.206958	8221
THOR	0	1.66086	2.12838	1.99737e-07	-1.13133	1.15404e-06	2.77577e-05	0.529764	-1.32284	5.96492e-06	-0.0734417	0.0493256	180	0	0.0185051	275.16	8.72663	264.882	211.947	0	-661.421	180	0	0.00589128	115.18	0	-54.6037	244.82	0	-0.202521	8263
THOR	0	1.66754	2.12626	0	-1.13093	1.06526e-06	3.85973e-05	-0.215499	-0.548713	9.05155e-06	-0.468048	0.312391	180	0	0.0257316	275.543	6.70486	-107.749	211.825	0	-274.356	180	0	0.0089398	115.202	0	-346.902	244.797	0	-0.199104	8304
THOR	0	1.67257	2.12407	0	-1.13014	1.10965e-06	2.93638e-05	-0.650145	-0.0543753	1.05283e-06	-0.834351	0.556587	180	0	0.0195759	275.831	4.94056	-325.073	211.7	0	-27.1877	180	0	0.00103984	115.248	0	-618.234	244.752	0	-0.195935	8343
THOR	0	1.67257	2.12407	0	-1.13014	1.10965e-06	2.93638e-05	-0.650145	-0.0543753	1.05283e-06	-0.834351	0.556587	180	0	0.0195759	275.831	4.94056	-325.073	211.7	0	-27.1877	180	0	0.00103984	115.248	0	-618.234	244.752	0	-0.195935	8372
THOR	0	1.67617	2.12221	0	-1.12925	1.15404e-06	5.35896e-06	-0.825071	0.182943	-1.28581e-05	-1.0527	0.702144	180	0	0.00357264	276.038	0	-412.536	211.594	0	91.4717	180	0	-0.0126994	115.299	0	-779.967	244.701	0	-0.19232	8414
THOR	0	1.67854	2.12088	1.99737e-07	-1.12851	1.10965e-06	-1.91796e-05	-0.769821	0.185918	-2.46502e-05	-1.1112	0.741142	180	0	-0.0127864	276.173	0	-384.91	211.517	0	92.9589	180	0	-0.0243459	115.341	0	-823.302	244.659	0	-0.188183	8446
THOR	0	1.67983	2.12017	1.99737e-07	-1.12806	1.06526e-06	-3.21611e-05	-0.513256	-0.00999	-2.90189e-05	-1.03458	0.690052	180	0	-0.0214407	276.247	0	-256.628	211.477	0	-4.995	180	0	-0.0286606	115.367	0	-766.541	244.633	0	-0.183875	8481
THOR	2.66316e-07	1.68017	2.12006	1.99737e-07	-1.12795	1.02088e-06	-3.09937e-05	-0.0985418	-0.260906	-2.6661e-05	-0.897698	0.598789	180	0	-0.0206625	276.267	0	-49.2709	211.47	0	-130.453	180	0	-0.0263319	115.373	0	-665.141	244.627	0	-0.179846	8521
THOR	2.66316e-07	1.68017	2.12006	1.99737e-07	-1.12795	1.02088e-06	-3.09937e-05	-0.0985418	-0.260906	-2.6661e-05	-0.897698	0.598789	180	0	-0.0206625	276.267	0	-49.2709	211.47	0	-130.453	180	0	-0.0263319	115.373	0	-665.141	244.627	0	-0.179846	8565
THOR	2.66316e-07	1.67989	2.12035	1.99737e-07	-1.12795	1.02088e-06	-2.4488e-05	0.261226	-0.576945	-2.26837e-05	-0.885442	0.590612	180	0	-0.0163254	276.251	0	130.613	211.487	0	-288.473	180	0	-0.0224037	115.373	0	-656.059	244.627	0	-0.176104	8597
THOR	2.66316e-07	1.67918	2.12099	1.99737e-07	-1.12797	1.06526e-06	-1.27248e-05	0.673985	-0.933715	-1.59288e-05	-0.875932	0.584265	180	0	-0.00848318	276.21	0	336.993	211.524	0	-466.857	180	0	-0.0157321	115.372	0	-649.011	244.628	0	-0.172453	8634
THOR	2.66316e-07	1.67818	2.12188	1.99737e-07	-1.12801	8.8772e-07	-2.29753e-07	1.08777	-1.28759	-9.45528e-06	-0.828897	0.552902	180	0	-0.000153169	276.152	0	543.887	211.575	0	-643.796	180	0	-0.00933855	115.37	0	-614.167	244.63	0	-0.169005	8675
THOR	0	1.67701	2.12289	1.99737e-07	-1.12818	9.76492e-07	7.93356e-06	1.45798	-1.60217	-5.86285e-06	-0.678625	0.452715	180	0	0.00528904	276.086	0	728.991	211.632	0	-801.085	180	0	-0.00579047	115.36	0	-502.851	244.64	0	-0.165716	8712
THOR	0	1.67701	2.12289	1.99737e-07	-1.12818	9.76492e-07	7.93356e-06	1.45798	-1.60217	-5.86285e-06	-0.678625	0.452715	180	0	0.00528904	276.086	0	728.991	211.632	0	-801.085	180	0	-0.00579047	115.36	0	-502.851	244.64	0	-0.165716	8754
THOR	0	1.67581	2.12393	1.99737e-07	-1.12851	9.76492e-07	9.30758e-06	1.77381	-1.88536	-5.99393e-06	-0.510749	0.340792	180	0	0.00620505	276.017	0	886.906	211.692	0	-942.682	180	0	-0.00591993	115.341	0	-378.495	244.659	0	-0.162521	8791
THOR	0	1.67466	2.12494	1.99737e-07	-1.12894	9.76492e-07	5.17614e-06	2.03679	-2.12332	-8.71989e-06	-0.364164	0.243063	180	0	0.00345076	275.951	-1.26908	1018.4	211.75	0	-1061.66	180	0	-0.00861223	115.317	0	-269.911	244.683	0	-0.159352	8831
THOR	0	1.67361	2.12587	1.99737e-07	-1.12938	9.32106e-07	-9.48521e-07	2.24102	-2.30725	-1.1983e-05	-0.251323	0.16783	180	0	-0.000632347	275.891	-1.12087	1120.51	211.803	0	-1153.63	180	0	-0.0118351	115.291	0	-186.321	244.709	0	-0.156169	8865
THOR	0	1.67272	2.12667	1.99737e-07	-1.12979	8.8772e-07	-5.50821e-06	2.38351	-2.43373	-1.39803e-05	-0.174928	0.116894	180	0	-0.00367214	275.84	-0.931668	1191.75	211.849	0	-1216.86	180	0	-0.0138077	115.268	0	-129.73	244.732	0	-0.152964	8903
THOR	0	1.67272	2.12667	1.99737e-07	-1.12979	8.8772e-07	-5.50821e-06	2.38351	-2.43373	-1.39803e-05	-0.174928	0.116894	180	0	-0.00367214	275.84	-0.931668	1191.75	211.849	0	-1216.86	180	0	-0.0138077	115.268	0	-129.73	244.732	0	-0.152964	8941
THOR	0	1.672	2.1273	1.99737e-07	-1.13012	8.43334e-07	-6.61959e-06	2.46296	-2.50306	-1.40039e-05	-0.133085	0.0889926	180	0	-0.00441306	275.799	-0.714264	1231.48	211.885	0	-1251.53	180	0	-0.0138311	115.249	0	-98.7309	244.751	0	-0.149775	8975
THOR	0	1.67148	2.12776	1.99737e-07	-1.13037	8.8772e-07	-4.55863e-06	2.48322	-2.5195	-1.24522e-05	-0.122228	0.0817491	180	0	-0.00303909	275.769	-0.485005	1241.61	211.912	0	-1259.75	180	0	-0.0122985	115.234	0	-90.6857	244.765	0	-0.146649	9004
THOR	0	1.67116	2.12804	1.99737e-07	-1.13053	8.43334e-07	-9.64322e-07	2.45094	-2.48951	-1.03632e-05	-0.137796	0.0921224	180	0	-0.000642881	275.751	-0.258483	1225.47	211.928	0	-1244.76	180	0	-0.0102353	115.226	0	-102.215	244.774	0	-0.143622	9039
THOR	0	1.67116	2.12805	1.99737e-07	-1.13053	7.98948e-07	-7.61953e-07	2.44777	-2.48667	-1.02519e-05	-0.139341	0.0931525	180	0	-0.000507969	275.75	-0.249682	1223.89	211.928	0	-1243.33	180	0	-0.0101253	115.225	0	-103.359	244.775	0	-0.143456	9073
THOR	0	1.67104	2.12815	1.99737e-07	-1.13059	8.8772e-07	2.23294e-06	2.37392	-2.42666	-8.69996e-06	-0.169465	0.11323	180	0	0.00148863	275.743	-0.04537	1186.96	211.934	0	-1213.33	180	0	-0.00859256	115.222	0	-125.67	244.778	0	-0.140709	9109
THOR	0	1.67103	2.12817	1.99737e-07	-1.1306	7.54562e-07	5.72142e-06	2.3504	-2.40426	-6.51624e-06	-0.174869	0.116827	180	0	0.00381428	275.743	0.00378961	1175.2	211.935	0	-1202.13	180	0	-0.00643579	115.221	0	-129.67	244.779	0	-0.137796	9153
THOR	0	1.67103	2.12816	1.99737e-07	-1.13061	7.98948e-07	7.47397e-06	2.34675	-2.40054	-5.88302e-06	-0.173354	0.115813	180	0	0.00498265	275.743	0.00780231	1173.38	211.935	0	-1200.27	180	0	-0.00581039	115.221	0	-128.546	244.779	0	-0.135088	9189
THOR	0	1.67104	2.12816	1.99737e-07	-1.13062	7.98948e-07	4.871e-06	2.34442	-2.39847	-7.77062e-06	-0.171251	0.114406	180	0	0.00324733	275.744	0.00857018	1172.21	211.934	0	-1199.24	180	0	-0.00767468	115.22	0	-126.985	244.78	0	-0.132508	9234
THOR	0	1.67104	2.12816	1.99737e-07	-1.13062	7.98948e-07	4.871e-06	2.34442	-2.39847	-7.77062e-06	-0.171251	0.114406	180	0	0.00324733	275.744	0.00857018	1172.21	211.934	0	-1199.24	180	0	-0.00767468	115.22	0	-126.985	244.78	0	-0.132508	9272
THOR	0	1.67105	2.12815	1.99737e-07	-1.13063	7.98948e-07	-6.72384e-07	2.34234	-2.39671	-1.08831e-05	-0.169057	0.112939	180	0	-0.000448256	275.744	0.00861411	1171.17	211.934	0	-1198.35	180	0	-0.0107487	115.22	0	-125.358	244.78	0	-0.12993	9312
THOR	0	1.67106	2.12814	1.99737e-07	-1.13064	8.43334e-07	-5.8488e-06	2.34051	-2.39522	-1.32955e-05	-0.166849	0.111462	180	0	-0.0038992	275.744	0.00828355	1170.26	211.934	0	-1197.61	180	0	-0.0131314	115.219	0	-123.719	244.781	0	-0.127288	9352
THOR	0	1.67106	2.12814	1.99737e-07	-1.13065	7.98948e-07	-7.95783e-06	2.33888	-2.39393	-1.38e-05	-0.16462	0.109971	180	0	-0.00530522	275.745	0.00783683	1169.44	211.933	0	-1196.96	180	0	-0.0136296	115.219	0	-122.065	244.781	0	-0.124623	9391
THOR	0	1.67107	2.12813	1.99737e-07	-1.13066	7.10176e-07	-6.54682e-06	2.33727	-2.39272	-1.24866e-05	-0.162369	0.108466	180	0	-0.00436455	275.745	0.00748037	1168.63	211.933	0	-1196.36	180	0	-0.0123325	115.218	0	-120.396	244.782	0	-0.121987	9424
THOR	0	1.67107	2.12813	1.99737e-07	-1.13066	7.10176e-07	-6.54682e-06	2.33727	-2.39272	-1.24866e-05	-0.162369	0.108466	180	0	-0.00436455	275.745	0.00748037	1168.63	211.933	0	-1196.36	180	0	-0.0123325	115.218	0	-120.396	244.782	0	-0.121987	9457
THOR	0	1.67108	2.12813	1.99737e-07	-1.13066	7.10176e-07	-3.09202e-06	2.33563	-2.39148	-1.03865e-05	-0.160212	0.107023	180	0	-0.00206135	275.746	0.00729219	1167.81	211.933	0	-1195.74	180	0	-0.0102583	115.218	0	-118.795	244.782	0	-0.119448	9501
THOR	0	1.67108	2.12812	1.99737e-07	-1.13067	7.10176e-07	2.03198e-07	2.33395	-2.39017	-8.67486e-06	-0.15808	0.105597	180	0	0.000135465	275.746	0.00724166	1166.97	211.932	0	-1195.09	180	0	-0.00856776	115.217	0	-117.213	244.783	0	-0.117026	9529
THOR	0	1.67109	2.12812	1.99737e-07	-1.13068	7.54562e-07	1.7936e-06	2.3322	-2.38882	-8.02829e-06	-0.155992	0.104201	180	0	0.00119573	275.746	0.00725065	1166.1	211.932	0	-1194.41	180	0	-0.00792917	115.217	0	-115.664	244.783	0	-0.114703	9567
THOR	0	1.6711	2.12811	1.99737e-07	-1.13069	7.10176e-07	1.39062e-06	2.3305	-2.38754	-8.41154e-06	-0.153964	0.102845	180	0	0.00092708	275.747	0.0072494	1165.25	211.932	0	-1193.77	180	0	-0.0083077	115.216	0	-114.16	244.784	0	-0.112436	9601
THOR	0	1.6711	2.12811	1.99737e-07	-1.13069	7.10176e-07	1.39062e-06	2.3305	-2.38754	-8.41154e-06	-0.153964	0.102845	180	0	0.00092708	275.747	0.0072494	1165.25	211.932	0	-1193.77	180	0	-0.0083077	115.216	0	-114.16	244.784	0	-0.112436	9639
THOR	0	1.6711	2.12811	1.99737e-07	-1.1307	6.6579e-07	-2.54654e-07	2.32882	-2.38622	-9.30727e-06	-0.151925	0.101482	180	0	-0.000169769	275.747	0.00719866	1164.41	211.932	0	-1193.11	180	0	-0.00919236	115.216	0	-112.647	244.784	0	-0.110196	9683
THOR	0	1.67111	2.1281	1.99737e-07	-1.1307	6.6579e-07	-2.01811e-06	2.3272	-2.385	-1.01068e-05	-0.149943	0.100156	180	0	-0.00134541	275.747	0.00709636	1163.6	211.931	0	-1192.5	180	0	-0.00998201	115.215	0	-111.177	244.784	0	-0.107971	9717
THOR	0	1.67111	2.1281	1.99737e-07	-1.13071	6.6579e-07	-3.06737e-06	2.32562	-2.38378	-1.04366e-05	-0.147952	0.0988254	180	0	-0.00204491	275.748	0.00697117	1162.81	211.931	0	-1191.89	180	0	-0.0103077	115.215	0	-109.7	244.785	0	-0.105766	9758
THOR	0	1.67111	2.1281	1.99737e-07	-1.13071	6.6579e-07	-3.06737e-06	2.32562	-2.38378	-1.04366e-05	-0.147952	0.0988254	180	0	-0.00204491	275.748	0.00697117	1162.81	211.931	0	-1191.89	180	0	-0.0103077	115.215	0	-109.7	244.785	0	-0.105766	9794
THOR	0	1.67112	2.12809	1.99737e-07	-1.13072	6.21404e-07	-3.15802e-06	2.32405	-2.38263	-1.02599e-05	-0.146025	0.0975365	180	0	-0.00210534	275.748	0.00684409	1162.02	211.931	0	-1191.32	180	0	-0.0101333	115.215	0	-108.27	244.785	0	-0.103595	9833
THOR	0	1.67113	2.12809	1.99737e-07	-1.13073	7.10176e-07	-2.57881e-06	2.3225	-2.38148	-9.79253e-06	-0.1441	0.0962492	180	0	-0.00171921	275.748	0.00673268	1161.25	211.931	0	-1190.74	180	0	-0.00967163	115.214	0	-106.842	244.786	0	-0.101475	9875
THOR	0	1.67113	2.12808	1.99737e-07	-1.13073	6.6579e-07	-1.82897e-06	2.321	-2.38037	-9.31104e-06	-0.142176	0.0949631	180	0	-0.00121932	275.749	0.0066415	1160.5	211.93	0	-1190.19	180	0	-0.00919609	115.214	0	-105.415	244.786	0	-0.0994136	9915
THOR	0	1.67113	2.12808	1.99737e-07	-1.13073	6.6579e-07	-1.82897e-06	2.321	-2.38037	-9.31104e-06	-0.142176	0.0949631	180	0	-0.00121932	275.749	0.0066415	1160.5	211.93	0	-1190.19	180	0	-0.00919609	115.214	0	-105.415	244.786	0	-0.0994136	9952
THOR	0	1.67114	2.12808	1.99737e-07	-1.13074	6.6579e-07	-1.32336e-06	2.31946	-2.37926	-9.00875e-06	-0.140317	0.0937201	180	0	-0.00088224	275.749	0.00656263	1159.73	211.93	0	-1189.63	180	0	-0.00889753	115.213	0	-104.036	244.787	0	-0.0974033	9983
THOR	0	1.67114	2.12808	1.99737e-07	-1.13075	6.21404e-07	-1.22596e-06	2.31796	-2.37821	-8.93138e-06	-0.138459	0.0924777	180	0	-0.000817309	275.749	0.00648799	1158.98	211.93	0	-1189.11	180	0	-0.00882112	115.213	0	-102.658	244.787	0	-0.0954411	10027
THOR	0	1.67115	2.12807	1.99737e-07	-1.13075	5.77018e-07	-1.45215e-06	2.31649	-2.3771	-9.00432e-06	-0.136665	0.0912782	180	0	-0.000968097	275.75	0.00640754	1158.24	211.93	0	-1188.55	180	0	-0.00889315	115.213	0	-101.327	244.787	0	-0.093518	10069
THOR	0	1.67115	2.12807	1.99737e-07	-1.13076	5.77018e-07	-1.80217e-06	2.31505	-2.37605	-9.11156e-06	-0.134866	0.0900759	180	0	-0.00120145	275.75	0.00632619	1157.52	211.929	0	-1188.03	180	0	-0.00899907	115.212	0	-99.9927	244.788	0	-0.0916255	10111
THOR	0	1.67116	2.12806	1.99737e-07	-1.13077	5.32632e-07	-2.08469e-06	2.31361	-2.37508	-9.16068e-06	-0.1331	0.0888951	180	0	-0.00138979	275.75	0.00623861	1156.81	211.929	0	-1187.54	180	0	-0.00904759	115.212	0	-98.6826	244.788	0	-0.0897703	10150
THOR	0	1.67116	2.12806	1.99737e-07	-1.13077	5.32632e-07	-2.08469e-06	2.31361	-2.37508	-9.16068e-06	-0.1331	0.0888951	180	0	-0.00138979	275.75	0.00623861	1156.81	211.929	0	-1187.54	180	0	-0.00904759	115.212	0	-98.6826	244.788	0	-0.0897703	10187
THOR	0	1.67117	2.12806	1.99737e-07	-1.13077	4.88246e-07	-2.20688e-06	2.31218	-2.37409	-9.11888e-06	-0.131332	0.0877128	180	0	-0.00147125	275.751	0.0061517	1156.09	211.929	0	-1187.05	180	0	-0.0090063	115.211	0	-97.3708	244.789	0	-0.0879475	10224
THOR	0	1.67117	2.12806	1.99737e-07	-1.13078	5.77018e-07	-2.1814e-06	2.31081	-2.37311	-9.00611e-06	-0.129625	0.0865721	180	0	-0.00145427	275.751	0.00606894	1155.4	211.929	0	-1186.56	180	0	-0.00889492	115.211	0	-96.105	244.789	0	-0.0861594	10264
THOR	0	1.67118	2.12805	1.99737e-07	-1.13079	6.21404e-07	-2.08588e-06	2.30943	-2.37213	-8.87102e-06	-0.127921	0.0854324	180	0	-0.00139059	275.751	0.00598606	1154.72	211.928	0	-1186.06	180	0	-0.0087615	115.211	0	-94.8405	244.789	0	-0.0844112	10305
THOR	0	1.67118	2.12805	1.99737e-07	-1.13079	5.77018e-07	-1.99962e-06	2.30813	-2.37128	-8.75597e-06	-0.126319	0.0843615	180	0	-0.00133308	275.752	0.00591725	1154.06	211.928	0	-1185.64	180	0	-0.00864787	115.21	0	-93.6522	244.79	0	-0.0827934	10344
THOR	0	1.67118	2.12805	1.99737e-07	-1.13079	5.32632e-07	-1.99646e-06	2.30806	-2.37121	-8.75008e-06	-0.126247	0.0843134	180	0	-0.00133097	275.752	0.00590601	1154.03	211.928	0	-1185.6	180	0	-0.00864205	115.21	0	-93.5988	244.79	0	-0.0827011	10383
THOR	0	1.67119	2.12805	1.99737e-07	-1.1308	6.21404e-07	-1.95993e-06	2.30672	-2.37028	-8.66212e-06	-0.124605	0.0832156	180	0	-0.00130662	275.752	0.00582907	1153.36	211.928	0	-1185.14	180	0	-0.00855518	115.21	0	-92.3807	244.79	0	-0.081028	10417
THOR	0	1.67119	2.12804	1.99737e-07	-1.13081	5.77018e-07	-1.98681e-06	2.3054	-2.36936	-8.6088e-06	-0.122962	0.0821174	180	0	-0.00132454	275.752	0.00575259	1152.7	211.928	0	-1184.68	180	0	-0.00850252	115.209	0	-91.1621	244.79	0	-0.0793885	10453
THOR	0	1.6712	2.12804	1.99737e-07	-1.13081	4.88246e-07	-2.04923e-06	2.30409	-2.3685	-8.56949e-06	-0.12135	0.0810397	180	0	-0.00136616	275.753	0.00567679	1152.05	211.928	0	-1184.25	180	0	-0.0084637	115.209	0	-89.9663	244.791	0	-0.0777813	10491
THOR	0	1.6712	2.12804	1.99737e-07	-1.13081	4.88246e-07	-2.04923e-06	2.30409	-2.3685	-8.56949e-06	-0.12135	0.0810397	180	0	-0.00136616	275.753	0.00567679	1152.05	211.928	0	-1184.25	180	0	-0.0084637	115.209	0	-89.9663	244.791	0	-0.0777813	10527
THOR	0	1.6712	2.12804	1.99737e-07	-1.13082	4.4386e-07	-2.11655e-06	2.30281	-2.36764	-8.53e-06	-0.119768	0.0799827	180	0	-0.00141103	275.753	0.00560181	1151.41	211.927	0	-1183.82	180	0	-0.00842469	115.209	0	-88.7935	244.791	0	-0.0762052	10568
THOR	0	1.67121	2.12803	1.99737e-07	-1.13083	4.4386e-07	-2.16332e-06	2.30153	-2.36678	-8.47674e-06	-0.118187	0.0789257	180	0	-0.00144221	275.753	0.00552626	1150.77	211.927	0	-1183.39	180	0	-0.00837209	115.208	0	-87.6206	244.791	0	-0.0746613	10607
THOR	0	1.67121	2.12803	1.99737e-07	-1.13083	4.88246e-07	-2.18478e-06	2.30028	-2.36592	-8.41167e-06	-0.116633	0.0778872	180	0	-0.00145652	275.753	0.00545713	1150.14	211.927	0	-1182.96	180	0	-0.00830782	115.208	0	-86.4682	244.792	0	-0.0731429	10653
THOR	0	1.67122	2.12803	1.99737e-07	-1.13084	4.88246e-07	-2.1892e-06	2.29903	-2.36512	-8.33963e-06	-0.115117	0.0768739	180	0	-0.00145946	275.754	0.00538015	1149.52	211.927	0	-1182.56	180	0	-0.00823667	115.208	0	-85.3438	244.792	0	-0.0716643	10694
THOR	0	1.67122	2.12803	1.99737e-07	-1.13084	4.88246e-07	-2.1892e-06	2.29903	-2.36512	-8.33963e-06	-0.115117	0.0768739	180	0	-0.00145946	275.754	0.00538015	1149.52	211.927	0	-1182.56	180	0	-0.00823667	115.208	0	-85.3438	244.792	0	-0.0716643	10726
THOR	0	1.67122	2.12802	1.99737e-07	-1.13084	4.4386e-07	-2.18674e-06	2.29782	-2.36432	-8.26624e-06	-0.11363	0.0758794	180	0	-0.00145783	275.754	0.00530808	1148.91	211.927	0	-1182.16	180	0	-0.00816419	115.207	0	-84.2403	244.792	0	-0.0702127	10769
THOR	0	1.67122	2.12802	1.99737e-07	-1.13085	4.88246e-07	-2.19007e-06	2.2966	-2.36352	-8.19883e-06	-0.112141	0.0748848	180	0	-0.00146005	275.754	0.00523788	1148.3	211.927	0	-1181.76	180	0	-0.00809761	115.207	0	-83.1365	244.793	0	-0.0687905	10807
THOR	0	1.67123	2.12802	1.99737e-07	-1.13085	4.88246e-07	-2.20093e-06	2.29541	-2.36279	-8.13584e-06	-0.110684	0.0739106	180	0	-0.00146728	275.754	0.00516868	1147.71	211.926	0	-1181.39	180	0	-0.0080354	115.207	0	-82.0555	244.793	0	-0.0673961	10843
THOR	0	1.67123	2.12802	1.99737e-07	-1.13085	4.88246e-07	-2.20093e-06	2.29541	-2.36279	-8.13584e-06	-0.110684	0.0739106	180	0	-0.00146728	275.754	0.00516868	1147.71	211.926	0	-1181.39	180	0	-0.0080354	115.207	0	-82.0555	244.793	0	-0.0673961	10880
THOR	0	1.67123	2.12801	1.99737e-07	-1.13086	4.88246e-07	-2.21955e-06	2.29425	-2.36205	-8.07773e-06	-0.109225	0.0729357	180	0	-0.0014797	275.755	0.00510202	1147.13	211.926	0	-1181.02	180	0	-0.007978	115.206	0	-80.9736	244.793	0	-0.0660297	10921
THOR	0	1.67124	2.12801	1.99737e-07	-1.13087	4.4386e-07	-2.2408e-06	2.2931	-2.36131	-8.02097e-06	-0.1078	0.0719834	180	0	-0.00149387	275.755	0.00503276	1146.55	211.926	0	-1180.66	180	0	-0.00792195	115.206	0	-79.9169	244.794	0	-0.0646938	10962
THOR	0	1.67124	2.12801	1.99737e-07	-1.13087	3.99474e-07	-2.25995e-06	2.29194	-2.36057	-7.96312e-06	-0.106405	0.0710509	180	0	-0.00150663	275.755	0.00496532	1145.97	211.926	0	-1180.29	180	0	-0.00786481	115.206	0	-78.882	244.794	0	-0.0633827	11001
THOR	0	1.67125	2.128	1.99737e-07	-1.13088	4.4386e-07	-2.27523e-06	2.29082	-2.3599	-7.90372e-06	-0.105009	0.0701177	180	0	-0.00151682	275.755	0.0049006	1145.41	211.926	0	-1179.95	180	0	-0.00780615	115.206	0	-77.8465	244.794	0	-0.0620969	11044
THOR	0	1.67125	2.128	1.99737e-07	-1.13088	4.4386e-07	-2.27523e-06	2.29082	-2.3599	-7.90372e-06	-0.105009	0.0701177	180	0	-0.00151682	275.755	0.0049006	1145.41	211.926	0	-1179.95	180	0	-0.00780615	115.206	0	-77.8465	244.794	0	-0.0620969	11076
THOR	0	1.67125	2.128	1.99737e-07	-1.13088	3.99474e-07	-2.28725e-06	2.2897	-2.35916	-7.84368e-06	-0.103646	0.0692068	180	0	-0.00152483	275.756	0.00483401	1144.85	211.926	0	-1179.58	180	0	-0.00774684	115.205	0	-76.8356	244.795	0	-0.0608403	11108
THOR	0	1.67126	2.128	1.99737e-07	-1.13089	3.55088e-07	-2.29695e-06	2.2886	-2.35848	-7.78313e-06	-0.10231	0.0683139	180	0	-0.0015313	275.756	0.00477163	1144.3	211.925	0	-1179.24	180	0	-0.00768704	115.205	0	-75.8448	244.795	0	-0.0596033	11153
THOR	0	1.67126	2.128	1.99737e-07	-1.13089	4.4386e-07	-2.30569e-06	2.28751	-2.35787	-7.72297e-06	-0.100979	0.0674246	180	0	-0.00153712	275.756	0.00470743	1143.75	211.925	0	-1178.94	180	0	-0.00762762	115.205	0	-74.8578	244.795	0	-0.0583984	11191
THOR	0	1.67126	2.12799	1.99737e-07	-1.1309	3.55088e-07	-2.31639e-06	2.28645	-2.35719	-7.66485e-06	-0.0996776	0.0665547	180	0	-0.00154426	275.756	0.0046446	1143.22	211.925	0	-1178.6	180	0	-0.00757022	115.204	0	-73.8924	244.796	0	-0.0572152	11236
THOR	0	1.67126	2.12799	1.99737e-07	-1.1309	3.55088e-07	-2.31639e-06	2.28645	-2.35719	-7.66485e-06	-0.0996776	0.0665547	180	0	-0.00154426	275.756	0.0046446	1143.22	211.925	0	-1178.6	180	0	-0.00757022	115.204	0	-73.8924	244.796	0	-0.0572152	11273
THOR	0	1.67127	2.12799	1.99737e-07	-1.1309	3.99474e-07	-2.32651e-06	2.28538	-2.35658	-7.60687e-06	-0.0983742	0.0656837	180	0	-0.00155101	275.757	0.00458377	1142.69	211.925	0	-1178.29	180	0	-0.00751296	115.204	0	-72.9259	244.796	0	-0.056055	11316
THOR	0	1.67127	2.12799	1.99737e-07	-1.13091	4.4386e-07	-2.3382e-06	2.28435	-2.3559	-7.55102e-06	-0.0971031	0.0648343	180	0	-0.0015588	275.757	0.00452282	1142.18	211.925	0	-1177.95	180	0	-0.00745779	115.204	0	-71.9832	244.796	0	-0.0549197	11353
THOR	0	1.67128	2.12799	1.99737e-07	-1.13091	3.99474e-07	-2.3483e-06	2.28332	-2.35535	-7.49371e-06	-0.0958322	0.063985	180	0	-0.00156554	275.757	0.00446169	1141.66	211.925	0	-1177.68	180	0	-0.0074012	115.204	0	-71.0406	244.796	0	-0.0538076	11393
THOR	0	1.67128	2.12799	1.99737e-07	-1.13091	3.99474e-07	-2.3483e-06	2.28332	-2.35535	-7.49371e-06	-0.0958322	0.063985	180	0	-0.00156554	275.757	0.00446169	1141.66	211.925	0	-1177.68	180	0	-0.0074012	115.204	0	-71.0406	244.796	0	-0.0538076	11430
THOR	0	1.67128	2.12799	1.99737e-07	-1.13092	3.99474e-07	-2.35873e-06	2.28232	-2.35473	-7.43809e-06	-0.0945907	0.0631553	180	0	-0.00157249	275.757	0.00440338	1141.16	211.925	0	-1177.37	180	0	-0.00734626	115.203	0	-70.1199	244.797	0	-0.0527163	11469
THOR	0	1.67128	2.12798	1.99737e-07	-1.13092	3.99474e-07	-2.36768e-06	2.28133	-2.35412	-7.38148e-06	-0.0933834	0.0623486	180	0	-0.00157845	275.757	0.00434357	1140.66	211.924	0	-1177.06	180	0	-0.00729035	115.203	0	-69.2246	244.797	0	-0.0516496	11514
THOR	0	1.67129	2.12798	1.99737e-07	-1.13093	3.55088e-07	-2.37578e-06	2.28033	-2.35357	-7.32548e-06	-0.0921727	0.0615396	180	0	-0.00158385	275.758	0.00428742	1140.16	211.924	0	-1176.78	180	0	-0.00723505	115.203	0	-68.3267	244.797	0	-0.0506018	11555
THOR	0	1.67129	2.12798	1.99737e-07	-1.13093	4.4386e-07	-2.38405e-06	2.27936	-2.35302	-7.27008e-06	-0.0909956	0.060753	180	0	-0.00158937	275.758	0.00422947	1139.68	211.924	0	-1176.51	180	0	-0.00718033	115.202	0	-67.4538	244.797	0	-0.0495769	11594
THOR	0	1.67129	2.12798	1.99737e-07	-1.13093	4.4386e-07	-2.38405e-06	2.27936	-2.35302	-7.27008e-06	-0.0909956	0.060753	180	0	-0.00158937	275.758	0.00422947	1139.68	211.924	0	-1176.51	180	0	-0.00718033	115.202	0	-67.4538	244.797	0	-0.0495769	11633
THOR	0	1.67129	2.12798	1.99737e-07	-1.13093	3.55088e-07	-2.39194e-06	2.27839	-2.35246	-7.21526e-06	-0.0898171	0.0599655	180	0	-0.00159462	275.758	0.00417389	1139.19	211.924	0	-1176.23	180	0	-0.00712619	115.202	0	-66.5798	244.798	0	-0.0485726	11664
THOR	0	1.6713	2.12797	1.99737e-07	-1.13094	3.55088e-07	-2.39853e-06	2.27745	-2.35191	-7.15956e-06	-0.088638	0.0591776	180	0	-0.00159902	275.758	0.00411796	1138.73	211.924	0	-1175.95	180	0	-0.00707117	115.202	0	-65.7053	244.798	0	-0.0475877	11704
THOR	0	1.6713	2.12797	1.99737e-07	-1.13094	3.10702e-07	-2.40595e-06	2.27652	-2.35135	-7.10545e-06	-0.0874901	0.0584107	180	0	-0.00160397	275.759	0.00406448	1138.26	211.924	0	-1175.68	180	0	-0.00701773	115.202	0	-64.8541	244.798	0	-0.0466229	11741
THOR	0	1.67131	2.12797	1.99737e-07	-1.13095	3.10702e-07	-2.41425e-06	2.27558	-2.35086	-7.053e-06	-0.0863748	0.0576654	180	0	-0.0016095	275.759	0.00400971	1137.79	211.924	0	-1175.43	180	0	-0.00696592	115.201	0	-64.027	244.798	0	-0.0456792	11785
THOR	0	1.67131	2.12797	1.99737e-07	-1.13095	3.10702e-07	-2.41425e-06	2.27558	-2.35086	-7.053e-06	-0.0863748	0.0576654	180	0	-0.0016095	275.759	0.00400971	1137.79	211.924	0	-1175.43	180	0	-0.00696592	115.201	0	-64.027	244.798	0	-0.0456792	11822
THOR	0	1.67131	2.12797	1.99737e-07	-1.13095	3.10702e-07	-2.42072e-06	2.27467	-2.35037	-6.99965e-06	-0.0852587	0.0569197	180	0	-0.00161381	275.759	0.00395628	1137.34	211.924	0	-1175.19	180	0	-0.00691324	115.201	0	-63.1993	244.799	0	-0.0447544	11864
THOR	0	1.67131	2.12797	1.99737e-07	-1.13096	2.66316e-07	-2.42717e-06	2.2738	-2.34982	-6.94673e-06	-0.0841739	0.0561949	180	0	-0.00161811	275.759	0.00390313	1136.9	211.923	0	-1174.91	180	0	-0.00686096	115.201	0	-62.3949	244.799	0	-0.0438475	11906
THOR	0	1.67132	2.12796	1.99737e-07	-1.13096	2.66316e-07	-2.43366e-06	2.27289	-2.34933	-6.8942e-06	-0.0830887	0.0554698	180	0	-0.00162244	275.759	0.00385117	1136.45	211.923	0	-1174.66	180	0	-0.00680908	115.201	0	-61.5901	244.799	0	-0.0429592	11935
THOR	0	1.67132	2.12796	1.99737e-07	-1.13096	3.10702e-07	-2.43935e-06	2.27202	-2.3489	-6.84182e-06	-0.0820025	0.0547441	180	0	-0.00162623	275.759	0.00380022	1136.01	211.923	0	-1174.45	180	0	-0.00675736	115.2	0	-60.7847	244.799	0	-0.0420888	11975
THOR	0	1.67132	2.12796	1.99737e-07	-1.13096	3.10702e-07	-2.43935e-06	2.27202	-2.3489	-6.84182e-06	-0.0820025	0.0547441	180	0	-0.00162623	275.759	0.00380022	1136.01	211.923	0	-1174.45	180	0	-0.00675736	115.2	0	-60.7847	244.799	0	-0.0420888	12013
THOR	0	1.67132	2.12796	0	-1.13097	3.55088e-07	-2.44453e-06	2.27118	-2.34841	-6.78943e-06	-0.0809482	0.0540397	180	0	-0.00162968	275.76	0.00375034	1135.59	211.923	0	-1174.2	180	0	-0.00670561	115.2	0	-60.0028	244.8	0	-0.041236	12052
THOR	0	1.67133	2.12796	0	-1.13097	3.10702e-07	-2.45062e-06	2.2703	-2.34798	-6.73952e-06	-0.0799243	0.0533556	180	0	-0.00163375	275.76	0.00370089	1135.15	211.923	0	-1173.99	180	0	-0.00665632	115.2	0	-59.2436	244.8	0	-0.0403997	12098
THOR	0	1.67133	2.12796	0	-1.13098	3.10702e-07	-2.45587e-06	2.26946	-2.34748	-6.68817e-06	-0.0789022	0.0526727	180	0	-0.00163725	275.76	0.00365238	1134.73	211.923	0	-1173.74	180	0	-0.0066056	115.2	0	-58.4856	244.8	0	-0.0395818	12131
THOR	0	1.67133	2.12796	0	-1.13098	3.55088e-07	-2.46144e-06	2.26865	-2.34705	-6.63843e-06	-0.0778785	0.0519888	180	0	-0.00164096	275.76	0.00360253	1134.32	211.923	0	-1173.53	180	0	-0.00655647	115.2	0	-57.7266	244.8	0	-0.0387805	12170
THOR	0	1.67133	2.12796	0	-1.13098	3.55088e-07	-2.46144e-06	2.26865	-2.34705	-6.63843e-06	-0.0778785	0.0519888	180	0	-0.00164096	275.76	0.00360253	1134.32	211.923	0	-1173.53	180	0	-0.00655647	115.2	0	-57.7266	244.8	0	-0.0387805	12206
THOR	0	1.67133	2.12795	0	-1.13098	3.10702e-07	-2.46551e-06	2.26783	-2.34662	-6.58691e-06	-0.0768852	0.0513252	180	0	-0.00164368	275.76	0.00355608	1133.92	211.923	0	-1173.31	180	0	-0.00650559	115.199	0	-56.99	244.801	0	-0.0379932	12245
THOR	0	1.67134	2.12795	0	-1.13099	3.10702e-07	-2.47039e-06	2.26702	-2.34619	-6.53744e-06	-0.0758936	0.0506627	180	0	-0.00164693	275.761	0.00350768	1133.51	211.923	0	-1173.1	180	0	-0.00645673	115.199	0	-56.2547	244.801	0	-0.0372246	12281
THOR	0	1.67134	2.12795	0	-1.13099	3.10702e-07	-2.47548e-06	2.26621	-2.34576	-6.48904e-06	-0.0749318	0.0500202	180	0	-0.00165032	275.761	0.00346153	1133.1	211.923	0	-1172.88	180	0	-0.00640892	115.199	0	-55.5415	244.801	0	-0.0364699	12317
THOR	0	1.67134	2.12795	0	-1.13099	3.10702e-07	-2.47548e-06	2.26621	-2.34576	-6.48904e-06	-0.0749318	0.0500202	180	0	-0.00165032	275.761	0.00346153	1133.1	211.923	0	-1172.88	180	0	-0.00640892	115.199	0	-55.5415	244.801	0	-0.0364699	12359
THOR	0	1.67134	2.12795	0	-1.131	3.10702e-07	-2.47902e-06	2.26543	-2.3454	-6.43894e-06	-0.0739709	0.0493782	180	0	-0.00165268	275.761	0.00341498	1132.71	211.922	0	-1172.7	180	0	-0.00635945	115.199	0	-54.829	244.801	0	-0.0357312	12400
THOR	0	1.67135	2.12795	0	-1.131	3.55088e-07	-2.48373e-06	2.26465	-2.34496	-6.39109e-06	-0.0730406	0.0487567	180	0	-0.00165582	275.761	0.00336914	1132.32	211.922	0	-1172.48	180	0	-0.00631219	115.199	0	-54.1391	244.801	0	-0.035007	12425
THOR	0	1.67135	2.12795	0	-1.131	3.10702e-07	-2.48761e-06	2.2639	-2.3446	-6.34257e-06	-0.0721107	0.0481356	180	0	-0.00165841	275.761	0.00332582	1131.95	211.922	0	-1172.3	180	0	-0.00626427	115.198	0	-53.4497	244.802	0	-0.0342982	12467
THOR	0	1.67135	2.12794	0	-1.13101	2.2193e-07	-2.49165e-06	2.26315	-2.34423	-6.29492e-06	-0.0711802	0.047514	180	0	-0.0016611	275.761	0.00328111	1131.57	211.922	0	-1172.11	180	0	-0.0062172	115.198	0	-52.7597	244.802	0	-0.0336034	12506
THOR	0	1.67135	2.12794	0	-1.13101	2.2193e-07	-2.49165e-06	2.26315	-2.34423	-6.29492e-06	-0.0711802	0.047514	180	0	-0.0016611	275.761	0.00328111	1131.57	211.922	0	-1172.11	180	0	-0.0062172	115.198	0	-52.7597	244.802	0	-0.0336034	12545
THOR	0	1.67136	2.12794	0	-1.13101	3.10702e-07	-2.49284e-06	2.26238	-2.34385	-6.24562e-06	-0.0702575	0.0468975	180	0	-0.00166189	275.762	0.00326945	1131.19	211.922	0	-1171.92	180	0	-0.00616851	115.198	0	-52.0755	244.802	0	-0.0328919	12585
THOR	0	1.67136	2.12794	0	-1.13101	2.2193e-07	-2.49826e-06	2.26165	-2.34349	-6.19888e-06	-0.0693814	0.0463123	180	0	-0.00166551	275.762	0.00319591	1130.82	211.922	0	-1171.74	180	0	-0.00612235	115.198	0	-51.4259	244.802	0	-0.0322482	12625
THOR	0	1.67136	2.12794	0	-1.13102	3.10702e-07	-2.5013e-06	2.26093	-2.34312	-6.15181e-06	-0.0684816	0.0457113	180	0	-0.00166754	275.762	0.00315219	1130.47	211.922	0	-1171.56	180	0	-0.00607586	115.198	0	-50.7587	244.802	0	-0.0315955	12662
THOR	0	1.67136	2.12794	0	-1.13102	2.66316e-07	-2.50446e-06	2.26021	-2.34275	-6.10504e-06	-0.0676136	0.0451315	180	0	-0.00166964	275.762	0.00311008	1130.11	211.922	0	-1171.38	180	0	-0.00602967	115.197	0	-50.1151	244.803	0	-0.0309554	12705
THOR	0	1.67136	2.12794	0	-1.13102	2.66316e-07	-2.50446e-06	2.26021	-2.34275	-6.10504e-06	-0.0676136	0.0451315	180	0	-0.00166964	275.762	0.00311008	1130.11	211.922	0	-1171.38	180	0	-0.00602967	115.197	0	-50.1151	244.803	0	-0.0309554	12739
THOR	0	1.67137	2.12794	0	-1.13102	2.66316e-07	-2.50703e-06	2.2595	-2.34238	-6.05806e-06	-0.0667763	0.0445722	180	0	-0.00167136	275.762	0.00306945	1129.75	211.922	0	-1171.19	180	0	-0.00598327	115.197	0	-49.4943	244.803	0	-0.0303275	12778
THOR	0	1.67137	2.12794	0	-1.13103	2.2193e-07	-2.51021e-06	2.25881	-2.34208	-6.01274e-06	-0.0659074	0.0439918	180	0	-0.00167348	275.762	0.00302838	1129.4	211.922	0	-1171.04	180	0	-0.0059385	115.197	0	-48.85	244.803	0	-0.0297137	12819
THOR	0	1.67137	2.12793	0	-1.13103	1.77544e-07	-2.5136e-06	2.25812	-2.34177	-5.96792e-06	-0.065102	0.0434538	180	0	-0.00167573	275.763	0.00298787	1129.06	211.922	0	-1170.89	180	0	-0.00589424	115.197	0	-48.2528	244.803	0	-0.0291117	12858
THOR	0	1.67137	2.12793	0	-1.13103	2.66316e-07	-2.51366e-06	2.25809	-2.34171	-5.966e-06	-0.065039	0.0434117	180	0	-0.00167578	275.763	0.00298623	1129.05	211.922	0	-1170.85	180	0	-0.00589234	115.197	0	-48.2061	244.803	0	-0.0290878	12896
THOR	0	1.67137	2.12793	0	-1.13103	1.77544e-07	-2.51599e-06	2.25743	-2.3414	-5.92231e-06	-0.0642647	0.0428945	180	0	-0.00167733	275.763	0.00294821	1128.72	211.922	0	-1170.7	180	0	-0.00584919	115.197	0	-47.632	244.803	0	-0.0285222	12938
THOR	0	1.67138	2.12793	0	-1.13104	2.66316e-07	-2.5183e-06	2.25678	-2.34109	-5.87709e-06	-0.0634581	0.0423557	180	0	-0.00167887	275.763	0.00290984	1128.39	211.922	0	-1170.55	180	0	-0.00580453	115.196	0	-47.034	244.804	0	-0.027944	12976
THOR	0	1.67138	2.12793	0	-1.13104	3.10702e-07	-2.52058e-06	2.25612	-2.34079	-5.83224e-06	-0.0626518	0.0418172	180	0	-0.00168038	275.763	0.00287047	1128.06	211.921	0	-1170.39	180	0	-0.00576024	115.196	0	-46.4361	244.804	0	-0.0273779	13018
THOR	0	1.67138	2.12793	0	-1.13104	2.66316e-07	-2.52298e-06	2.25547	-2.34048	-5.78835e-06	-0.0618449	0.0412782	180	0	-0.00168199	275.763	0.00283272	1127.73	211.921	0	-1170.24	180	0	-0.00571688	115.196	0	-45.8378	244.804	0	-0.0268235	13060
THOR	0	1.67138	2.12793	0	-1.13104	2.66316e-07	-2.52298e-06	2.25547	-2.34048	-5.78835e-06	-0.0618449	0.0412782	180	0	-0.00168199	275.763	0.00283272	1127.73	211.921	0	-1170.24	180	0	-0.00571688	115.196	0	-45.8378	244.804	0	-0.0268235	13100
THOR	0	1.67138	2.12793	0	-1.13104	2.2193e-07	-2.52516e-06	2.25481	-2.34017	-5.74434e-06	-0.0610701	0.0407607	180	0	-0.00168344	275.763	0.00279455	1127.41	211.921	0	-1170.09	180	0	-0.00567342	115.196	0	-45.2634	244.804	0	-0.0262801	13141
THOR	0	1.67139	2.12793	0	-1.13105	2.66316e-07	-2.52757e-06	2.25419	-2.33986	-5.70092e-06	-0.0603249	0.0402629	180	0	-0.00168504	275.763	0.00275922	1127.09	211.921	0	-1169.93	180	0	-0.00563054	115.196	0	-44.7108	244.804	0	-0.0257463	13181
THOR	0	1.67139	2.12793	0	-1.13105	1.77544e-07	-2.52875e-06	2.25356	-2.33962	-5.65659e-06	-0.0595495	0.0397451	180	0	-0.00168583	275.764	0.00272192	1126.78	211.921	0	-1169.81	180	0	-0.00558676	115.196	0	-44.1359	244.804	0	-0.0252249	13218
THOR	0	1.67139	2.12793	0	-1.13105	2.66316e-07	-2.53124e-06	2.25294	-2.33931	-5.61434e-06	-0.0588059	0.0392485	180	0	-0.0016875	275.764	0.00268532	1126.47	211.921	0	-1169.66	180	0	-0.00554503	115.195	0	-43.5847	244.805	0	-0.0247147	13259
THOR	0	1.67139	2.12793	0	-1.13105	2.66316e-07	-2.53124e-06	2.25294	-2.33931	-5.61434e-06	-0.0588059	0.0392485	180	0	-0.0016875	275.764	0.00268532	1126.47	211.921	0	-1169.66	180	0	-0.00554503	115.195	0	-43.5847	244.805	0	-0.0247147	13290
THOR	0	1.67139	2.12792	0	-1.13106	2.2193e-07	-2.53305e-06	2.25234	-2.33907	-5.57163e-06	-0.0580608	0.0387508	180	0	-0.0016887	275.764	0.00265016	1126.17	211.921	0	-1169.53	180	0	-0.00550284	115.195	0	-43.0322	244.805	0	-0.0242136	13332
THOR	0	1.6714	2.12792	0	-1.13106	1.77544e-07	-2.53497e-06	2.25172	-2.33876	-5.52951e-06	-0.0573485	0.0382751	180	0	-0.00168998	275.764	0.00261444	1125.86	211.921	0	-1169.38	180	0	-0.00546125	115.195	0	-42.5041	244.805	0	-0.0237234	13366
THOR	0	1.6714	2.12792	0	-1.13106	2.2193e-07	-2.53695e-06	2.25113	-2.33851	-5.4877e-06	-0.0566354	0.0377988	180	0	-0.0016913	275.764	0.00257956	1125.56	211.921	0	-1169.26	180	0	-0.00541995	115.195	0	-41.9754	244.805	0	-0.0232425	13399
THOR	0	1.6714	2.12792	0	-1.13106	2.2193e-07	-2.53832e-06	2.25056	-2.33827	-5.446e-06	-0.0559215	0.037322	180	0	-0.00169221	275.764	0.00254572	1125.28	211.921	0	-1169.13	180	0	-0.00537877	115.195	0	-41.4461	244.805	0	-0.0227717	13437
THOR	0	1.6714	2.12792	0	-1.13106	2.2193e-07	-2.53832e-06	2.25056	-2.33827	-5.446e-06	-0.0559215	0.037322	180	0	-0.00169221	275.764	0.00254572	1125.28	211.921	0	-1169.13	180	0	-0.00537877	115.195	0	-41.4461	244.805	0	-0.0227717	13481
THOR	0	1.6714	2.12792	0	-1.13107	2.66316e-07	-2.53933e-06	2.24997	-2.33802	-5.40371e-06	-0.0552079	0.0368454	180	0	-0.00169288	275.764	0.00251144	1124.99	211.921	0	-1169.01	180	0	-0.00533699	115.195	0	-40.9171	244.805	0	-0.0223104	13517
THOR	0	1.6714	2.12792	0	-1.13107	2.2193e-07	-2.54137e-06	2.24941	-2.33778	-5.36354e-06	-0.0545258	0.0363899	180	0	-0.00169425	275.764	0.00247817	1124.7	211.921	0	-1168.89	180	0	-0.00529732	115.194	0	-40.4113	244.806	0	-0.0218586	13554
THOR	0	1.67141	2.12792	0	-1.13107	2.2193e-07	-2.5429e-06	2.24885	-2.33753	-5.32302e-06	-0.0538431	0.0359339	180	0	-0.00169527	275.765	0.0024458	1124.42	211.921	0	-1168.76	180	0	-0.00525731	115.194	0	-39.9052	244.806	0	-0.0214158	13596
THOR	0	1.67141	2.12792	0	-1.13108	2.2193e-07	-2.54416e-06	2.24828	-2.33728	-5.28215e-06	-0.0531607	0.0354782	180	0	-0.0016961	275.765	0.00241296	1124.14	211.921	0	-1168.64	180	0	-0.00521693	115.194	0	-39.3993	244.806	0	-0.0209818	13639
THOR	0	1.67141	2.12792	0	-1.13108	2.2193e-07	-2.54416e-06	2.24828	-2.33728	-5.28215e-06	-0.0531607	0.0354782	180	0	-0.0016961	275.765	0.00241296	1124.14	211.921	0	-1168.64	180	0	-0.00521693	115.194	0	-39.3993	244.806	0	-0.0209818	13677
THOR	0	1.67141	2.12792	0	-1.13108	2.66316e-07	-2.54505e-06	2.24772	-2.33704	-5.2416e-06	-0.0525092	0.0350431	180	0	-0.0016967	275.765	0.0023818	1123.86	211.921	0	-1168.52	180	0	-0.00517689	115.194	0	-38.9163	244.806	0	-0.0205564	13714
THOR	0	1.67141	2.12792	0	-1.13108	2.66316e-07	-2.54666e-06	2.24719	-2.33679	-5.2022e-06	-0.0518583	0.0346084	180	0	-0.00169777	275.765	0.00234972	1123.6	211.921	0	-1168.4	180	0	-0.00513797	115.194	0	-38.4337	244.806	0	-0.0201404	13752
THOR	0	1.67142	2.12791	0	-1.13108	2.2193e-07	-2.54788e-06	2.24666	-2.33654	-5.1624e-06	-0.051206	0.0341728	180	0	-0.00169859	275.765	0.00231898	1123.33	211.921	0	-1168.27	180	0	-0.00509866	115.194	0	-37.9501	244.806	0	-0.0197317	13792
THOR	0	1.67142	2.12791	0	-1.13108	2.2193e-07	-2.54788e-06	2.24666	-2.33654	-5.1624e-06	-0.051206	0.0341728	180	0	-0.00169859	275.765	0.00231898	1123.33	211.921	0	-1168.27	180	0	-0.00509866	115.194	0	-37.9501	244.806	0	-0.0197317	13834
THOR	0	1.67142	2.12791	0	-1.13109	2.2193e-07	-2.54875e-06	2.24613	-2.33636	-5.12305e-06	-0.0505868	0.0337594	180	0	-0.00169917	275.765	0.00228766	1123.06	211.92	0	-1168.18	180	0	-0.0050598	115.194	0	-37.4911	244.806	0	-0.0193325	13875
THOR	0	1.67142	2.12791	0	-1.13109	2.2193e-07	-2.54908e-06	2.24563	-2.33611	-5.08301e-06	-0.0499662	0.0333449	180	0	-0.00169938	275.765	0.00225778	1122.81	211.92	0	-1168.06	180	0	-0.00502025	115.193	0	-37.0309	244.807	0	-0.0189402	13914
THOR	0	1.67142	2.12791	0	-1.13109	1.77544e-07	-2.5507e-06	2.2451	-2.33593	-5.04527e-06	-0.0493465	0.0329311	180	0	-0.00170047	275.765	0.00222699	1122.55	211.92	0	-1167.97	180	0	-0.00498299	115.193	0	-36.5716	244.807	0	-0.018557	13954
THOR	0	1.67142	2.12791	0	-1.13109	1.77544e-07	-2.552e-06	2.2446	-2.33575	-5.00744e-06	-0.0487253	0.0325163	180	0	-0.00170133	275.766	0.00219766	1122.3	211.92	0	-1167.87	180	0	-0.00494562	115.193	0	-36.111	244.807	0	-0.018181	13990
THOR	0	1.67142	2.12791	0	-1.13109	1.77544e-07	-2.552e-06	2.2446	-2.33575	-5.00744e-06	-0.0487253	0.0325163	180	0	-0.00170133	275.766	0.00219766	1122.3	211.92	0	-1167.87	180	0	-0.00494562	115.193	0	-36.111	244.807	0	-0.018181	14027
THOR	0	1.67142	2.12791	0	-1.13109	2.2193e-07	-2.55284e-06	2.2441	-2.3355	-4.96863e-06	-0.0481364	0.032123	180	0	-0.00170189	275.766	0.00216954	1122.05	211.92	0	-1167.75	180	0	-0.00490729	115.193	0	-35.6744	244.807	0	-0.0178124	14069
THOR	0	1.67143	2.12791	0	-1.1311	1.77544e-07	-2.55375e-06	2.2436	-2.33532	-4.93098e-06	-0.0475471	0.0317295	180	0	-0.0017025	275.766	0.00214012	1121.8	211.92	0	-1167.66	180	0	-0.0048701	115.193	0	-35.2375	244.807	0	-0.0174511	14104
THOR	0	1.67143	2.12791	0	-1.1311	1.33158e-07	-2.55429e-06	2.24313	-2.33513	-4.89316e-06	-0.0469573	0.0313357	180	0	-0.00170286	275.766	0.00211224	1121.57	211.92	0	-1167.57	180	0	-0.00483275	115.193	0	-34.8003	244.807	0	-0.0170974	14146
THOR	0	1.67143	2.12791	0	-1.1311	1.77544e-07	-2.55594e-06	2.24263	-2.33495	-4.85692e-06	-0.0463681	0.0309422	180	0	-0.00170396	275.766	0.00208388	1121.32	211.92	0	-1167.47	180	0	-0.00479696	115.193	0	-34.3635	244.807	0	-0.0167516	14186
THOR	0	1.67143	2.12791	0	-1.1311	1.77544e-07	-2.55594e-06	2.24263	-2.33495	-4.85692e-06	-0.0463681	0.0309422	180	0	-0.00170396	275.766	0.00208388	1121.32	211.92	0	-1167.47	180	0	-0.00479696	115.193	0	-34.3635	244.807	0	-0.0167516	14227
THOR	0	1.67143	2.12791	0	-1.1311	1.77544e-07	-2.55595e-06	2.24216	-2.33476	-4.81888e-06	-0.0458102	0.0305697	180	0	-0.00170397	275.766	0.00205583	1121.08	211.92	0	-1167.38	180	0	-0.00475939	115.193	0	-33.9499	244.807	0	-0.0164118	14266
THOR	0	1.67143	2.12791	0	-1.13111	1.77544e-07	-2.5563e-06	2.24169	-2.33458	-4.78159e-06	-0.045252	0.0301969	180	0	-0.0017042	275.766	0.00202877	1120.85	211.92	0	-1167.29	180	0	-0.00472256	115.192	0	-33.536	244.808	0	-0.0160793	14303
THOR	0	1.67144	2.12791	0	-1.13111	1.77544e-07	-2.55749e-06	2.24123	-2.3344	-4.74602e-06	-0.0446937	0.0298241	180	0	-0.00170499	275.766	0.00200139	1120.61	211.92	0	-1167.2	180	0	-0.00468743	115.192	0	-33.1222	244.808	0	-0.0157539	14346
THOR	0	1.67144	2.12791	0	-1.13111	1.77544e-07	-2.55603e-06	2.24097	-2.33425	-4.72426e-06	-0.0443757	0.0296118	180	0	-0.00170402	275.766	0.00199017	1120.48	211.92	0	-1167.12	180	0	-0.00466594	115.192	0	-32.8865	244.808	0	-0.0155783	14372
THOR	0	1.67144	2.12791	0	-1.13111	1.77544e-07	-2.55818e-06	2.24079	-2.33421	-4.70916e-06	-0.0441345	0.0294508	180	0	-0.00170546	275.766	0.00197562	1120.39	211.92	0	-1167.11	180	0	-0.00465102	115.192	0	-32.7076	244.808	0	-0.0154343	14409
THOR	0	1.67144	2.1279	0	-1.13111	1.77544e-07	-2.55925e-06	2.24035	-2.33403	-4.6746e-06	-0.0436072	0.0290987	180	0	-0.00170617	275.766	0.00194926	1120.18	211.92	0	-1167.01	180	0	-0.00461688	115.192	0	-32.3168	244.808	0	-0.0151214	14451
THOR	0	1.67144	2.1279	0	-1.13111	1.33158e-07	-2.55974e-06	2.23988	-2.33384	-4.63852e-06	-0.0430806	0.0287471	180	0	-0.0017065	275.767	0.00192306	1119.94	211.92	0	-1166.92	180	0	-0.00458125	115.192	0	-31.9264	244.808	0	-0.0148153	14487
THOR	0	1.67144	2.1279	0	-1.13112	8.8772e-08	-2.55961e-06	2.23944	-2.33372	-4.60226e-06	-0.0425533	0.028395	180	0	-0.00170641	275.767	0.00189758	1119.72	211.92	0	-1166.86	180	0	-0.00454544	115.192	0	-31.5355	244.808	0	-0.014515	14529
THOR	0	1.67144	2.1279	0	-1.13112	1.33158e-07	-2.56054e-06	2.23904	-2.33354	-4.56781e-06	-0.0420256	0.0280427	180	0	-0.00170703	275.767	0.0018726	1119.52	211.92	0	-1166.77	180	0	-0.00451141	115.192	0	-31.1443	244.808	0	-0.0142212	14571
THOR	0	1.67144	2.1279	0	-1.13112	1.33158e-07	-2.56054e-06	2.23904	-2.33354	-4.56781e-06	-0.0420256	0.0280427	180	0	-0.00170703	275.767	0.0018726	1119.52	211.92	0	-1166.77	180	0	-0.00451141	115.192	0	-31.1443	244.808	0	-0.0142212	14606
THOR	0	1.67145	2.1279	0	-1.13112	1.77544e-07	-2.56113e-06	2.2386	-2.33341	-4.53316e-06	-0.0415295	0.0277114	180	0	-0.00170742	275.767	0.00184764	1119.3	211.92	0	-1166.71	180	0	-0.0044772	115.192	0	-30.7765	244.808	0	-0.0139328	14645
THOR	0	1.67145	2.1279	0	-1.13112	1.33158e-07	-2.5611e-06	2.2382	-2.33323	-4.49767e-06	-0.0410015	0.0273589	180	0	-0.0017074	275.767	0.00182308	1119.1	211.92	0	-1166.61	180	0	-0.00444214	115.191	0	-30.3851	244.809	0	-0.0136504	14686
THOR	0	1.67145	2.1279	0	-1.13112	1.33158e-07	-2.56153e-06	2.23776	-2.33311	-4.46322e-06	-0.0405052	0.0270275	180	0	-0.00170768	275.767	0.00179862	1118.88	211.92	0	-1166.55	180	0	-0.00440812	115.191	0	-30.0172	244.809	0	-0.013374	14732
THOR	0	1.67145	2.1279	0	-1.13112	1.33158e-07	-2.56153e-06	2.23776	-2.33311	-4.46322e-06	-0.0405052	0.0270275	180	0	-0.00170768	275.767	0.00179862	1118.88	211.92	0	-1166.55	180	0	-0.00440812	115.191	0	-30.0172	244.809	0	-0.013374	14770
THOR	0	1.67145	2.1279	0	-1.13113	1.33158e-07	-2.5623e-06	2.23735	-2.33292	-4.42952e-06	-0.0400407	0.0267174	180	0	-0.0017082	275.767	0.00177504	1118.68	211.92	0	-1166.46	180	0	-0.00437483	115.191	0	-29.6729	244.809	0	-0.013103	14809
THOR	0	1.67145	2.1279	0	-1.13113	2.2193e-07	-2.56236e-06	2.23695	-2.3328	-4.39517e-06	-0.0395437	0.0263856	180	0	-0.00170824	275.767	0.00175159	1118.47	211.92	0	-1166.4	180	0	-0.00434091	115.191	0	-29.3045	244.809	0	-0.0128374	14843
THOR	0	1.67145	2.1279	0	-1.13113	8.8772e-08	-2.56237e-06	2.23657	-2.33261	-4.36111e-06	-0.0390785	0.026075	180	0	-0.00170825	275.767	0.00172882	1118.29	211.92	0	-1166.31	180	0	-0.00430727	115.191	0	-28.9596	244.809	0	-0.0125771	14880
THOR	0	1.67145	2.1279	0	-1.13113	2.2193e-07	-2.56108e-06	2.23635	-2.33252	-4.34201e-06	-0.0388106	0.0258961	180	0	-0.00170739	275.767	0.00171895	1118.17	211.92	0	-1166.26	180	0	-0.00428841	115.191	0	-28.761	244.809	0	-0.0124393	14921
THOR	0	1.67146	2.1279	0	-1.13113	1.77544e-07	-2.56319e-06	2.23617	-2.33249	-4.3279e-06	-0.0386135	0.0257645	180	0	-0.00170879	275.767	0.00170581	1118.08	211.92	0	-1166.25	180	0	-0.00427446	115.191	0	-28.6149	244.809	0	-0.0123223	14965
THOR	0	1.67146	2.1279	0	-1.13113	1.33158e-07	-2.56306e-06	2.23579	-2.33237	-4.29431e-06	-0.0381485	0.0254541	180	0	-0.00170871	275.767	0.0016828	1117.9	211.92	0	-1166.18	180	0	-0.00424129	115.191	0	-28.2702	244.809	0	-0.0120727	15007
THOR	0	1.67146	2.1279	0	-1.13113	1.33158e-07	-2.56319e-06	2.23539	-2.33225	-4.26136e-06	-0.037683	0.0251433	180	0	-0.00170879	275.768	0.0016601	1117.69	211.92	0	-1166.12	180	0	-0.00420875	115.191	0	-27.9252	244.809	0	-0.0118282	15040
THOR	0	1.67146	2.1279	0	-1.13114	1.77544e-07	-2.56409e-06	2.23501	-2.33212	-4.22952e-06	-0.0372172	0.0248323	180	0	-0.00170939	275.768	0.00163816	1117.51	211.92	0	-1166.06	180	0	-0.0041773	115.191	0	-27.5799	244.809	0	-0.0115887	15085
THOR	0	1.67146	2.1279	0	-1.13114	2.2193e-07	-2.56495e-06	2.23464	-2.33194	-4.19793e-06	-0.0367825	0.0245421	180	0	-0.00170997	275.768	0.00161734	1117.32	211.919	0	-1165.97	180	0	-0.0041461	115.191	0	-27.2576	244.809	0	-0.0113535	15122
THOR	0	1.67146	2.1279	0	-1.13114	2.2193e-07	-2.56495e-06	2.23464	-2.33194	-4.19793e-06	-0.0367825	0.0245421	180	0	-0.00170997	275.768	0.00161734	1117.32	211.919	0	-1165.97	180	0	-0.0041461	115.191	0	-27.2576	244.809	0	-0.0113535	15161
THOR	0	1.67146	2.1279	0	-1.13114	1.33158e-07	-2.56428e-06	2.23429	-2.33181	-4.16471e-06	-0.0363489	0.0242526	180	0	-0.00170952	275.768	0.00159536	1117.15	211.919	0	-1165.91	180	0	-0.00411329	115.19	0	-26.9362	244.81	0	-0.0111236	15192
THOR	0	1.67146	2.1279	0	-1.13114	1.77544e-07	-2.56376e-06	2.23392	-2.33169	-4.1316e-06	-0.0359144	0.0239625	180	0	-0.00170917	275.768	0.00157461	1116.96	211.919	0	-1165.85	180	0	-0.00408059	115.19	0	-26.6141	244.81	0	-0.010898	15228
THOR	0	1.67147	2.1279	0	-1.13114	8.8772e-08	-2.56569e-06	2.23357	-2.33157	-4.1024e-06	-0.0354796	0.0236723	180	0	-0.00171046	275.768	0.00155368	1116.79	211.919	0	-1165.78	180	0	-0.00405175	115.19	0	-26.2919	244.81	0	-0.0106774	15267
THOR	0	1.67147	2.12789	0	-1.13114	1.33158e-07	-2.56541e-06	2.2332	-2.33144	-4.07031e-06	-0.0350451	0.0233822	180	0	-0.00171027	275.768	0.00153271	1116.6	211.919	0	-1165.72	180	0	-0.00402006	115.19	0	-25.9698	244.81	0	-0.0104612	15308
THOR	0	1.67147	2.12789	0	-1.13114	1.33158e-07	-2.56541e-06	2.2332	-2.33144	-4.07031e-06	-0.0350451	0.0233822	180	0	-0.00171027	275.768	0.00153271	1116.6	211.919	0	-1165.72	180	0	-0.00402006	115.19	0	-25.9698	244.81	0	-0.0104612	15345
THOR	0	1.67147	2.12789	0	-1.13115	8.8772e-08	-2.56543e-06	2.23285	-2.33139	-4.03876e-06	-0.0346422	0.0231132	180	0	-0.00171029	275.768	0.00151255	1116.43	211.919	0	-1165.69	180	0	-0.0039889	115.19	0	-25.6711	244.81	0	-0.010249	15386
THOR	0	1.67147	2.12789	0	-1.13115	1.77544e-07	-2.56512e-06	2.23251	-2.33126	-4.00679e-06	-0.0342396	0.0228445	180	0	-0.00171008	275.768	0.00149201	1116.26	211.919	0	-1165.63	180	0	-0.00395733	115.19	0	-25.3727	244.81	0	-0.0100414	15424
THOR	0	1.67147	2.12789	0	-1.13115	1.77544e-07	-2.56536e-06	2.23217	-2.33114	-3.97619e-06	-0.0338364	0.0225753	180	0	-0.00171024	275.768	0.00147243	1116.08	211.919	0	-1165.57	180	0	-0.0039271	115.19	0	-25.0738	244.81	0	-0.00983804	15469
THOR	0	1.67147	2.12789	0	-1.13115	1.77544e-07	-2.56536e-06	2.23217	-2.33114	-3.97619e-06	-0.0338364	0.0225753	180	0	-0.00171024	275.768	0.00147243	1116.08	211.919	0	-1165.57	180	0	-0.0039271	115.19	0	-25.0738	244.81	0	-0.00983804	15504
THOR	0	1.67147	2.12789	0	-1.13115	1.33158e-07	-2.56589e-06	2.23186	-2.33102	-3.94627e-06	-0.0334326	0.0223057	180	0	-0.0017106	275.768	0.00145297	1115.93	211.919	0	-1165.51	180	0	-0.00389755	115.19	0	-24.7745	244.81	0	-0.00963889	15543
THOR	0	1.67147	2.12789	0	-1.13115	2.2193e-07	-2.5658e-06	2.23151	-2.33089	-3.91572e-06	-0.0330291	0.0220364	180	0	-0.00171054	275.768	0.00143393	1115.76	211.919	0	-1165.45	180	0	-0.00386738	115.19	0	-24.4754	244.81	0	-0.0094435	15585
THOR	0	1.67147	2.12789	0	-1.13115	1.77544e-07	-2.5659e-06	2.2312	-2.33083	-3.88519e-06	-0.0326573	0.0217882	180	0	-0.0017106	275.768	0.00141519	1115.6	211.919	0	-1165.42	180	0	-0.00383722	115.19	0	-24.1999	244.81	0	-0.00925193	15623
THOR	0	1.67148	2.12789	0	-1.13116	1.33158e-07	-2.56605e-06	2.23086	-2.33071	-3.85563e-06	-0.0322535	0.0215186	180	0	-0.0017107	275.768	0.00139629	1115.43	211.919	0	-1165.35	180	0	-0.00380803	115.19	0	-23.9005	244.81	0	-0.00906462	15662
THOR	0	1.67148	2.12789	0	-1.13116	1.33158e-07	-2.56605e-06	2.23064	-2.33065	-3.83205e-06	-0.0319621	0.0213241	180	0	-0.0017107	275.769	0.0013816	1115.32	211.919	0	-1165.32	180	0	-0.00378474	115.189	0	-23.6846	244.81	0	-0.00893329	15703
THOR	0	1.67148	2.12789	0	-1.13116	1.77544e-07	-2.56639e-06	2.23054	-2.33059	-3.82621e-06	-0.0318814	0.0212702	180	0	-0.00171093	275.769	0.00137782	1115.27	211.919	0	-1165.29	180	0	-0.00377898	115.189	0	-23.6247	244.811	0	-0.00888104	15743
THOR	0	1.67148	2.12789	0	-1.13116	2.2193e-07	-2.56666e-06	2.23023	-2.33053	-3.79703e-06	-0.0315087	0.0210215	180	0	-0.00171111	275.769	0.00135942	1115.12	211.919	0	-1165.26	180	0	-0.00375016	115.189	0	-23.3485	244.811	0	-0.008701	15782
THOR	0	1.67148	2.12789	0	-1.13116	1.77544e-07	-2.5664e-06	2.22992	-2.3304	-3.76743e-06	-0.0311367	0.0207731	180	0	-0.00171093	275.769	0.00134124	1114.96	211.919	0	-1165.2	180	0	-0.00372092	115.189	0	-23.0727	244.811	0	-0.00852485	15821
THOR	0	1.67148	2.12789	0	-1.13116	1.33158e-07	-2.56643e-06	2.22964	-2.33034	-3.73821e-06	-0.0307958	0.0205456	180	0	-0.00171095	275.769	0.0013233	1114.82	211.919	0	-1165.17	180	0	-0.00369206	115.189	0	-22.8201	244.811	0	-0.00835187	15863
THOR	0	1.67148	2.12789	0	-1.13116	1.77544e-07	-2.56668e-06	2.22933	-2.33022	-3.70985e-06	-0.0304233	0.0202969	180	0	-0.00171112	275.769	0.00130613	1114.66	211.919	0	-1165.11	180	0	-0.00366405	115.189	0	-22.5439	244.811	0	-0.00818296	15900
THOR	0	1.67148	2.12789	0	-1.13116	1.77544e-07	-2.56668e-06	2.22933	-2.33022	-3.70985e-06	-0.0304233	0.0202969	180	0	-0.00171112	275.769	0.00130613	1114.66	211.919	0	-1165.11	180	0	-0.00366405	115.189	0	-22.5439	244.811	0	-0.00818296	15936
THOR	0	1.67148	2.12789	0	-1.13116	1.77544e-07	-2.56631e-06	2.22901	-2.33016	-3.68035e-06	-0.0300825	0.0200694	180	0	-0.00171088	275.769	0.00128838	1114.51	211.919	0	-1165.08	180	0	-0.00363491	115.189	0	-22.2913	244.811	0	-0.00801697	15976
THOR	0	1.67148	2.12789	0	-1.13117	1.77544e-07	-2.56609e-06	2.22873	-2.33003	-3.6517e-06	-0.0297415	0.0198418	180	0	-0.00171073	275.769	0.00127142	1114.37	211.919	0	-1165.02	180	0	-0.00360661	115.189	0	-22.0386	244.811	0	-0.00785446	16014
THOR	0	1.67149	2.12789	0	-1.13117	1.77544e-07	-2.56675e-06	2.22845	-2.32997	-3.62447e-06	-0.0294002	0.019614	180	0	-0.00171116	275.769	0.00125442	1114.23	211.919	0	-1164.99	180	0	-0.00357973	115.189	0	-21.7856	244.811	0	-0.0076955	16057
THOR	0	1.67149	2.12789	0	-1.13117	1.77544e-07	-2.56675e-06	2.22845	-2.32997	-3.62447e-06	-0.0294002	0.019614	180	0	-0.00171116	275.769	0.00125442	1114.23	211.919	0	-1164.99	180	0	-0.00357973	115.189	0	-21.7856	244.811	0	-0.0076955	16093
THOR	0	1.67149	2.12789	0	-1.13117	1.77544e-07	-2.56697e-06	2.22817	-2.32985	-3.59687e-06	-0.029059	0.0193862	180	0	-0.00171131	275.769	0.00123803	1114.09	211.919	0	-1164.92	180	0	-0.00355246	115.189	0	-21.5327	244.811	0	-0.00753966	16134
THOR	0	1.67149	2.12789	0	-1.13117	1.33158e-07	-2.56708e-06	2.22789	-2.32979	-3.56923e-06	-0.028717	0.019158	180	0	-0.00171138	275.769	0.00122169	1113.94	211.919	0	-1164.89	180	0	-0.00352517	115.189	0	-21.2793	244.811	0	-0.00738686	16172
THOR	0	1.67149	2.12789	0	-1.13117	1.33158e-07	-2.56643e-06	2.22761	-2.32973	-3.54058e-06	-0.0283754	0.0189299	180	0	-0.00171095	275.769	0.00120581	1113.8	211.919	0	-1164.86	180	0	-0.00349687	115.189	0	-21.026	244.811	0	-0.007237	16216
THOR	0	1.67149	2.12789	0	-1.13117	1.77544e-07	-2.56718e-06	2.22733	-2.3296	-3.51382e-06	-0.0280662	0.0187235	180	0	-0.00171146	275.769	0.00118947	1113.66	211.919	0	-1164.8	180	0	-0.00347044	115.189	0	-20.7969	244.811	0	-0.00708831	16255
THOR	0	1.67149	2.12789	0	-1.13117	1.77544e-07	-2.56721e-06	2.22733	-2.3296	-3.51432e-06	-0.028066	0.0187234	180	0	-0.00171147	275.769	0.00118947	1113.66	211.919	0	-1164.8	180	0	-0.00347094	115.189	0	-20.7967	244.811	0	-0.00709062	16282
THOR	0	1.67149	2.12789	0	-1.13117	1.33158e-07	-2.56728e-06	2.22705	-2.32954	-3.48742e-06	-0.0277558	0.0185164	180	0	-0.00171152	275.769	0.00117388	1113.52	211.919	0	-1164.77	180	0	-0.00344437	115.189	0	-20.5668	244.811	0	-0.00694688	16321
THOR	0	1.67149	2.12789	0	-1.13117	1.33158e-07	-2.56731e-06	2.2268	-2.32948	-3.46048e-06	-0.0274138	0.0182881	180	0	-0.00171154	275.769	0.00115831	1113.4	211.919	0	-1164.74	180	0	-0.00341775	115.188	0	-20.3133	244.811	0	-0.00680631	16359
THOR	0	1.67149	2.12789	0	-1.13118	1.77544e-07	-2.56707e-06	2.22652	-2.32935	-3.43316e-06	-0.0271034	0.0180809	180	0	-0.00171138	275.769	0.00114249	1113.26	211.919	0	-1164.68	180	0	-0.00339078	115.188	0	-20.0832	244.812	0	-0.00666827	16401
THOR	0	1.67149	2.12789	0	-1.13118	1.77544e-07	-2.56707e-06	2.22652	-2.32935	-3.43316e-06	-0.0271034	0.0180809	180	0	-0.00171138	275.769	0.00114249	1113.26	211.919	0	-1164.68	180	0	-0.00339078	115.188	0	-20.0832	244.812	0	-0.00666827	16438
THOR	0	1.67149	2.12789	0	-1.13118	2.2193e-07	-2.56709e-06	2.22627	-2.3293	-3.40661e-06	-0.0267931	0.0178738	180	0	-0.00171139	275.77	0.00112789	1113.13	211.919	0	-1164.65	180	0	-0.00336455	115.188	0	-19.8533	244.812	0	-0.006533	16483
THOR	0	1.67149	2.12789	0	-1.13118	2.2193e-07	-2.5663e-06	2.22602	-2.32923	-3.37921e-06	-0.0265148	0.0176881	180	0	-0.00171087	275.77	0.00111311	1113.01	211.919	0	-1164.62	180	0	-0.00333749	115.188	0	-19.647	244.812	0	-0.00640052	16516
THOR	0	1.6715	2.12789	0	-1.13118	1.77544e-07	-2.56716e-06	2.22577	-2.32917	-3.35449e-06	-0.0262044	0.0174809	180	0	-0.00171144	275.77	0.0010982	1112.88	211.919	0	-1164.59	180	0	-0.00331308	115.188	0	-19.417	244.812	0	-0.00627122	16561
THOR	0	1.6715	2.12789	0	-1.13118	1.33158e-07	-2.56769e-06	2.22552	-2.32911	-3.32919e-06	-0.0258933	0.0172733	180	0	-0.00171179	275.77	0.00108381	1112.76	211.919	0	-1164.56	180	0	-0.00328808	115.188	0	-19.1864	244.812	0	-0.00614413	16598
THOR	0	1.6715	2.12789	0	-1.13118	1.33158e-07	-2.56769e-06	2.22552	-2.32911	-3.32919e-06	-0.0258933	0.0172733	180	0	-0.00171179	275.77	0.00108381	1112.76	211.919	0	-1164.56	180	0	-0.00328808	115.188	0	-19.1864	244.812	0	-0.00614413	16637
THOR	0	1.6715	2.12789	0	-1.13118	1.33158e-07	-2.56773e-06	2.22527	-2.32905	-3.30366e-06	-0.0256148	0.0170874	180	0	-0.00171182	275.77	0.00106936	1112.63	211.919	0	-1164.53	180	0	-0.00326287	115.188	0	-18.9799	244.812	0	-0.0060197	16675
THOR	0	1.6715	2.12789	0	-1.13118	1.33158e-07	-2.56648e-06	2.22502	-2.32899	-3.27607e-06	-0.0253355	0.0169009	180	0	-0.00171098	275.77	0.00105471	1112.51	211.919	0	-1164.49	180	0	-0.00323562	115.188	0	-18.7729	244.812	0	-0.0058975	16716
THOR	0	1.6715	2.12788	0	-1.13118	1.33158e-07	-2.56711e-06	2.2248	-2.32886	-3.25165e-06	-0.0250565	0.0167148	180	0	-0.0017114	275.77	0.00104074	1112.4	211.919	0	-1164.43	180	0	-0.00321151	115.188	0	-18.5662	244.812	0	-0.00577807	16757
THOR	0	1.6715	2.12788	0	-1.13118	1.33158e-07	-2.56746e-06	2.22455	-2.3288	-3.22714e-06	-0.0247775	0.0165285	180	0	-0.00171164	275.77	0.00102725	1112.27	211.919	0	-1164.4	180	0	-0.0031873	115.188	0	-18.3594	244.812	0	-0.00566125	16793
THOR	0	1.6715	2.12788	0	-1.13118	1.33158e-07	-2.56746e-06	2.22455	-2.3288	-3.22714e-06	-0.0247775	0.0165285	180	0	-0.00171164	275.77	0.00102725	1112.27	211.919	0	-1164.4	180	0	-0.0031873	115.188	0	-18.3594	244.812	0	-0.00566125	16830
THOR	0	1.6715	2.12788	0	-1.13119	1.33158e-07	-2.56552e-06	2.22433	-2.32874	-3.20043e-06	-0.0244977	0.0163418	180	0	-0.00171034	275.77	0.00101405	1112.16	211.919	0	-1164.37	180	0	-0.00316092	115.188	0	-18.152	244.812	0	-0.0055463	16865
THOR	0	1.6715	2.12788	0	-1.13119	1.33158e-07	-2.56702e-06	2.22408	-2.32868	-3.1761e-06	-0.0242188	0.0161556	180	0	-0.00171135	275.77	0.00100006	1112.04	211.919	0	-1164.34	180	0	-0.00313689	115.188	0	-17.9453	244.812	0	-0.00543395	16897
THOR	0	1.6715	2.12788	0	-1.13119	1.33158e-07	-2.5667e-06	2.22386	-2.32862	-3.15165e-06	-0.0239384	0.0159685	180	0	-0.00171113	275.77	0.000986637	1111.93	211.919	0	-1164.31	180	0	-0.00311274	115.188	0	-17.7375	244.812	0	-0.00532355	16942
THOR	0	1.6715	2.12788	0	-1.13119	8.8772e-08	-2.56708e-06	2.22364	-2.32856	-3.12777e-06	-0.0236912	0.0158035	180	0	-0.00171139	275.77	0.000973421	1111.82	211.919	0	-1164.28	180	0	-0.00308915	115.188	0	-17.5543	244.812	0	-0.00521607	16974
THOR	0	1.6715	2.12788	0	-1.13119	8.8772e-08	-2.56708e-06	2.22364	-2.32856	-3.12777e-06	-0.0236912	0.0158035	180	0	-0.00171139	275.77	0.000973421	1111.82	211.919	0	-1164.28	180	0	-0.00308915	115.188	0	-17.5543	244.812	0	-0.00521607	17012
THOR	0	1.6715	2.12788	0	-1.13119	8.8772e-08	-2.56718e-06	2.22342	-2.32856	-3.10387e-06	-0.0234115	0.0156169	180	0	-0.00171146	275.77	0.000960446	1111.71	211.919	0	-1164.28	180	0	-0.00306555	115.188	0	-17.347	244.812	0	-0.00511047	17048
THOR	0	1.6715	2.12788	0	-1.13119	1.77544e-07	-2.567e-06	2.22321	-2.3285	-3.0792e-06	-0.0231637	0.0154515	180	0	-0.00171134	275.77	0.00094775	1111.6	211.919	0	-1164.25	180	0	-0.00304118	115.188	0	-17.1633	244.812	0	-0.00500681	17091
THOR	0	1.67151	2.12788	0	-1.13119	2.2193e-07	-2.56616e-06	2.22299	-2.32844	-3.05423e-06	-0.0229154	0.0152858	180	0	-0.00171077	275.77	0.000935403	1111.49	211.919	0	-1164.22	180	0	-0.00301653	115.187	0	-16.9793	244.812	0	-0.00490517	17129
THOR	0	1.67151	2.12788	0	-1.13119	2.2193e-07	-2.56616e-06	2.22299	-2.32844	-3.05423e-06	-0.0229154	0.0152858	180	0	-0.00171077	275.77	0.000935403	1111.49	211.919	0	-1164.22	180	0	-0.00301653	115.187	0	-16.9793	244.812	0	-0.00490517	17172
THOR	0	1.67151	2.12788	0	-1.13119	1.77544e-07	-2.56728e-06	2.22277	-2.32837	-3.0322e-06	-0.022667	0.01512	180	0	-0.00171152	275.77	0.000923369	1111.38	211.919	0	-1164.19	180	0	-0.00299477	115.187	0	-16.7952	244.813	0	-0.00480598	17212
THOR	0	1.67151	2.12788	0	-1.13119	1.33158e-07	-2.56649e-06	2.22255	-2.32831	-3.00752e-06	-0.0224192	0.0149546	180	0	-0.00171099	275.77	0.000911163	1111.27	211.919	0	-1164.16	180	0	-0.00297039	115.187	0	-16.6115	244.813	0	-0.00470854	17253
THOR	0	1.67151	2.12788	0	-1.13119	8.8772e-08	-2.56659e-06	2.22236	-2.32825	-2.98434e-06	-0.0221709	0.0147889	180	0	-0.00171106	275.77	0.000898857	1111.18	211.919	0	-1164.13	180	0	-0.00294749	115.187	0	-16.4275	244.813	0	-0.00461321	17294
THOR	0	1.67151	2.12788	0	-1.1312	1.33158e-07	-2.56689e-06	2.22214	-2.32819	-2.96163e-06	-0.0219223	0.014623	180	0	-0.00171126	275.77	0.000887036	1111.07	211.919	0	-1164.09	180	0	-0.00292506	115.187	0	-16.2433	244.813	0	-0.0045198	17332
THOR	0	1.67151	2.12788	0	-1.1312	1.33158e-07	-2.56689e-06	2.22214	-2.32819	-2.96163e-06	-0.0219223	0.014623	180	0	-0.00171126	275.77	0.000887036	1111.07	211.919	0	-1164.09	180	0	-0.00292506	115.187	0	-16.2433	244.813	0	-0.0045198	17370
THOR	0	1.67151	2.12788	0	-1.1312	1.77544e-07	-2.56647e-06	2.22196	-2.32813	-2.93777e-06	-0.0217057	0.0144784	180	0	-0.00171098	275.77	0.000875249	1110.98	211.919	0	-1164.06	180	0	-0.0029015	115.187	0	-16.0827	244.813	0	-0.00442807	17411
THOR	0	1.67151	2.12788	0	-1.1312	1.33158e-07	-2.56634e-06	2.22174	-2.32813	-2.91573e-06	-0.021457	0.0143125	180	0	-0.0017109	275.771	0.000863612	1110.87	211.919	0	-1164.06	180	0	-0.00287973	115.187	0	-15.8984	244.813	0	-0.0043384	17449
THOR	0	1.67151	2.12788	0	-1.1312	1.33158e-07	-2.5668e-06	2.22155	-2.32807	-2.89286e-06	-0.0212404	0.0141679	180	0	-0.0017112	275.771	0.000851773	1110.77	211.919	0	-1164.03	180	0	-0.00285715	115.187	0	-15.7379	244.813	0	-0.00425053	17488
THOR	0	1.67151	2.12788	0	-1.1312	1.77544e-07	-2.56688e-06	2.22136	-2.32801	-2.87076e-06	-0.0209915	0.0140018	180	0	-0.00171126	275.771	0.000841229	1110.68	211.919	0	-1164	180	0	-0.00283532	115.187	0	-15.5534	244.813	0	-0.00416448	17526
THOR	0	1.67151	2.12788	0	-1.1312	1.77544e-07	-2.56688e-06	2.22136	-2.32801	-2.87076e-06	-0.0209915	0.0140018	180	0	-0.00171126	275.771	0.000841229	1110.68	211.919	0	-1164	180	0	-0.00283532	115.187	0	-15.5534	244.813	0	-0.00416448	17566
THOR	0	1.67151	2.12788	0	-1.1312	1.33158e-07	-2.56597e-06	2.22117	-2.32794	-2.84685e-06	-0.0207747	0.0138571	180	0	-0.00171065	275.771	0.000830041	1110.59	211.919	0	-1163.97	180	0	-0.0028117	115.187	0	-15.3927	244.813	0	-0.00407986	17609
THOR	0	1.67151	2.12788	0	-1.1312	2.2193e-07	-2.56655e-06	2.22099	-2.32795	-2.82568e-06	-0.0205573	0.0137121	180	0	-0.00171103	275.771	0.000818616	1110.49	211.919	0	-1163.97	180	0	-0.0027908	115.187	0	-15.2317	244.813	0	-0.00399737	17642
THOR	0	1.67151	2.12788	0	-1.1312	1.33158e-07	-2.5661e-06	2.2208	-2.32788	-2.80308e-06	-0.0203404	0.0135673	180	0	-0.00171073	275.771	0.000807683	1110.4	211.919	0	-1163.94	180	0	-0.00276847	115.187	0	-15.0708	244.813	0	-0.00391637	17686
THOR	0	1.67151	2.12788	0	-1.1312	1.33158e-07	-2.56632e-06	2.22061	-2.32782	-2.78144e-06	-0.0201227	0.013422	180	0	-0.00171088	275.771	0.000797213	1110.31	211.919	0	-1163.91	180	0	-0.0027471	115.187	0	-14.9095	244.813	0	-0.00383694	17724
THOR	0	1.67151	2.12788	0	-1.1312	1.33158e-07	-2.56632e-06	2.22061	-2.32782	-2.78144e-06	-0.0201227	0.013422	180	0	-0.00171088	275.771	0.000797213	1110.31	211.919	0	-1163.91	180	0	-0.0027471	115.187	0	-14.9095	244.813	0	-0.00383694	17757
THOR	0	1.67152	2.12788	0	-1.1312	1.77544e-07	-2.56596e-06	2.22043	-2.32776	-2.7593e-06	-0.0199058	0.0132773	180	0	-0.00171064	275.771	0.000786385	1110.21	211.919	0	-1163.88	180	0	-0.00272523	115.187	0	-14.7488	244.813	0	-0.00375917	17791
THOR	0	1.67152	2.12788	0	-1.1312	1.77544e-07	-2.5659e-06	2.22024	-2.32776	-2.73842e-06	-0.019688	0.013132	180	0	-0.0017106	275.771	0.000776654	1110.12	211.919	0	-1163.88	180	0	-0.00270461	115.187	0	-14.5874	244.813	0	-0.00368313	17830
THOR	0	1.67152	2.12788	0	-1.1312	1.33158e-07	-2.56639e-06	2.22008	-2.3277	-2.71764e-06	-0.0195028	0.0130083	180	0	-0.00171092	275.771	0.000766302	1110.04	211.919	0	-1163.85	180	0	-0.00268409	115.187	0	-14.4501	244.813	0	-0.00360859	17865
THOR	0	1.67152	2.12788	0	-1.1312	1.33158e-07	-2.56639e-06	2.22008	-2.3277	-2.71764e-06	-0.0195028	0.0130083	180	0	-0.00171092	275.771	0.000766302	1110.04	211.919	0	-1163.85	180	0	-0.00268409	115.187	0	-14.4501	244.813	0	-0.00360859	17906
THOR	0	1.67152	2.12788	0	-1.13121	1.77544e-07	-2.56696e-06	2.21989	-2.32763	-2.69676e-06	-0.019285	0.012863	180	0	-0.00171131	275.771	0.000756129	1109.95	211.919	0	-1163.82	180	0	-0.00266347	115.187	0	-14.2887	244.813	0	-0.00353548	17950
THOR	0	1.67152	2.12788	0	-1.13121	8.8772e-08	-2.56671e-06	2.21974	-2.32764	-2.67529e-06	-0.0190995	0.0127392	180	0	-0.00171114	275.771	0.00074555	1109.87	211.919	0	-1163.82	180	0	-0.00264226	115.187	0	-14.1512	244.813	0	-0.00346382	17988
THOR	0	1.67152	2.12788	0	-1.13121	8.8772e-08	-2.56625e-06	2.21955	-2.32758	-2.65431e-06	-0.0188816	0.0125939	180	0	-0.00171083	275.771	0.000735969	1109.78	211.919	0	-1163.79	180	0	-0.00262154	115.187	0	-13.9898	244.813	0	-0.00339368	18031
THOR	0	1.67152	2.12788	0	-1.13121	8.8772e-08	-2.56645e-06	2.21939	-2.32758	-2.63373e-06	-0.0186956	0.0124697	180	0	-0.00171097	275.771	0.000726432	1109.7	211.919	0	-1163.79	180	0	-0.00260121	115.187	0	-13.8519	244.813	0	-0.00332486	18069
THOR	0	1.67152	2.12788	0	-1.13121	1.33158e-07	-2.56506e-06	2.21924	-2.32751	-2.61022e-06	-0.0184969	0.0123371	180	0	-0.00171004	275.771	0.000716696	1109.62	211.919	0	-1163.76	180	0	-0.002578	115.187	0	-13.7047	244.813	0	-0.00325401	18110
THOR	0	1.67152	2.12788	0	-1.13121	1.33158e-07	-2.56526e-06	2.21924	-2.32751	-2.61152e-06	-0.0185096	0.0123456	180	0	-0.00171018	275.771	0.000716696	1109.62	211.919	0	-1163.76	180	0	-0.00257928	115.187	0	-13.7141	244.813	0	-0.00325727	18146
THOR	0	1.67152	2.12788	0	-1.13121	0	-2.56622e-06	2.21905	-2.32745	-2.59247e-06	-0.0183239	0.0122217	180	0	-0.00171081	275.771	0.000707505	1109.53	211.918	0	-1163.73	180	0	-0.00256046	115.186	0	-13.5764	244.814	0	-0.00319154	18188
THOR	0	1.67152	2.12788	0	-1.13121	8.8772e-08	-2.56596e-06	2.21889	-2.32745	-2.57186e-06	-0.0181376	0.0120973	180	0	-0.00171064	275.771	0.000697898	1109.45	211.918	0	-1163.73	180	0	-0.00254011	115.186	0	-13.4384	244.814	0	-0.00312682	18226
THOR	0	1.67152	2.12788	0	-1.13121	1.33158e-07	-2.56627e-06	2.21874	-2.32739	-2.55206e-06	-0.0179516	0.0119732	180	0	-0.00171085	275.771	0.000689201	1109.37	211.918	0	-1163.7	180	0	-0.00252055	115.186	0	-13.3005	244.814	0	-0.00306349	18255
THOR	0	1.67152	2.12788	0	-1.13121	1.33158e-07	-2.56627e-06	2.21874	-2.32739	-2.55206e-06	-0.0179516	0.0119732	180	0	-0.00171085	275.771	0.000689201	1109.37	211.918	0	-1163.7	180	0	-0.00252055	115.186	0	-13.3005	244.814	0	-0.00306349	18295
THOR	0	1.67152	2.12788	0	-1.13121	0	-2.56576e-06	2.21858	-2.32739	-2.53141e-06	-0.0177652	0.0118489	180	0	-0.0017105	275.771	0.000679258	1109.29	211.918	0	-1163.7	180	0	-0.00250016	115.186	0	-13.1624	244.814	0	-0.00300138	18336
THOR	0	1.67152	2.12788	0	-1.13121	8.8772e-08	-2.56605e-06	2.21843	-2.32733	-2.51201e-06	-0.017579	0.0117246	180	0	-0.0017107	275.771	0.000670435	1109.21	211.918	0	-1163.67	180	0	-0.00248099	115.186	0	-13.0244	244.814	0	-0.00294064	18376
THOR	0	1.67152	2.12788	0	-1.13121	1.33158e-07	-2.56595e-06	2.21827	-2.32733	-2.49219e-06	-0.0173921	0.0115999	180	0	-0.00171063	275.771	0.000661501	1109.13	211.918	0	-1163.67	180	0	-0.00246142	115.186	0	-12.8859	244.814	0	-0.00288098	18413
THOR	0	1.67152	2.12788	0	-1.13121	8.8772e-08	-2.56572e-06	2.21811	-2.32727	-2.47243e-06	-0.0172379	0.011497	180	0	-0.00171048	275.771	0.000652742	1109.06	211.918	0	-1163.63	180	0	-0.00244191	115.186	0	-12.7716	244.814	0	-0.00282263	18456
THOR	0	1.67152	2.12788	0	-1.13121	8.8772e-08	-2.56572e-06	2.21811	-2.32727	-2.47243e-06	-0.0172379	0.011497	180	0	-0.00171048	275.771	0.000652742	1109.06	211.918	0	-1163.63	180	0	-0.00244191	115.186	0	-12.7716	244.814	0	-0.00282263	18496
THOR	0	1.67152	2.12788	0	-1.13121	4.4386e-08	-2.56547e-06	2.21799	-2.32727	-2.45268e-06	-0.0170513	0.0113725	180	0	-0.00171031	275.771	0.000643849	1108.99	211.918	0	-1163.63	180	0	-0.0024224	115.186	0	-12.6334	244.814	0	-0.00276538	18534
THOR	0	1.67153	2.12788	0	-1.13121	8.8772e-08	-2.56484e-06	2.21783	-2.32721	-2.43265e-06	-0.0168645	0.0112479	180	0	-0.00170989	275.771	0.000635437	1108.92	211.918	0	-1163.6	180	0	-0.00240262	115.186	0	-12.495	244.814	0	-0.00270928	18572
THOR	0	1.67153	2.12788	0	-1.13122	1.33158e-07	-2.56504e-06	2.21768	-2.32721	-2.41373e-06	-0.01671	0.0111448	180	0	-0.00171003	275.771	0.000627023	1108.84	211.918	0	-1163.6	180	0	-0.00238393	115.186	0	-12.3804	244.814	0	-0.00265442	18619
THOR	0	1.67153	2.12788	0	-1.13122	4.4386e-08	-2.56435e-06	2.21755	-2.32715	-2.39408e-06	-0.0165553	0.0110416	180	0	-0.00170957	275.771	0.000618918	1108.78	211.918	0	-1163.57	180	0	-0.00236453	115.186	0	-12.2658	244.814	0	-0.00260095	18654
THOR	0	1.67153	2.12788	0	-1.13122	4.4386e-08	-2.5644e-06	2.21755	-2.32715	-2.39409e-06	-0.0165552	0.0110415	180	0	-0.0017096	275.771	0.000618605	1108.78	211.918	0	-1163.57	180	0	-0.00236453	115.186	0	-12.2657	244.814	0	-0.00260057	18685
THOR	0	1.67153	2.12788	0	-1.13122	4.4386e-08	-2.56498e-06	2.2174	-2.32715	-2.3759e-06	-0.0163681	0.0109167	180	0	-0.00170998	275.771	0.000610529	1108.7	211.918	0	-1163.57	180	0	-0.00234657	115.186	0	-12.1271	244.814	0	-0.00254794	18714
THOR	0	1.67153	2.12788	0	-1.13122	4.4386e-08	-2.56575e-06	2.21727	-2.32708	-2.3583e-06	-0.0162134	0.0108134	180	0	-0.0017105	275.771	0.000602621	1108.64	211.918	0	-1163.54	180	0	-0.00232919	115.186	0	-12.0124	244.814	0	-0.00249646	18754
THOR	0	1.67153	2.12788	0	-1.13122	8.8772e-08	-2.56535e-06	2.21715	-2.32708	-2.33938e-06	-0.0160582	0.0107099	180	0	-0.00171023	275.771	0.000594549	1108.57	211.918	0	-1163.54	180	0	-0.0023105	115.186	0	-11.8974	244.814	0	-0.00244581	18799
THOR	0	1.67153	2.12788	0	-1.13122	8.8772e-08	-2.5663e-06	2.21699	-2.32702	-2.3222e-06	-0.0159029	0.0106063	180	0	-0.00171086	275.772	0.000586999	1108.49	211.918	0	-1163.51	180	0	-0.00229353	115.186	0	-11.7824	244.814	0	-0.00239634	18837
THOR	0	1.67153	2.12788	0	-1.13122	8.8772e-08	-2.5663e-06	2.21699	-2.32702	-2.3222e-06	-0.0159029	0.0106063	180	0	-0.00171086	275.772	0.000586999	1108.49	211.918	0	-1163.51	180	0	-0.00229353	115.186	0	-11.7824	244.814	0	-0.00239634	18874
THOR	0	1.67153	2.12788	0	-1.13122	1.33158e-07	-2.56477e-06	2.21686	-2.32702	-2.30204e-06	-0.0157481	0.0105029	180	0	-0.00170985	275.772	0.000578524	1108.43	211.918	0	-1163.51	180	0	-0.00227362	115.186	0	-11.6676	244.814	0	-0.00234768	18914
THOR	0	1.67153	2.12788	0	-1.13122	1.33158e-07	-2.56573e-06	2.21674	-2.32696	-2.28528e-06	-0.015593	0.0103995	180	0	-0.00171049	275.772	0.000571269	1108.37	211.918	0	-1163.48	180	0	-0.00225706	115.186	0	-11.5526	244.814	0	-0.00230031	18952
THOR	0	1.67153	2.12788	0	-1.13122	8.8772e-08	-2.56563e-06	2.21662	-2.32696	-2.2672e-06	-0.0154376	0.0102958	180	0	-0.00171042	275.772	0.00056353	1108.31	211.918	0	-1163.48	180	0	-0.00223921	115.186	0	-11.4375	244.814	0	-0.00225372	18990
THOR	0	1.67153	2.12788	0	-1.13122	8.8772e-08	-2.56497e-06	2.21649	-2.32696	-2.24833e-06	-0.0152821	0.010192	180	0	-0.00170998	275.772	0.000556123	1108.25	211.918	0	-1163.48	180	0	-0.00222058	115.186	0	-11.3223	244.814	0	-0.00220793	19030
THOR	0	1.67153	2.12788	0	-1.13122	8.8772e-08	-2.56497e-06	2.21649	-2.32696	-2.24833e-06	-0.0152821	0.010192	180	0	-0.00170998	275.772	0.000556123	1108.25	211.918	0	-1163.48	180	0	-0.00222058	115.186	0	-11.3223	244.814	0	-0.00220793	19069
THOR	0	1.67153	2.12788	0	-1.13122	8.8772e-08	-2.56421e-06	2.21633	-2.3269	-2.22959e-06	-0.0151588	0.0101097	180	0	-0.00170947	275.772	0.000549151	1108.17	211.918	0	-1163.45	180	0	-0.00220206	115.186	0	-11.2309	244.814	0	-0.002163	19103
THOR	0	1.67153	2.12788	0	-1.13122	8.8772e-08	-2.5646e-06	2.21621	-2.3269	-2.21257e-06	-0.0150032	0.010006	180	0	-0.00170973	275.772	0.000541585	1108.1	211.918	0	-1163.45	180	0	-0.00218525	115.186	0	-11.1156	244.814	0	-0.00211927	19147
THOR	0	1.67153	2.12788	0	-1.13122	4.4386e-08	-2.56453e-06	2.21612	-2.32684	-2.1949e-06	-0.0148477	0.00990221	180	0	-0.00170969	275.772	0.000534776	1108.06	211.918	0	-1163.42	180	0	-0.0021678	115.186	0	-11.0004	244.814	0	-0.00207631	19180
THOR	0	1.67153	2.12788	0	-1.13122	8.8772e-08	-2.56505e-06	2.21599	-2.32684	-2.17835e-06	-0.0147242	0.00981982	180	0	-0.00171003	275.772	0.000527205	1108	211.918	0	-1163.42	180	0	-0.00215146	115.186	0	-10.9089	244.814	0	-0.00203439	19220
THOR	0	1.67153	2.12788	0	-1.13122	8.8772e-08	-2.56505e-06	2.21599	-2.32684	-2.17835e-06	-0.0147242	0.00981982	180	0	-0.00171003	275.772	0.000527205	1108	211.918	0	-1163.42	180	0	-0.00215146	115.186	0	-10.9089	244.814	0	-0.00203439	19251
THOR	0	1.67153	2.12788	0	-1.13122	4.4386e-08	-2.56489e-06	2.21587	-2.32684	-2.16107e-06	-0.0145684	0.00971585	180	0	-0.00170993	275.772	0.000520235	1107.93	211.918	0	-1163.42	180	0	-0.00213439	115.186	0	-10.7934	244.814	0	-0.00199314	19290
THOR	0	1.67153	2.12788	0	-1.13122	8.8772e-08	-2.56381e-06	2.21574	-2.32678	-2.14259e-06	-0.0144445	0.00963318	180	0	-0.00170921	275.772	0.000514429	1107.87	211.918	0	-1163.39	180	0	-0.00211613	115.186	0	-10.7016	244.814	0	-0.00195255	19326
THOR	0	1.67153	2.12788	0	-1.13122	8.8772e-08	-2.56467e-06	2.21561	-2.32678	-2.12672e-06	-0.0143209	0.00955073	180	0	-0.00170978	275.772	0.000506862	1107.81	211.918	0	-1163.39	180	0	-0.00210046	115.186	0	-10.61	244.814	0	-0.00191314	19369
THOR	0	1.67153	2.12788	0	-1.13122	8.8772e-08	-2.56467e-06	2.21561	-2.32678	-2.12672e-06	-0.0143209	0.00955073	180	0	-0.00170978	275.772	0.000506862	1107.81	211.918	0	-1163.39	180	0	-0.00210046	115.186	0	-10.61	244.814	0	-0.00191314	19409
THOR	0	1.67153	2.12788	0	-1.13123	0	-2.56494e-06	2.21552	-2.32678	-2.11032e-06	-0.014165	0.00944672	180	0	-0.00170996	275.772	0.000499834	1107.76	211.918	0	-1163.39	180	0	-0.00208427	115.186	0	-10.4945	244.814	0	-0.00187448	19453
THOR	0	1.67153	2.12788	0	-1.13123	8.8772e-08	-2.56497e-06	2.2154	-2.32672	-2.0937e-06	-0.0140414	0.00936426	180	0	-0.00170998	275.772	0.000493467	1107.7	211.918	0	-1163.36	180	0	-0.00206786	115.186	0	-10.4029	244.814	0	-0.00183652	19493
THOR	0	1.67154	2.12788	0	-1.13123	8.8772e-08	-2.56454e-06	2.21527	-2.32672	-2.07658e-06	-0.0139172	0.00928137	180	0	-0.00170969	275.772	0.000486555	1107.64	211.918	0	-1163.36	180	0	-0.00205094	115.186	0	-10.3108	244.814	0	-0.00179917	19529
THOR	0	1.67154	2.12788	0	-1.13123	8.8772e-08	-2.56454e-06	2.21527	-2.32672	-2.07658e-06	-0.0139172	0.00928137	180	0	-0.00170969	275.772	0.000486555	1107.64	211.918	0	-1163.36	180	0	-0.00205094	115.186	0	-10.3108	244.814	0	-0.00179917	19568
THOR	0	1.67154	2.12788	0	-1.13123	1.33158e-07	-2.56441e-06	2.21518	-2.32672	-2.05981e-06	-0.0137934	0.00919876	180	0	-0.00170961	275.772	0.000480027	1107.59	211.918	0	-1163.36	180	0	-0.00203438	115.185	0	-10.2191	244.814	0	-0.00176277	19613
THOR	0	1.67154	2.12788	0	-1.13123	1.33158e-07	-2.56431e-06	2.21505	-2.32665	-2.04328e-06	-0.0136694	0.00911606	180	0	-0.00170954	275.772	0.000474634	1107.53	211.918	0	-1163.33	180	0	-0.00201805	115.185	0	-10.1272	244.815	0	-0.00172702	19652
THOR	0	1.67154	2.12788	0	-1.13123	8.8772e-08	-2.56478e-06	2.21496	-2.32666	-2.02714e-06	-0.0135448	0.00903291	180	0	-0.00170985	275.772	0.000468105	1107.48	211.918	0	-1163.33	180	0	-0.00200211	115.185	0	-10.0349	244.815	0	-0.00169189	19692
THOR	0	1.67154	2.12788	0	-1.13123	8.8772e-08	-2.56477e-06	2.21487	-2.32666	-2.01153e-06	-0.0134212	0.00895046	180	0	-0.00170985	275.772	0.000461425	1107.43	211.918	0	-1163.33	180	0	-0.00198669	115.185	0	-9.9433	244.815	0	-0.00165777	19731
THOR	0	1.67154	2.12788	0	-1.13123	4.4386e-08	-2.56461e-06	2.21474	-2.32659	-1.99567e-06	-0.013297	0.00886759	180	0	-0.00170974	275.772	0.000455704	1107.37	211.918	0	-1163.3	180	0	-0.00197104	115.185	0	-9.85126	244.815	0	-0.00162426	19771
THOR	0	1.67154	2.12788	0	-1.13123	4.4386e-08	-2.56461e-06	2.21474	-2.32659	-1.99567e-06	-0.013297	0.00886759	180	0	-0.00170974	275.772	0.000455704	1107.37	211.918	0	-1163.3	180	0	-0.00197104	115.185	0	-9.85126	244.815	0	-0.00162426	19811
THOR	0	1.67154	2.12788	0	-1.13123	4.4386e-08	-2.56461e-06	2.21465	-2.32659	-1.97953e-06	-0.0131727	0.00878466	180	0	-0.00170974	275.772	0.000449296	1107.32	211.918	0	-1163.3	180	0	-0.00195509	115.185	0	-9.75914	244.815	0	-0.00159127	19852
THOR	0	1.67154	2.12788	0	-1.13123	4.4386e-08	-2.5639e-06	2.21455	-2.32659	-1.96274e-06	-0.0130482	0.00870159	180	0	-0.00170927	275.772	0.000443462	1107.28	211.918	0	-1163.3	180	0	-0.00193851	115.185	0	-9.66687	244.815	0	-0.00155889	19891
THOR	0	1.67154	2.12788	0	-1.13123	8.8772e-08	-2.56441e-06	2.21443	-2.32659	-1.9481e-06	-0.0129236	0.00861851	180	0	-0.00170961	275.772	0.000437754	1107.21	211.918	0	-1163.3	180	0	-0.00192405	115.185	0	-9.57459	244.815	0	-0.00152744	19931
THOR	0	1.67154	2.12788	0	-1.13123	1.33158e-07	-2.56429e-06	2.21433	-2.32653	-1.93236e-06	-0.0128315	0.00855701	180	0	-0.00170952	275.772	0.000431779	1107.17	211.918	0	-1163.27	180	0	-0.0019085	115.185	0	-9.50629	244.815	0	-0.0014965	19976
THOR	0	1.67154	2.12788	0	-1.13123	1.33158e-07	-2.56429e-06	2.21433	-2.32653	-1.93236e-06	-0.0128315	0.00855701	180	0	-0.00170952	275.772	0.000431779	1107.17	211.918	0	-1163.27	180	0	-0.0019085	115.185	0	-9.50629	244.815	0	-0.0014965	20012
THOR	0	1.67154	2.12788	0	-1.13123	8.8772e-08	-2.56482e-06	2.21424	-2.32653	-1.91787e-06	-0.0127071	0.00847404	180	0	-0.00170988	275.772	0.000425828	1107.12	211.918	0	-1163.27	180	0	-0.00189419	115.185	0	-9.41413	244.815	0	-0.00146632	20052
THOR	0	1.67154	2.12788	0	-1.13123	8.8772e-08	-2.56422e-06	2.21415	-2.32653	-1.9016e-06	-0.0125823	0.00839079	180	0	-0.00170948	275.772	0.000420423	1107.07	211.918	0	-1163.27	180	0	-0.00187812	115.185	0	-9.32166	244.815	0	-0.00143645	20094
THOR	0	1.67154	2.12788	0	-1.13123	4.4386e-08	-2.56407e-06	2.21405	-2.32653	-1.88637e-06	-0.0124898	0.00832908	180	0	-0.00170938	275.772	0.000414582	1107.03	211.918	0	-1163.27	180	0	-0.00186308	115.185	0	-9.25313	244.815	0	-0.00140734	20130
THOR	0	1.67154	2.12788	0	-1.13123	8.8772e-08	-2.564e-06	2.21396	-2.32647	-1.8712e-06	-0.0123654	0.00824607	180	0	-0.00170934	275.772	0.000409201	1106.98	211.918	0	-1163.24	180	0	-0.0018481	115.185	0	-9.16092	244.815	0	-0.00137887	20169
THOR	0	1.67154	2.12788	0	-1.13123	8.8772e-08	-2.564e-06	2.21396	-2.32647	-1.8712e-06	-0.0123654	0.00824607	180	0	-0.00170934	275.772	0.000409201	1106.98	211.918	0	-1163.24	180	0	-0.0018481	115.185	0	-9.16092	244.815	0	-0.00137887	20206
THOR	0	1.67154	2.12788	0	-1.13123	1.33158e-07	-2.56373e-06	2.21387	-2.32647	-1.85585e-06	-0.0122727	0.00818425	180	0	-0.00170915	275.772	0.000403688	1106.93	211.918	0	-1163.24	180	0	-0.00183294	115.185	0	-9.09226	244.815	0	-0.00135087	20242
THOR	0	1.67154	2.12788	0	-1.13123	1.33158e-07	-2.56398e-06	2.21377	-2.32647	-1.84144e-06	-0.0121478	0.00810095	180	0	-0.00170932	275.772	0.000398522	1106.89	211.918	0	-1163.24	180	0	-0.00181871	115.185	0	-8.99973	244.815	0	-0.00132358	20278
THOR	0	1.67154	2.12788	0	-1.13123	4.4386e-08	-2.56443e-06	2.21368	-2.32647	-1.82745e-06	-0.0120553	0.00803923	180	0	-0.00170962	275.772	0.00039302	1106.84	211.918	0	-1163.24	180	0	-0.00180489	115.185	0	-8.93118	244.815	0	-0.00129686	20312
THOR	0	1.67154	2.12788	0	-1.13123	4.4386e-08	-2.56443e-06	2.21368	-2.32647	-1.82745e-06	-0.0120553	0.00803923	180	0	-0.00170962	275.772	0.00039302	1106.84	211.918	0	-1163.24	180	0	-0.00180489	115.185	0	-8.93118	244.815	0	-0.00129686	20347
THOR	0	1.67154	2.12788	0	-1.13123	8.8772e-08	-2.56369e-06	2.21358	-2.32641	-1.81207e-06	-0.0119622	0.00797705	180	0	-0.00170912	275.772	0.000388361	1106.79	211.918	0	-1163.2	180	0	-0.0017897	115.185	0	-8.86212	244.815	0	-0.00127046	20394
THOR	0	1.67154	2.12788	0	-1.13123	1.33158e-07	-2.56314e-06	2.21349	-2.32641	-1.79599e-06	-0.0118697	0.00791534	180	0	-0.00170876	275.772	0.000383043	1106.75	211.918	0	-1163.2	180	0	-0.00177382	115.185	0	-8.79358	244.815	0	-0.00124447	20431
THOR	0	1.67154	2.12788	0	-1.13123	8.8772e-08	-2.56409e-06	2.21343	-2.32641	-1.78367e-06	-0.0117447	0.007832	180	0	-0.00170939	275.772	0.000377817	1106.71	211.918	0	-1163.2	180	0	-0.00176165	115.185	0	-8.701	244.815	0	-0.00121961	20475
THOR	0	1.67154	2.12788	0	-1.13123	4.4386e-08	-2.56365e-06	2.21334	-2.32641	-1.76866e-06	-0.0116518	0.00777001	180	0	-0.0017091	275.772	0.000373123	1106.67	211.918	0	-1163.2	180	0	-0.00174683	115.185	0	-8.63215	244.815	0	-0.00119473	20512
THOR	0	1.67154	2.12788	0	-1.13123	4.4386e-08	-2.56365e-06	2.21334	-2.32641	-1.76866e-06	-0.0116518	0.00777001	180	0	-0.0017091	275.772	0.000373123	1106.67	211.918	0	-1163.2	180	0	-0.00174683	115.185	0	-8.63215	244.815	0	-0.00119473	20553
THOR	0	1.67154	2.12787	0	-1.13124	8.8772e-08	-2.56374e-06	2.21324	-2.32635	-1.75435e-06	-0.0115591	0.0077082	180	0	-0.00170916	275.772	0.000368342	1106.62	211.918	0	-1163.17	180	0	-0.00173269	115.185	0	-8.5635	244.815	0	-0.00117056	20588
THOR	0	1.67154	2.12787	0	-1.13124	8.8772e-08	-2.56379e-06	2.21315	-2.32635	-1.74029e-06	-0.0114658	0.00764595	180	0	-0.0017092	275.772	0.000363298	1106.57	211.918	0	-1163.17	180	0	-0.0017188	115.185	0	-8.49435	244.815	0	-0.00114683	20629
THOR	0	1.67154	2.12787	0	-1.13124	4.4386e-08	-2.56464e-06	2.21309	-2.32635	-1.72751e-06	-0.0113727	0.00758384	180	0	-0.00170976	275.772	0.000358022	1106.54	211.918	0	-1163.17	180	0	-0.00170619	115.185	0	-8.42536	244.815	0	-0.00112377	20671
THOR	0	1.67154	2.12787	0	-1.13124	8.8772e-08	-2.56383e-06	2.21299	-2.32635	-1.71263e-06	-0.0112797	0.00752175	180	0	-0.00170922	275.772	0.000353254	1106.5	211.918	0	-1163.17	180	0	-0.00169148	115.185	0	-8.3564	244.815	0	-0.00110087	20710
THOR	0	1.67154	2.12787	0	-1.13124	8.8772e-08	-2.56383e-06	2.21299	-2.32635	-1.71263e-06	-0.0112797	0.00752175	180	0	-0.00170922	275.772	0.000353254	1106.5	211.918	0	-1163.17	180	0	-0.00169148	115.185	0	-8.3564	244.815	0	-0.00110087	20750
THOR	0	1.67154	2.12787	0	-1.13124	8.8772e-08	-2.56376e-06	2.21293	-2.32635	-1.69872e-06	-0.0111865	0.00745964	180	0	-0.00170918	275.772	0.000348735	1106.46	211.918	0	-1163.17	180	0	-0.00167775	115.185	0	-8.28741	244.815	0	-0.00107855	20788
THOR	0	1.67154	2.12787	0	-1.13124	4.4386e-08	-2.56341e-06	2.21283	-2.32629	-1.6844e-06	-0.0110936	0.00739767	180	0	-0.00170894	275.772	0.000344527	1106.42	211.918	0	-1163.14	180	0	-0.0016636	115.185	0	-8.21857	244.815	0	-0.00105662	20824
THOR	0	1.67154	2.12787	0	-1.13124	8.8772e-08	-2.56361e-06	2.21277	-2.32629	-1.67156e-06	-0.0110003	0.00733539	180	0	-0.00170907	275.772	0.000339826	1106.39	211.918	0	-1163.14	180	0	-0.00165092	115.185	0	-8.1494	244.815	0	-0.00103536	20860
THOR	0	1.67154	2.12787	0	-1.13124	4.4386e-08	-2.56345e-06	2.21271	-2.32629	-1.66227e-06	-0.0109379	0.00729377	180	0	-0.00170897	275.772	0.000336566	1106.36	211.918	0	-1163.14	180	0	-0.00164175	115.185	0	-8.10316	244.815	0	-0.00102148	20900
THOR	0	1.67154	2.12787	0	-1.13124	8.8772e-08	-2.56358e-06	2.21268	-2.32629	-1.65784e-06	-0.010907	0.00727313	180	0	-0.00170905	275.772	0.000335055	1106.34	211.918	0	-1163.14	180	0	-0.00163737	115.185	0	-8.08024	244.815	0	-0.00101432	20938
THOR	0	1.67155	2.12787	0	-1.13124	4.4386e-08	-2.56313e-06	2.21262	-2.32629	-1.64384e-06	-0.0108137	0.00721091	180	0	-0.00170875	275.772	0.00033056	1106.31	211.918	0	-1163.14	180	0	-0.00162355	115.185	0	-8.01113	244.815	0	-0.000993704	20981
THOR	0.00293028	1.67271	2.12369	1.19842e-06	-1.13977	0.00906229	5.68718	6.41381	-5.27287	0.00328928	-5.56877	0.156062	180.168	5.77856	3791.45	275.839	3.00303	3206.9	211.678	0	-2636.43	180	0	3.24867	113.917	0	-2149.21	244.525	17.2596	1975.81	21018
THOR	0.00549623	1.67419	2.12064	-4.79369e-06	-1.14685	0.0164847	5.23957	5.98914	-5.00493	0.0123225	-3.59248	0.145459	180.315	7.38222	3493.05	275.924	4.52146	2994.57	211.504	0	-2502.46	180	0	12.1704	112.873	0	-1411.36	244.293	20.8128	1249.74	21056
THOR	0.00954504	1.67683	2.11638	-3.63521e-05	-1.15744	0.0274237	4.84085	5.60145	-4.84339	0.0478616	-2.23204	0.101458	180.547	9.01129	3227.23	276.075	6.10601	2800.73	211.26	0	-2421.7	179.997	0	47.2707	111.327	0	-883.047	243.96	23.5087	770.315	21092
THOR	0.0184677	1.68312	2.10819	-0.000189351	-1.17888	0.0491071	4.25886	5.08719	-4.66951	0.126223	-0.9373	0.00242232	181.058	11.2343	2839.24	276.436	8.07034	2543.6	210.791	0	-2334.76	179.986	0	124.664	108.235	0	-348.494	243.324	25.7094	345.803	21131
THOR	0.02907	1.69076	2.09955	-0.000392084	-1.20188	0.0719129	3.81384	4.76134	-4.55114	0.163664	-0.470631	-0.072605	181.666	12.9342	2542.56	276.874	9.31501	2380.67	210.295	0	-2275.57	179.97	0	161.644	104.957	0	-133.972	242.682	26.3893	214.644	21166
THOR	0.0410098	1.69931	2.09054	-0.000533098	-1.22549	0.0950247	3.44778	4.53043	-4.44876	0.145466	-0.334206	-0.118399	182.35	14.3324	2298.52	277.363	10.197	2265.21	209.779	0	-2224.38	179.959	0	143.67	101.618	0	-58.003	242.049	26.5193	189.557	21211
THOR	0.054076	1.70854	2.0812	-0.000563858	-1.24927	0.118138	3.13097	4.34905	-4.35472	0.117883	-0.338632	-0.145597	183.098	15.5426	2087.31	277.892	10.8898	2174.53	209.244	0	-2177.36	179.957	0	116.428	98.2686	0	-44.5324	241.425	26.4325	206.306	21252
THOR	0.054076	1.70854	2.0812	-0.000563858	-1.24927	0.118138	3.13097	4.34905	-4.35472	0.117883	-0.338632	-0.145597	183.098	15.5426	2087.31	277.892	10.8898	2174.53	209.244	0	-2177.36	179.957	0	116.428	98.2686	0	-44.5324	241.425	26.4325	206.306	21289
THOR	0.0681356	1.71831	2.07156	-0.000571248	-1.27305	0.141136	2.85033	4.19791	-4.26642	0.1177	-0.398273	-0.15938	183.904	16.6145	1900.22	278.452	11.4671	2098.95	208.692	0	-2133.21	179.956	0	116.247	94.9301	0	-58.9642	240.81	26.2783	236.053	21326
THOR	0.0830717	1.72855	2.06164	-0.000575642	-1.29672	0.163995	2.60314	4.06707	-4.18443	0.117488	-0.475044	-0.163912	184.76	17.5587	1735.43	279.038	11.9669	2033.53	208.123	0	-2092.21	179.956	0	116.037	91.6091	0	-84.8799	240.202	26.1178	267.005	21355
THOR	0.0987801	1.73847	2.05081	-0.000578039	-1.32021	0.186718	2.38495	2.29569	-3.6367	0.116975	-0.612715	-0.124282	185.66	18.3921	1589.97	279.607	10.3274	1147.85	207.503	0	-1818.35	179.956	0	115.531	88.3105	0	-157.886	239.595	25.9677	295.977	21398
THOR	0.115171	1.74624	2.03777	-0.000578239	-1.34312	0.209316	2.19219	1.62928	-2.99687	0.11628	-0.836123	-0.0229192	186.599	19.1284	1461.46	280.052	7.59691	814.642	206.756	0	-1498.44	179.956	0	114.844	85.0555	0	-296.942	238.966	25.8306	322.408	21441
THOR	0.115171	1.74624	2.03777	-0.000578239	-1.34312	0.209316	2.19219	1.62928	-2.99687	0.11628	-0.836123	-0.0229192	186.599	19.1284	1461.46	280.052	7.59691	814.642	206.756	0	-1498.44	179.956	0	114.844	85.0555	0	-296.942	238.966	25.8306	322.408	21470
THOR	0.132165	1.75167	2.02366	-0.000576841	-1.36354	0.231801	2.02161	1.57271	-3.05649	0.115135	1.63746	-1.71445	187.573	19.78	1347.74	280.363	4.9045	786.353	205.947	0	-1528.25	179.956	0	113.713	81.9531	0	1558.94	238.203	25.7083	346.005	21503
THOR	0.149693	1.75474	2.01037	-0.000573245	-1.37753	0.254186	1.8705	2.07331	-3.35199	0.113275	1.39222	-1.58767	188.577	20.3572	1247	280.539	2.36122	1036.65	205.186	0	-1675.99	179.956	0	111.877	79.2278	0	1397.67	237.081	25.6026	366.402	21543
THOR	0.167685	1.75597	1.99793	-0.000567253	-1.3857	0.276423	1.76412	2.61811	-3.55782	0.111783	1.96285	-0.273054	189.608	20.7635	1176.08	280.61	0.687328	1309.05	204.473	0	-1778.91	179.957	0	110.403	76.8483	0	878.678	235.638	24.865	-575.285	21584
THOR	0.167685	1.75597	1.99793	-0.000567253	-1.3857	0.276423	1.76412	2.61811	-3.55782	0.111783	1.96285	-0.273054	189.608	20.7635	1176.08	280.61	0.687328	1309.05	204.473	0	-1778.91	179.957	0	110.403	76.8483	0	878.678	235.638	24.865	-575.285	21622
THOR	0.185539	1.75618	1.98604	-0.000564058	-1.39008	0.295028	1.93665	2.90859	-3.71106	0.11281	2.56215	0.876228	190.631	20.1045	1291.1	280.622	0.0257109	1454.3	203.792	0	-1855.53	179.957	0	111.417	74.9984	0	462.15	234.29	17.5012	-1435.74	21660
THOR	0.202803	1.75631	1.9749	-0.00056206	-1.39216	0.306861	2.07935	2.57217	-2.4481	0.112192	1.33792	0.925835	191.62	19.5594	1386.23	280.629	0.599254	1286.08	203.154	0	-1224.05	179.957	0	110.807	73.8621	0	-18.8252	233.392	10.2955	-1009.88	21700
THOR	0.2198	1.7575	1.96602	-0.000559264	-1.3925	0.313542	2.10401	1.52775	-1.50523	0.111195	0.134293	0.863258	192.594	19.4653	1402.67	280.697	1.98341	763.877	202.644	0	-752.613	179.957	0	109.823	73.2685	0	-429.85	232.838	5.60465	-529.326	21738
THOR	0.236871	1.75964	1.95923	-0.000555669	-1.39249	0.317099	2.04588	0.549138	-0.80573	0.110243	-0.333139	0.582979	193.572	19.6873	1363.92	280.82	2.74999	274.569	202.255	0	-402.865	179.958	0	108.882	72.9635	0	-447.262	232.531	0	-200.492	21781
THOR	0.236871	1.75964	1.95923	-0.000555669	-1.39249	0.317099	2.04588	0.549138	-0.80573	0.110243	-0.333139	0.582979	193.572	19.6873	1363.92	280.82	2.74999	274.569	202.255	0	-402.865	179.958	0	108.882	72.9635	0	-447.262	232.531	0	-200.492	21818
THOR	0.254215	1.76211	1.95417	-0.000551874	-1.39242	0.318891	1.94552	-0.128293	-0.395199	0.109381	-0.724471	0.463066	194.565	20.0707	1297.01	280.961	0	-64.1467	201.966	0	-197.599	179.958	0	108.031	72.8137	0	-525.581	232.373	0	11.0636	21857
THOR	0.271931	1.76431	1.95055	-0.000547879	-1.39216	0.319782	1.829	-0.451863	-0.199262	0.108653	-1.02712	0.467756	195.58	20.5157	1219.33	281.088	0	-225.932	201.758	0	-99.6308	179.958	0	107.312	72.7518	0	-640.28	232.282	0	120.551	21900
THOR	0.289814	1.76595	1.94811	-0.000542086	-1.39185	0.320085	-1.91912	-0.515195	-0.18874	0.104838	-1.35553	0.335377	196.605	20.1339	-1279.42	281.182	0	-257.598	201.619	0	-94.3698	179.959	0	103.544	72.7434	0	-688.37	232.238	0	315.729	21936
THOR	0.289814	1.76595	1.94811	-0.000542086	-1.39185	0.320085	-1.91912	-0.515195	-0.18874	0.104838	-1.35553	0.335377	196.605	20.1339	-1279.42	281.182	0	-257.598	201.619	0	-94.3698	179.959	0	103.544	72.7434	0	-688.37	232.238	0	315.729	21971
THOR	0.306508	1.76693	1.94666	-0.000515122	-1.39165	0.320077	-5.28403	-0.366059	-0.343579	0.0750083	-1.35715	0.279801	197.562	17.9519	-3522.69	281.238	0	-183.029	201.536	0	-171.789	179.961	0	74.0823	72.7559	0	-658.094	232.227	0	347.204	22005
THOR	0.320668	1.76723	1.94607	-0.000381897	-1.3916	0.31992	-7.29117	-0.0843341	-0.703051	-0.012086	-1.51944	0.105164	198.373	0	-4860.78	281.255	0	-42.167	201.502	0	-351.526	179.971	0	-11.9367	72.7719	0	-621.181	232.238	0	504.332	22047
THOR	0.331585	1.76701	1.94608	-0.00012943	-1.39161	0.319535	-8.26432	0.276774	-0.868286	-0.101991	-1.64119	-0.00104464	198.998	0	-5509.55	281.242	0	138.387	201.502	0	-434.143	179.99	0	-100.732	72.8048	0	-607.269	232.271	0	608.429	22081
THOR	0.337433	1.76658	1.94625	8.16925e-05	-1.39162	0.319294	-8.45038	0.52932	-1.05182	-0.147799	-1.64646	-0.0119887	199.333	0	-5633.59	281.218	0	264.66	201.512	0	-525.912	180.006	0	-145.974	72.8248	0	-603.141	232.292	0	616.461	22111
THOR	0.339256	1.76638	1.94636	0.000162985	-1.39162	0.31922	-8.40344	0.626213	-1.13406	-0.161403	-1.64172	-0.0121729	199.438	0	-5602.29	281.206	0	313.107	201.518	0	-567.028	180.012	0	-159.41	72.831	0	-601.281	232.299	0	614.807	22155
THOR	0.343718	1.76551	1.94693	0.000427238	-1.39165	0.31903	-7.68726	0.974282	-1.43881	-0.192386	-1.6112	-0.0111327	199.694	0	-5124.84	281.156	0	487.141	201.551	0	-719.405	180.033	0	-190.011	72.846	0	-590.555	232.317	0	602.925	22192
THOR	0.345039	1.7645	1.94768	0.00062278	-1.39174	0.318948	-6.28646	1.29542	-1.71267	-0.185542	-1.4632	-0.0493267	199.769	0	-4190.97	281.099	0	647.709	201.594	0	-856.337	180.048	0	-183.252	72.8476	0	-514.523	232.329	0	569.331	22236
THOR	0.343946	1.76347	1.9485	0.000670717	-1.39197	0.318938	-4.78851	1.57179	-1.96001	-0.139008	-1.31001	-0.133655	199.707	0	-3192.34	281.039	0	785.896	201.641	0	-980.003	180.051	0	-137.292	72.8351	0	-410.935	232.344	0	559.441	22273
THOR	0.341166	1.76247	1.94934	0.000675711	-1.39231	0.318948	-3.20758	1.80442	-2.17229	-0.137363	-1.16508	-0.21102	199.547	0	-2138.39	280.982	0	902.208	201.689	0	-1086.14	180.052	0	-135.668	72.8151	0	-314.279	232.362	0	548.746	22311
THOR	0.341166	1.76247	1.94934	0.000675711	-1.39231	0.318948	-3.20758	1.80442	-2.17229	-0.137363	-1.16508	-0.21102	199.547	0	-2138.39	280.982	0	902.208	201.689	0	-1086.14	180.052	0	-135.668	72.8151	0	-314.279	232.362	0	548.746	22353
THOR	0.337334	1.76155	1.95012	0.000676509	-1.39268	0.318978	-1.72492	1.98902	-2.34179	-0.135813	-1.04031	-0.265864	199.328	0	-1149.95	280.93	-0.98838	994.509	201.734	0	-1170.89	180.052	0	-134.136	72.7914	0	-237.598	232.38	0	533.003	22392
THOR	0.333067	1.76076	1.95082	0.000673913	-1.39303	0.31911	-0.477341	2.12316	-2.4628	-0.133879	-0.812114	-0.211966	199.083	0	-318.228	280.884	-0.834612	1061.58	201.774	0	-1231.4	180.051	0	-132.226	72.7599	0	-183.024	232.389	0	418.542	22431
THOR	0.328891	1.76011	1.95138	0.00066832	-1.39333	0.319453	0.47666	2.20559	-2.53499	-0.131546	-0.573586	-0.111184	198.844	0	317.773	280.847	-0.657278	1102.8	201.806	0	-1267.5	180.051	0	-129.922	72.7131	0	-150.67	232.377	0	274.208	22465
THOR	0.325583	1.75967	1.95177	0.000661529	-1.39354	0.319844	1.09309	2.23722	-2.56206	-0.129248	-0.419768	-0.0303333	198.655	0	728.724	280.822	-0.490269	1118.61	201.828	0	-1281.03	180.051	0	-127.652	72.6676	0	-138.618	232.355	0	172.321	22509
THOR	0.32517	1.75962	1.95181	0.000660331	-1.39356	0.319899	1.12942	2.23778	-2.56244	-0.129082	-0.411125	-0.0249428	198.631	0	752.947	280.819	-0.467215	1118.89	201.831	0	-1281.22	180.05	0	-127.488	72.6615	0	-138.411	232.352	0	166.126	22546
THOR	0.322139	1.7593	1.95209	0.000650943	-1.39371	0.320333	1.48621	2.2246	-2.54963	-0.126677	-0.335329	0.0341423	198.457	0	990.805	280.8	-0.276561	1112.3	201.846	0	-1274.81	180.05	0	-125.113	72.6155	0	-143.164	232.323	0	105.228	22588
THOR	0.319923	1.75914	1.95223	0.000640757	-1.39379	0.320678	1.57993	2.17287	-2.50339	-0.124476	-0.333978	0.0687542	198.33	0	1053.29	280.791	-0.0960609	1086.43	201.854	0	-1251.69	180.049	0	-122.94	72.5816	0	-161.892	232.298	0	85.4986	22628
THOR	0.318544	1.75911	1.95226	0.00063057	-1.39381	0.3209	1.45972	2.13251	-2.47455	-0.122557	-0.360089	0.0623605	198.251	0	973.148	280.79	-0.00508094	1066.25	201.856	0	-1237.28	180.048	0	-121.044	72.5612	0	-168.011	232.28	0	98.7215	22668
THOR	0.318544	1.75911	1.95226	0.00063057	-1.39381	0.3209	1.45972	2.13251	-2.47455	-0.122557	-0.360089	0.0623605	198.251	0	973.148	280.79	-0.00508094	1066.25	201.856	0	-1237.28	180.048	0	-121.044	72.5612	0	-168.011	232.28	0	98.7215	22704
THOR	0.317943	1.75911	1.95226	0.000620983	-1.39382	0.320994	1.18312	2.1293	-2.47138	-0.120964	-0.401879	0.0321446	198.217	0	788.744	280.79	0.00134033	1064.65	201.856	0	-1235.69	180.047	0	-119.47	72.5524	0	-166.702	232.273	0	130.986	22748
THOR	0.317912	1.75911	1.95226	0.000613393	-1.39384	0.321024	0.984091	2.12825	-2.47106	-0.120831	-0.404168	0.0268947	198.215	0	656.061	280.79	0.00242902	1064.13	201.856	0	-1235.53	180.047	0	-119.339	72.5491	0	-164.634	232.271	0	134.75	22782
THOR	0.318086	1.75912	1.95226	0.0006078	-1.39385	0.321045	0.841625	2.12752	-2.47107	-0.11996	-0.397608	0.0274575	198.225	0	561.083	280.79	0.00266182	1063.76	201.856	0	-1235.54	180.046	0	-118.479	72.5467	0	-162.516	232.27	0	132.008	22823
THOR	0.318391	1.75912	1.95226	0.000602407	-1.39386	0.321063	0.69699	2.12699	-2.47129	-0.119103	-0.391193	0.0278599	198.242	0	464.66	280.79	0.00249541	1063.5	201.856	0	-1235.64	180.046	0	-117.633	72.5446	0	-160.364	232.269	0	129.408	22859
THOR	0.318391	1.75912	1.95226	0.000602407	-1.39386	0.321063	0.69699	2.12699	-2.47129	-0.119103	-0.391193	0.0278599	198.242	0	464.66	280.79	0.00249541	1063.5	201.856	0	-1235.64	180.046	0	-117.633	72.5446	0	-160.364	232.269	0	129.408	22901
THOR	0.318771	1.75912	1.95226	0.000597613	-1.39387	0.321078	0.565992	2.12662	-2.47166	-0.118307	-0.385246	0.0279494	198.264	0	377.328	280.79	0.00217055	1063.31	201.856	0	-1235.83	180.046	0	-116.846	72.5426	0	-158.211	232.268	0	127.156	22933
THOR	0.319171	1.75912	1.95226	0.000593219	-1.39388	0.321092	0.458487	2.12628	-2.47208	-0.117543	-0.379601	0.0278412	198.287	0	305.658	280.79	0.00188892	1063.14	201.856	0	-1236.04	180.045	0	-116.092	72.5407	0	-156.06	232.268	0	125.126	22975
THOR	0.319551	1.75912	1.95227	0.000589025	-1.39389	0.321105	0.378802	2.12594	-2.47249	-0.116802	-0.374226	0.0276704	198.309	0	252.535	280.79	0.00174674	1062.97	201.857	0	-1236.25	180.045	0	-115.36	72.5391	0	-153.975	232.267	0	123.23	23017
THOR	0.319878	1.75913	1.95227	0.00058503	-1.3939	0.321116	0.328976	2.12552	-2.47279	-0.116066	-0.368936	0.0274727	198.328	0	219.317	280.791	0.00174077	1062.76	201.857	0	-1236.4	180.045	0	-114.633	72.5375	0	-151.906	232.267	0	121.381	23056
THOR	0.319878	1.75913	1.95227	0.00058503	-1.3939	0.321116	0.328976	2.12552	-2.47279	-0.116066	-0.368936	0.0274727	198.328	0	219.317	280.791	0.00174077	1062.76	201.857	0	-1236.4	180.045	0	-114.633	72.5375	0	-151.906	232.267	0	121.381	23095
THOR	0.320132	1.75913	1.95227	0.000581035	-1.39391	0.321127	0.306912	2.12507	-2.47305	-0.115328	-0.363705	0.027341	198.342	0	204.608	280.791	0.00180372	1062.54	201.857	0	-1236.53	180.044	0	-113.904	72.536	0	-149.895	232.266	0	119.516	23132
THOR	0.320307	1.75913	1.95227	0.00057724	-1.39392	0.321137	0.3083	2.12462	-2.47328	-0.114577	-0.358406	0.027292	198.352	0	205.533	280.791	0.00186985	1062.31	201.857	0	-1236.64	180.044	0	-113.163	72.5345	0	-147.905	232.266	0	117.581	23170
THOR	0.320404	1.75913	1.95227	0.000573445	-1.39393	0.321147	0.322798	2.12415	-2.47349	-0.113756	-0.35266	0.0275775	198.358	0	215.199	280.791	0.00189376	1062.08	201.857	0	-1236.75	180.044	0	-112.351	72.533	0	-145.936	232.266	0	115.294	23207
THOR	0.320461	1.75913	1.95227	0.00056945	-1.39394	0.321159	0.317387	2.12371	-2.47374	-0.112833	-0.346374	0.0282934	198.361	0	211.591	280.791	0.00187416	1061.86	201.857	0	-1236.87	180.044	0	-111.44	72.5315	0	-144.005	232.265	0	112.568	23244
THOR	0.320461	1.75913	1.95227	0.00056945	-1.39394	0.321159	0.317387	2.12371	-2.47374	-0.112833	-0.346374	0.0282934	198.361	0	211.591	280.791	0.00187416	1061.86	201.857	0	-1236.87	180.044	0	-111.44	72.5315	0	-144.005	232.265	0	112.568	23285
THOR	0.32051	1.75913	1.95227	0.000565256	-1.39395	0.32117	0.306816	2.12332	-2.474	-0.111981	-0.340609	0.0286913	198.364	0	204.544	280.791	0.00182746	1061.66	201.857	0	-1237	180.043	0	-110.599	72.5299	0	-142.091	232.265	0	110.212	23329
THOR	0.320555	1.75914	1.95227	0.000561061	-1.39396	0.321182	0.295794	2.1229	-2.47426	-0.111149	-0.33504	0.0290063	198.366	0	197.196	280.791	0.00177318	1061.45	201.857	0	-1237.13	180.043	0	-109.776	72.5283	0	-140.204	232.265	0	107.974	23365
THOR	0.320599	1.75914	1.95227	0.000556867	-1.39397	0.321194	0.285005	2.12253	-2.47452	-0.110325	-0.32958	0.0292889	198.369	0	190.003	280.791	0.00172955	1061.27	201.857	0	-1237.26	180.043	0	-108.963	72.5268	0	-138.338	232.264	0	105.795	23402
THOR	0.320641	1.75914	1.95227	0.000552872	-1.39398	0.321205	0.274594	2.12213	-2.47477	-0.109508	-0.324214	0.0295536	198.371	0	183.062	280.791	0.00170106	1061.07	201.857	0	-1237.38	180.042	0	-108.157	72.5253	0	-136.498	232.264	0	103.661	23447
THOR	0.320641	1.75914	1.95227	0.000552872	-1.39398	0.321205	0.274594	2.12213	-2.47477	-0.109508	-0.324214	0.0295536	198.371	0	183.062	280.791	0.00170106	1061.07	201.857	0	-1237.38	180.042	0	-108.157	72.5253	0	-136.498	232.264	0	103.661	23484
THOR	0.320682	1.75914	1.95228	0.000548678	-1.39399	0.321216	0.264538	2.12175	-2.47498	-0.108699	-0.31893	0.0298062	198.374	0	176.359	280.791	0.00168542	1060.88	201.857	0	-1237.49	180.042	0	-107.357	72.5238	0	-134.681	232.263	0	101.563	23516
THOR	0.320721	1.75914	1.95228	0.000544683	-1.394	0.321227	0.254858	2.12134	-2.47522	-0.107896	-0.313747	0.0300371	198.376	0	169.905	280.791	0.00167258	1060.67	201.857	0	-1237.61	180.042	0	-106.564	72.5223	0	-132.89	232.263	0	99.5151	23560
THOR	0.320759	1.75914	1.95228	0.000540688	-1.39401	0.321237	0.245531	2.12096	-2.47543	-0.107099	-0.308645	0.0302532	198.378	0	163.687	280.792	0.00165908	1060.48	201.857	0	-1237.71	180.041	0	-105.777	72.5209	0	-131.12	232.263	0	97.5057	23602
THOR	0.320759	1.75914	1.95228	0.000540688	-1.39401	0.321237	0.245531	2.12096	-2.47543	-0.107099	-0.308645	0.0302532	198.378	0	163.687	280.792	0.00165908	1060.48	201.857	0	-1237.71	180.041	0	-105.777	72.5209	0	-131.12	232.263	0	97.5057	23637
THOR	0.320795	1.75914	1.95228	0.000536694	-1.39402	0.321248	0.236538	2.12059	-2.47564	-0.106308	-0.303667	0.0304694	198.38	0	157.692	280.792	0.0016406	1060.29	201.857	0	-1237.82	180.041	0	-104.995	72.5195	0	-129.397	232.262	0	95.5418	23676
THOR	0.32083	1.75915	1.95228	0.000532699	-1.39403	0.321258	0.227882	2.12021	-2.47586	-0.105522	-0.298734	0.0306544	198.382	0	151.922	280.792	0.00161782	1060.11	201.857	0	-1237.93	180.041	0	-104.219	72.5181	0	-127.672	232.262	0	93.6119	23716
THOR	0.320864	1.75915	1.95228	0.000528704	-1.39404	0.321268	0.219543	2.11984	-2.47607	-0.104742	-0.293882	0.0308249	198.384	0	146.362	280.792	0.00159344	1059.92	201.857	0	-1238.04	180.04	0	-103.449	72.5167	0	-125.97	232.261	0	91.7201	23755
THOR	0.320896	1.75915	1.95228	0.000524909	-1.39404	0.321277	0.2115	2.1195	-2.47626	-0.103967	-0.289145	0.0310012	198.386	0	141	280.792	0.00157042	1059.75	201.857	0	-1238.13	180.04	0	-102.683	72.5154	0	-124.314	232.261	0	89.868	23796
THOR	0.320915	1.75915	1.95228	0.000522512	-1.39405	0.321283	0.20644	2.11927	-2.47638	-0.103468	-0.286119	0.0311077	198.387	0	137.627	280.792	0.0015562	1059.63	201.857	0	-1238.19	180.04	0	-102.191	72.5146	0	-123.252	232.261	0	88.6878	23838
THOR	0.320928	1.75915	1.95228	0.000520914	-1.39405	0.321287	0.203742	2.11915	-2.47648	-0.103198	-0.284464	0.0311407	198.388	0	135.828	280.792	0.00154811	1059.58	201.857	0	-1238.24	180.04	0	-101.924	72.5141	0	-122.657	232.261	0	88.0565	23875
THOR	0.320958	1.75915	1.95228	0.000517119	-1.39406	0.321296	0.196295	2.11878	-2.47666	-0.102435	-0.279895	0.031292	198.39	0	130.863	280.792	0.00152779	1059.39	201.858	0	-1238.33	180.04	0	-101.17	72.5128	0	-121.049	232.26	0	86.2803	23915
THOR	0.320987	1.75915	1.95228	0.000513324	-1.39407	0.321306	0.189105	2.11843	-2.47687	-0.101677	-0.275365	0.0314134	198.391	0	126.07	280.792	0.00150879	1059.22	201.858	0	-1238.44	180.039	0	-100.422	72.5116	0	-119.439	232.26	0	84.5351	23960
THOR	0.321015	1.75915	1.95228	0.000509529	-1.39408	0.321314	0.182186	2.11809	-2.47706	-0.100925	-0.270917	0.0315236	198.393	0	121.457	280.792	0.00149004	1059.04	201.858	0	-1238.53	180.039	0	-99.6794	72.5103	0	-117.853	232.26	0	82.8265	23997
THOR	0.321015	1.75915	1.95228	0.000509529	-1.39408	0.321314	0.182186	2.11809	-2.47706	-0.100925	-0.270917	0.0315236	198.393	0	121.457	280.792	0.00149004	1059.04	201.858	0	-1238.53	180.039	0	-99.6794	72.5103	0	-117.853	232.26	0	82.8265	24037
THOR	0.321042	1.75916	1.95228	0.000505734	-1.39409	0.321323	0.175518	2.11775	-2.47724	-0.100179	-0.266552	0.0316193	198.394	0	117.012	280.792	0.00147111	1058.87	201.858	0	-1238.62	180.039	0	-98.9423	72.5091	0	-116.289	232.26	0	81.1568	24067
THOR	0.321068	1.75916	1.95229	0.000501939	-1.39409	0.321332	0.169086	2.11743	-2.47743	-0.099438	-0.262253	0.0317115	198.396	0	112.724	280.792	0.00145217	1058.72	201.858	0	-1238.71	180.038	0	-98.2103	72.5079	0	-114.748	232.259	0	79.5132	24102
THOR	0.321093	1.75916	1.95229	0.000498344	-1.3941	0.32134	0.162896	2.11709	-2.47761	-0.0987026	-0.258076	0.0318074	198.397	0	108.597	280.792	0.00143273	1058.55	201.858	0	-1238.81	180.038	0	-97.4841	72.5067	0	-113.255	232.259	0	77.913	24141
THOR	0.321117	1.75916	1.95229	0.000494549	-1.39411	0.321349	0.156929	2.11678	-2.47776	-0.0979723	-0.253901	0.0318575	198.399	0	104.619	280.792	0.0014141	1058.39	201.858	0	-1238.88	180.038	0	-96.7628	72.5056	0	-111.736	232.259	0	76.3387	24180
THOR	0.321117	1.75916	1.95229	0.000494549	-1.39411	0.321349	0.156929	2.11678	-2.47776	-0.0979723	-0.253901	0.0318575	198.399	0	104.619	280.792	0.0014141	1058.39	201.858	0	-1238.88	180.038	0	-96.7628	72.5056	0	-111.736	232.259	0	76.3387	24220
THOR	0.32114	1.75916	1.95229	0.000490954	-1.39412	0.321357	0.151182	2.11643	-2.47795	-0.0972476	-0.249826	0.0319246	198.4	0	100.788	280.792	0.00139535	1058.22	201.858	0	-1238.97	180.038	0	-96.047	72.5044	0	-110.264	232.258	0	74.7922	24262
THOR	0.321162	1.75916	1.95229	0.000487358	-1.39412	0.321365	0.14565	2.11612	-2.4781	-0.0965284	-0.245833	0.0319809	198.401	0	97.1	280.793	0.00137679	1058.06	201.858	0	-1239.05	180.037	0	-95.3367	72.5033	0	-108.817	232.258	0	73.2822	24299
THOR	0.321184	1.75916	1.95229	0.000483763	-1.39413	0.321373	0.140313	2.11581	-2.47829	-0.0958142	-0.241882	0.0320067	198.402	0	93.5417	280.793	0.00135901	1057.9	201.858	0	-1239.14	180.037	0	-94.6313	72.5022	0	-107.367	232.258	0	71.8044	24335
THOR	0.321184	1.75916	1.95229	0.000483763	-1.39413	0.321373	0.140313	2.11581	-2.47829	-0.0958142	-0.241882	0.0320067	198.402	0	93.5417	280.793	0.00135901	1057.9	201.858	0	-1239.14	180.037	0	-94.6313	72.5022	0	-107.367	232.258	0	71.8044	24371
THOR	0.321205	1.75916	1.95229	0.000480168	-1.39414	0.32138	0.135166	2.1155	-2.47844	-0.0951047	-0.238024	0.0320509	198.404	0	90.1107	280.793	0.0013427	1057.75	201.858	0	-1239.22	180.037	0	-93.9306	72.5011	0	-105.963	232.258	0	70.3511	24413
THOR	0.321225	1.75917	1.95229	0.000476573	-1.39415	0.321388	0.130224	2.11522	-2.47859	-0.0944017	-0.234213	0.03207	198.405	0	86.8162	280.793	0.00132377	1057.61	201.858	0	-1239.3	180.036	0	-93.2362	72.5001	0	-104.562	232.257	0	68.929	24451
THOR	0.321244	1.75917	1.95229	0.000472977	-1.39415	0.321395	0.125457	2.1149	-2.47875	-0.0937031	-0.230468	0.0320823	198.406	0	83.6381	280.793	0.00130677	1057.45	201.858	0	-1239.37	180.036	0	-92.5462	72.499	0	-103.182	232.257	0	67.5351	24491
THOR	0.321262	1.75917	1.95229	0.000469582	-1.39416	0.321402	0.120861	2.11459	-2.4789	-0.0930098	-0.226795	0.0320892	198.407	0	80.5738	280.793	0.00129016	1057.29	201.858	0	-1239.45	180.036	0	-91.8615	72.498	0	-101.826	232.257	0	66.1709	24528
THOR	0.321262	1.75917	1.95229	0.000469582	-1.39416	0.321402	0.120861	2.11459	-2.4789	-0.0930098	-0.226795	0.0320892	198.407	0	80.5738	280.793	0.00129016	1057.29	201.858	0	-1239.45	180.036	0	-91.8615	72.498	0	-101.826	232.257	0	66.1709	24570
THOR	0.32128	1.75917	1.95229	0.000465987	-1.39417	0.321409	0.116436	2.11431	-2.47906	-0.0923219	-0.223195	0.0320912	198.408	0	77.624	280.793	0.00127255	1057.15	201.858	0	-1239.53	180.036	0	-91.1821	72.497	0	-100.493	232.257	0	64.8362	24610
THOR	0.321298	1.75917	1.95229	0.000462591	-1.39417	0.321416	0.112168	2.11403	-2.47918	-0.0916387	-0.219629	0.0320671	198.409	0	74.7785	280.793	0.00125588	1057.01	201.858	0	-1239.59	180.035	0	-90.5074	72.496	0	-99.159	232.257	0	63.529	24651
THOR	0.321314	1.75917	1.95229	0.000459196	-1.39418	0.321423	0.108064	2.11375	-2.47933	-0.0909606	-0.216156	0.0320649	198.41	0	72.0428	280.793	0.00123973	1056.87	201.858	0	-1239.67	180.035	0	-89.8376	72.4951	0	-97.8716	232.256	0	62.2439	24678
THOR	0.32133	1.75917	1.95229	0.0004558	-1.39419	0.321429	0.104099	2.11347	-2.47945	-0.0902873	-0.212719	0.0320377	198.411	0	69.3993	280.793	0.00122375	1056.73	201.858	0	-1239.73	180.035	0	-89.1727	72.4941	0	-96.5837	232.256	0	60.9862	24718
THOR	0.32133	1.75917	1.95229	0.0004558	-1.39419	0.321429	0.104099	2.11347	-2.47945	-0.0902873	-0.212719	0.0320377	198.411	0	69.3993	280.793	0.00122375	1056.73	201.858	0	-1239.73	180.035	0	-89.1727	72.4941	0	-96.5837	232.256	0	60.9862	24756
THOR	0.321346	1.75917	1.95229	0.000452404	-1.39419	0.321436	0.100286	2.11318	-2.47961	-0.0896193	-0.209316	0.0319883	198.412	0	66.8576	280.793	0.00120741	1056.59	201.858	0	-1239.8	180.035	0	-88.5129	72.4932	0	-95.2956	232.256	0	59.7531	24793
THOR	0.32136	1.75917	1.95229	0.000449009	-1.3942	0.321442	0.0966216	2.1129	-2.47973	-0.0889562	-0.206014	0.0319564	198.413	0	64.4144	280.793	0.00119146	1056.45	201.858	0	-1239.87	180.034	0	-87.858	72.4922	0	-94.0549	232.256	0	58.5478	24831
THOR	0.321375	1.75918	1.95229	0.000445813	-1.39421	0.321449	0.0930772	2.11262	-2.47985	-0.0882978	-0.202738	0.0319039	198.413	0	62.0514	280.793	0.00117628	1056.31	201.858	0	-1239.93	180.034	0	-87.2077	72.4913	0	-92.8126	232.256	0	57.3638	24865
THOR	0.321388	1.75918	1.95229	0.000442418	-1.39421	0.321455	0.0896614	2.11237	-2.48001	-0.0876439	-0.199523	0.0318517	198.414	0	59.7743	280.793	0.00116131	1056.19	201.858	0	-1240	180.034	0	-86.5619	72.4905	0	-91.5926	232.256	0	56.2019	24907
THOR	0.321388	1.75918	1.95229	0.000442418	-1.39421	0.321455	0.0896614	2.11237	-2.48001	-0.0876439	-0.199523	0.0318517	198.414	0	59.7743	280.793	0.00116131	1056.19	201.858	0	-1240	180.034	0	-86.5619	72.4905	0	-91.5926	232.256	0	56.2019	24950
THOR	0.321401	1.75918	1.9523	0.000439222	-1.39422	0.321461	0.0863834	2.11209	-2.48013	-0.0869957	-0.196378	0.0317994	198.415	0	57.5889	280.793	0.00114548	1056.05	201.858	0	-1240.07	180.034	0	-85.9217	72.4896	0	-90.3988	232.255	0	55.0661	24988
THOR	0.321414	1.75918	1.9523	0.000436026	-1.39423	0.321467	0.0832172	2.11184	-2.48025	-0.0863516	-0.193254	0.0317267	198.416	0	55.4781	280.793	0.0011308	1055.92	201.858	0	-1240.13	180.033	0	-85.2855	72.4887	0	-89.2016	232.255	0	53.9497	25030
THOR	0.321427	1.75918	1.9523	0.000432631	-1.39423	0.321472	0.0801719	2.11159	-2.48038	-0.0857128	-0.190239	0.0316701	198.416	0	53.4479	280.794	0.00111548	1055.8	201.858	0	-1240.19	180.033	0	-84.6546	72.4879	0	-88.0534	232.255	0	52.8645	25066
THOR	0.321438	1.75918	1.9523	0.000429435	-1.39424	0.321478	0.0772264	2.11134	-2.48047	-0.0850776	-0.187203	0.0315789	198.417	0	51.4843	280.794	0.00110214	1055.67	201.858	0	-1240.23	180.033	0	-84.0273	72.4871	0	-86.8783	232.255	0	51.7907	25108
THOR	0.321438	1.75918	1.9523	0.000429435	-1.39424	0.321478	0.0772264	2.11134	-2.48047	-0.0850776	-0.187203	0.0315789	198.417	0	51.4843	280.794	0.00110214	1055.67	201.858	0	-1240.23	180.033	0	-84.0273	72.4871	0	-86.8783	232.255	0	51.7907	25148
THOR	0.32145	1.75918	1.9523	0.000426439	-1.39424	0.321483	0.0743991	2.11109	-2.48059	-0.0844486	-0.184276	0.0315059	198.418	0	49.5994	280.794	0.00108675	1055.55	201.858	0	-1240.3	180.033	0	-83.406	72.4863	0	-85.7538	232.255	0	50.7472	25188
THOR	0.321461	1.75918	1.9523	0.000423243	-1.39425	0.321489	0.0716788	2.11084	-2.48071	-0.0838236	-0.181373	0.0314139	198.418	0	47.7858	280.794	0.00107248	1055.42	201.858	0	-1240.36	180.032	0	-82.7888	72.4855	0	-84.6272	232.255	0	49.7229	25222
THOR	0.321472	1.75918	1.9523	0.000420047	-1.39426	0.321494	0.0690487	2.11059	-2.48084	-0.0832029	-0.17852	0.0313281	198.419	0	46.0324	280.794	0.00105891	1055.3	201.858	0	-1240.42	180.032	0	-82.1757	72.4847	0	-83.5229	232.255	0	48.7139	25263
THOR	0.321472	1.75918	1.9523	0.000420047	-1.39426	0.321494	0.0690487	2.11059	-2.48084	-0.0832029	-0.17852	0.0313281	198.419	0	46.0324	280.794	0.00105891	1055.3	201.858	0	-1240.42	180.032	0	-82.1757	72.4847	0	-83.5229	232.255	0	48.7139	25305
THOR	0.321482	1.75918	1.9523	0.000416851	-1.39426	0.321499	0.0665189	2.11034	-2.48093	-0.0825872	-0.175734	0.0312417	198.42	0	44.346	280.794	0.00104501	1055.17	201.858	0	-1240.46	180.032	0	-81.5676	72.4839	0	-82.4433	232.254	0	47.7302	25344
THOR	0.321492	1.75918	1.9523	0.000413855	-1.39427	0.321504	0.0640834	2.11012	-2.48105	-0.0819758	-0.172975	0.0311349	198.42	0	42.7223	280.794	0.00103132	1055.06	201.858	0	-1240.53	180.032	0	-80.9637	72.4831	0	-81.3619	232.254	0	46.7675	25377
THOR	0.321501	1.75919	1.9523	0.000410859	-1.39427	0.321509	0.0617278	2.10987	-2.48114	-0.0813691	-0.170272	0.0310339	198.421	0	41.1519	280.794	0.00101779	1054.94	201.859	0	-1240.57	180.031	0	-80.3645	72.4824	0	-80.3049	232.254	0	45.8228	25415
THOR	0.32151	1.75919	1.9523	0.000407663	-1.39428	0.321514	0.0594715	2.10965	-2.48124	-0.0807668	-0.16759	0.030917	198.421	0	39.6476	280.794	0.00100441	1054.83	201.859	0	-1240.62	180.031	0	-79.7697	72.4817	0	-79.2466	232.254	0	44.8943	25453
THOR	0.32151	1.75919	1.9523	0.000407663	-1.39428	0.321514	0.0594715	2.10965	-2.48124	-0.0807668	-0.16759	0.030917	198.421	0	39.6476	280.794	0.00100441	1054.83	201.859	0	-1240.62	180.031	0	-79.7697	72.4817	0	-79.2466	232.254	0	44.8943	25493
THOR	0.321519	1.75919	1.9523	0.000404667	-1.39428	0.321519	0.0572852	2.1094	-2.48136	-0.0801687	-0.164969	0.030801	198.422	0	38.1901	280.794	0.000991912	1054.7	201.859	0	-1240.68	180.031	0	-79.1789	72.4809	0	-78.2112	232.254	0	43.9879	25540
THOR	0.321528	1.75919	1.9523	0.000401671	-1.39429	0.321524	0.0551895	2.10918	-2.48145	-0.0795752	-0.162397	0.0306957	198.422	0	36.793	280.794	0.000978622	1054.59	201.859	0	-1240.73	180.031	0	-78.5928	72.4802	0	-77.2001	232.254	0	43.0938	25574
THOR	0.321536	1.75919	1.9523	0.000398675	-1.39429	0.321528	0.0531623	2.10897	-2.48154	-0.0789863	-0.159855	0.0305695	198.423	0	35.4415	280.794	0.000965321	1054.48	201.859	0	-1240.77	180.03	0	-78.0112	72.4796	0	-76.1887	232.254	0	42.2227	25613
THOR	0.321544	1.75919	1.9523	0.000395879	-1.3943	0.321533	0.0512122	2.10875	-2.48164	-0.0784014	-0.157374	0.0304435	198.423	0	34.1415	280.794	0.000953118	1054.37	201.859	0	-1240.82	180.03	0	-77.4335	72.4789	0	-75.1997	232.254	0	41.3736	25658
THOR	0.321544	1.75919	1.9523	0.000395879	-1.3943	0.321533	0.0512122	2.10875	-2.48164	-0.0784014	-0.157374	0.0304435	198.423	0	34.1415	280.794	0.000953118	1054.37	201.859	0	-1240.82	180.03	0	-77.4335	72.4789	0	-75.1997	232.254	0	41.3736	25691
THOR	0.321551	1.75919	1.9523	0.000392883	-1.3943	0.321537	0.0493393	2.10853	-2.48173	-0.0778211	-0.154908	0.0303076	198.424	0	32.8929	280.794	0.000940227	1054.26	201.859	0	-1240.86	180.03	0	-76.8603	72.4782	0	-74.2108	232.254	0	40.5357	25730
THOR	0.321559	1.75919	1.9523	0.000389887	-1.39431	0.321541	0.0475315	2.10831	-2.48182	-0.077245	-0.152496	0.0301769	198.424	0	31.6877	280.794	0.000928276	1054.15	201.859	0	-1240.91	180.03	0	-76.2914	72.4775	0	-73.2451	232.254	0	39.7152	25759
THOR	0.321566	1.75919	1.9523	0.00038709	-1.39431	0.321546	0.0457685	2.10812	-2.48191	-0.0766715	-0.150124	0.0300538	198.424	0	30.5123	280.794	0.000918382	1054.06	201.859	0	-1240.96	180.03	0	-75.7249	72.4769	0	-72.298	232.253	0	38.9049	25797
THOR	0.321572	1.75919	1.9523	0.000384294	-1.39432	0.32155	0.0441064	2.1079	-2.482	-0.0761054	-0.147804	0.0299115	198.425	0	29.4043	280.794	0.000903875	1053.95	201.859	0	-1241	180.029	0	-75.1658	72.4763	0	-71.3599	232.253	0	38.1249	25838
THOR	0.321572	1.75919	1.9523	0.000384294	-1.39432	0.32155	0.0441064	2.1079	-2.482	-0.0761054	-0.147804	0.0299115	198.425	0	29.4043	280.794	0.000903875	1053.95	201.859	0	-1241	180.029	0	-75.1658	72.4763	0	-71.3599	232.253	0	38.1249	25875
THOR	0.321579	1.75919	1.9523	0.000381298	-1.39432	0.321554	0.0424815	2.10768	-2.48206	-0.0755416	-0.145522	0.029777	198.425	0	28.321	280.794	0.000892555	1053.84	201.859	0	-1241.03	180.029	0	-74.609	72.4756	0	-70.4397	232.253	0	37.3542	25920
THOR	0.321585	1.75919	1.9523	0.000378502	-1.39433	0.321558	0.0409258	2.1075	-2.48216	-0.0749825	-0.143258	0.0296316	198.425	0	27.2838	280.794	0.000880524	1053.75	201.859	0	-1241.08	180.029	0	-74.0568	72.475	0	-69.5204	232.253	0	36.5964	25961
THOR	0.321591	1.7592	1.9523	0.000375705	-1.39433	0.321562	0.0394285	2.10728	-2.48225	-0.0744274	-0.141046	0.029492	198.426	0	26.2857	280.794	0.000869294	1053.64	201.859	0	-1241.13	180.029	0	-73.5086	72.4744	0	-68.6237	232.253	0	35.8548	25999
THOR	0.321591	1.7592	1.9523	0.000375705	-1.39433	0.321562	0.0394285	2.10728	-2.48225	-0.0744274	-0.141046	0.029492	198.426	0	26.2857	280.794	0.000869294	1053.64	201.859	0	-1241.13	180.029	0	-73.5086	72.4744	0	-68.6237	232.253	0	35.8548	26033
THOR	0.321597	1.7592	1.9523	0.000372909	-1.39434	0.321566	0.0379824	2.10709	-2.48231	-0.0738764	-0.138857	0.0293368	198.426	0	25.3216	280.795	0.000857512	1053.55	201.859	0	-1241.16	180.028	0	-72.9644	72.4738	0	-67.7269	232.253	0	35.1305	26071
THOR	0.321603	1.7592	1.9523	0.000370313	-1.39434	0.321569	0.0365871	2.1069	-2.4824	-0.0733294	-0.136722	0.0291871	198.426	0	24.3914	280.795	0.000846488	1053.45	201.859	0	-1241.2	180.028	0	-72.4241	72.4732	0	-66.853	232.253	0	34.4229	26107
THOR	0.321608	1.7592	1.9523	0.000367516	-1.39435	0.321573	0.035244	2.10672	-2.48246	-0.0727865	-0.134635	0.0290483	198.427	0	23.496	280.795	0.000835442	1053.36	201.859	0	-1241.23	180.028	0	-71.8879	72.4727	0	-66.0027	232.253	0	33.7268	26148
THOR	0.321613	1.7592	1.9523	0.00036472	-1.39435	0.321577	0.0339535	2.10653	-2.48256	-0.0722477	-0.132562	0.0288993	198.427	0	22.6357	280.795	0.000824375	1053.26	201.859	0	-1241.28	180.028	0	-71.3557	72.4721	0	-65.1522	232.253	0	33.0418	26185
THOR	0.321618	1.7592	1.95231	0.000362123	-1.39436	0.32158	0.0327043	2.10634	-2.48262	-0.0717125	-0.130509	0.0287345	198.427	0	21.8029	280.795	0.000813981	1053.17	201.859	0	-1241.31	180.028	0	-70.8271	72.4716	0	-64.3003	232.253	0	32.3731	26227
THOR	0.321618	1.7592	1.95231	0.000362123	-1.39436	0.32158	0.0327043	2.10634	-2.48262	-0.0717125	-0.130509	0.0287345	198.427	0	21.8029	280.795	0.000813981	1053.17	201.859	0	-1241.31	180.028	0	-70.8271	72.4716	0	-64.3003	232.253	0	32.3731	26266
THOR	0.321623	1.7592	1.95231	0.000359327	-1.39436	0.321584	0.031501	2.10615	-2.48268	-0.0711815	-0.128505	0.0285806	198.428	0	21.0007	280.795	0.000803222	1053.08	201.859	0	-1241.34	180.027	0	-70.3027	72.471	0	-63.4725	232.253	0	31.7163	26303
THOR	0.321628	1.7592	1.95231	0.00035673	-1.39436	0.321587	0.0303524	2.10597	-2.48277	-0.0706547	-0.126526	0.0284107	198.428	0	20.2349	280.795	0.000792469	1052.98	201.859	0	-1241.39	180.027	0	-69.7824	72.4705	0	-62.6452	232.253	0	31.0778	26346
THOR	0.321632	1.7592	1.95231	0.000354134	-1.39437	0.32159	0.0292367	2.10578	-2.48283	-0.0701314	-0.124591	0.0282519	198.428	0	19.4911	280.795	0.000782564	1052.89	201.859	0	-1241.42	180.027	0	-69.2656	72.47	0	-61.8402	232.253	0	30.4492	26383
THOR	0.321632	1.7592	1.95231	0.000354134	-1.39437	0.32159	0.0292367	2.10578	-2.48283	-0.0701314	-0.124591	0.0282519	198.428	0	19.4911	280.795	0.000782564	1052.89	201.859	0	-1241.42	180.027	0	-69.2656	72.47	0	-61.8402	232.253	0	30.4492	26420
THOR	0.321637	1.7592	1.95231	0.000351537	-1.39437	0.321593	0.0281581	2.10559	-2.48289	-0.0696118	-0.1227	0.0281043	198.428	0	18.7721	280.795	0.000772455	1052.8	201.859	0	-1241.45	180.027	0	-68.7524	72.4695	0	-61.0581	232.253	0	29.8311	26458
THOR	0.321641	1.7592	1.95231	0.000348941	-1.39438	0.321597	0.0271261	2.10544	-2.48296	-0.0690967	-0.120807	0.027919	198.429	0	18.084	280.795	0.000761905	1052.72	201.859	0	-1241.48	180.027	0	-68.2437	72.4689	0	-60.2537	232.253	0	29.2326	26496
THOR	0.321645	1.7592	1.95231	0.000346344	-1.39438	0.3216	0.0261296	2.10525	-2.48302	-0.0685849	-0.118979	0.0277716	198.429	0	17.4197	280.795	0.000752459	1052.62	201.859	0	-1241.51	180.026	0	-67.7382	72.4684	0	-59.495	232.253	0	28.6376	26536
THOR	0.321649	1.7592	1.95231	0.000343748	-1.39438	0.321603	0.0251714	2.10509	-2.48311	-0.0680773	-0.117145	0.0275869	198.429	0	16.781	280.795	0.000742221	1052.55	201.859	0	-1241.56	180.026	0	-67.2368	72.4679	0	-58.7132	232.253	0	28.0611	26574
THOR	0.321649	1.7592	1.95231	0.000343748	-1.39438	0.321603	0.0251714	2.10509	-2.48311	-0.0680773	-0.117145	0.0275869	198.429	0	16.781	280.795	0.000742221	1052.55	201.859	0	-1241.56	180.026	0	-67.2368	72.4679	0	-58.7132	232.253	0	28.0611	26614
THOR	0.321653	1.7592	1.95231	0.000341151	-1.39439	0.321606	0.0242485	2.1049	-2.48317	-0.0675731	-0.115379	0.0274399	198.429	0	16.1657	280.795	0.000732758	1052.45	201.859	0	-1241.59	180.026	0	-66.7388	72.4675	0	-57.9775	232.253	0	27.4887	26656
THOR	0.321656	1.75921	1.95231	0.000338554	-1.39439	0.321609	0.023356	2.10475	-2.48323	-0.0670729	-0.113607	0.0272558	198.43	0	15.5707	280.795	0.000722915	1052.37	201.859	0	-1241.62	180.026	0	-66.2448	72.467	0	-57.2187	232.253	0	26.9345	26693
THOR	0.32166	1.75921	1.95231	0.000336158	-1.3944	0.321612	0.0224993	2.10459	-2.48329	-0.066576	-0.111879	0.0270823	198.43	0	14.9995	280.795	0.000713695	1052.3	201.859	0	-1241.65	180.026	0	-65.7541	72.4665	0	-56.4822	232.253	0	26.3908	26732
THOR	0.321663	1.75921	1.95231	0.000333561	-1.3944	0.321614	0.0216725	2.10444	-2.48332	-0.066083	-0.110191	0.0269255	198.43	0	14.4483	280.795	0.000704294	1052.22	201.859	0	-1241.66	180.025	0	-65.2672	72.4661	0	-55.7701	232.252	0	25.8529	26772
THOR	0.321663	1.75921	1.95231	0.000333561	-1.3944	0.321614	0.0216725	2.10444	-2.48332	-0.066083	-0.110191	0.0269255	198.43	0	14.4483	280.795	0.000704294	1052.22	201.859	0	-1241.66	180.025	0	-65.2672	72.4661	0	-55.7701	232.252	0	25.8529	26816
THOR	0.321666	1.75921	1.95231	0.000331164	-1.3944	0.321617	0.0208752	2.10428	-2.48339	-0.0655936	-0.108526	0.0267523	198.43	0	13.9168	280.795	0.000694796	1052.14	201.859	0	-1241.69	180.025	0	-64.7839	72.4656	0	-55.0572	232.252	0	25.3324	26852
THOR	0.321669	1.75921	1.95231	0.000328767	-1.39441	0.32162	0.0201079	2.10412	-2.48345	-0.0651078	-0.106867	0.0265742	198.43	0	13.4053	280.795	0.000686185	1052.06	201.859	0	-1241.72	180.025	0	-64.304	72.4652	0	-54.3439	232.252	0	24.8171	26882
THOR	0.321672	1.75921	1.95231	0.00032637	-1.39441	0.321623	0.0193702	2.10397	-2.48351	-0.0646258	-0.105265	0.0264015	198.43	0	12.9135	280.795	0.000676936	1051.98	201.859	0	-1241.75	180.025	0	-63.828	72.4648	0	-53.6545	232.252	0	24.3196	26920
THOR	0.321675	1.75921	1.95231	0.000323774	-1.39441	0.321625	0.0186544	2.10381	-2.48357	-0.0641473	-0.103669	0.0262236	198.431	0	12.4363	280.795	0.000668053	1051.91	201.859	0	-1241.79	180.025	0	-63.3554	72.4643	0	-52.9646	232.252	0	23.8272	26960
THOR	0.321675	1.75921	1.95231	0.000323774	-1.39441	0.321625	0.0186544	2.10381	-2.48357	-0.0641473	-0.103669	0.0262236	198.431	0	12.4363	280.795	0.000668053	1051.91	201.859	0	-1241.79	180.025	0	-63.3554	72.4643	0	-52.9646	232.252	0	23.8272	27003
THOR	0.321678	1.75921	1.95231	0.000321377	-1.39442	0.321628	0.0179681	2.10365	-2.4836	-0.0636722	-0.10212	0.0260568	198.431	0	11.9787	280.795	0.000659545	1051.83	201.859	0	-1241.8	180.025	0	-62.8861	72.4639	0	-52.2982	232.252	0	23.3461	27041
THOR	0.321681	1.75921	1.95231	0.00031918	-1.39442	0.32163	0.017303	2.1035	-2.48366	-0.0632006	-0.100577	0.0258846	198.431	0	11.5354	280.795	0.000650882	1051.75	201.859	0	-1241.83	180.024	0	-62.4203	72.4635	0	-51.6309	232.252	0	22.8703	27081
THOR	0.321683	1.75921	1.95231	0.000316783	-1.39442	0.321633	0.0166691	2.10334	-2.48372	-0.0627327	-0.0990504	0.0257019	198.431	0	11.1128	280.795	0.000642215	1051.67	201.859	0	-1241.86	180.024	0	-61.9582	72.4631	0	-50.9642	232.252	0	22.4065	27121
THOR	0.321686	1.75921	1.95231	0.000314386	-1.39443	0.321635	0.0160564	2.10322	-2.48375	-0.062268	-0.0975697	0.0255301	198.431	0	10.7043	280.795	0.000633998	1051.61	201.859	0	-1241.88	180.024	0	-61.4993	72.4627	0	-50.3203	232.252	0	21.9535	27161
THOR	0.321686	1.75921	1.95231	0.000314386	-1.39443	0.321635	0.0160564	2.10322	-2.48375	-0.062268	-0.0975697	0.0255301	198.431	0	10.7043	280.795	0.000633998	1051.61	201.859	0	-1241.88	180.024	0	-61.4993	72.4627	0	-50.3203	232.252	0	21.9535	27199
THOR	0.321688	1.75921	1.95231	0.000311989	-1.39443	0.321637	0.0154658	2.10306	-2.48382	-0.0618067	-0.0961036	0.0253477	198.431	0	10.3106	280.795	0.000625929	1051.53	201.859	0	-1241.91	180.024	0	-61.0437	72.4623	0	-49.676	232.252	0	21.5119	27240
THOR	0.32169	1.75921	1.95231	0.000309792	-1.39443	0.32164	0.0148901	2.1029	-2.48385	-0.0613491	-0.0946782	0.0251816	198.432	0	9.92676	280.795	0.00061779	1051.45	201.859	0	-1241.92	180.024	0	-60.5917	72.4619	0	-49.0558	232.252	0	21.0762	27279
THOR	0.321692	1.75921	1.95231	0.000307795	-1.39444	0.321642	0.014375	2.10277	-2.48391	-0.06092	-0.0933342	0.0250182	198.432	0	9.58333	280.795	0.000609928	1051.38	201.859	0	-1241.95	180.024	0	-60.1679	72.4616	0	-48.4672	232.252	0	20.6692	27308
THOR	0.321695	1.75921	1.95231	0.000305198	-1.39444	0.321644	0.0138126	2.10262	-2.48394	-0.0604438	-0.0918641	0.0248229	198.432	0	9.20842	280.796	0.00060149	1051.31	201.859	0	-1241.97	180.023	0	-59.6976	72.4612	0	-47.8143	232.252	0	20.2332	27350
THOR	0.321695	1.75921	1.95231	0.000305198	-1.39444	0.321644	0.0138126	2.10262	-2.48394	-0.0604438	-0.0918641	0.0248229	198.432	0	9.20842	280.796	0.00060149	1051.31	201.859	0	-1241.97	180.023	0	-59.6976	72.4612	0	-47.8143	232.252	0	20.2332	27388
THOR	0.321697	1.75921	1.95231	0.000303001	-1.39444	0.321646	0.0133037	2.1025	-2.484	-0.0599962	-0.090499	0.0246572	198.432	0	8.86916	280.796	0.000593203	1051.25	201.859	0	-1242	180.023	0	-59.2555	72.4608	0	-47.2166	232.252	0	19.8197	27434
THOR	0.321699	1.75921	1.95231	0.000300604	-1.39445	0.321648	0.0128164	2.10237	-2.48403	-0.0595516	-0.0891483	0.0244807	198.432	0	8.54427	280.796	0.000585895	1051.19	201.859	0	-1242.02	180.023	0	-58.8164	72.4604	0	-46.6183	232.252	0	19.4175	27471
THOR	0.321701	1.75921	1.95231	0.000298407	-1.39445	0.32165	0.0123447	2.10225	-2.48409	-0.0591107	-0.0878145	0.0242939	198.432	0	8.2298	280.796	0.000578117	1051.12	201.859	0	-1242.05	180.023	0	-58.3809	72.4601	0	-46.0205	232.252	0	19.0273	27509
THOR	0.321702	1.75922	1.95231	0.00029621	-1.39445	0.321652	0.0118872	2.10209	-2.48412	-0.058673	-0.0865201	0.0241229	198.432	0	7.92482	280.796	0.000570746	1051.05	201.859	0	-1242.06	180.023	0	-57.9487	72.4597	0	-45.4461	232.252	0	18.6428	27551
THOR	0.321702	1.75922	1.95231	0.00029621	-1.39445	0.321652	0.0118872	2.10209	-2.48412	-0.058673	-0.0865201	0.0241229	198.432	0	7.92482	280.796	0.000570746	1051.05	201.859	0	-1242.06	180.023	0	-57.9487	72.4597	0	-45.4461	232.252	0	18.6428	27594
THOR	0.321704	1.75922	1.95231	0.000294013	-1.39446	0.321654	0.011452	2.10197	-2.48419	-0.0582385	-0.0852319	0.023947	198.432	0	7.63468	280.796	0.000563073	1050.98	201.859	0	-1242.09	180.022	0	-57.5195	72.4594	0	-44.8712	232.252	0	18.2635	27629
THOR	0.321706	1.75922	1.95231	0.000291816	-1.39446	0.321656	0.0110233	2.10184	-2.48422	-0.0578071	-0.0839907	0.0237818	198.432	0	7.34889	280.796	0.0005553	1050.92	201.859	0	-1242.11	180.022	0	-57.0934	72.4591	0	-44.3198	232.252	0	17.8956	27658
THOR	0.321708	1.75922	1.95231	0.000289619	-1.39446	0.321658	0.0106174	2.10172	-2.48425	-0.0573789	-0.082724	0.0235898	198.432	0	7.07825	280.796	0.000548538	1050.86	201.859	0	-1242.12	180.022	0	-56.6705	72.4587	0	-43.744	232.252	0	17.5331	27701
THOR	0.321709	1.75922	1.95231	0.000288021	-1.39446	0.32166	0.0103051	2.10161	-2.48428	-0.0570353	-0.0817402	0.0234511	198.433	0	6.87009	280.796	0.00054354	1050.81	201.859	0	-1242.14	180.022	0	-56.3312	72.4585	0	-43.3026	232.252	0	17.2458	27744
THOR	0.321709	1.75922	1.95231	0.000287621	-1.39446	0.32166	0.0102269	2.10159	-2.48428	-0.0569541	-0.0814987	0.0234142	198.433	0	6.81793	280.796	0.000541284	1050.8	201.859	0	-1242.14	180.022	0	-56.251	72.4584	0	-43.1926	232.252	0	17.1768	27783
THOR	0.321711	1.75922	1.95231	0.000285424	-1.39447	0.321662	0.00985069	2.10147	-2.48434	-0.0565323	-0.0803192	0.0232489	198.433	0	6.56713	280.796	0.0005339	1050.73	201.859	0	-1242.17	180.022	0	-55.8344	72.4581	0	-42.6639	232.252	0	16.8318	27821
THOR	0.321712	1.75922	1.95231	0.000283227	-1.39447	0.321664	0.00948098	2.10134	-2.48437	-0.0561135	-0.0791386	0.0230842	198.433	0	6.32065	280.796	0.000527385	1050.67	201.859	0	-1242.18	180.022	0	-55.4207	72.4578	0	-42.1351	232.252	0	16.486	27862
THOR	0.321714	1.75922	1.95231	0.00028123	-1.39447	0.321666	0.0091347	2.10122	-2.4844	-0.055698	-0.0779741	0.0229088	198.433	0	6.0898	280.796	0.000520363	1050.61	201.859	0	-1242.2	180.021	0	-55.0103	72.4575	0	-41.6064	232.252	0	16.1522	27906
THOR	0.321714	1.75922	1.95231	0.00028123	-1.39447	0.321666	0.0091347	2.10122	-2.4844	-0.055698	-0.0779741	0.0229088	198.433	0	6.0898	280.796	0.000520363	1050.61	201.859	0	-1242.2	180.021	0	-55.0103	72.4575	0	-41.6064	232.252	0	16.1522	27943
THOR	0.321715	1.75922	1.95231	0.000279232	-1.39448	0.321667	0.00879522	2.10112	-2.48443	-0.0552855	-0.0768248	0.0227226	198.433	0	5.86348	280.796	0.000513624	1050.56	201.859	0	-1242.22	180.021	0	-54.603	72.4572	0	-41.0773	232.252	0	15.83	27983
THOR	0.321716	1.75922	1.95231	0.000277035	-1.39448	0.321669	0.00847049	2.101	-2.48446	-0.0548761	-0.0757068	0.0225582	198.433	0	5.64699	280.796	0.000506735	1050.5	201.859	0	-1242.23	180.021	0	-54.1986	72.4569	0	-40.5719	232.252	0	15.5072	28021
THOR	0.321718	1.75922	1.95231	0.000275038	-1.39448	0.32167	0.00815297	2.10087	-2.48449	-0.0544697	-0.0746037	0.022383	198.433	0	5.43532	280.796	0.000500316	1050.44	201.859	0	-1242.25	180.021	0	-53.7972	72.4566	0	-40.066	232.252	0	15.196	28059
THOR	0.321718	1.75922	1.95231	0.000275038	-1.39448	0.32167	0.00815297	2.10087	-2.48449	-0.0544697	-0.0746037	0.022383	198.433	0	5.43532	280.796	0.000500316	1050.44	201.859	0	-1242.25	180.021	0	-53.7972	72.4566	0	-40.066	232.252	0	15.196	28099
THOR	0.321719	1.75922	1.95231	0.000273041	-1.39448	0.321672	0.00784995	2.10078	-2.48455	-0.0540661	-0.0734994	0.0222077	198.433	0	5.2333	280.796	0.000493764	1050.39	201.859	0	-1242.28	180.021	0	-53.3987	72.4563	0	-39.5596	232.252	0	14.8844	28144
THOR	0.32172	1.75922	1.95231	0.000271043	-1.39449	0.321674	0.00756241	2.10066	-2.48458	-0.0536657	-0.0724112	0.0220221	198.433	0	5.04161	280.796	0.000486893	1050.33	201.859	0	-1242.29	180.021	0	-53.0031	72.456	0	-39.0535	232.252	0	14.5844	28176
THOR	0.321721	1.75922	1.95231	0.000269046	-1.39449	0.321675	0.00728239	2.10053	-2.48461	-0.0532683	-0.0713626	0.0218523	198.433	0	4.85493	280.796	0.000480845	1050.26	201.859	0	-1242.31	180.021	0	-52.6107	72.4557	0	-38.5707	232.252	0	14.2904	28209
THOR	0.321722	1.75922	1.95231	0.000267048	-1.39449	0.321677	0.00700862	2.10044	-2.48465	-0.0528736	-0.0703202	0.0216773	198.433	0	4.67242	280.796	0.000473889	1050.22	201.859	0	-1242.32	180.02	0	-52.2208	72.4555	0	-38.0875	232.252	0	14.0016	28255
THOR	0.321723	1.75922	1.95231	0.000265051	-1.39449	0.321678	0.00675066	2.10034	-2.48468	-0.052482	-0.0693185	0.0215188	198.433	0	4.50044	280.796	0.000468212	1050.17	201.859	0	-1242.34	180.02	0	-51.834	72.4552	0	-37.6284	232.252	0	13.7187	28290
THOR	0.321723	1.75922	1.95231	0.000265051	-1.39449	0.321678	0.00675066	2.10034	-2.48468	-0.052482	-0.0693185	0.0215188	198.433	0	4.50044	280.796	0.000468212	1050.17	201.859	0	-1242.34	180.02	0	-51.834	72.4552	0	-37.6284	232.252	0	13.7187	28323
THOR	0.321724	1.75922	1.95231	0.000263054	-1.3945	0.32168	0.00650008	2.10022	-2.48471	-0.0520934	-0.068324	0.0213544	198.433	0	4.33339	280.796	0.000461931	1050.11	201.859	0	-1242.35	180.02	0	-51.4503	72.4549	0	-37.1687	232.252	0	13.4416	28357
THOR	0.321725	1.75922	1.95231	0.000261056	-1.3945	0.321681	0.0062563	2.10012	-2.48474	-0.0517076	-0.0673279	0.0211903	198.434	0	4.17087	280.796	0.000456018	1050.06	201.859	0	-1242.37	180.02	0	-51.0692	72.4547	0	-36.7086	232.252	0	13.1638	28389
THOR	0.321726	1.75922	1.95231	0.000259059	-1.3945	0.321683	0.00602789	2.1	-2.48477	-0.0513246	-0.066348	0.0210156	198.434	0	4.01859	280.796	0.000450321	1050	201.859	0	-1242.38	180.02	0	-50.691	72.4544	0	-36.2487	232.252	0	12.898	28432
THOR	0.321727	1.75922	1.95231	0.000257261	-1.3945	0.321684	0.00579813	2.0999	-2.48477	-0.050944	-0.065374	0.0208353	198.434	0	3.86542	280.796	0.000445022	1049.95	201.859	0	-1242.38	180.02	0	-50.3151	72.4542	0	-35.7877	232.252	0	12.6374	28473
THOR	0.321727	1.75922	1.95231	0.000257261	-1.3945	0.321684	0.00579813	2.0999	-2.48477	-0.050944	-0.065374	0.0208353	198.434	0	3.86542	280.796	0.000445022	1049.95	201.859	0	-1242.38	180.02	0	-50.3151	72.4542	0	-35.7877	232.252	0	12.6374	28506
THOR	0.321728	1.75922	1.95231	0.000255264	-1.39451	0.321685	0.00558478	2.09981	-2.4848	-0.0505671	-0.0644418	0.0206718	198.434	0	3.72319	280.796	0.000438316	1049.91	201.859	0	-1242.4	180.02	0	-49.9428	72.4539	0	-35.3517	232.252	0	12.383	28544
THOR	0.321729	1.75922	1.95231	0.000253466	-1.39451	0.321687	0.00537777	2.09972	-2.48483	-0.0501922	-0.0635147	0.0205024	198.434	0	3.58518	280.796	0.00043257	1049.86	201.859	0	-1242.41	180.019	0	-49.5725	72.4537	0	-34.9142	232.252	0	12.1337	28587
THOR	0.32173	1.75922	1.95231	0.000251469	-1.39451	0.321688	0.0051792	2.09962	-2.48486	-0.0498207	-0.0625896	0.0203335	198.434	0	3.4528	280.796	0.00042711	1049.81	201.859	0	-1242.43	180.019	0	-49.2057	72.4534	0	-34.4777	232.252	0	11.885	28626
THOR	0.32173	1.75923	1.95231	0.000249671	-1.39451	0.321689	0.00497957	2.0995	-2.48489	-0.0494518	-0.0617106	0.020175	198.434	0	3.31971	280.796	0.000421606	1049.75	201.859	0	-1242.45	180.019	0	-48.8413	72.4532	0	-34.0641	232.252	0	11.6474	28668
THOR	0.32173	1.75923	1.95231	0.000249671	-1.39451	0.321689	0.00497957	2.0995	-2.48489	-0.0494518	-0.0617106	0.020175	198.434	0	3.31971	280.796	0.000421606	1049.75	201.859	0	-1242.45	180.019	0	-48.8413	72.4532	0	-34.0641	232.252	0	11.6474	28707
THOR	0.321731	1.75923	1.95231	0.000247874	-1.39451	0.321691	0.00479519	2.0994	-2.48492	-0.0490855	-0.0608308	0.0200167	198.434	0	3.1968	280.796	0.000416113	1049.7	201.859	0	-1242.46	180.019	0	-48.4795	72.453	0	-33.6503	232.253	0	11.4095	28743
THOR	0.321732	1.75923	1.95231	0.000246076	-1.39452	0.321692	0.00461811	2.09931	-2.48495	-0.0487219	-0.0599583	0.0198531	198.434	0	3.07874	280.796	0.000410669	1049.66	201.859	0	-1242.48	180.019	0	-48.1204	72.4527	0	-33.2363	232.253	0	11.1773	28783
THOR	0.321732	1.75923	1.95231	0.000244278	-1.39452	0.321693	0.00443977	2.09922	-2.48495	-0.0483607	-0.0590936	0.0196845	198.434	0	2.95985	280.796	0.000405165	1049.61	201.859	0	-1242.48	180.019	0	-47.7637	72.4525	0	-32.8223	232.253	0	10.9507	28825
THOR	0.321732	1.75923	1.95231	0.000244278	-1.39452	0.321693	0.00443977	2.09922	-2.48495	-0.0483607	-0.0590936	0.0196845	198.434	0	2.95985	280.796	0.000405165	1049.61	201.859	0	-1242.48	180.019	0	-47.7637	72.4525	0	-32.8223	232.253	0	10.9507	28865
THOR	0.321733	1.75923	1.95231	0.000242281	-1.39452	0.321694	0.00427861	2.09912	-2.48498	-0.0480027	-0.058269	0.0195313	198.434	0	2.85241	280.796	0.000400087	1049.56	201.859	0	-1242.49	180.019	0	-47.4101	72.4523	0	-32.4319	232.253	0	10.7304	28903
THOR	0.321734	1.75923	1.95231	0.000240483	-1.39452	0.321695	0.00411596	2.09906	-2.48501	-0.0476471	-0.0574504	0.0193728	198.434	0	2.74397	280.796	0.000394787	1049.53	201.859	0	-1242.51	180.018	0	-47.0588	72.4521	0	-32.0406	232.253	0	10.5153	28947
THOR	0.321734	1.75923	1.95231	0.000238886	-1.39452	0.321696	0.00396107	2.09897	-2.48504	-0.0472942	-0.0566328	0.0192149	198.434	0	2.64071	280.796	0.000389235	1049.48	201.859	0	-1242.52	180.018	0	-46.7103	72.4519	0	-31.6501	232.253	0	10.3002	28981
THOR	0.321735	1.75923	1.95231	0.000237088	-1.39453	0.321697	0.00381356	2.09887	-2.48508	-0.0469438	-0.0558217	0.0190513	198.434	0	2.54237	280.796	0.000384427	1049.44	201.859	0	-1242.54	180.018	0	-46.3642	72.4517	0	-31.2588	232.253	0	10.0907	29024
THOR	0.321735	1.75923	1.95231	0.000237088	-1.39453	0.321697	0.00381356	2.09887	-2.48508	-0.0469438	-0.0558217	0.0190513	198.434	0	2.54237	280.796	0.000384427	1049.44	201.859	0	-1242.54	180.018	0	-46.3642	72.4517	0	-31.2588	232.253	0	10.0907	29067
THOR	0.321736	1.75923	1.95231	0.00023529	-1.39453	0.321699	0.0036655	2.09878	-2.48508	-0.0465961	-0.0550187	0.0188825	198.434	0	2.44367	280.796	0.000379525	1049.39	201.859	0	-1242.54	180.018	0	-46.0208	72.4515	0	-30.8676	232.253	0	9.88702	29100
THOR	0.321736	1.75923	1.95231	0.000233493	-1.39453	0.3217	0.00353337	2.09869	-2.48511	-0.0462511	-0.0542553	0.0187299	198.434	0	2.35558	280.796	0.0003744	1049.34	201.859	0	-1242.55	180.018	0	-45.68	72.4513	0	-30.5	232.253	0	9.68906	29140
THOR	0.321737	1.75923	1.95231	0.000231895	-1.39453	0.321701	0.0034005	2.09862	-2.48514	-0.0459084	-0.0534908	0.0185771	198.434	0	2.267	280.796	0.000369374	1049.31	201.859	0	-1242.57	180.018	0	-45.3416	72.4511	0	-30.132	232.253	0	9.49083	29178
THOR	0.321737	1.75923	1.95231	0.000231895	-1.39453	0.321701	0.0034005	2.09862	-2.48514	-0.0459084	-0.0534908	0.0185771	198.434	0	2.267	280.796	0.000369374	1049.31	201.859	0	-1242.57	180.018	0	-45.3416	72.4511	0	-30.132	232.253	0	9.49083	29221
THOR	0.321737	1.75923	1.95231	0.000230097	-1.39453	0.321702	0.00326727	2.09853	-2.48514	-0.0455684	-0.0527345	0.0184193	198.434	0	2.17818	280.796	0.000364685	1049.27	201.859	0	-1242.57	180.018	0	-45.0058	72.4509	0	-29.7642	232.253	0	9.29837	29262
THOR	0.321738	1.75923	1.95231	0.000228299	-1.39454	0.321703	0.00314157	2.09844	-2.48517	-0.0452308	-0.051985	0.0182558	198.434	0	2.09438	280.796	0.000360144	1049.22	201.859	0	-1242.58	180.017	0	-44.6724	72.4507	0	-29.3958	232.253	0	9.11163	29301
THOR	0.321738	1.75923	1.95231	0.000226702	-1.39454	0.321704	0.00302372	2.09837	-2.4852	-0.0448959	-0.051268	0.0181138	198.434	0	2.01582	280.796	0.000355053	1049.19	201.859	0	-1242.6	180.017	0	-44.3416	72.4505	0	-29.0514	232.253	0	8.92492	29338
THOR	0.321739	1.75923	1.95231	0.000225104	-1.39454	0.321705	0.00291336	2.09828	-2.4852	-0.0445633	-0.0505582	0.0179668	198.434	0	1.94224	280.796	0.000350379	1049.14	201.859	0	-1242.6	180.017	0	-44.0131	72.4503	0	-28.7068	232.253	0	8.74374	29377
THOR	0.321739	1.75923	1.95232	0.000223506	-1.39454	0.321705	0.0028114	2.09822	-2.48523	-0.0442514	-0.0499077	0.0178289	198.434	0	1.87427	280.796	0.000346593	1049.11	201.859	0	-1242.61	180.017	0	-43.7051	72.4501	0	-28.3892	232.253	0	8.57939	29420
THOR	0.321739	1.75923	1.95232	0.000223306	-1.39454	0.321705	0.00280238	2.09819	-2.48523	-0.0442331	-0.0498552	0.0178139	198.434	0	1.86826	280.796	0.00034627	1049.09	201.859	0	-1242.61	180.017	0	-43.687	72.4501	0	-28.3615	232.253	0	8.56827	29461
THOR	0.32174	1.75923	1.95232	0.000221708	-1.39454	0.321706	0.00269151	2.09812	-2.48526	-0.0439055	-0.0491526	0.0176615	198.434	0	1.79434	280.796	0.00034151	1049.06	201.859	0	-1242.63	180.017	0	-43.3635	72.4499	0	-28.0166	232.253	0	8.39276	29498
THOR	0.32174	1.75923	1.95232	0.00022011	-1.39454	0.321707	0.00258811	2.09803	-2.48526	-0.0435803	-0.0484575	0.0175037	198.434	0	1.72541	280.797	0.000337218	1049.01	201.859	0	-1242.63	180.017	0	-43.0422	72.4498	0	-27.6715	232.253	0	8.22294	29536
THOR	0.32174	1.75923	1.95232	0.000218512	-1.39455	0.321708	0.00249215	2.09797	-2.48529	-0.0432572	-0.047801	0.0173615	198.434	0	1.66143	280.797	0.000333055	1048.98	201.859	0	-1242.65	180.017	0	-42.7232	72.4496	0	-27.3493	232.253	0	8.05881	29581
THOR	0.321741	1.75923	1.95232	0.000216715	-1.39455	0.321709	0.00239353	2.09791	-2.48529	-0.0429267	-0.0471277	0.0172157	198.434	0	1.59568	280.797	0.000328277	1048.95	201.859	0	-1242.65	180.017	0	-42.3968	72.4494	0	-27.019	232.253	0	7.89044	29618
THOR	0.321741	1.75923	1.95232	0.000216715	-1.39455	0.321709	0.00239646	2.09791	-2.48529	-0.042937	-0.0471461	0.0172199	198.434	0	1.59764	280.797	0.000328277	1048.95	201.859	0	-1242.65	180.017	0	-42.4069	72.4494	0	-27.0281	232.253	0	7.8949	29657
THOR	0.321741	1.75923	1.95232	0.000215117	-1.39455	0.32171	0.00230801	2.09781	-2.48532	-0.0426189	-0.0464975	0.0170727	198.434	0	1.53867	280.797	0.000324361	1048.91	201.859	0	-1242.66	180.016	0	-42.0928	72.4492	0	-26.7061	232.253	0	7.73647	29694
THOR	0.321742	1.75923	1.95232	0.000213519	-1.39455	0.321711	0.00221958	2.09775	-2.48532	-0.0423033	-0.0458487	0.0169256	198.434	0	1.47972	280.797	0.000319822	1048.87	201.859	0	-1242.66	180.016	0	-41.781	72.4491	0	-26.3841	232.253	0	7.57792	29731
THOR	0.321742	1.75923	1.95232	0.000212121	-1.39455	0.321711	0.00213075	2.09769	-2.48535	-0.0419899	-0.0452078	0.0167731	198.434	0	1.4205	280.797	0.000315565	1048.84	201.859	0	-1242.68	180.016	0	-41.4715	72.4489	0	-26.0621	232.253	0	7.42524	29775
THOR	0.321742	1.75923	1.95232	0.000212121	-1.39455	0.321711	0.00213075	2.09769	-2.48535	-0.0419899	-0.0452078	0.0167731	198.434	0	1.4205	280.797	0.000315565	1048.84	201.859	0	-1242.68	180.016	0	-41.4715	72.4489	0	-26.0621	232.253	0	7.42524	29804
THOR	0.321742	1.75923	1.95232	0.000210523	-1.39455	0.321712	0.0020496	2.09759	-2.48535	-0.0416788	-0.0445978	0.0166421	198.434	0	1.3664	280.797	0.00031154	1048.8	201.859	0	-1242.68	180.016	0	-41.1642	72.4488	0	-25.7633	232.253	0	7.27213	29846
THOR	0.321743	1.75923	1.95232	0.000208925	-1.39456	0.321713	0.00196825	2.09753	-2.48538	-0.0413701	-0.0439965	0.0165056	198.434	0	1.31217	280.797	0.00030709	1048.77	201.859	0	-1242.69	180.016	0	-40.8594	72.4486	0	-25.4648	232.253	0	7.1252	29884
THOR	0.321743	1.75923	1.95232	0.000207327	-1.39456	0.321714	0.0018946	2.09747	-2.48541	-0.0410636	-0.0434018	0.0163639	198.435	0	1.26307	280.797	0.000303369	1048.73	201.859	0	-1242.71	180.016	0	-40.5566	72.4485	0	-25.1658	232.253	0	6.98365	29925
THOR	0.321743	1.75923	1.95232	0.000205729	-1.39456	0.321715	0.0018207	2.09741	-2.48541	-0.0407594	-0.042807	0.0162221	198.435	0	1.2138	280.797	0.000299531	1048.7	201.859	0	-1242.71	180.016	0	-40.2562	72.4483	0	-24.8667	232.253	0	6.84217	29962
THOR	0.321743	1.75923	1.95232	0.000205729	-1.39456	0.321715	0.0018207	2.09741	-2.48541	-0.0407594	-0.042807	0.0162221	198.435	0	1.2138	280.797	0.000299531	1048.7	201.859	0	-1242.71	180.016	0	-40.2562	72.4483	0	-24.8667	232.253	0	6.84217	30003
THOR	0.321743	1.75923	1.95232	0.000204331	-1.39456	0.321715	0.00174679	2.09731	-2.48541	-0.0404576	-0.0422126	0.0160804	198.435	0	1.16452	280.797	0.000295405	1048.66	201.859	0	-1242.71	180.016	0	-39.9581	72.4481	0	-24.5679	232.253	0	6.70072	30043
THOR	0.321744	1.75923	1.95232	0.000202733	-1.39456	0.321716	0.00168045	2.09725	-2.48544	-0.0401579	-0.0416251	0.0159334	198.435	0	1.1203	280.797	0.000291287	1048.62	201.859	0	-1242.72	180.015	0	-39.6621	72.448	0	-24.2686	232.253	0	6.56482	30085
THOR	0.321744	1.75923	1.95232	0.000201335	-1.39456	0.321717	0.00161399	2.09719	-2.48544	-0.0398602	-0.0410767	0.0158022	198.435	0	1.076	280.797	0.000287832	1048.59	201.859	0	-1242.72	180.015	0	-39.3681	72.4479	0	-23.9926	232.253	0	6.43461	30125
THOR	0.321744	1.75923	1.95232	0.000199737	-1.39457	0.321717	0.00155535	2.09712	-2.48547	-0.0395651	-0.0405292	0.0156712	198.435	0	1.0369	280.797	0.000283728	1048.56	201.859	0	-1242.74	180.015	0	-39.0766	72.4477	0	-23.717	232.253	0	6.30458	30162
THOR	0.321744	1.75923	1.95232	0.000199737	-1.39457	0.321717	0.00155535	2.09712	-2.48547	-0.0395651	-0.0405292	0.0156712	198.435	0	1.0369	280.797	0.000283728	1048.56	201.859	0	-1242.74	180.015	0	-39.0766	72.4477	0	-23.717	232.253	0	6.30458	30201
THOR	0.321744	1.75923	1.95232	0.000198339	-1.39457	0.321718	0.00148843	2.09706	-2.48547	-0.039272	-0.0399809	0.0155403	198.435	0	0.992286	280.797	0.000280117	1048.53	201.859	0	-1242.74	180.015	0	-38.7872	72.4476	0	-23.4412	232.253	0	6.17426	30237
THOR	0.321745	1.75923	1.95232	0.000196741	-1.39457	0.321719	0.00142936	2.097	-2.48551	-0.0389811	-0.0394403	0.0154039	198.435	0	0.952904	280.797	0.000276248	1048.5	201.859	0	-1242.75	180.015	0	-38.4999	72.4474	0	-23.1652	232.253	0	6.04984	30281
THOR	0.321745	1.75924	1.95232	0.000195343	-1.39457	0.321719	0.00137818	2.09694	-2.4855	-0.0386924	-0.0389075	0.0152621	198.435	0	0.918786	280.797	0.000272822	1048.47	201.859	0	-1242.75	180.015	0	-38.2147	72.4473	0	-22.8891	232.253	0	5.93123	30319
THOR	0.321745	1.75924	1.95232	0.000193945	-1.39457	0.32172	0.00131866	2.09687	-2.48554	-0.0384058	-0.0383982	0.0151471	198.435	0	0.879108	280.797	0.000268961	1048.44	201.859	0	-1242.77	180.015	0	-37.9317	72.4472	0	-22.6366	232.253	0	5.80649	30359
THOR	0.321745	1.75924	1.95232	0.000193945	-1.39457	0.32172	0.00131866	2.09687	-2.48554	-0.0384058	-0.0383982	0.0151471	198.435	0	0.879108	280.797	0.000268961	1048.44	201.859	0	-1242.77	180.015	0	-37.9317	72.4472	0	-22.6366	232.253	0	5.80649	30399
THOR	0.321745	1.75924	1.95232	0.000192547	-1.39457	0.321721	0.00126708	2.09681	-2.48554	-0.0381213	-0.0378727	0.015	198.435	0	0.844721	280.797	0.000265711	1048.41	201.859	0	-1242.77	180.015	0	-37.6507	72.447	0	-22.3603	232.253	0	5.69356	30441
THOR	0.321746	1.75924	1.95232	0.000191148	-1.39457	0.321721	0.00121529	2.09675	-2.48554	-0.0378389	-0.0373707	0.0148798	198.435	0	0.810196	280.797	0.000262257	1048.37	201.859	0	-1242.77	180.015	0	-37.3718	72.4469	0	-22.1076	232.253	0	5.57445	30478
THOR	0.321746	1.75924	1.95232	0.00018975	-1.39458	0.321722	0.00117146	2.09669	-2.48557	-0.0375587	-0.0368764	0.014754	198.435	0	0.780974	280.797	0.00025875	1048.34	201.859	0	-1242.78	180.014	0	-37.095	72.4468	0	-21.8546	232.253	0	5.46125	30513
THOR	0.321746	1.75924	1.95232	0.000188152	-1.39458	0.321722	0.00111622	2.09662	-2.48557	-0.037276	-0.0363903	0.0146231	198.435	0	0.744144	280.797	0.00025541	1048.31	201.859	0	-1242.78	180.014	0	-36.8158	72.4466	0	-21.6018	232.253	0	5.35397	30557
THOR	0.321746	1.75924	1.95232	0.000188152	-1.39458	0.321722	0.00111937	2.09662	-2.48557	-0.0372804	-0.03639	0.014623	198.435	0	0.74625	280.797	0.00025541	1048.31	201.859	0	-1242.78	180.014	0	-36.8201	72.4466	0	-21.6017	232.253	0	5.35387	30597
THOR	0.321746	1.75924	1.95232	0.000186954	-1.39458	0.321723	0.00107506	2.09656	-2.4856	-0.0370042	-0.0358948	0.0144972	198.435	0	0.716709	280.797	0.00025202	1048.28	201.859	0	-1242.8	180.014	0	-36.5473	72.4465	0	-21.3484	232.253	0	5.24037	30636
THOR	0.321746	1.75924	1.95232	0.000185556	-1.39458	0.321724	0.00103081	2.09653	-2.4856	-0.0367301	-0.0354163	0.0143609	198.435	0	0.687205	280.797	0.000249125	1048.27	201.859	0	-1242.8	180.014	0	-36.2767	72.4464	0	-21.0954	232.253	0	5.13887	30678
THOR	0.321746	1.75924	1.95232	0.000185556	-1.39458	0.321724	0.00103081	2.09653	-2.4856	-0.0367301	-0.0354163	0.0143609	198.435	0	0.687205	280.797	0.000249125	1048.27	201.859	0	-1242.8	180.014	0	-36.2767	72.4464	0	-21.0954	232.253	0	5.13887	30709
THOR	0.321746	1.75924	1.95232	0.000184158	-1.39458	0.321724	0.000994355	2.09647	-2.4856	-0.036458	-0.0349607	0.0142512	198.435	0	0.662903	280.797	0.00024567	1048.23	201.859	0	-1242.8	180.014	0	-36.0079	72.4463	0	-20.8657	232.253	0	5.03109	30749
THOR	0.321747	1.75924	1.95232	0.000182759	-1.39458	0.321725	0.000949668	2.09641	-2.48563	-0.0361879	-0.0344811	0.0141148	198.435	0	0.633112	280.797	0.0002421	1048.2	201.86	0	-1242.81	180.014	0	-35.7411	72.4462	0	-20.6123	232.253	0	4.9292	30786
THOR	0.321747	1.75924	1.95232	0.000181361	-1.39458	0.321725	0.000913048	2.09634	-2.48563	-0.0359199	-0.0340415	0.0139945	198.435	0	0.608699	280.797	0.000239056	1048.17	201.86	0	-1242.81	180.014	0	-35.4764	72.4461	0	-20.3827	232.253	0	4.83325	30824
THOR	0.321747	1.75924	1.95232	0.000179963	-1.39458	0.321726	0.0008762	2.09628	-2.48563	-0.0356538	-0.0335931	0.0138794	198.435	0	0.584133	280.797	0.000236583	1048.14	201.86	0	-1242.81	180.014	0	-35.2136	72.4459	0	-20.1527	232.253	0	4.73112	30861
THOR	0.321747	1.75924	1.95232	0.000178765	-1.39459	0.321726	0.000839176	2.09625	-2.48566	-0.0353897	-0.0331529	0.0137591	198.435	0	0.559451	280.797	0.000232963	1048.12	201.86	0	-1242.83	180.014	0	-34.9528	72.4458	0	-19.9228	232.254	0	4.63489	30900
THOR	0.321747	1.75924	1.95232	0.000178765	-1.39459	0.321726	0.000839176	2.09625	-2.48566	-0.0353897	-0.0331529	0.0137591	198.435	0	0.559451	280.797	0.000232963	1048.12	201.86	0	-1242.83	180.014	0	-34.9528	72.4458	0	-19.9228	232.254	0	4.63489	30935
THOR	0.321747	1.75924	1.95232	0.000177367	-1.39459	0.321727	0.000802154	2.09619	-2.48566	-0.0351276	-0.0327204	0.0136333	198.435	0	0.53477	280.797	0.000229816	1048.09	201.86	0	-1242.83	180.014	0	-34.6939	72.4457	0	-19.6927	232.254	0	4.5446	30976
THOR	0.321747	1.75924	1.95232	0.000176168	-1.39459	0.321727	0.000772945	2.09612	-2.48566	-0.0348673	-0.0323194	0.013529	198.435	0	0.515297	280.797	0.000227119	1048.06	201.86	0	-1242.83	180.013	0	-34.4369	72.4456	0	-19.4863	232.254	0	4.45406	31016
THOR	0.321747	1.75924	1.95232	0.00017477	-1.39459	0.321728	0.000735689	2.09609	-2.48569	-0.0346091	-0.0318863	0.0134032	198.435	0	0.49046	280.797	0.000223948	1048.05	201.86	0	-1242.84	180.013	0	-34.1818	72.4455	0	-19.256	232.254	0	4.36352	31055
THOR	0.321748	1.75924	1.95232	0.000173372	-1.39459	0.321728	0.000706322	2.09603	-2.48569	-0.0343527	-0.0314849	0.013299	198.435	0	0.470882	280.797	0.000220784	1048.02	201.86	0	-1242.84	180.013	0	-33.9286	72.4454	0	-19.0494	232.254	0	4.27275	31095
THOR	0.321748	1.75924	1.95232	0.000173372	-1.39459	0.321728	0.000706322	2.09603	-2.48569	-0.0343527	-0.0314849	0.013299	198.435	0	0.470882	280.797	0.000220784	1048.02	201.86	0	-1242.84	180.013	0	-33.9286	72.4454	0	-19.0494	232.254	0	4.27275	31136
THOR	0.321748	1.75924	1.95232	0.000172173	-1.39459	0.321729	0.000676859	2.09597	-2.48569	-0.0340982	-0.0310913	0.0131891	198.435	0	0.45124	280.797	0.000218553	1047.98	201.86	0	-1242.84	180.013	0	-33.6772	72.4453	0	-18.8426	232.254	0	4.188	31177
THOR	0.321748	1.75924	1.95232	0.000170975	-1.39459	0.321729	0.000647234	2.09594	-2.48572	-0.0338456	-0.0306653	0.0130581	198.435	0	0.431489	280.797	0.000214989	1047.97	201.86	0	-1242.86	180.013	0	-33.4277	72.4452	0	-18.612	232.254	0	4.10304	31216
THOR	0.321748	1.75924	1.95232	0.000169577	-1.39459	0.321729	0.000617592	2.09587	-2.48572	-0.0335949	-0.0302715	0.0129483	198.435	0	0.411728	280.797	0.000212433	1047.94	201.86	0	-1242.86	180.013	0	-33.1802	72.4451	0	-18.4052	232.254	0	4.01814	31257
THOR	0.321748	1.75924	1.95232	0.000168378	-1.39459	0.32173	0.000595832	2.09584	-2.48572	-0.033346	-0.0298852	0.0128332	198.435	0	0.397221	280.797	0.000209739	1047.92	201.86	0	-1242.86	180.013	0	-32.9343	72.445	0	-18.1981	232.254	0	3.93903	31299
THOR	0.321748	1.75924	1.95232	0.000168378	-1.39459	0.32173	0.000595832	2.09584	-2.48572	-0.033346	-0.0298852	0.0128332	198.435	0	0.397221	280.797	0.000209739	1047.92	201.86	0	-1242.86	180.013	0	-32.9343	72.445	0	-18.1981	232.254	0	3.93903	31331
THOR	0.321748	1.75924	1.95232	0.00016718	-1.39459	0.32173	0.000565938	2.09578	-2.48572	-0.0330989	-0.0295305	0.0127395	198.435	0	0.377292	280.797	0.000207073	1047.89	201.86	0	-1242.86	180.013	0	-32.6903	72.4449	0	-18.0148	232.254	0	3.85972	31373
THOR	0.321748	1.75924	1.95232	0.000165982	-1.3946	0.321731	0.000544051	2.09575	-2.48575	-0.0328537	-0.0291435	0.0126243	198.435	0	0.362701	280.797	0.000204212	1047.87	201.86	0	-1242.88	180.013	0	-32.4481	72.4448	0	-17.8074	232.254	0	3.78043	31406
THOR	0.321748	1.75924	1.95232	0.000164583	-1.3946	0.321731	0.00052207	2.09569	-2.48575	-0.0326103	-0.0287569	0.0125093	198.435	0	0.348046	280.797	0.000201693	1047.84	201.86	0	-1242.88	180.013	0	-32.2077	72.4447	0	-17.6003	232.254	0	3.70112	31447
THOR	0.321748	1.75924	1.95232	0.000163385	-1.3946	0.321732	0.000491978	2.09566	-2.48575	-0.0323688	-0.0284094	0.01241	198.435	0	0.327985	280.797	0.000199002	1047.83	201.86	0	-1242.88	180.012	0	-31.9692	72.4446	0	-17.4164	232.254	0	3.62759	31490
THOR	0.321748	1.75924	1.95232	0.000163385	-1.3946	0.321732	0.000491978	2.09566	-2.48575	-0.0323688	-0.0284094	0.01241	198.435	0	0.327985	280.797	0.000199002	1047.83	201.86	0	-1242.88	180.012	0	-31.9692	72.4446	0	-17.4164	232.254	0	3.62759	31526
THOR	0.321748	1.75924	1.95232	0.000162187	-1.3946	0.321732	0.000469896	2.09559	-2.48578	-0.0321291	-0.0280622	0.012311	198.435	0	0.313264	280.797	0.000196338	1047.8	201.86	0	-1242.89	180.012	0	-31.7324	72.4445	0	-17.2329	232.254	0	3.55397	31564
THOR	0.321749	1.75924	1.95232	0.000160988	-1.3946	0.321732	0.000447648	2.09556	-2.48578	-0.0318911	-0.027683	0.0121905	198.435	0	0.298432	280.797	0.000193578	1047.78	201.86	0	-1242.89	180.012	0	-31.4974	72.4445	0	-17.0255	232.254	0	3.48044	31603
THOR	0.321749	1.75924	1.95232	0.00015979	-1.3946	0.321733	0.000433459	2.09553	-2.48578	-0.0316548	-0.0273431	0.012086	198.435	0	0.288973	280.797	0.000191623	1047.77	201.86	0	-1242.89	180.012	0	-31.264	72.4444	0	-16.8415	232.254	0	3.41263	31645
THOR	0.321749	1.75924	1.95232	0.00015979	-1.3946	0.321733	0.000433459	2.09553	-2.48578	-0.0316548	-0.0273431	0.012086	198.435	0	0.288973	280.797	0.000191623	1047.77	201.86	0	-1242.89	180.012	0	-31.264	72.4444	0	-16.8415	232.254	0	3.41263	31683
THOR	0.321749	1.75924	1.95232	0.000158591	-1.3946	0.321733	0.00041116	2.09547	-2.48578	-0.0314203	-0.0270031	0.0119815	198.435	0	0.274107	280.797	0.000188703	1047.73	201.86	0	-1242.89	180.012	0	-31.0324	72.4443	0	-16.6576	232.254	0	3.34477	31721
THOR	0.321749	1.75924	1.95232	0.000157593	-1.3946	0.321733	0.000388699	2.09544	-2.48578	-0.0311876	-0.0266631	0.011877	198.435	0	0.259133	280.797	0.000186313	1047.72	201.86	0	-1242.89	180.012	0	-30.8025	72.4442	0	-16.4736	232.254	0	3.27687	31766
THOR	0.321749	1.75924	1.95232	0.000156394	-1.3946	0.321734	0.00037431	2.09537	-2.48581	-0.0309565	-0.0263547	0.0117938	198.435	0	0.24954	280.797	0.000183877	1047.69	201.86	0	-1242.91	180.012	0	-30.5743	72.4441	0	-16.3131	232.254	0	3.20889	31803
THOR	0.318825	1.758	1.95888	0.000155196	-1.38397	0.312695	-5.68846	-6.26976	4.13339	-0.0321748	4.54586	0.529099	198.267	0	-3792.3	280.726	0	-3134.88	202.235	11.7136	2066.7	180.012	0	-31.7776	73.8304	20.2979	1389.71	232.421	0	-1977.6	31846
THOR	0.318825	1.758	1.95888	0.000155196	-1.38397	0.312695	-5.68846	-6.26976	4.13339	-0.0321748	4.54586	0.529099	198.267	0	-3792.3	280.726	0	-3134.88	202.235	11.7136	2066.7	180.012	0	-31.7776	73.8304	20.2979	1389.71	232.421	0	-1977.6	31885
THOR	0.312215	1.75272	1.97075	0.000160189	-1.36219	0.294321	-4.84376	-5.0646	3.3074	-0.0354491	0.877477	0.791081	197.889	0	-3229.17	280.424	0	-2532.3	202.916	14.8687	1653.7	180.012	0	-35.0115	76.6572	28.0955	-114.498	232.753	0	-764.481	31919
THOR	0.303304	1.74402	1.98451	0.000168978	-1.33606	0.272589	-4.26444	-4.20428	2.87983	-0.0385558	-0.49716	0.936358	197.378	0	-2842.96	279.925	0	-2102.14	203.704	16.5018	1439.91	180.013	0	-38.0798	80.0222	31.1532	-704.332	233.123	0	-336.065	31950
THOR	0.292721	1.73292	1.9995	0.000180163	-1.30833	0.249751	-3.81849	-3.58664	2.55124	-0.0418168	-0.925207	0.996057	196.772	0	-2545.66	279.289	0	-1793.32	204.563	17.757	1275.62	180.014	0	-41.3005	83.5736	32.1469	-896.034	233.497	0	-210.696	31991
THOR	0.280787	1.72	2.01551	0.000193945	-1.28017	0.226635	-3.44397	-3.09042	2.25786	-0.047148	-0.994268	1.00376	196.088	0	-2295.98	278.549	0	-1545.21	205.48	18.8776	1128.93	180.015	0	-46.5659	87.1736	32.3017	-925.893	233.871	0	-189.399	32033
THOR	0.280787	1.72	2.01551	0.000193945	-1.28017	0.226635	-3.44397	-3.09042	2.25786	-0.047148	-0.994268	1.00376	196.088	0	-2295.98	278.549	0	-1545.21	205.48	18.8776	1128.93	180.015	0	-46.5659	87.1736	32.3017	-925.893	233.871	0	-189.399	32063
THOR	0.267701	1.70557	2.03247	0.000226702	-1.25208	0.203532	-3.12421	-2.6757	1.9849	-0.0686396	-0.901804	0.978239	195.338	0	-2082.81	277.722	0	-1337.85	206.452	19.9202	992.448	180.017	0	-67.7922	90.7687	32.0507	-877.468	234.247	0	-209.465	32103
THOR	0.253618	1.68984	2.05029	0.000304599	-1.22429	0.18055	-2.84269	-2.30815	1.73212	-0.10779	-0.756361	0.936581	194.531	0	-1895.13	276.821	0	-1154.07	207.473	20.8858	866.059	180.023	0	-106.46	94.3363	31.6515	-800.457	234.629	0	-240.189	32146
THOR	0.238655	1.67295	2.06893	0.000435227	-1.19687	0.157712	-2.59446	-1.97867	1.49975	-0.156657	-0.595503	0.886795	193.674	0	-1729.64	275.853	0	-989.337	208.541	21.7733	749.876	180.033	0	-154.723	97.8701	31.1992	-713.221	235.021	0	-272.108	32182
THOR	0.222916	1.65502	2.0883	0.000609797	-1.16985	0.135015	-2.37575	-1.68148	1.28811	-0.207906	-0.434636	0.83375	192.772	0	-1583.83	274.826	0	-840.741	209.651	22.5818	644.055	180.047	0	-205.339	101.369	30.7376	-624.171	235.424	0	-302.218	32224
THOR	0.222916	1.65502	2.0883	0.000609797	-1.16985	0.135015	-2.37575	-1.68148	1.28811	-0.207906	-0.434636	0.83375	192.772	0	-1583.83	274.826	0	-840.741	209.651	22.5818	644.055	180.047	0	-205.339	101.369	30.7376	-624.171	235.424	0	-302.218	32262
THOR	0.206495	1.63615	2.10834	0.000809135	-1.14323	0.112447	-2.18364	-1.40981	1.09839	-0.254685	-0.281982	0.780647	191.831	0	-1455.76	273.745	0	-704.904	210.799	23.3064	549.196	180.062	0	-251.541	104.833	30.2916	-538.13	235.838	0	-329.255	32300
THOR	0.189475	1.61641	2.12898	0.00101307	-1.11699	0.0899942	-2.01492	-1.15749	0.930282	-0.293493	-0.139171	0.728903	190.856	0	-1343.28	272.613	0	-578.744	211.982	23.9486	465.141	180.077	0	-289.869	108.267	29.8684	-456.491	236.265	0	-353.401	32338
THOR	0.171929	1.59585	2.15014	0.00120302	-1.09111	0.0676446	-1.8669	-0.921423	0.781392	-0.322308	-0.00604505	0.679284	189.851	0	-1244.6	271.436	0	-460.712	213.194	24.5173	390.696	180.092	0	-318.329	111.67	29.4699	-379.619	236.702	0	-375.141	32372
THOR	0.155382	1.57627	2.17002	0.00135462	-1.06759	0.0471837	-1.7563	-0.711166	0.655229	-0.350822	-1.01631	-0.117225	188.903	0	-1170.87	270.314	0	-355.583	214.333	24.9839	327.614	180.103	0	-346.491	114.776	29.1273	-311.287	237.114	0	441.537	32411
THOR	0.153931	1.57454	2.17177	0.0013692	-1.06556	0.0454421	-1.75955	-0.701048	0.649182	-0.359469	-1.15928	-0.218449	188.82	0	-1173.04	270.214	0	-350.524	214.433	25.0223	324.591	180.105	0	-355.031	115.042	29.0986	-308.001	237.147	0	550.722	32451
THOR	0.136013	1.55251	2.19381	0.00174091	-1.04033	0.0268528	-1.90414	-0.495041	0.532671	-0.591596	-2.21246	-1.03938	187.793	0	-1269.43	268.952	0	-247.521	215.696	25.4673	266.336	180.133	0	-584.292	118.086	28.7565	-241.995	237.299	0	1396.87	32485
THOR	0.118618	1.52983	2.21621	0.0023519	-1.01538	0.0150409	-2.03893	-0.302733	0.432125	-0.749944	-1.56065	-0.715105	186.796	0	-1359.29	267.653	0	-151.367	216.98	25.8514	216.063	180.18	0	-740.686	120.53	28.4389	-180.74	236.884	0	975.3	32525
THOR	0.101513	1.50612	2.23831	0.00286822	-0.990902	0.0083412	-2.08232	0.347815	-1.88302	-0.753052	-0.626483	-0.515092	185.816	0	-1388.21	266.294	0	173.907	218.246	23.3928	-941.508	180.219	0	-743.755	122.509	27.2214	54.1313	236.058	0	518.193	32570
THOR	0.101513	1.50612	2.23831	0.00286822	-0.990902	0.0083412	-2.08232	0.347815	-1.88302	-0.753052	-0.626483	-0.515092	185.816	0	-1388.21	266.294	0	173.907	218.246	23.3928	-941.508	180.219	0	-743.755	122.509	27.2214	54.1313	236.058	0	518.193	32605
THOR	0.0844233	1.47865	2.25551	0.00308993	-0.968317	0.00474416	-2.05551	1.63603	-2.86865	-0.650327	0.447119	-0.661712	184.837	0	-1370.34	264.721	0	818.017	219.231	16.4062	-1434.32	180.236	0	-642.298	124.112	24.7378	533.217	235.073	0	202.018	32643
THOR	0.067126	1.44754	2.2672	0.00310491	-0.94755	0.00290538	-1.962	2.52804	-3.14029	-0.627385	1.1753	-0.756147	183.846	0	-1308	262.938	0	1264.02	219.901	10.899	-1570.15	180.237	0	-619.639	125.46	23.0678	855.38	234.041	0	-15.2163	32685
THOR	0.0494674	1.41412	2.27485	0.00310751	-0.927886	0.0020248	-1.84619	3.89913	-3.22173	-0.626506	1.5884	-0.805118	182.834	0	-1230.79	261.023	0	1949.57	220.339	0	-1610.86	180.237	0	-618.772	126.662	22.1336	1035.58	232.99	0	-141.008	32726
THOR	0.0316732	1.38191	2.28162	0.00305098	-0.909273	0.0017414	1.89285	10.2944	-5.58343	-0.496358	2.34196	-0.967924	181.815	0	1261.9	259.178	0	5147.19	220.727	0	-2791.71	180.233	0	-490.23	127.753	20.2179	1405.13	231.948	0	-329.658	32764
THOR	0.0316732	1.38191	2.28162	0.00305098	-0.909273	0.0017414	1.89285	10.2944	-5.58343	-0.496358	2.34196	-0.967924	181.815	0	1261.9	259.178	0	5147.19	220.727	0	-2791.71	180.233	0	-490.23	127.753	20.2179	1405.13	231.948	0	-329.658	32802
THOR	0.0153587	1.35276	2.28774	0.00216195	-0.892732	0.00173887	4.90637	15.6985	-6.01956	0.248395	2.95895	-1.33741	180.88	0	3270.92	257.507	0	7849.23	221.078	0	-3009.78	180.165	0	245.329	128.701	17.9692	1838.92	231	0	-352.901	32839
THOR	0.00189511	1.32521	2.29172	-5.3929e-06	-0.877634	0.00176887	6.61957	15.245	-5.89392	1.19471	3.27951	-1.51226	180.109	0	4413.04	255.929	-30.7296	7622.5	221.306	0	-2946.96	180	0	1179.96	129.563	16.8502	2054.78	230.133	0	-374.488	32876
THOR	-0.00821852	1.29927	2.29402	-0.00295072	-0.863135	0.0019268	7.31294	14.7236	-5.69211	1.97148	3.54125	-1.46557	179.529	-9.72871	4875.29	254.443	-28.7381	7361.81	221.438	0	-2846.06	179.775	0	1947.14	130.38	16.4822	2125.78	229.288	0	-497.368	32914
THOR	-0.0150546	1.27523	2.29524	-0.00589923	-0.84877	0.00222951	7.28168	14.1129	-5.50995	2.41071	3.65843	-1.38928	179.137	-6.14392	4854.45	253.065	-26.4052	7056.44	221.507	0	-2754.98	179.549	-3.12928	2380.95	131.177	16.4769	2126.8	228.439	0	-583.153	32953
THOR	-0.0150546	1.27523	2.29524	-0.00589923	-0.84877	0.00222951	7.28168	14.1129	-5.50995	2.41071	3.65843	-1.38928	179.137	-6.14392	4854.45	253.065	-26.4052	7056.44	221.507	0	-2754.98	179.549	-3.12928	2380.95	131.177	16.4769	2126.8	228.439	0	-583.153	32990
THOR	-0.0189529	1.25335	2.2958	-0.00821958	-0.834336	0.00249884	6.6919	13.4308	-5.36067	2.49696	3.62736	-1.36437	178.914	-3.00728	4461.27	251.812	-23.7999	6715.4	221.539	0	-2680.33	179.372	-2.15355	2466.14	131.981	16.6083	2101.45	227.589	0	-585.483	33027
THOR	-0.0203636	1.23384	2.29598	-0.00953705	-0.81977	0.00259791	5.71798	12.7014	-5.2393	2.26797	3.51448	-1.38362	178.833	-0.419778	3811.99	250.694	-21.0137	6350.69	221.55	0	-2619.65	179.271	-0.887984	2239.98	132.807	16.7696	2070.34	226.746	0	-532.981	33063
THOR	-0.0199473	1.21685	2.29601	-0.0097278	-0.80505	0.00261451	4.67754	11.9189	-5.23135	1.93038	3.45103	-1.36267	178.857	1.35272	3118.36	249.72	-18.025	5959.47	221.552	0	-2615.67	179.257	0.0745998	1906.55	133.649	16.9517	2035.2	225.901	0	-521.122	33101
THOR	-0.0194187	1.21137	2.29602	-0.00967546	-0.799715	0.00261434	4.19085	11.6105	-5.23283	1.8445	3.4336	-1.3549	178.887	1.93371	2793.9	249.407	-16.9429	5805.23	221.552	0	-2616.41	179.261	0.247126	1821.73	133.955	17.0032	2024.42	225.596	0	-518.981	33138
THOR	-0.0180898	1.20248	2.29604	-0.009423	-0.790196	0.00261025	3.45466	11.1326	-5.23493	1.64704	3.40977	-1.34671	178.964	2.73039	2303.11	248.897	-15.0214	5566.29	221.553	0	-2617.46	179.28	0.642718	1626.71	134.501	17.0769	2011.05	225.051	0	-514.703	33177
THOR	-0.015311	1.19073	2.29606	-0.00856792	-0.775252	0.00259321	2.29348	10.3497	-5.23778	1.22696	3.37467	-1.34006	179.123	3.51508	1528.99	248.224	-12.0308	5174.83	221.554	0	-2618.89	179.345	1.27722	1211.82	135.358	17.1634	1994.36	224.196	0	-505.398	33215
THOR	-0.0120665	1.18158	2.29608	-0.00722309	-0.760244	0.0025624	1.24649	9.57075	-5.23991	0.77297	3.34157	-1.33984	179.309	3.84165	830.99	247.7	-9.0556	4785.38	221.555	0	-2619.95	179.448	1.74591	763.427	136.221	17.2276	1981.98	223.339	0	-493.264	33252
THOR	-0.00870454	1.17503	2.29609	-0.00558625	-0.745186	0.00246635	0.354197	8.7956	-5.24158	0.363992	3.2182	-1.40399	179.501	3.81212	236.132	247.324	-6.09473	4397.8	221.556	0	-2620.79	179.573	1.94887	359.498	137.092	17.2797	1971.92	222.484	0	-411.928	33293
THOR	-0.00870454	1.17503	2.29609	-0.00558625	-0.745186	0.00246635	0.354197	8.7956	-5.24158	0.363992	3.2182	-1.40399	179.501	3.81212	236.132	247.324	-6.09473	4397.8	221.556	0	-2620.79	179.573	1.94887	359.498	137.092	17.2797	1971.92	222.484	0	-411.928	33334
THOR	-0.0054981	1.17105	2.2961	-0.00388549	-0.730086	0.00220394	-0.353629	8.02361	-5.24278	0.0331931	3.04702	-1.50287	179.685	3.51056	-235.753	247.096	-3.14596	4011.8	221.557	0	-2621.39	179.703	0	32.7833	137.98	17.3236	1963.45	221.641	0	-293.597	33372
THOR	-0.00264505	1.16963	2.29611	-0.00228759	-0.714948	0.0018398	-0.867622	7.27197	-5.23569	-0.213092	2.89382	-1.57454	179.848	0	-578.415	247.015	-0.274921	3635.99	221.557	0	-2617.84	179.825	0	-210.461	138.878	17.4114	1946.53	220.805	0	-197.043	33409
THOR	-0.000278567	1.17011	2.29589	-0.000916993	-0.699402	0.00146421	-1.18868	6.86562	-4.9255	-0.366662	2.61197	-1.50175	179.984	0	-792.455	247.042	1.27723	3432.81	221.545	0	-2462.75	179.93	0	-362.135	139.801	18.1621	1801.7	219.947	0	-133.091	33446
THOR	0.00152679	1.1719	2.2952	0.000145409	-0.68343	0.00114081	-1.32675	6.46114	-4.31299	-0.431951	0.732466	-0.306829	180.087	0	-884.5	247.145	2.82224	3230.57	221.505	0	-2156.49	180.011	0	-426.618	140.744	17.698	441.744	219.06	0	-100.823	33487
THOR	0.00274359	1.17549	2.29345	0.000864462	-0.670033	0.000903877	-1.29713	5.71069	-3.17043	-0.418807	-0.409077	0.445994	180.157	0	-864.75	247.351	5.49459	2855.35	221.405	0	-1585.22	180.066	0	-413.637	141.532	12.922	-399.285	218.312	0	-96.2647	33530
THOR	0.00274359	1.17549	2.29345	0.000864462	-0.670033	0.000903877	-1.30255	5.76152	-3.23094	-0.421346	-0.384753	0.429133	180.157	0	-868.37	247.351	5.49459	2880.76	221.405	0	-1615.47	180.066	0	-416.144	141.532	12.922	-380.908	218.312	0	-95.9061	33568
THOR	0.00338994	1.18167	2.29118	0.00124256	-0.660968	0.000768322	-1.14804	4.97876	-2.54206	-0.349656	-0.35135	0.441483	180.194	0	-765.36	247.704	8.48452	2489.38	221.275	0	-1271.03	180.095	0	-345.339	142.063	8.23313	-375.398	217.805	0	-115.139	33602
THOR	0.00353854	1.19023	2.28905	0.00132386	-0.655407	0.000721628	-0.946578	4.33954	-2.15444	-0.268894	-0.0730911	0.285694	180.203	0	-631.052	248.195	10.9262	2169.77	221.153	0	-1077.22	180.101	0	-265.574	142.386	4.87399	-185.79	217.49	0	-131.648	33647
THOR	0.00344613	1.2006	2.28731	0.00132086	-0.652194	0.000700678	-0.835173	3.88319	-1.94716	-0.263597	0.167952	0.123942	180.197	0	-556.782	248.789	12.6693	1941.6	221.053	0	-973.582	180.101	0	-260.343	142.572	2.75304	-6.65203	217.308	0	-131.061	33684
THOR	0.00344613	1.2006	2.28731	0.00132086	-0.652194	0.000700678	-0.835173	3.88319	-1.94716	-0.263597	0.167952	0.123942	180.197	0	-556.782	248.789	12.6693	1941.6	221.053	0	-973.582	180.101	0	-260.343	142.572	2.75304	-6.65203	217.308	0	-131.061	33723
THOR	0.00322882	1.21222	2.286	0.00131447	-0.650405	0.000682923	-0.71335	3.58061	-1.84443	-0.261641	0.331391	0.0100946	180.185	0	-475.566	249.455	13.8251	1790.3	220.978	0	-922.215	180.1	0	-258.411	142.676	0	117.129	217.207	0	-128.345	33767
THOR	0.00293081	1.22464	2.28508	0.00130688	-0.649435	0.000666856	-0.598166	3.38766	-1.80305	-0.259457	0.433343	-0.0621888	180.168	0	-398.777	250.167	14.562	1693.83	220.925	0	-901.526	180.1	0	-256.254	142.733	0	195.047	217.153	0	-125.948	33800
THOR	0.00259791	1.23757	2.28446	0.00129769	-0.648922	0.000652563	-0.499509	3.26893	-1.79739	-0.257121	0.49369	-0.106288	180.149	0	-333.006	250.908	15.0156	1634.47	220.89	0	-898.694	180.099	0	-253.947	142.763	0	241.897	217.124	0	-123.799	33835
THOR	0.00259791	1.23757	2.28446	0.00129769	-0.648922	0.000652563	-0.499509	3.26893	-1.79739	-0.257121	0.49369	-0.106288	180.149	0	-333.006	250.908	15.0156	1634.47	220.89	0	-898.694	180.099	0	-253.947	142.763	0	241.897	217.124	0	-123.799	33873
THOR	0.00226981	1.25081	2.28407	0.0012877	-0.648659	0.000639603	-0.423476	3.19858	-1.81304	-0.25472	0.529392	-0.133691	180.13	0	-282.317	251.666	15.2843	1599.29	220.868	0	-906.52	180.098	0	-251.576	142.78	0	270.344	217.11	0	-121.798	33911
THOR	0.00197633	1.26422	2.28386	0.00127712	-0.648531	0.000627885	-0.371837	3.15824	-1.8428	-0.25232	0.553059	-0.152939	180.113	0	-247.891	252.435	15.4384	1579.12	220.855	0	-921.4	180.098	0	-249.205	142.788	0	289.803	217.104	0	-119.87	33949
THOR	0.00173771	1.27774	2.28377	0.00126593	-0.648479	0.000616877	-0.344039	3.13778	-1.87937	-0.249971	0.569049	-0.167041	180.1	0	-229.359	253.209	15.5165	1568.89	220.85	0	-939.684	180.097	0	-246.885	142.792	0	303.56	217.102	0	-117.958	33988
THOR	0.00156381	1.29127	2.28373	0.00125475	-0.648454	0.000606313	-0.337435	3.14432	-1.8774	-0.247709	0.562858	-0.166406	180.09	0	-224.957	253.984	15.4916	1572.16	220.848	0	-938.699	180.096	0	-244.651	142.794	0	300.913	217.102	0	-116.018	34033
THOR	0.00146314	1.30369	2.2837	0.00124436	-0.648433	0.000596903	-0.346298	3.15059	-1.87175	-0.245735	0.555076	-0.164538	180.084	0	-230.865	254.696	15.4676	1575.3	220.846	0	-935.874	180.095	0	-242.702	142.796	0	296.994	217.101	0	-114.174	34069
THOR	0.00145702	1.30477	2.2837	0.00124356	-0.648431	0.000596015	-0.347034	3.15104	-1.87135	-0.245605	0.554346	-0.164416	180.083	0	-231.356	254.758	15.4659	1575.52	220.846	0	-935.676	180.095	0	-242.573	142.796	0	296.655	217.101	0	-113.971	34111
THOR	0.00139363	1.31813	2.28356	0.00123338	-0.648397	0.000584919	-0.342626	1.6735	-1.51664	-0.244157	0.498525	-0.13207	180.08	0	-228.417	255.523	14.6795	836.751	220.839	0	-758.32	180.094	0	-241.142	142.799	0	258.011	217.1	0	-111.266	34153
THOR	0.00134064	1.3296	2.28215	0.00122419	-0.648002	0.000573379	-0.331379	0.153945	-0.22318	-0.242423	0.00427121	0.193236	180.077	0	-220.919	256.18	11.6679	76.9727	220.758	0	-111.59	180.094	0	-239.43	142.823	0	-105.771	217.078	0	-108.935	34189
THOR	0.0012911	1.33847	2.27967	0.001215	-0.646914	0.000561838	-0.319473	-0.769181	0.825059	-0.240631	-0.654443	0.628415	180.074	0	-212.982	256.688	8.85756	-384.59	220.615	0	412.529	180.093	0	-237.66	142.886	0	-591.506	217.017	0	-106.733	34230
THOR	0.0012911	1.33847	2.27967	0.001215	-0.646914	0.000561838	-0.319473	-0.769181	0.825059	-0.240631	-0.654443	0.628415	180.074	0	-212.982	256.688	8.85756	-384.59	220.615	0	412.529	180.093	0	-237.66	142.886	0	-591.506	217.017	0	-106.733	34274
THOR	0.0012437	1.34511	2.27697	0.00120581	-0.645431	0.000550653	-0.307844	-1.33871	1.48687	-0.238847	-1.16617	0.965711	180.071	0	-205.229	257.069	6.52045	-669.356	220.461	0	743.437	180.092	0	-235.898	142.972	0	-968.422	216.933	0	-104.59	34314
THOR	0.00119816	1.34987	2.27462	0.00119682	-0.643971	0.000539556	-0.296622	-1.57895	1.80881	-0.237078	-1.44852	1.15016	180.069	0	-197.748	257.342	0	-789.477	220.326	0	904.406	180.091	0	-234.151	143.057	0	-1175.46	216.85	0	-102.489	34355
THOR	0.00115421	1.35301	2.27292	0.00118804	-0.642825	0.000528726	-0.285815	-1.51834	1.81901	-0.235324	-1.51618	1.19156	180.066	0	-190.543	257.522	0	-759.168	220.229	0	909.506	180.091	0	-232.419	143.123	0	-1223.53	216.786	0	-100.431	34396
THOR	0.00111214	1.35474	2.27202	0.00117925	-0.642139	0.000518162	-0.275388	-1.19211	1.56462	-0.23358	-1.40987	1.11706	180.064	0	-183.592	257.621	0	-596.056	220.177	0	782.31	180.09	0	-230.697	143.164	0	-1142.76	216.747	0	-98.4138	34433
THOR	0.00111214	1.35474	2.27202	0.00117925	-0.642139	0.000518162	-0.275388	-1.19211	1.56462	-0.23358	-1.40987	1.11706	180.064	0	-183.592	257.621	0	-596.056	220.177	0	782.31	180.09	0	-230.697	143.164	0	-1142.76	216.747	0	-98.4138	34468
THOR	0.00107139	1.35522	2.27188	0.00117046	-0.64195	0.000507687	-0.265314	-0.642245	1.21965	-0.231846	-1.2029	0.975504	180.061	0	-176.876	257.648	0	-321.123	220.169	0	609.823	180.089	0	-228.984	143.175	0	-987.465	216.737	0	-96.4281	34509
THOR	0.00103224	1.35483	2.27235	0.00116167	-0.641959	0.000497478	-0.255594	-0.117735	0.723696	-0.230123	-1.18616	0.960843	180.059	0	-170.396	257.626	0	-58.8674	220.196	0	361.848	180.089	0	-227.282	143.176	0	-973.118	216.739	0	-94.4847	34542
THOR	0.000994424	1.3538	2.27334	0.00115308	-0.641995	0.000487447	-0.246237	0.493221	0.204557	-0.22841	-1.13378	0.922498	180.057	0	-164.158	257.567	0	246.61	220.253	0	102.278	180.088	0	-225.59	143.174	0	-932.418	216.742	0	-92.5795	34579
THOR	0.000958205	1.35234	2.27465	0.00114449	-0.642226	0.000477682	-0.237212	1.08559	-0.292572	-0.226708	-0.911142	0.770704	180.055	0	-158.142	257.483	0	542.795	220.328	0	-146.286	180.087	0	-223.91	143.162	0	-765.629	216.756	0	-90.7091	34619
THOR	0.000958205	1.35234	2.27465	0.00114449	-0.642226	0.000477682	-0.237212	1.08559	-0.292572	-0.226708	-0.911142	0.770704	180.055	0	-158.142	257.483	0	542.795	220.328	0	-146.286	180.087	0	-223.91	143.162	0	-765.629	216.756	0	-90.7091	34657
THOR	0.000923052	1.35065	2.27614	0.0011361	-0.642724	0.000468095	-0.228522	1.62772	-0.774258	-0.225021	-0.637881	0.585233	180.053	0	-152.348	257.386	0	813.858	220.413	0	-387.129	180.087	0	-222.243	143.134	0	-561.382	216.785	0	-88.877	34696
THOR	0.000889229	1.34888	2.2777	0.00112752	-0.643404	0.000458596	-0.220159	2.11233	-1.20879	-0.22335	-0.381538	0.411112	180.051	0	-146.773	257.285	0	1056.17	220.503	0	-604.394	180.086	0	-220.593	143.096	0	-369.706	216.825	0	-87.0849	34733
THOR	0.000856739	1.34716	2.27923	0.00111913	-0.644157	0.000449364	-0.212098	2.52139	-1.57564	-0.221693	-0.165634	0.264006	180.049	0	-141.399	257.187	-1.91146	1260.7	220.59	0	-787.821	180.085	0	-218.956	143.054	0	-208.016	216.869	0	-85.3238	34774
THOR	0.000829042	1.34576	2.28048	0.00111194	-0.64481	0.000441375	-0.205115	2.81236	-1.83539	-0.220219	-0.014297	0.160325	180.048	0	-136.743	257.106	-1.73581	1406.18	220.662	0	-917.695	180.085	0	-217.5	143.017	0	-94.3645	216.907	0	-83.7741	34817
THOR	0.000825314	1.34558	2.28064	0.00111094	-0.644895	0.000440309	-0.204317	2.84128	-1.86115	-0.220048	0.000604004	0.150069	180.047	0	-136.211	257.096	-1.70705	1420.64	220.671	0	-930.577	180.085	0	-217.332	143.012	0	-83.148	216.912	0	-83.5954	34856
THOR	0.00079522	1.34421	2.28186	0.00110255	-0.645553	0.000431343	-0.196851	3.06352	-2.05758	-0.218417	0.113035	0.0720798	180.046	0	-131.234	257.018	-1.42677	1531.76	220.741	0	-1028.79	180.084	0	-215.72	142.975	0	1.82048	216.95	0	-81.9092	34898
THOR	0.000765925	1.34312	2.28284	0.00109436	-0.64609	0.000422644	-0.189644	3.18812	-2.16578	-0.216795	0.17459	0.0280602	180.044	0	-126.429	256.955	-1.09821	1594.06	220.797	0	-1082.89	180.084	0	-214.119	142.945	0	49.0739	216.982	0	-80.2519	34937
THOR	0.000737962	1.34232	2.28354	0.00108637	-0.646484	0.00041421	-0.1827	3.22097	-2.19182	-0.215185	0.189105	0.0154645	180.042	0	-121.8	256.909	-0.748246	1610.49	220.837	0	-1095.91	180.083	0	-212.529	142.924	0	61.4474	217.005	0	-78.6301	34978
THOR	0.000737962	1.34232	2.28354	0.00108637	-0.646484	0.00041421	-0.1827	3.22097	-2.19182	-0.215185	0.189105	0.0154645	180.042	0	-121.8	256.909	-0.748246	1610.49	220.837	0	-1095.91	180.083	0	-212.529	142.924	0	61.4474	217.005	0	-78.6301	35011
THOR	0.000711064	1.34182	2.28398	0.00107818	-0.646727	0.000405777	-0.176002	3.17222	-2.14674	-0.213586	0.163285	0.0298151	180.041	0	-117.335	256.881	-0.400273	1586.11	220.862	0	-1073.37	180.082	0	-210.949	142.91	0	43.9119	217.02	0	-77.0398	35053
THOR	0.000684965	1.34162	2.28415	0.00107019	-0.646826	0.00039761	-0.169549	3.05486	-2.04578	-0.211999	0.106814	0.0646609	180.039	0	-113.033	256.869	-0.0730404	1527.43	220.872	0	-1022.89	180.082	0	-209.382	142.905	0	3.63812	217.026	0	-75.4835	35095
THOR	0.000659931	1.34162	2.28415	0.0010622	-0.646839	0.000389532	-0.163342	3.00738	-1.99968	-0.210424	0.0887874	0.0739413	180.038	0	-108.894	256.869	0.0198569	1503.69	220.872	0	-999.838	180.081	0	-207.826	142.905	0	-8.19426	217.028	0	-73.9627	35132
THOR	0.000635697	1.34164	2.28413	0.00105441	-0.646841	0.000381631	-0.157355	2.99794	-1.98818	-0.208861	0.0853893	0.0735184	180.036	0	-104.903	256.87	0.0268161	1498.97	220.871	0	-994.091	180.081	0	-206.283	142.906	0	-9.2179	217.028	0	-72.4692	35177
THOR	0.000635697	1.34164	2.28413	0.00105441	-0.646841	0.000381631	-0.157355	2.99794	-1.98818	-0.208861	0.0853893	0.0735184	180.036	0	-104.903	256.87	0.0268161	1498.97	220.871	0	-994.091	180.081	0	-206.283	142.906	0	-9.2179	217.028	0	-72.4692	35209
THOR	0.000612261	1.34166	2.2841	0.00104662	-0.646841	0.000373997	-0.151606	2.99091	-1.98003	-0.207313	0.0831987	0.0723489	180.035	0	-101.071	256.872	0.0278325	1495.45	220.869	0	-990.014	180.08	0	-204.754	142.907	0	-9.3795	217.029	0	-71.0081	35247
THOR	0.00058989	1.34169	2.28407	0.00103883	-0.646842	0.000366451	-0.146064	2.98442	-1.97254	-0.205777	0.08123	0.0710807	180.034	0	-97.376	256.873	0.027734	1492.21	220.868	0	-986.27	180.079	0	-203.237	142.907	0	-9.40412	217.03	0	-69.5745	35284
THOR	0.000568319	1.34171	2.28404	0.00103104	-0.646842	0.000358994	-0.140714	2.97829	-1.96548	-0.204252	0.0793969	0.0697696	180.033	0	-93.809	256.874	0.0270882	1489.15	220.866	0	-982.741	180.079	0	-201.731	142.908	0	-9.35467	217.03	0	-68.1672	35321
THOR	0.000547546	1.34173	2.28402	0.00102345	-0.646842	0.000351804	-0.13557	2.97245	-1.95879	-0.202738	0.0776937	0.0684299	180.031	0	-90.3798	256.876	0.0262525	1486.23	220.864	0	-979.397	180.078	0	-200.235	142.908	0	-9.24116	217.031	0	-66.792	35366
THOR	0.000547546	1.34173	2.28402	0.00102345	-0.646842	0.000351804	-0.13557	2.97245	-1.95879	-0.202738	0.0776937	0.0684299	180.031	0	-90.3798	256.876	0.0262525	1486.23	220.864	0	-979.397	180.078	0	-200.235	142.908	0	-9.24116	217.031	0	-66.792	35402
THOR	0.000527572	1.34176	2.28399	0.00101586	-0.646842	0.000344702	-0.130609	2.96672	-1.95224	-0.201234	0.0760406	0.0671048	180.03	0	-87.0728	256.877	0.0255326	1483.36	220.863	0	-976.119	180.078	0	-198.749	142.909	0	-9.11726	217.032	0	-65.4436	35434
THOR	0.000508131	1.34178	2.28396	0.00100827	-0.646843	0.000337689	-0.125826	2.96101	-1.94581	-0.199739	0.0743952	0.0658226	180.029	0	-83.884	256.878	0.0250505	1480.51	220.861	0	-972.904	180.077	0	-197.273	142.91	0	-9.01434	217.032	0	-64.1219	35479
THOR	0.000489755	1.3418	2.28394	0.00100088	-0.646843	0.000330853	-0.12121	2.9553	-1.93939	-0.198255	0.0727469	0.0645887	180.028	0	-80.8064	256.88	0.0247728	1477.65	220.86	0	-969.695	180.076	0	-195.808	142.91	0	-8.93931	217.033	0	-62.8259	35517
THOR	0.000489755	1.3418	2.28394	0.00100088	-0.646843	0.000330853	-0.12121	2.9553	-1.93939	-0.198255	0.0727469	0.0645887	180.028	0	-80.8064	256.88	0.0247728	1477.65	220.86	0	-969.695	180.076	0	-195.808	142.91	0	-8.93931	217.033	0	-62.8259	35550
THOR	0.000471646	1.34182	2.28391	0.000993492	-0.646843	0.000324195	-0.116772	2.94961	-1.93305	-0.196784	0.0711146	0.0633927	180.027	0	-77.8482	256.881	0.0245845	1474.8	220.859	0	-966.523	180.076	0	-194.355	142.911	0	-8.8794	217.034	0	-61.5569	35595
THOR	0.000454335	1.34184	2.28389	0.000986102	-0.646844	0.000317626	-0.112499	2.94392	-1.92683	-0.195325	0.0695019	0.0622281	180.026	0	-74.9993	256.882	0.0243844	1471.96	220.857	0	-963.415	180.075	0	-192.913	142.911	0	-8.82974	217.034	0	-60.3126	35633
THOR	0.000437824	1.34186	2.28387	0.000978712	-0.646844	0.000311235	-0.108381	2.93836	-1.92071	-0.193877	0.0679238	0.0610915	180.025	0	-72.2541	256.883	0.0241227	1469.18	220.856	0	-960.357	180.075	0	-191.484	142.912	0	-8.78277	217.035	0	-59.0967	35671
THOR	0.000421845	1.34189	2.28384	0.000971521	-0.646845	0.000305021	-0.104375	2.93285	-1.91474	-0.192437	0.0663957	0.0599542	180.024	0	-69.5835	256.884	0.0238222	1466.42	220.855	0	-957.368	180.074	0	-190.061	142.912	0	-8.71691	217.035	0	-57.8989	35712
THOR	0.000421845	1.34189	2.28384	0.000971521	-0.646845	0.000305021	-0.104375	2.93285	-1.91474	-0.192437	0.0663957	0.0599542	180.024	0	-69.5835	256.884	0.0238222	1466.42	220.855	0	-957.368	180.074	0	-190.061	142.912	0	-8.71691	217.035	0	-57.8989	35751
THOR	0.000406398	1.34191	2.28382	0.000964331	-0.646845	0.000298807	-0.100573	2.92749	-1.90894	-0.191012	0.0649087	0.0588408	180.023	0	-67.0485	256.886	0.0234304	1463.74	220.853	0	-954.47	180.074	0	-188.654	142.913	0	-8.64907	217.036	0	-56.7296	35794
THOR	0.000391485	1.34193	2.2838	0.00095714	-0.646845	0.00029277	-0.0968954	2.92221	-1.90325	-0.189596	0.0634479	0.0577499	180.022	0	-64.5969	256.887	0.0230667	1461.1	220.852	0	-951.627	180.073	0	-187.255	142.913	0	-8.58402	217.036	0	-55.5825	35835
THOR	0.000377104	1.34195	2.28378	0.00094995	-0.646845	0.000286822	-0.0933471	2.91698	-1.89768	-0.18819	0.0620323	0.056673	180.022	0	-62.2314	256.888	0.0227283	1458.49	220.851	0	-948.839	180.073	0	-185.866	142.914	0	-8.51008	217.037	0	-54.4599	35868
THOR	0.000363255	1.34197	2.28376	0.000942959	-0.646846	0.000281052	-0.089927	2.91183	-1.89221	-0.186794	0.0606258	0.0556286	180.021	0	-59.9514	256.889	0.0224201	1455.91	220.85	0	-946.105	180.072	0	-184.488	142.914	0	-8.45079	217.037	0	-53.3588	35907
THOR	0.000363255	1.34197	2.28376	0.000942959	-0.646846	0.000281052	-0.089927	2.91183	-1.89221	-0.186794	0.0606258	0.0556286	180.021	0	-59.9514	256.889	0.0224201	1455.91	220.85	0	-946.105	180.072	0	-184.488	142.914	0	-8.45079	217.037	0	-53.3588	35942
THOR	0.000349939	1.34199	2.28374	0.000935968	-0.646846	0.000275371	-0.0866361	2.90673	-1.88686	-0.185409	0.0592627	0.0545987	180.02	0	-57.7574	256.89	0.0221283	1453.37	220.848	0	-943.431	180.072	0	-183.12	142.915	0	-8.38346	217.038	0	-52.2817	35974
THOR	0.000337156	1.342	2.28372	0.000928977	-0.646846	0.000269867	-0.083462	2.9017	-1.88163	-0.184034	0.0579119	0.0535973	180.019	0	-55.6413	256.891	0.0218495	1450.85	220.847	0	-940.815	180.071	0	-181.762	142.915	0	-8.32745	217.038	0	-51.2252	36014
THOR	0.000324906	1.34202	2.2837	0.000922186	-0.646847	0.000264363	-0.0804103	2.89676	-1.87647	-0.18267	0.0565906	0.0526159	180.019	0	-53.6069	256.892	0.0215628	1448.38	220.846	0	-938.233	180.07	0	-180.415	142.916	0	-8.2716	217.039	0	-50.1906	36046
THOR	0.000312921	1.34204	2.28368	0.000915395	-0.646847	0.000259037	-0.077462	2.89185	-1.87142	-0.181316	0.0552982	0.0516509	180.018	0	-51.6413	256.893	0.021283	1445.93	220.845	0	-935.71	180.07	0	-179.077	142.916	0	-8.21415	217.039	0	-49.1758	36091
THOR	0.000312921	1.34204	2.28368	0.000915395	-0.646847	0.000259037	-0.077462	2.89185	-1.87142	-0.181316	0.0552982	0.0516509	180.018	0	-51.6413	256.893	0.021283	1445.93	220.845	0	-935.71	180.07	0	-179.077	142.916	0	-8.21415	217.039	0	-49.1758	36124
THOR	0.00030147	1.34206	2.28366	0.000908604	-0.646847	0.000253799	-0.0746316	2.88702	-1.86651	-0.179973	0.0540362	0.0507052	180.017	0	-49.7544	256.894	0.0209873	1443.51	220.844	0	-933.257	180.069	0	-177.751	142.917	0	-8.15614	217.04	0	-48.1829	36163
THOR	0.000290551	1.34208	2.28364	0.000901813	-0.646848	0.00024865	-0.0719008	2.88228	-1.86166	-0.178639	0.0528008	0.049776	180.017	0	-47.9338	256.895	0.0207002	1441.14	220.843	0	-930.831	180.069	0	-176.433	142.917	0	-8.0975	217.04	0	-47.2092	36206
THOR	0.000279898	1.3421	2.28362	0.000895222	-0.646848	0.000243679	-0.0692673	2.87756	-1.85693	-0.177314	0.0515911	0.0488644	180.016	0	-46.1782	256.896	0.0204193	1438.78	220.842	0	-928.467	180.068	0	-175.125	142.917	0	-8.03905	217.041	0	-46.2547	36245
THOR	0.000269512	1.34211	2.2836	0.000888431	-0.646848	0.000238708	-0.0667308	2.87295	-1.85233	-0.176	0.0504084	0.0479709	180.015	0	-44.4872	256.897	0.0201428	1436.47	220.841	0	-926.163	180.068	0	-173.827	142.918	0	-7.98073	217.041	0	-45.3203	36282
THOR	0.000269512	1.34211	2.2836	0.000888431	-0.646848	0.000238708	-0.0667308	2.87295	-1.85233	-0.176	0.0504084	0.0479709	180.015	0	-44.4872	256.897	0.0201428	1436.47	220.841	0	-926.163	180.068	0	-173.827	142.918	0	-7.98073	217.041	0	-45.3203	36322
THOR	0.000259658	1.34213	2.28358	0.000881839	-0.646849	0.000233826	-0.0642867	2.86836	-1.84778	-0.174696	0.0492497	0.0470939	180.015	0	-42.8578	256.898	0.0198732	1434.18	220.84	0	-923.89	180.067	0	-172.539	142.918	0	-7.92268	217.042	0	-44.4039	36361
THOR	0.000250337	1.34215	2.28357	0.000875448	-0.646849	0.000229209	-0.0619314	2.86386	-1.84329	-0.173401	0.0481158	0.0462336	180.014	0	-41.2876	256.899	0.0196093	1431.93	220.839	0	-921.646	180.067	0	-171.26	142.919	0	-7.86467	217.042	0	-43.506	36400
THOR	0.000241016	1.34217	2.28355	0.000868856	-0.646849	0.000224593	-0.0596661	2.85939	-1.83893	-0.172116	0.0470074	0.0453915	180.014	0	-39.7774	256.9	0.0193445	1429.7	220.838	0	-919.466	180.066	0	-169.991	142.919	0	-7.80735	217.042	0	-42.6277	36436
THOR	0.00024075	1.34217	2.28355	0.000868657	-0.646849	0.000224327	-0.0595415	2.85918	-1.83876	-0.172045	0.0469414	0.0453476	180.014	0	-39.6943	256.9	0.0193341	1429.59	220.838	0	-919.382	180.066	0	-169.921	142.919	0	-7.8074	217.042	0	-42.5788	36473
THOR	0.000232228	1.34218	2.28353	0.000862465	-0.646849	0.000220066	-0.0574812	2.85502	-1.83469	-0.170841	0.0459215	0.0445638	180.013	0	-38.3208	256.901	0.0190854	1427.51	220.837	0	-917.347	180.066	0	-168.732	142.919	0	-7.74971	217.043	0	-41.7656	36516
THOR	0.000223706	1.3422	2.28352	0.000856073	-0.64685	0.000215539	-0.0553766	2.85068	-1.83052	-0.169575	0.0448453	0.0437623	180.013	0	-36.9177	256.902	0.0188297	1425.34	220.836	0	-915.258	180.065	0	-167.481	142.92	0	-7.70305	217.043	0	-40.9217	36553
THOR	0.00021545	1.34222	2.2835	0.000849682	-0.64685	0.000211189	-0.0533495	2.84641	-1.8264	-0.168318	0.0438055	0.0429649	180.012	0	-35.5664	256.903	0.0185752	1423.2	220.835	0	-913.2	180.065	0	-166.24	142.92	0	-7.64515	217.044	0	-40.0936	36592
THOR	0.000207727	1.34223	2.28349	0.00084349	-0.64685	0.000206928	-0.0513958	2.84219	-1.82241	-0.167071	0.0427894	0.0421835	180.012	0	-34.2639	256.904	0.0183268	1421.1	220.834	0	-911.204	180.064	0	-165.008	142.92	0	-7.58733	217.044	0	-39.2832	36637
THOR	0.000207727	1.34223	2.28349	0.00084349	-0.64685	0.000206928	-0.0513958	2.84219	-1.82241	-0.167071	0.0427894	0.0421835	180.012	0	-34.2639	256.904	0.0183268	1421.1	220.834	0	-911.204	180.064	0	-165.008	142.92	0	-7.58733	217.044	0	-39.2832	36672
THOR	0.000200003	1.34225	2.28347	0.000837098	-0.64685	0.000202755	-0.0495128	2.83804	-1.81841	-0.165833	0.0417797	0.0414278	180.011	0	-33.0086	256.905	0.0180803	1419.02	220.833	0	-909.206	180.064	0	-163.786	142.921	0	-7.5415	217.044	0	-38.4894	36713
THOR	0.000192813	1.34226	2.28346	0.000830906	-0.646851	0.000198672	-0.0477009	2.83392	-1.81461	-0.164605	0.040808	0.0406752	180.011	0	-31.8006	256.906	0.0178352	1416.96	220.832	0	-907.303	180.063	0	-162.572	142.921	0	-7.48324	217.045	0	-37.7114	36749
THOR	0.000185622	1.34228	2.28344	0.000824714	-0.646851	0.000194677	-0.0459531	2.82989	-1.81079	-0.163385	0.0398399	0.0399465	180.011	0	-30.6354	256.907	0.0175981	1414.95	220.832	0	-905.397	180.063	0	-161.368	142.921	0	-7.43697	217.045	0	-36.948	36787
THOR	0.000178964	1.34229	2.28343	0.000818722	-0.646851	0.000190771	-0.044272	2.8259	-1.80711	-0.162175	0.0389114	0.0392229	180.01	0	-29.5147	256.908	0.0173588	1412.95	220.831	0	-903.556	180.063	0	-160.173	142.922	0	-7.37884	217.045	0	-36.2021	36828
THOR	0.000178964	1.34229	2.28343	0.000818722	-0.646851	0.000190771	-0.044272	2.8259	-1.80711	-0.162175	0.0389114	0.0392229	180.01	0	-29.5147	256.908	0.0173588	1412.95	220.831	0	-903.556	180.063	0	-160.173	142.922	0	-7.37884	217.045	0	-36.2021	36874
THOR	0.000172307	1.34231	2.28341	0.00081253	-0.646852	0.000186865	-0.0426479	2.82193	-1.80348	-0.160973	0.0379845	0.0385214	180.01	0	-28.4319	256.909	0.0171319	1410.96	220.83	0	-901.741	180.062	0	-158.985	142.922	0	-7.33242	217.046	0	-35.4691	36911
THOR	0.000165915	1.34232	2.2834	0.000806538	-0.646852	0.000183048	-0.0410854	2.81806	-1.79992	-0.15978	0.0370786	0.0378342	180.01	0	-27.3903	256.909	0.0169015	1409.03	220.829	0	-899.96	180.062	0	-157.807	142.922	0	-7.2862	217.046	0	-34.7518	36950
THOR	0.000160056	1.34234	2.28338	0.000800546	-0.646852	0.00017932	-0.0395828	2.81422	-1.79648	-0.158597	0.0361929	0.0371613	180.009	0	-26.3885	256.91	0.0166704	1407.11	220.828	0	-898.242	180.061	0	-156.639	142.923	0	-7.24037	217.046	0	-34.0499	36992
THOR	0.000154197	1.34235	2.28337	0.000794754	-0.646852	0.000175769	-0.0381334	2.81044	-1.79304	-0.157422	0.0353418	0.0364895	180.009	0	-25.4223	256.911	0.0164458	1405.22	220.828	0	-896.521	180.061	0	-155.478	142.923	0	-7.18237	217.047	0	-33.3615	37032
THOR	0.000154197	1.34235	2.28337	0.000794754	-0.646852	0.000175769	-0.0381334	2.81044	-1.79304	-0.157422	0.0353418	0.0364895	180.009	0	-25.4223	256.911	0.0164458	1405.22	220.828	0	-896.521	180.061	0	-155.478	142.923	0	-7.18237	217.047	0	-33.3615	37074
THOR	0.000148338	1.34237	2.28336	0.000788762	-0.646853	0.000172218	-0.0367375	2.8067	-1.78973	-0.156256	0.0344938	0.0358409	180.008	0	-24.4917	256.912	0.0162236	1403.35	220.827	0	-894.864	180.06	0	-154.327	142.923	0	-7.13615	217.047	0	-32.6871	37115
THOR	0.000143012	1.34238	2.28335	0.000782969	-0.646853	0.000168667	-0.0353905	2.80301	-1.78647	-0.155098	0.0336635	0.0352032	180.008	0	-23.5937	256.913	0.0160098	1401.51	220.826	0	-893.235	180.06	0	-153.183	142.924	0	-7.08937	217.047	0	-32.0253	37151
THOR	0.000137685	1.3424	2.28333	0.000777177	-0.646853	0.000165382	-0.0340957	2.79939	-1.78321	-0.15395	0.032852	0.03458	180.008	0	-22.7304	256.914	0.0157917	1399.7	220.825	0	-891.607	180.059	0	-152.049	142.924	0	-7.04369	217.048	0	-31.3785	37190
THOR	0.000132625	1.34241	2.28332	0.000771385	-0.646853	0.000162009	-0.0328468	2.7958	-1.78008	-0.152809	0.0320573	0.0339666	180.008	0	-21.8979	256.914	0.015581	1397.9	220.825	0	-890.04	180.059	0	-150.922	142.924	0	-6.99724	217.048	0	-30.7434	37225
THOR	0.000132625	1.34241	2.28332	0.000771385	-0.646853	0.000162009	-0.0328468	2.7958	-1.78008	-0.152809	0.0320573	0.0339666	180.008	0	-21.8979	256.914	0.015581	1397.9	220.825	0	-890.04	180.059	0	-150.922	142.924	0	-6.99724	217.048	0	-30.7434	37266
THOR	0.000127832	1.34242	2.28331	0.000765792	-0.646854	0.000158724	-0.0316435	2.79227	-1.77701	-0.151677	0.0312802	0.0333651	180.007	0	-21.0957	256.915	0.0153713	1396.14	220.824	0	-888.504	180.059	0	-149.804	142.924	0	-6.95092	217.048	0	-30.1214	37300
THOR	0.000123304	1.34244	2.2833	0.00076	-0.646854	0.00015544	-0.0304839	2.78878	-1.774	-0.150553	0.0305205	0.0327756	180.007	0	-20.3226	256.916	0.0151667	1394.39	220.823	0	-886.999	180.058	0	-148.695	142.925	0	-6.9048	217.049	0	-29.5126	37339
THOR	0.000118777	1.34245	2.28329	0.000754407	-0.646854	0.000152333	-0.0293682	2.78534	-1.77105	-0.149439	0.0297774	0.0321969	180.007	0	-19.5788	256.917	0.01496	1392.67	220.823	0	-885.525	180.058	0	-147.594	142.925	0	-6.85852	217.049	0	-28.9159	37372
THOR	0.000118777	1.34245	2.28329	0.000754407	-0.646854	0.000152333	-0.0293682	2.78534	-1.77105	-0.149439	0.0297774	0.0321969	180.007	0	-19.5788	256.917	0.01496	1392.67	220.823	0	-885.525	180.058	0	-147.594	142.925	0	-6.85852	217.049	0	-28.9159	37411
THOR	0.00011425	1.34246	2.28328	0.000748814	-0.646854	0.000149226	-0.0282916	2.78194	-1.76816	-0.148332	0.0290507	0.0316282	180.007	0	-18.8611	256.917	0.0147616	1390.97	220.822	0	-884.081	180.057	0	-146.5	142.925	0	-6.81171	217.049	0	-28.3307	37452
THOR	0.000110255	1.34248	2.28326	0.000743222	-0.646855	0.000146208	-0.0272551	2.7786	-1.76534	-0.147233	0.02834	0.0310714	180.006	0	-18.1701	256.918	0.0145627	1389.3	220.821	0	-882.669	180.057	0	-145.415	142.925	0	-6.76559	217.049	0	-27.7582	37491
THOR	0.00010626	1.34249	2.28325	0.000737829	-0.646855	0.000143278	-0.0262576	2.77529	-1.76257	-0.146143	0.0276283	0.0305353	180.006	0	-17.5051	256.919	0.0143652	1387.65	220.821	0	-881.287	180.056	0	-144.339	142.926	0	-6.73136	217.05	0	-27.1968	37534
THOR	0.000102265	1.3425	2.28324	0.000732236	-0.646855	0.000140437	-0.0252962	2.77205	-1.75987	-0.14506	0.0269488	0.0299984	180.006	0	-16.8641	256.92	0.0141729	1386.02	220.82	0	-879.936	180.056	0	-143.27	142.926	0	-6.68477	217.05	0	-26.6468	37573
THOR	0.000102265	1.3425	2.28324	0.000732236	-0.646855	0.000140437	-0.0252962	2.77205	-1.75987	-0.14506	0.0269488	0.0299984	180.006	0	-16.8641	256.92	0.0141729	1386.02	220.82	0	-879.936	180.056	0	-143.27	142.926	0	-6.68477	217.05	0	-26.6468	37613
THOR	9.8537e-05	1.34251	2.28323	0.000726843	-0.646855	0.000137508	-0.0243692	2.76883	-1.75717	-0.143986	0.0262834	0.0294711	180.006	0	-16.2462	256.92	0.0139848	1384.41	220.82	0	-878.583	180.056	0	-142.208	142.926	0	-6.63824	217.05	0	-26.1074	37651
THOR	9.48085e-05	1.34252	2.28322	0.00072145	-0.646855	0.000134756	-0.0234766	2.76564	-1.75459	-0.14292	0.0256324	0.0289543	180.005	0	-15.6511	256.921	0.0137963	1382.82	220.819	0	-877.294	180.055	0	-141.155	142.926	0	-6.59224	217.051	0	-25.5792	37693
THOR	9.13464e-05	1.34254	2.28321	0.000716057	-0.646855	0.000132093	-0.0226168	2.76252	-1.75201	-0.141861	0.024981	0.028458	180.005	0	-15.0779	256.922	0.0136104	1381.26	220.818	0	-876.004	180.055	0	-140.11	142.927	0	-6.5578	217.051	0	-25.0622	37729
THOR	8.81506e-05	1.34255	2.2832	0.000710864	-0.646856	0.000129341	-0.0217891	2.75943	-1.74949	-0.140811	0.0243599	0.0279601	180.005	0	-14.5261	256.922	0.0134264	1379.72	220.818	0	-874.745	180.054	0	-139.073	142.927	0	-6.51118	217.051	0	-24.5556	37772
THOR	8.81506e-05	1.34255	2.2832	0.000710864	-0.646856	0.000129341	-0.0217891	2.75943	-1.74949	-0.140811	0.0243599	0.0279601	180.005	0	-14.5261	256.922	0.0134264	1379.72	220.818	0	-874.745	180.054	0	-139.073	142.927	0	-6.51118	217.051	0	-24.5556	37799
THOR	8.49548e-05	1.34256	2.28319	0.000705671	-0.646856	0.000126766	-0.0209912	2.75637	-1.7471	-0.139768	0.0237361	0.0274822	180.005	0	-13.9942	256.923	0.013246	1378.19	220.817	0	-873.548	180.054	0	-138.043	142.927	0	-6.47675	217.051	0	-24.0591	37838
THOR	8.1759e-05	1.34257	2.28318	0.000700278	-0.646856	0.000124281	-0.0202213	2.75337	-1.74463	-0.138733	0.0231414	0.027002	180.005	0	-13.4809	256.924	0.0130705	1376.69	220.817	0	-872.317	180.053	0	-137.02	142.927	0	-6.43025	217.051	0	-23.572	37884
THOR	7.88296e-05	1.34258	2.28317	0.000695085	-0.646856	0.000121706	-0.0194809	2.75041	-1.7423	-0.137706	0.0225442	0.026542	180.005	0	-12.9873	256.924	0.0128936	1375.2	220.816	0	-871.151	180.053	0	-136.006	142.927	0	-6.39586	217.052	0	-23.0953	37921
FRIGG	2.66316e-07	1.33238	1.92792	0	-0.9861	0.00581785	-6.66659e-05	3.11141	-2.17639	1.43063e-06	-0.0029136	0.0019424	180	0	-0.044444	256.34	2.61243e-08	1555.7	200.462	0	-1088.19	180	0	0.00141297	123.001	0	-2.15822	235.999	0	5.51762e-08	21
FRIGG	2.66316e-07	1.33238	1.92792	0	-0.9861	0.00581785	-6.66698e-05	3.1114	-2.17639	1.43893e-06	-0.00291372	0.00194248	180	0	-0.0444465	256.34	4.46506e-07	1555.7	200.462	0	-1088.19	180	0	0.00142117	123.001	0	-2.15831	235.999	0	-9.36076e-08	65
FRIGG	2.66316e-07	1.33238	1.92792	0	-0.9861	0.00581785	-6.66698e-05	3.11141	-2.17639	1.44901e-06	-0.00291353	0.00194236	180	0	-0.0444465	256.34	-2.55558e-07	1555.7	200.462	0	-1088.19	180	0	0.00143112	123.001	0	-2.15817	235.999	0	3.01792e-08	104
FRIGG	2.66316e-07	1.33238	1.92792	0	-0.9861	0.00581785	-6.66725e-05	3.11137	-2.17639	1.45844e-06	-0.00291371	0.00194247	180	0	-0.0444483	256.34	-3.30303e-07	1555.69	200.462	0	-1088.19	180	0	0.00144043	123.001	0	-2.1583	235.999	0	1.25031e-07	145
FRIGG	2.66316e-07	1.33238	1.92792	0	-0.9861	0.00581785	-6.66725e-05	3.11137	-2.17639	1.45844e-06	-0.00291371	0.00194247	180	0	-0.0444483	256.34	-3.30303e-07	1555.69	200.462	0	-1088.19	180	0	0.00144043	123.001	0	-2.1583	235.999	0	1.25031e-07	182
FRIGG	2.66316e-07	1.33238	1.92792	0	-0.9861	0.00581785	-6.66739e-05	3.11137	-2.17639	1.46832e-06	-0.00291353	0.00194235	180	0	-0.0444493	256.34	1.40313e-07	1555.69	200.462	0	-1088.19	180	0	0.0014502	123.001	0	-2.15817	235.999	0	3.36757e-07	225
FRIGG	2.66316e-07	1.33238	1.92792	0	-0.9861	0.00581785	-6.66733e-05	3.1114	-2.17639	1.47758e-06	-0.0029134	0.00194227	180	0	-0.0444489	256.34	6.85752e-07	1555.7	200.462	0	-1088.19	180	0	0.00145934	123.001	0	-2.15808	235.999	0	2.42577e-07	257
FRIGG	2.66316e-07	1.33238	1.92792	0	-0.9861	0.00581785	-6.66776e-05	3.11141	-2.17639	1.48443e-06	-0.00289744	0.00193162	180	0	-0.0444517	256.34	8.81043e-08	1555.7	200.462	0	-1088.19	180	0	0.0014661	123.001	0	-2.14625	235.999	0	-6.48319e-08	296
FRIGG	2.66316e-07	1.33238	1.92792	0	-0.9861	0.00581785	-6.66776e-05	3.11141	-2.17639	1.48443e-06	-0.00289744	0.00193162	180	0	-0.0444517	256.34	8.81043e-08	1555.7	200.462	0	-1088.19	180	0	0.0014661	123.001	0	-2.14625	235.999	0	-6.48319e-08	335
FRIGG	2.66316e-07	1.33238	1.92792	0	-0.9861	0.00581785	-6.66796e-05	3.11141	-2.17639	1.4935e-06	-0.00291356	0.00194237	180	0	-0.0444531	256.34	-2.18186e-07	1555.7	200.462	0	-1088.19	180	0	0.00147506	123.001	0	-2.15819	235.999	0	1.02142e-08	367
FRIGG	2.66316e-07	1.33238	1.92792	0	-0.9861	0.00581785	-6.66816e-05	3.11141	-2.17639	1.50172e-06	-0.00291358	0.00194239	180	0	-0.0444544	256.34	-4.96373e-09	1555.7	200.462	0	-1088.19	180	0	0.00148318	123.001	0	-2.15821	235.999	0	-6.8161e-08	407
FRIGG	2.66316e-07	1.33238	1.92792	0	-0.9861	0.00581785	-6.66815e-05	3.11141	-2.17639	1.51354e-06	-0.00291345	0.0019423	180	0	-0.0444544	256.34	-5.63904e-07	1555.7	200.462	0	-1088.19	180	0	0.00149485	123.001	0	-2.15811	235.999	0	5.30145e-07	444
FRIGG	2.66316e-07	1.33238	1.92792	0	-0.9861	0.00581785	-6.66857e-05	3.11137	-2.17639	1.51851e-06	-0.00291353	0.00194235	180	0	-0.0444572	256.34	-1.02903e-08	1555.69	200.462	0	-1088.19	180	0	0.00149976	123.001	0	-2.15817	235.999	0	-6.30021e-08	485
FRIGG	2.66316e-07	1.33238	1.92792	0	-0.9861	0.00581785	-6.66857e-05	3.11137	-2.17639	1.51851e-06	-0.00291353	0.00194235	180	0	-0.0444572	256.34	-1.02903e-08	1555.69	200.462	0	-1088.19	180	0	0.00149976	123.001	0	-2.15817	235.999	0	-6.30021e-08	524
FRIGG	2.66316e-07	1.33238	1.92792	0	-0.9861	0.00581785	-6.66865e-05	3.11141	-2.17639	1.52782e-06	-0.0029137	0.00194246	180	0	-0.0444577	256.34	2.63335e-07	1555.7	200.462	0	-1088.19	180	0	0.00150896	123.001	0	-2.15829	235.999	0	3.63706e-08	563
FRIGG	2.66316e-07	1.33238	1.92792	0	-0.9861	0.00581785	-6.66871e-05	3.11141	-2.17639	1.53695e-06	-0.00289752	0.00193168	180	0	-0.0444581	256.34	-1.56126e-07	1555.7	200.462	0	-1088.19	180	0	0.00151798	123.001	0	-2.14631	235.999	0	1.53807e-07	598
FRIGG	2.66316e-07	1.33238	1.92792	0	-0.9861	0.00581785	-6.66897e-05	3.11137	-2.17639	1.54422e-06	-0.00289743	0.00193162	180	0	-0.0444598	256.34	3.19464e-07	1555.69	200.462	0	-1088.19	180	0	0.00152516	123.001	0	-2.14624	235.999	0	-6.69201e-08	631
FRIGG	2.66316e-07	1.33238	1.92792	0	-0.9861	0.00581785	-6.66902e-05	3.11141	-2.17639	1.55331e-06	-0.00291359	0.00194239	180	0	-0.0444602	256.34	-3.67909e-07	1555.7	200.462	0	-1088.19	180	0	0.00153413	123.001	0	-2.15822	235.999	0	8.37521e-08	669
FRIGG	2.66316e-07	1.33238	1.92792	0	-0.9861	0.00581785	-6.66902e-05	3.11141	-2.17639	1.55331e-06	-0.00291359	0.00194239	180	0	-0.0444602	256.34	-3.67909e-07	1555.7	200.462	0	-1088.19	180	0	0.00153413	123.001	0	-2.15822	235.999	0	8.37521e-08	705
FRIGG	2.66316e-07	1.33238	1.92792	0	-0.9861	0.00581785	-6.66905e-05	3.11137	-2.17639	1.56247e-06	-0.00289747	0.00193165	180	0	-0.0444604	256.34	2.09326e-07	1555.69	200.462	0	-1088.19	180	0	0.00154318	123.001	0	-2.14628	235.999	0	2.30597e-07	746
FRIGG	2.66316e-07	1.33238	1.92792	0	-0.9861	0.00581785	-6.66929e-05	3.11137	-2.17639	1.56933e-06	-0.00291366	0.00194244	180	0	-0.0444619	256.34	3.85492e-07	1555.69	200.462	0	-1088.19	180	0	0.00154996	123.001	0	-2.15826	235.999	0	-3.05765e-08	793
FRIGG	2.66316e-07	1.33238	1.92792	0	-0.9861	0.00581785	-6.66941e-05	3.11137	-2.17639	1.57851e-06	-0.00291364	0.00194243	180	0	-0.0444628	256.34	3.10552e-07	1555.69	200.462	0	-1088.19	180	0	0.00155902	123.001	0	-2.15826	235.999	0	2.55901e-07	827
FRIGG	2.66316e-07	1.33238	1.92792	0	-0.9861	0.00581785	-6.66941e-05	3.11137	-2.17639	1.57851e-06	-0.00291364	0.00194243	180	0	-0.0444628	256.34	3.10552e-07	1555.69	200.462	0	-1088.19	180	0	0.00155902	123.001	0	-2.15826	235.999	0	2.55901e-07	867
FRIGG	2.66316e-07	1.33238	1.92792	0	-0.9861	0.00581785	-6.6696e-05	3.11141	-2.17639	1.585e-06	-0.00291369	0.00194246	180	0	-0.044464	256.34	-1.47425e-07	1555.7	200.462	0	-1088.19	180	0	0.00156544	123.001	0	-2.15829	235.999	0	-4.92594e-08	908
FRIGG	2.66316e-07	1.33238	1.92792	0	-0.9861	0.00581785	-6.66959e-05	3.11137	-2.17639	1.59431e-06	-0.00291359	0.00194239	180	0	-0.0444639	256.34	1.1673e-07	1555.69	200.462	0	-1088.19	180	0	0.00157463	123.001	0	-2.15822	235.999	0	1.44802e-07	944
FRIGG	2.66316e-07	1.33238	1.92792	0	-0.9861	0.00581785	-6.6698e-05	3.11141	-2.17639	1.60122e-06	-0.00291368	0.00194246	180	0	-0.0444653	256.34	3.01995e-07	1555.7	200.462	0	-1088.19	180	0	0.00158146	123.001	0	-2.15828	235.999	0	-4.16073e-08	977
FRIGG	2.66316e-07	1.33238	1.92792	0	-0.9861	0.00581785	-6.66976e-05	3.11137	-2.17639	1.60986e-06	-0.00289757	0.00193171	180	0	-0.044465	256.34	-1.18711e-07	1555.69	200.462	0	-1088.19	180	0	0.00158998	123.001	0	-2.14635	235.999	0	3.73832e-08	1012
FRIGG	2.66316e-07	1.33238	1.92792	0	-0.9861	0.00581785	-6.66993e-05	3.11137	-2.17639	1.61833e-06	-0.0029137	0.00194247	180	0	-0.0444662	256.34	-8.74962e-08	1555.69	200.462	0	-1088.19	180	0	0.00159835	123.001	0	-2.1583	235.999	0	2.27344e-07	1051
FRIGG	2.66316e-07	1.33238	1.92792	0	-0.9861	0.00581785	-6.66993e-05	3.11137	-2.17639	1.61833e-06	-0.0029137	0.00194247	180	0	-0.0444662	256.34	-8.74962e-08	1555.69	200.462	0	-1088.19	180	0	0.00159835	123.001	0	-2.1583	235.999	0	2.27344e-07	1088
FRIGG	2.66316e-07	1.33238	1.92792	0	-0.9861	0.00581785	-6.67006e-05	3.11141	-2.17639	1.6251e-06	-0.00291353	0.00194235	180	0	-0.0444671	256.34	-3.66114e-07	1555.7	200.462	0	-1088.19	180	0	0.00160504	123.001	0	-2.15817	235.999	0	3.67577e-08	1134
FRIGG	2.66316e-07	1.33238	1.92792	0	-0.9861	0.00581785	-6.67014e-05	3.11137	-2.17639	1.63255e-06	-0.00291346	0.00194231	180	0	-0.0444676	256.34	4.95168e-07	1555.69	200.462	0	-1088.19	180	0	0.0016124	123.001	0	-2.15812	235.999	0	-6.30756e-08	1174
FRIGG	2.66316e-07	1.33238	1.92792	0	-0.9861	0.00581785	-6.67022e-05	3.11137	-2.17639	1.64021e-06	-0.00291356	0.00194237	180	0	-0.0444681	256.34	-4.44083e-08	1555.69	200.462	0	-1088.19	180	0	0.00161996	123.001	0	-2.15819	235.999	0	-5.41254e-08	1212
FRIGG	2.66316e-07	1.33238	1.92792	0	-0.9861	0.00581785	-6.67028e-05	3.11137	-2.17639	1.64809e-06	-0.00291359	0.00194239	180	0	-0.0444685	256.34	-2.60633e-07	1555.69	200.462	0	-1088.19	180	0	0.00162774	123.001	0	-2.15821	235.999	0	-7.41749e-09	1254
FRIGG	2.66316e-07	1.33238	1.92792	0	-0.9861	0.00581785	-6.67028e-05	3.11137	-2.17639	1.64809e-06	-0.00291359	0.00194239	180	0	-0.0444685	256.34	-2.60633e-07	1555.69	200.462	0	-1088.19	180	0	0.00162774	123.001	0	-2.15821	235.999	0	-7.41749e-09	1295
FRIGG	2.66316e-07	1.33238	1.92792	0	-0.9861	0.00581785	-6.67027e-05	3.11137	-2.17639	1.65596e-06	-0.00291363	0.00194242	180	0	-0.0444685	256.34	-4.57422e-07	1555.69	200.462	0	-1088.19	180	0	0.00163552	123.001	0	-2.15825	235.999	0	-3.0683e-09	1332
FRIGG	2.66316e-07	1.33238	1.92792	0	-0.9861	0.00581785	-6.67048e-05	3.11141	-2.17639	1.66276e-06	-0.00291351	0.00194234	180	0	-0.0444699	256.34	1.97819e-07	1555.7	200.462	0	-1088.19	180	0	0.00164223	123.001	0	-2.15816	235.999	0	-5.2756e-08	1374
FRIGG	2.66316e-07	1.33238	1.92792	0	-0.9861	0.00581785	-6.67062e-05	3.11137	-2.17639	1.67056e-06	-0.00289742	0.00193162	180	0	-0.0444708	256.34	2.35884e-07	1555.69	200.462	0	-1088.19	180	0	0.00164994	123.001	0	-2.14624	235.999	0	7.25936e-08	1411
FRIGG	2.66316e-07	1.33238	1.92792	0	-0.9861	0.00581785	-6.67064e-05	3.11137	-2.17639	1.67728e-06	-0.00289746	0.00193164	180	0	-0.044471	256.34	2.21081e-07	1555.69	200.462	0	-1088.19	180	0	0.00165657	123.001	0	-2.14627	235.999	0	-1.36118e-07	1455
FRIGG	2.66316e-07	1.33238	1.92792	0	-0.9861	0.00581785	-6.67064e-05	3.11137	-2.17639	1.67728e-06	-0.00289746	0.00193164	180	0	-0.044471	256.34	2.21081e-07	1555.69	200.462	0	-1088.19	180	0	0.00165657	123.001	0	-2.14627	235.999	0	-1.36118e-07	1494
FRIGG	2.66316e-07	1.33238	1.92792	0	-0.9861	0.00581785	-6.67073e-05	3.11137	-2.17639	1.6853e-06	-0.00291373	0.00194248	180	0	-0.0444716	256.34	-1.00707e-07	1555.69	200.462	0	-1088.19	180	0	0.00166449	123.001	0	-2.15832	235.999	0	5.37707e-08	1534
FRIGG	2.66316e-07	1.33238	1.92792	0	-0.9861	0.00581785	-6.67071e-05	3.11141	-2.17639	1.69262e-06	-0.00289758	0.00193172	180	0	-0.0444714	256.34	-2.99511e-08	1555.7	200.462	0	-1088.19	180	0	0.00167172	123.001	0	-2.14636	235.999	0	-3.41718e-08	1564
FRIGG	2.66316e-07	1.33238	1.92792	0	-0.9861	0.00581785	-6.67072e-05	3.11137	-2.17639	1.70089e-06	-0.00289742	0.00193161	180	0	-0.0444715	256.34	5.79696e-07	1555.69	200.462	0	-1088.19	180	0	0.00167989	123.001	0	-2.14624	235.999	0	2.05631e-07	1604
FRIGG	2.66316e-07	1.33238	1.92792	0	-0.9861	0.00581785	-6.67072e-05	3.11137	-2.17639	1.70089e-06	-0.00289742	0.00193161	180	0	-0.0444715	256.34	5.79696e-07	1555.69	200.462	0	-1088.19	180	0	0.00167989	123.001	0	-2.14624	235.999	0	2.05631e-07	1635
FRIGG	2.66316e-07	1.33238	1.92792	0	-0.9861	0.00581785	-6.67095e-05	3.11141	-2.17639	1.70734e-06	-0.00289745	0.00193163	180	0	-0.044473	256.34	-5.59424e-07	1555.7	200.462	0	-1088.19	180	0	0.00168626	123.001	0	-2.14626	235.999	0	1.60462e-07	1678
FRIGG	2.66316e-07	1.33238	1.92792	0	-0.9861	0.00581785	-6.67097e-05	3.11141	-2.17639	1.71415e-06	-0.0029136	0.0019424	180	0	-0.0444731	256.34	3.386e-09	1555.7	200.462	0	-1088.19	180	0	0.00169299	123.001	0	-2.15822	235.999	0	5.97049e-08	1711
FRIGG	2.66316e-07	1.33238	1.92792	0	-0.9861	0.00581785	-6.67098e-05	3.11137	-2.17639	1.72129e-06	-0.00291356	0.00194237	180	0	-0.0444732	256.34	1.58229e-07	1555.69	200.462	0	-1088.19	180	0	0.00170003	123.001	0	-2.15819	235.999	0	4.8708e-08	1754
FRIGG	2.66316e-07	1.33238	1.92792	0	-0.9861	0.00581785	-6.67102e-05	3.11137	-2.17639	1.72843e-06	-0.00289743	0.00193162	180	0	-0.0444735	256.34	1.42408e-08	1555.69	200.462	0	-1088.19	180	0	0.00170709	123.001	0	-2.14624	235.999	0	8.99539e-08	1796
FRIGG	2.66316e-07	1.33238	1.92792	0	-0.9861	0.00581785	-6.67102e-05	3.11137	-2.17639	1.72843e-06	-0.00289743	0.00193162	180	0	-0.0444735	256.34	1.42408e-08	1555.69	200.462	0	-1088.19	180	0	0.00170709	123.001	0	-2.14624	235.999	0	8.99539e-08	1833
FRIGG	2.66316e-07	1.33238	1.92792	0	-0.9861	0.00581785	-6.67118e-05	3.11137	-2.17639	1.73456e-06	-0.00289754	0.00193169	180	0	-0.0444745	256.34	3.0763e-07	1555.69	200.462	0	-1088.19	180	0	0.00171315	123.001	0	-2.14633	235.999	0	-6.28175e-08	1875
FRIGG	2.66316e-07	1.33238	1.92792	0	-0.9861	0.00581785	-6.67104e-05	3.11137	-2.17639	1.74305e-06	-0.00291354	0.00194236	180	0	-0.0444736	256.34	-4.86132e-08	1555.69	200.462	0	-1088.19	180	0	0.00172153	123.001	0	-2.15818	235.999	0	1.88134e-07	1916
FRIGG	2.66316e-07	1.33238	1.92792	0	-0.9861	0.00581785	-6.67119e-05	3.11137	-2.17639	1.74888e-06	-0.00291366	0.00194244	180	0	-0.0444746	256.34	4.3042e-07	1555.69	200.462	0	-1088.19	180	0	0.00172729	123.001	0	-2.15827	235.999	0	8.38593e-09	1954
FRIGG	2.66316e-07	1.33238	1.92792	0	-0.9861	0.00581785	-6.67119e-05	3.11137	-2.17639	1.74888e-06	-0.00291366	0.00194244	180	0	-0.0444746	256.34	4.3042e-07	1555.69	200.462	0	-1088.19	180	0	0.00172729	123.001	0	-2.15827	235.999	0	8.38593e-09	1989
FRIGG	2.66316e-07	1.33238	1.92792	0	-0.9861	0.00581785	-6.67117e-05	3.11141	-2.17639	1.75611e-06	-0.00289742	0.00193161	180	0	-0.0444745	256.34	2.57408e-07	1555.7	200.462	0	-1088.19	180	0	0.00173443	123.001	0	-2.14624	235.999	0	5.3325e-08	2019
FRIGG	2.66316e-07	1.33238	1.92792	0	-0.9861	0.00581785	-6.67129e-05	3.11141	-2.17639	1.76245e-06	-0.00291352	0.00194235	180	0	-0.0444753	256.34	-1.61967e-07	1555.7	200.462	0	-1088.19	180	0	0.00174069	123.001	0	-2.15817	235.999	0	2.51853e-08	2062
FRIGG	2.66316e-07	1.33238	1.92792	0	-0.9861	0.00581785	-6.6712e-05	3.11141	-2.17639	1.76993e-06	-0.00289757	0.00193171	180	0	-0.0444747	256.34	-1.74688e-07	1555.7	200.462	0	-1088.19	180	0	0.00174808	123.001	0	-2.14635	235.999	0	8.72674e-08	2103
FRIGG	2.66316e-07	1.33238	1.92792	0	-0.9861	0.00581785	-6.67146e-05	3.11141	-2.17639	1.77546e-06	-0.00289742	0.00193162	180	0	-0.0444764	256.34	1.07839e-07	1555.7	200.462	0	-1088.19	180	0	0.00175354	123.001	0	-2.14624	235.999	0	2.21597e-08	2137
FRIGG	2.66316e-07	1.33238	1.92792	0	-0.9861	0.00581785	-6.67146e-05	3.11141	-2.17639	1.77546e-06	-0.00289742	0.00193162	180	0	-0.0444764	256.34	1.07839e-07	1555.7	200.462	0	-1088.19	180	0	0.00175354	123.001	0	-2.14624	235.999	0	2.21597e-08	2181
FRIGG	2.66316e-07	1.33238	1.92792	0	-0.9861	0.00581785	-6.67134e-05	3.11137	-2.17639	1.78297e-06	-0.00291358	0.00194239	180	0	-0.0444756	256.34	-1.40241e-07	1555.69	200.462	0	-1088.19	180	0	0.00176096	123.001	0	-2.15821	235.999	0	9.56573e-08	2222
FRIGG	2.66316e-07	1.33238	1.92792	0	-0.9861	0.00581785	-6.6715e-05	3.11137	-2.17639	1.78829e-06	-0.00291355	0.00194237	180	0	-0.0444767	256.34	-7.30582e-08	1555.69	200.462	0	-1088.19	180	0	0.00176621	123.001	0	-2.15819	235.999	0	-1.09097e-07	2258
FRIGG	2.66316e-07	1.33238	1.92792	0	-0.9861	0.00581785	-6.67151e-05	3.11137	-2.17639	1.79533e-06	-0.00291353	0.00194236	180	0	-0.0444767	256.34	-2.9746e-07	1555.69	200.462	0	-1088.19	180	0	0.00177316	123.001	0	-2.15817	235.999	0	-3.7251e-09	2300
FRIGG	2.66316e-07	1.33238	1.92792	0	-0.9861	0.00581785	-6.67136e-05	3.11137	-2.17639	1.80329e-06	-0.00291349	0.00194232	180	0	-0.0444757	256.34	1.18735e-07	1555.69	200.462	0	-1088.19	180	0	0.00178103	123.001	0	-2.15814	235.999	0	1.81661e-07	2332
FRIGG	2.66316e-07	1.33238	1.92792	0	-0.9861	0.00581785	-6.67136e-05	3.11137	-2.17639	1.80329e-06	-0.00291349	0.00194232	180	0	-0.0444757	256.34	1.18735e-07	1555.69	200.462	0	-1088.19	180	0	0.00178103	123.001	0	-2.15814	235.999	0	1.81661e-07	2373
FRIGG	2.66316e-07	1.33238	1.92792	0	-0.9861	0.00581785	-6.67157e-05	3.11137	-2.17639	1.80813e-06	-0.00289753	0.00193169	180	0	-0.0444771	256.34	1.98034e-07	1555.69	200.462	0	-1088.19	180	0	0.00178581	123.001	0	-2.14632	235.999	0	-8.86877e-09	2405
FRIGG	2.66316e-07	1.33238	1.92792	0	-0.9861	0.00581785	-6.67165e-05	3.11137	-2.17639	1.81407e-06	-0.00289744	0.00193163	180	0	-0.0444776	256.34	5.1602e-07	1555.69	200.462	0	-1088.19	180	0	0.00179167	123.001	0	-2.14625	235.999	0	-8.00232e-08	2440
FRIGG	2.66316e-07	1.33238	1.92792	0	-0.9861	0.00581785	-6.67168e-05	3.11137	-2.17639	1.82095e-06	-0.00291353	0.00194235	180	0	-0.0444779	256.34	4.46168e-07	1555.69	200.462	0	-1088.19	180	0	0.00179846	123.001	0	-2.15817	235.999	0	5.47761e-08	2484
FRIGG	2.66316e-07	1.33238	1.92792	0	-0.9861	0.00581785	-6.67154e-05	3.11137	-2.17639	1.82783e-06	-0.00291358	0.00194239	180	0	-0.0444769	256.34	-1.74558e-07	1555.69	200.462	0	-1088.19	180	0	0.00180526	123.001	0	-2.15821	235.999	0	4.92842e-08	2515
FRIGG	2.66316e-07	1.33238	1.92792	0	-0.9861	0.00581785	-6.67154e-05	3.11137	-2.17639	1.82783e-06	-0.00291358	0.00194239	180	0	-0.0444769	256.34	-1.74558e-07	1555.69	200.462	0	-1088.19	180	0	0.00180526	123.001	0	-2.15821	235.999	0	4.92842e-08	2548
FRIGG	2.66316e-07	1.33238	1.92792	0	-0.9861	0.00581785	-6.6717e-05	3.11141	-2.17639	1.83308e-06	-0.00291364	0.00194242	180	0	-0.044478	256.34	-7.19718e-08	1555.7	200.462	0	-1088.19	180	0	0.00181045	123.001	0	-2.15825	235.999	0	-1.08731e-07	2589
FRIGG	2.66316e-07	1.33238	1.92792	0	-0.9861	0.00581785	-6.67167e-05	3.11141	-2.17639	1.83971e-06	-0.00291359	0.0019424	180	0	-0.0444778	256.34	3.51607e-08	1555.7	200.462	0	-1088.19	180	0	0.001817	123.001	0	-2.15822	235.999	0	-7.54774e-09	2630
FRIGG	2.66316e-07	1.33238	1.92792	0	-0.9861	0.00581785	-6.67173e-05	3.11137	-2.17639	1.84578e-06	-0.0028975	0.00193167	180	0	-0.0444782	256.34	-1.29567e-07	1555.69	200.462	0	-1088.19	180	0	0.00182299	123.001	0	-2.1463	235.999	0	1.14936e-08	2671
FRIGG	2.66316e-07	1.33238	1.92792	0	-0.9861	0.00581785	-6.67173e-05	3.11137	-2.17639	1.84578e-06	-0.0028975	0.00193167	180	0	-0.0444782	256.34	-1.29567e-07	1555.69	200.462	0	-1088.19	180	0	0.00182299	123.001	0	-2.1463	235.999	0	1.14936e-08	2705
FRIGG	2.66316e-07	1.33238	1.92792	0	-0.9861	0.00581785	-6.67175e-05	3.11141	-2.17639	1.85221e-06	-0.00289759	0.00193173	180	0	-0.0444783	256.34	-4.52031e-07	1555.7	200.462	0	-1088.19	180	0	0.00182934	123.001	0	-2.14636	235.999	0	1.06992e-07	2751
FRIGG	2.66316e-07	1.33238	1.92792	0	-0.9861	0.00581785	-6.67177e-05	3.11137	-2.17639	1.85772e-06	-0.0029134	0.00194226	180	0	-0.0444785	256.34	5.54948e-07	1555.69	200.462	0	-1088.19	180	0	0.00183478	123.001	0	-2.15807	235.999	0	-3.06353e-08	2790
FRIGG	2.66316e-07	1.33238	1.92792	0	-0.9861	0.00581785	-6.67177e-05	3.11137	-2.17639	1.86428e-06	-0.00291353	0.00194235	180	0	-0.0444785	256.34	1.85417e-07	1555.69	200.462	0	-1088.19	180	0	0.00184126	123.001	0	-2.15817	235.999	0	1.00675e-07	2821
FRIGG	2.66316e-07	1.33238	1.92792	0	-0.9861	0.00581785	-6.67183e-05	3.11137	-2.17639	1.87018e-06	-0.00289757	0.00193171	180	0	-0.0444788	256.34	3.57689e-07	1555.69	200.462	0	-1088.19	180	0	0.00184709	123.001	0	-2.14635	235.999	0	9.524e-08	2858
FRIGG	2.66316e-07	1.33238	1.92792	0	-0.9861	0.00581785	-6.67183e-05	3.11137	-2.17639	1.87018e-06	-0.00289757	0.00193171	180	0	-0.0444788	256.34	3.57689e-07	1555.69	200.462	0	-1088.19	180	0	0.00184709	123.001	0	-2.14635	235.999	0	9.524e-08	2898
FRIGG	2.66316e-07	1.33238	1.92792	0	-0.9861	0.00581785	-6.67183e-05	3.11141	-2.17639	1.87579e-06	-0.00289764	0.00193176	180	0	-0.0444788	256.34	1.87495e-07	1555.7	200.462	0	-1088.19	180	0	0.00185263	123.001	0	-2.1464	235.999	0	1.22959e-08	2941
FRIGG	2.66316e-07	1.33238	1.92792	0	-0.9861	0.00581785	-6.67179e-05	3.11137	-2.17639	1.88274e-06	-0.00291347	0.00194231	180	0	-0.0444786	256.34	-1.47554e-07	1555.69	200.462	0	-1088.19	180	0	0.00185949	123.001	0	-2.15812	235.999	0	2.32548e-07	2968
FRIGG	2.66316e-07	1.33238	1.92792	0	-0.9861	0.00581785	-6.67184e-05	3.11141	-2.17639	1.88774e-06	-0.00291348	0.00194232	180	0	-0.0444789	256.34	6.93862e-08	1555.7	200.462	0	-1088.19	180	0	0.00186444	123.001	0	-2.15813	235.999	0	4.08957e-08	2997
FRIGG	2.66316e-07	1.33238	1.92792	0	-0.9861	0.00581785	-6.67188e-05	3.11137	-2.17639	1.89349e-06	-0.00289744	0.00193162	180	0	-0.0444792	256.34	3.16724e-07	1555.69	200.462	0	-1088.19	180	0	0.00187011	123.001	0	-2.14625	235.999	0	7.21349e-08	3043
FRIGG	2.66316e-07	1.33238	1.92792	0	-0.9861	0.00581785	-6.67191e-05	3.11137	-2.17639	1.8988e-06	-0.00291368	0.00194245	180	0	-0.0444794	256.34	3.08644e-07	1555.69	200.462	0	-1088.19	180	0	0.00187535	123.001	0	-2.15828	235.999	0	-2.62078e-08	3085
FRIGG	2.66316e-07	1.33238	1.92792	0	-0.9861	0.00581785	-6.67191e-05	3.11137	-2.17639	1.8988e-06	-0.00291368	0.00194245	180	0	-0.0444794	256.34	3.08644e-07	1555.69	200.462	0	-1088.19	180	0	0.00187535	123.001	0	-2.15828	235.999	0	-2.62078e-08	3123
FRIGG	2.66316e-07	1.33238	1.92792	0	-0.9861	0.00581785	-6.67194e-05	3.11137	-2.17639	1.90508e-06	-0.00291358	0.00194238	180	0	-0.0444796	256.34	-7.45139e-08	1555.69	200.462	0	-1088.19	180	0	0.00188156	123.001	0	-2.1582	235.999	0	1.43584e-07	3160
FRIGG	2.66316e-07	1.33238	1.92792	0	-0.9861	0.00581785	-6.67195e-05	3.11141	-2.17639	1.91023e-06	-0.00291364	0.00194243	180	0	-0.0444797	256.34	2.18843e-08	1555.7	200.462	0	-1088.19	180	0	0.00188665	123.001	0	-2.15825	235.999	0	1.23805e-08	3199
FRIGG	2.66316e-07	1.33238	1.92792	0	-0.9861	0.00581785	-6.67203e-05	3.11137	-2.17639	1.91494e-06	-0.00289754	0.00193169	180	0	-0.0444802	256.34	1.64113e-07	1555.69	200.462	0	-1088.19	180	0	0.0018913	123.001	0	-2.14632	235.999	0	-1.76363e-07	3225
FRIGG	2.66316e-07	1.33238	1.92792	0	-0.9861	0.00581785	-6.67203e-05	3.11137	-2.17639	1.91494e-06	-0.00289754	0.00193169	180	0	-0.0444802	256.34	1.64113e-07	1555.69	200.462	0	-1088.19	180	0	0.0018913	123.001	0	-2.14632	235.999	0	-1.76363e-07	3265
FRIGG	2.66316e-07	1.33238	1.92792	0	-0.9861	0.00581785	-6.67194e-05	3.11137	-2.17639	1.92161e-06	-0.00291353	0.00194235	180	0	-0.0444796	256.34	2.05057e-07	1555.69	200.462	0	-1088.19	180	0	0.00189789	123.001	0	-2.15817	235.999	0	-2.44279e-08	3299
FRIGG	2.66316e-07	1.33238	1.92792	0	-0.9861	0.00581785	-6.67194e-05	3.11141	-2.17639	1.92719e-06	-0.0029137	0.00194247	180	0	-0.0444796	256.34	-4.13628e-07	1555.7	200.462	0	-1088.19	180	0	0.0019034	123.001	0	-2.15829	235.999	0	-1.68037e-09	3337
FRIGG	2.66316e-07	1.33238	1.92792	0	-0.9861	0.00581785	-6.67196e-05	3.11141	-2.17639	1.93317e-06	-0.00291354	0.00194236	180	0	-0.0444798	256.34	-1.26887e-07	1555.7	200.462	0	-1088.19	180	0	0.00190931	123.001	0	-2.15818	235.999	0	1.55026e-07	3368
FRIGG	2.66316e-07	1.33238	1.92792	0	-0.9861	0.00581785	-6.67196e-05	3.11141	-2.17639	1.93317e-06	-0.00291354	0.00194236	180	0	-0.0444798	256.34	-1.26887e-07	1555.7	200.462	0	-1088.19	180	0	0.00190931	123.001	0	-2.15818	235.999	0	1.55026e-07	3403
FRIGG	2.66316e-07	1.33238	1.92792	0	-0.9861	0.00581785	-6.67192e-05	3.11141	-2.17639	1.93905e-06	-0.00291356	0.00194237	180	0	-0.0444795	256.34	-4.22272e-07	1555.7	200.462	0	-1088.19	180	0	0.00191511	123.001	0	-2.15819	235.999	0	2.16235e-07	3441
FRIGG	2.66316e-07	1.33238	1.92792	0	-0.9861	0.00581785	-6.67197e-05	3.11137	-2.17639	1.94383e-06	-0.0029137	0.00194247	180	0	-0.0444798	256.34	-1.86161e-07	1555.69	200.462	0	-1088.19	180	0	0.00191983	123.001	0	-2.1583	235.999	0	9.32655e-08	3481
FRIGG	2.66316e-07	1.33238	1.92792	0	-0.9861	0.00581785	-6.67205e-05	3.11137	-2.17639	1.94797e-06	-0.00289751	0.00193167	180	0	-0.0444803	256.34	-1.4552e-09	1555.69	200.462	0	-1088.19	180	0	0.00192392	123.001	0	-2.1463	235.999	0	-1.78257e-07	3521
FRIGG	2.66316e-07	1.33238	1.92792	0	-0.9861	0.00581785	-6.67195e-05	3.11137	-2.17639	1.95486e-06	-0.00289748	0.00193165	180	0	-0.0444797	256.34	1.35713e-07	1555.69	200.462	0	-1088.19	180	0	0.00193073	123.001	0	-2.14628	235.999	0	1.27416e-07	3554
FRIGG	2.66316e-07	1.33238	1.92792	0	-0.9861	0.00581785	-6.67209e-05	3.11141	-2.17639	1.9593e-06	-0.00291369	0.00194246	180	0	-0.0444806	256.34	-2.525e-07	1555.7	200.462	0	-1088.19	180	0	0.00193511	123.001	0	-2.15829	235.999	0	5.04559e-08	3599
FRIGG	2.66316e-07	1.33238	1.92792	0	-0.9861	0.00581785	-6.67209e-05	3.11141	-2.17639	1.9593e-06	-0.00291369	0.00194246	180	0	-0.0444806	256.34	-2.525e-07	1555.7	200.462	0	-1088.19	180	0	0.00193511	123.001	0	-2.15829	235.999	0	5.04559e-08	3639
FRIGG	2.66316e-07	1.33238	1.92792	0	-0.9861	0.00581785	-6.67208e-05	3.1114	-2.17639	1.96486e-06	-0.00291349	0.00194233	180	0	-0.0444805	256.34	4.31543e-07	1555.7	200.462	0	-1088.19	180	0	0.0019406	123.001	0	-2.15814	235.999	0	1.08278e-07	3676
FRIGG	2.66316e-07	1.33238	1.92792	0	-0.9861	0.00581785	-6.67202e-05	3.11141	-2.17639	1.96988e-06	-0.00291353	0.00194235	180	0	-0.0444801	256.34	-2.44361e-07	1555.7	200.462	0	-1088.19	180	0	0.00194556	123.001	0	-2.15817	235.999	0	-3.89108e-08	3719
FRIGG	2.66316e-07	1.33238	1.92792	0	-0.9861	0.00581785	-6.67208e-05	3.11141	-2.17639	1.97564e-06	-0.00289745	0.00193164	180	0	-0.0444805	256.34	-4.0142e-07	1555.7	200.462	0	-1088.19	180	0	0.00195125	123.001	0	-2.14626	235.999	0	1.66415e-07	3751
FRIGG	2.66316e-07	1.33238	1.92792	0	-0.9861	0.00581785	-6.67209e-05	3.11137	-2.17639	1.98061e-06	-0.00291354	0.00194236	180	0	-0.0444806	256.34	1.60625e-07	1555.69	200.462	0	-1088.19	180	0	0.00195616	123.001	0	-2.15818	235.999	0	1.85245e-07	3795
FRIGG	2.66316e-07	1.33238	1.92792	0	-0.9861	0.00581785	-6.67209e-05	3.11137	-2.17639	1.98061e-06	-0.00291354	0.00194236	180	0	-0.0444806	256.34	1.60625e-07	1555.69	200.462	0	-1088.19	180	0	0.00195616	123.001	0	-2.15818	235.999	0	1.85245e-07	3835
FRIGG	2.66316e-07	1.33238	1.92792	0	-0.9861	0.00581785	-6.67222e-05	3.11141	-2.17639	1.98347e-06	-0.00289756	0.00193171	180	0	-0.0444815	256.34	2.79833e-07	1555.7	200.462	0	-1088.19	180	0	0.00195898	123.001	0	-2.14634	235.999	0	-3.08564e-07	3868
FRIGG	2.66316e-07	1.33238	1.92792	0	-0.9861	0.00581785	-6.67203e-05	3.11137	-2.17639	1.99092e-06	-0.00291346	0.00194231	180	0	-0.0444802	256.34	-3.3853e-07	1555.69	200.462	0	-1088.19	180	0	0.00196634	123.001	0	-2.15812	235.999	0	1.02554e-07	3912
FRIGG	2.66316e-07	1.33238	1.92792	0	-0.9861	0.00581785	-6.67211e-05	3.11137	-2.17639	1.9957e-06	-0.00289757	0.00193172	180	0	-0.0444807	256.34	6.36287e-08	1555.69	200.462	0	-1088.19	180	0	0.00197106	123.001	0	-2.14635	235.999	0	1.3757e-07	3952
FRIGG	2.66316e-07	1.33238	1.92792	0	-0.9861	0.00581785	-6.67202e-05	3.11137	-2.17639	2.00021e-06	-0.00289748	0.00193165	180	0	-0.0444801	256.34	1.47088e-07	1555.69	200.462	0	-1088.19	180	0	0.00197552	123.001	0	-2.14628	235.999	0	-1.34456e-07	3990
FRIGG	2.66316e-07	1.33238	1.92792	0	-0.9861	0.00581785	-6.67202e-05	3.11137	-2.17639	2.00021e-06	-0.00289748	0.00193165	180	0	-0.0444801	256.34	1.47088e-07	1555.69	200.462	0	-1088.19	180	0	0.00197552	123.001	0	-2.14628	235.999	0	-1.34456e-07	4035
FRIGG	2.66316e-07	1.33238	1.92792	0	-0.9861	0.00581785	-6.67207e-05	3.11137	-2.17639	2.00544e-06	-0.00291348	0.00194232	180	0	-0.0444805	256.34	2.16181e-07	1555.69	200.462	0	-1088.19	180	0	0.00198068	123.001	0	-2.15813	235.999	0	2.06595e-08	4070
FRIGG	2.66316e-07	1.33238	1.92792	0	-0.9861	0.00581785	-6.67217e-05	3.11137	-2.17639	2.00996e-06	-0.00291362	0.00194242	180	0	-0.0444811	256.34	-1.24269e-07	1555.69	200.462	0	-1088.19	180	0	0.00198514	123.001	0	-2.15824	235.999	0	1.95567e-08	4109
FRIGG	2.66316e-07	1.33238	1.92792	0	-0.9861	0.00581785	-6.67196e-05	3.11142	-2.17639	2.01585e-06	-0.00291362	0.00194241	180	0	-0.0444797	256.34	-3.98955e-07	1555.71	200.462	0	-1088.19	180	0	0.00199096	123.001	0	-2.15823	235.999	0	8.14112e-08	4147
FRIGG	2.66316e-07	1.33238	1.92792	0	-0.9861	0.00581785	-6.67224e-05	3.11137	-2.17639	2.01931e-06	-0.00289762	0.00193174	180	0	-0.0444816	256.34	-2.76872e-08	1555.69	200.462	0	-1088.19	180	0	0.00199438	123.001	0	-2.14638	235.999	0	9.16448e-08	4193
FRIGG	2.66316e-07	1.33238	1.92792	0	-0.9861	0.00581785	-6.67219e-05	3.11141	-2.17639	2.02014e-06	-0.00291372	0.00194248	180	0	-0.0444812	256.34	-3.63791e-07	1555.7	200.462	0	-1088.19	180	0	0.0019952	123.001	0	-2.15831	235.999	0	1.76196e-07	4229
FRIGG	2.66316e-07	1.33238	1.92792	0	-0.9861	0.00581785	-6.672e-05	3.11141	-2.17639	2.02559e-06	-0.00291356	0.00194237	180	0	-0.04448	256.34	-5.65182e-08	1555.7	200.462	0	-1088.19	180	0	0.00200058	123.001	0	-2.15819	235.999	0	1.18966e-07	4269
FRIGG	2.66316e-07	1.33238	1.92792	0	-0.9861	0.00581785	-6.67212e-05	3.11141	-2.17639	2.0295e-06	-0.00291359	0.0019424	180	0	-0.0444808	256.34	4.06105e-09	1555.7	200.462	0	-1088.19	180	0	0.00200445	123.001	0	-2.15822	235.999	0	2.63809e-08	4304
FRIGG	2.66316e-07	1.33238	1.92792	0	-0.9861	0.00581785	-6.67205e-05	3.11137	-2.17639	2.03407e-06	-0.0028975	0.00193166	180	0	-0.0444804	256.34	7.34973e-07	1555.69	200.462	0	-1088.19	180	0	0.00200896	123.001	0	-2.14629	235.999	0	-1.30558e-07	4341
FRIGG	2.66316e-07	1.33238	1.92792	0	-0.9861	0.00581785	-6.67205e-05	3.11137	-2.17639	2.03407e-06	-0.0028975	0.00193166	180	0	-0.0444804	256.34	7.34973e-07	1555.69	200.462	0	-1088.19	180	0	0.00200896	123.001	0	-2.14629	235.999	0	-1.30558e-07	4384
FRIGG	2.66316e-07	1.33238	1.92792	0	-0.9861	0.00581785	-6.67212e-05	3.11137	-2.17639	2.03875e-06	-0.00289766	0.00193178	180	0	-0.0444808	256.34	2.98987e-07	1555.69	200.462	0	-1088.19	180	0	0.00201358	123.001	0	-2.14642	235.999	0	-1.88251e-08	4425
FRIGG	2.66316e-07	1.33238	1.92792	0	-0.9861	0.00581785	-6.67217e-05	3.11141	-2.17639	2.04292e-06	-0.00291349	0.00194233	180	0	-0.0444811	256.34	-2.3228e-07	1555.7	200.462	0	-1088.19	180	0	0.0020177	123.001	0	-2.15814	235.999	0	-1.13585e-07	4464
FRIGG	2.66316e-07	1.33238	1.92792	0	-0.9861	0.00581785	-6.67214e-05	3.11141	-2.17639	2.04834e-06	-0.00291349	0.00194233	180	0	-0.044481	256.34	2.15424e-07	1555.7	200.462	0	-1088.19	180	0	0.00202306	123.001	0	-2.15814	235.999	0	7.99505e-08	4499
FRIGG	2.66316e-07	1.33238	1.92792	0	-0.9861	0.00581785	-6.67214e-05	3.11141	-2.17639	2.04834e-06	-0.00291349	0.00194233	180	0	-0.044481	256.34	2.15424e-07	1555.7	200.462	0	-1088.19	180	0	0.00202306	123.001	0	-2.15814	235.999	0	7.99505e-08	4539
FRIGG	2.66316e-07	1.33238	1.92792	0	-0.9861	0.00581785	-6.67221e-05	3.11141	-2.17639	2.05189e-06	-0.00291353	0.00194236	180	0	-0.0444814	256.34	-2.30512e-07	1555.7	200.462	0	-1088.19	180	0	0.00202656	123.001	0	-2.15817	235.999	0	-1.26576e-07	4584
FRIGG	2.66316e-07	1.33238	1.92792	0	-0.9861	0.00581785	-6.67222e-05	3.11137	-2.17639	2.05654e-06	-0.00289745	0.00193163	180	0	-0.0444815	256.34	3.40396e-07	1555.69	200.462	0	-1088.19	180	0	0.00203115	123.001	0	-2.14626	235.999	0	-9.57174e-08	4623
FRIGG	2.66316e-07	1.33238	1.92792	0	-0.9861	0.00581785	-6.67222e-05	3.11141	-2.17639	2.06076e-06	-0.00289757	0.00193171	180	0	-0.0444815	256.34	3.79166e-07	1555.7	200.462	0	-1088.19	180	0	0.00203532	123.001	0	-2.14635	235.999	0	-2.08427e-07	4662
FRIGG	2.66316e-07	1.33238	1.92792	0	-0.9861	0.00581785	-6.67222e-05	3.11141	-2.17639	2.0661e-06	-0.00291376	0.0019425	180	0	-0.0444814	256.34	-2.93663e-07	1555.7	200.462	0	-1088.19	180	0	0.00204059	123.001	0	-2.15834	235.999	0	3.57354e-08	4698
FRIGG	2.66316e-07	1.33238	1.92792	0	-0.9861	0.00581785	-6.67222e-05	3.11141	-2.17639	2.0661e-06	-0.00291376	0.0019425	180	0	-0.0444814	256.34	-2.93663e-07	1555.7	200.462	0	-1088.19	180	0	0.00204059	123.001	0	-2.15834	235.999	0	3.57354e-08	4740
FRIGG	2.66316e-07	1.33238	1.92792	0	-0.9861	0.00581785	-6.67201e-05	3.11141	-2.17639	2.07146e-06	-0.00291349	0.00194233	180	0	-0.0444801	256.34	1.10269e-07	1555.7	200.462	0	-1088.19	180	0	0.00204588	123.001	0	-2.15814	235.999	0	3.9125e-08	4784
FRIGG	2.66316e-07	1.33238	1.92792	0	-0.9861	0.00581785	-6.6722e-05	3.11137	-2.17639	2.07517e-06	-0.0028975	0.00193166	180	0	-0.0444814	256.34	4.25836e-09	1555.69	200.462	0	-1088.19	180	0	0.00204955	123.001	0	-2.14629	235.999	0	7.1297e-08	4819
FRIGG	2.66316e-07	1.33238	1.92792	0	-0.9861	0.00581785	-6.67208e-05	3.11141	-2.17639	2.07975e-06	-0.00291353	0.00194235	180	0	-0.0444805	256.34	-3.47106e-07	1555.7	200.462	0	-1088.19	180	0	0.00205407	123.001	0	-2.15817	235.999	0	-4.08815e-08	4859
FRIGG	2.66316e-07	1.33238	1.92792	0	-0.9861	0.00581785	-6.67208e-05	3.11141	-2.17639	2.07975e-06	-0.00291353	0.00194235	180	0	-0.0444805	256.34	-3.47106e-07	1555.7	200.462	0	-1088.19	180	0	0.00205407	123.001	0	-2.15817	235.999	0	-4.08815e-08	4898
FRIGG	2.66316e-07	1.33238	1.92792	0	-0.9861	0.00581785	-6.67225e-05	3.11137	-2.17639	2.084e-06	-0.0029135	0.00194233	180	0	-0.0444817	256.34	1.88655e-07	1555.69	200.462	0	-1088.19	180	0	0.00205827	123.001	0	-2.15815	235.999	0	1.70034e-07	4940
FRIGG	2.66316e-07	1.33238	1.92792	0	-0.9861	0.00581785	-6.67209e-05	3.11137	-2.17639	2.08878e-06	-0.00289747	0.00193165	180	0	-0.0444806	256.34	-1.44437e-07	1555.69	200.462	0	-1088.19	180	0	0.00206299	123.001	0	-2.14627	235.999	0	8.74526e-08	4978
FRIGG	2.66316e-07	1.33238	1.92792	0	-0.9861	0.00581785	-6.67225e-05	3.11141	-2.17639	2.09164e-06	-0.00289749	0.00193166	180	0	-0.0444817	256.34	-1.20993e-07	1555.7	200.462	0	-1088.19	180	0	0.00206581	123.001	0	-2.14629	235.999	0	-1.104e-07	5015
FRIGG	2.66316e-07	1.33238	1.92792	0	-0.9861	0.00581785	-6.67219e-05	3.11141	-2.17639	2.09658e-06	-0.0028975	0.00193167	180	0	-0.0444813	256.34	-1.24722e-07	1555.7	200.462	0	-1088.19	180	0	0.00207069	123.001	0	-2.1463	235.999	0	-8.25467e-09	5054
FRIGG	2.66316e-07	1.33238	1.92792	0	-0.9861	0.00581785	-6.67213e-05	3.11142	-2.17639	2.10109e-06	-0.00292015	0.00194677	180	0	-0.0444808	256.34	-2.18398e-07	1555.71	200.462	0	-1088.19	180	0	0.00207516	123.001	0	-2.16308	235.999	0	-5.17849e-10	5095
FRIGG	2.66316e-07	1.33238	1.92792	0	-0.9861	0.00581785	-6.67212e-05	3.11141	-2.17639	2.10118e-06	-0.00291357	0.00194238	180	0	-0.0444808	256.34	1.22145e-07	1555.7	200.462	0	-1088.19	180	0	0.00207524	123.001	0	-2.1582	235.999	0	1.14494e-08	5130
FRIGG	2.66316e-07	1.33238	1.92792	0	-0.9861	0.00581785	-6.67234e-05	3.11141	-2.17639	2.10422e-06	-0.00291364	0.00194242	180	0	-0.0444823	256.34	-2.66893e-07	1555.7	200.462	0	-1088.19	180	0	0.00207825	123.001	0	-2.15825	235.999	0	-2.80771e-08	5168
FRIGG	2.66316e-07	1.33238	1.92792	0	-0.9861	0.00581785	-6.67214e-05	3.11137	-2.17639	2.10933e-06	-0.00289749	0.00193166	180	0	-0.0444809	256.34	2.87722e-07	1555.69	200.462	0	-1088.19	180	0	0.00208329	123.001	0	-2.14629	235.999	0	-2.86526e-08	5207
FRIGG	2.66316e-07	1.33238	1.92792	0	-0.9861	0.00581785	-6.67223e-05	3.11141	-2.17639	2.11267e-06	-0.00291348	0.00194232	180	0	-0.0444815	256.34	-3.01422e-08	1555.7	200.462	0	-1088.19	180	0	0.00208659	123.001	0	-2.15814	235.999	0	-1.23216e-07	5251
FRIGG	2.66316e-07	1.33238	1.92792	0	-0.9861	0.00581785	-6.67223e-05	3.11141	-2.17639	2.11267e-06	-0.00291348	0.00194232	180	0	-0.0444815	256.34	-3.01422e-08	1555.7	200.462	0	-1088.19	180	0	0.00208659	123.001	0	-2.15814	235.999	0	-1.23216e-07	5290
FRIGG	2.66316e-07	1.33238	1.92792	0	-0.9861	0.00581785	-6.67229e-05	3.11141	-2.17639	2.11707e-06	-0.00291346	0.00194231	180	0	-0.0444819	256.34	2.79575e-07	1555.7	200.462	0	-1088.19	180	0	0.00209093	123.001	0	-2.15812	235.999	0	1.52222e-09	5328
FRIGG	2.66316e-07	1.33238	1.92792	0	-0.9861	0.00581785	-6.67213e-05	3.11137	-2.17639	2.1219e-06	-0.00289735	0.00193157	180	0	-0.0444809	256.34	5.9493e-07	1555.69	200.462	0	-1088.19	180	0	0.00209571	123.001	0	-2.14619	235.999	0	1.18631e-08	5372
FRIGG	2.66316e-07	1.33238	1.92792	0	-0.9861	0.00581785	-6.67226e-05	3.11141	-2.17639	2.12458e-06	-0.00291363	0.00194242	180	0	-0.0444817	256.34	1.82742e-08	1555.7	200.462	0	-1088.19	180	0	0.00209835	123.001	0	-2.15824	235.999	0	-1.86345e-07	5411
FRIGG	2.66316e-07	1.33238	1.92792	0	-0.9861	0.00581785	-6.67226e-05	3.11141	-2.17639	2.12458e-06	-0.00291363	0.00194242	180	0	-0.0444817	256.34	1.82742e-08	1555.7	200.462	0	-1088.19	180	0	0.00209835	123.001	0	-2.15824	235.999	0	-1.86345e-07	5447
FRIGG	2.66316e-07	1.33238	1.92792	0	-0.9861	0.00581785	-6.67224e-05	3.11137	-2.17639	2.12953e-06	-0.00289752	0.00193168	180	0	-0.0444816	256.34	-8.90507e-08	1555.69	200.462	0	-1088.19	180	0	0.00210324	123.001	0	-2.14631	235.999	0	4.25872e-08	5481
FRIGG	2.66316e-07	1.33238	1.92792	0	-0.9861	0.00581785	-6.67218e-05	3.11141	-2.17639	2.13345e-06	-0.00291352	0.00194234	180	0	-0.0444812	256.34	2.17213e-07	1555.7	200.462	0	-1088.19	180	0	0.00210711	123.001	0	-2.15816	235.999	0	-3.51149e-08	5521
FRIGG	2.66316e-07	1.33238	1.92792	0	-0.9861	0.00581785	-6.67236e-05	3.11137	-2.17639	2.13584e-06	-0.0029136	0.0019424	180	0	-0.0444824	256.34	1.12315e-07	1555.69	200.462	0	-1088.19	180	0	0.00210947	123.001	0	-2.15822	235.999	0	-2.4218e-07	5555
FRIGG	2.66316e-07	1.33238	1.92792	0	-0.9861	0.00581785	-6.67218e-05	3.11137	-2.17639	2.14202e-06	-0.00289759	0.00193173	180	0	-0.0444812	256.34	1.67435e-07	1555.69	200.462	0	-1088.19	180	0	0.00211558	123.001	0	-2.14636	235.999	0	1.47075e-07	5594
FRIGG	2.66316e-07	1.33238	1.92792	0	-0.9861	0.00581785	-6.67204e-05	3.11141	-2.17639	2.1465e-06	-0.00291357	0.00194238	180	0	-0.0444803	256.34	-3.32137e-07	1555.7	200.462	0	-1088.19	180	0	0.00212	123.001	0	-2.1582	235.999	0	1.56894e-07	5630
FRIGG	2.66316e-07	1.33238	1.92792	0	-0.9861	0.00581785	-6.67204e-05	3.11141	-2.17639	2.1465e-06	-0.00291357	0.00194238	180	0	-0.0444803	256.34	-3.32137e-07	1555.7	200.462	0	-1088.19	180	0	0.00212	123.001	0	-2.1582	235.999	0	1.56894e-07	5663
FRIGG	2.66316e-07	1.33238	1.92792	0	-0.9861	0.00581785	-6.67207e-05	3.11137	-2.17639	2.15e-06	-0.00289753	0.00193168	180	0	-0.0444805	256.34	1.76394e-07	1555.69	200.462	0	-1088.19	180	0	0.00212345	123.001	0	-2.14632	235.999	0	8.16649e-08	5705
FRIGG	2.66316e-07	1.33238	1.92792	0	-0.9861	0.00581785	-6.67229e-05	3.11137	-2.17639	2.15317e-06	-0.00291351	0.00194234	180	0	-0.0444819	256.34	4.61732e-07	1555.69	200.462	0	-1088.19	180	0	0.00212658	123.001	0	-2.15816	235.999	0	1.50936e-07	5739
FRIGG	2.66316e-07	1.33238	1.92792	0	-0.9861	0.00581785	-6.67214e-05	3.11141	-2.17639	2.15701e-06	-0.00291357	0.00194238	180	0	-0.044481	256.34	-2.5338e-07	1555.7	200.462	0	-1088.19	180	0	0.00213038	123.001	0	-2.1582	235.999	0	-4.80201e-09	5782
FRIGG	2.66316e-07	1.33238	1.92792	0	-0.9861	0.00581785	-6.67215e-05	3.11137	-2.17639	2.16047e-06	-0.00289747	0.00193164	180	0	-0.044481	256.34	3.00686e-07	1555.69	200.462	0	-1088.19	180	0	0.0021338	123.001	0	-2.14627	235.999	0	-8.0274e-08	5820
FRIGG	2.66316e-07	1.33238	1.92792	0	-0.9861	0.00581785	-6.67215e-05	3.11137	-2.17639	2.16047e-06	-0.00289747	0.00193164	180	0	-0.044481	256.34	3.00686e-07	1555.69	200.462	0	-1088.19	180	0	0.0021338	123.001	0	-2.14627	235.999	0	-8.0274e-08	5862
FRIGG	2.66316e-07	1.33238	1.92792	0	-0.9861	0.00581785	-6.67241e-05	3.11141	-2.17639	2.16299e-06	-0.0029135	0.00194233	180	0	-0.0444827	256.34	2.74064e-07	1555.7	200.462	0	-1088.19	180	0	0.00213629	123.001	0	-2.15815	235.999	0	-1.0161e-07	5901
FRIGG	2.66316e-07	1.33238	1.92792	0	-0.9861	0.00581785	-6.67225e-05	3.11141	-2.17639	2.16778e-06	-0.00291348	0.00194232	180	0	-0.0444817	256.34	-1.20561e-07	1555.7	200.462	0	-1088.19	180	0	0.00214102	123.001	0	-2.15814	235.999	0	-9.51284e-09	5941
FRIGG	2.66316e-07	1.33238	1.92792	0	-0.9861	0.00581785	-6.67201e-05	3.11137	-2.17639	2.17255e-06	-0.00291354	0.00194236	180	0	-0.0444801	256.34	-1.68525e-07	1555.69	200.462	0	-1088.19	180	0	0.00214573	123.001	0	-2.15818	235.999	0	-1.386e-08	5982
FRIGG	2.66316e-07	1.33238	1.92792	0	-0.9861	0.00581785	-6.67201e-05	3.11137	-2.17639	2.17255e-06	-0.00291354	0.00194236	180	0	-0.0444801	256.34	-1.68525e-07	1555.69	200.462	0	-1088.19	180	0	0.00214573	123.001	0	-2.15818	235.999	0	-1.386e-08	6019
FRIGG	2.66316e-07	1.33238	1.92792	0	-0.9861	0.00581785	-6.67224e-05	3.11137	-2.17639	2.17474e-06	-0.00291369	0.00194246	180	0	-0.0444816	256.34	-4.3688e-07	1555.69	200.462	0	-1088.19	180	0	0.00214789	123.001	0	-2.15829	235.999	0	-1.27052e-07	6055
FRIGG	2.66316e-07	1.33238	1.92792	0	-0.9861	0.00581785	-6.67233e-05	3.11141	-2.17639	2.17898e-06	-0.00291373	0.00194248	180	0	-0.0444822	256.34	-2.26053e-07	1555.7	200.462	0	-1088.19	180	0	0.00215208	123.001	0	-2.15831	235.999	0	1.50706e-07	6094
FRIGG	2.66316e-07	1.33238	1.92792	0	-0.9861	0.00581785	-6.67208e-05	3.11137	-2.17639	2.18376e-06	-0.00291365	0.00194244	180	0	-0.0444805	256.34	-3.12681e-07	1555.69	200.462	0	-1088.19	180	0	0.0021568	123.001	0	-2.15826	235.999	0	1.73818e-07	6136
FRIGG	2.66316e-07	1.33238	1.92792	0	-0.9861	0.00581785	-6.67209e-05	3.11141	-2.17639	2.18651e-06	-0.00289747	0.00193165	180	0	-0.0444806	256.34	9.99301e-08	1555.7	200.462	0	-1088.19	180	0	0.00215952	123.001	0	-2.14627	235.999	0	-5.33839e-08	6176
FRIGG	2.66316e-07	1.33238	1.92792	0	-0.9861	0.00581785	-6.67209e-05	3.11141	-2.17639	2.18651e-06	-0.00289747	0.00193165	180	0	-0.0444806	256.34	9.99301e-08	1555.7	200.462	0	-1088.19	180	0	0.00215952	123.001	0	-2.14627	235.999	0	-5.33839e-08	6212
FRIGG	2.66316e-07	1.33238	1.92792	0	-0.9861	0.00581785	-6.67213e-05	3.11141	-2.17639	2.18985e-06	-0.00289743	0.00193162	180	0	-0.0444808	256.34	-6.11322e-08	1555.7	200.462	0	-1088.19	180	0	0.00216282	123.001	0	-2.14625	235.999	0	-6.95402e-08	6250
FRIGG	2.66316e-07	1.33238	1.92792	0	-0.9861	0.00581785	-6.67238e-05	3.11137	-2.17639	2.19255e-06	-0.00291353	0.00194235	180	0	-0.0444826	256.34	2.9504e-07	1555.69	200.462	0	-1088.19	180	0	0.00216548	123.001	0	-2.15817	235.999	0	1.39822e-08	6290
FRIGG	2.66316e-07	1.33238	1.92792	0	-0.9861	0.00581785	-6.67219e-05	3.11137	-2.17639	2.19694e-06	-0.0029134	0.00194226	180	0	-0.0444813	256.34	7.34741e-07	1555.69	200.462	0	-1088.19	180	0	0.00216982	123.001	0	-2.15807	235.999	0	1.07504e-08	6333
FRIGG	2.66316e-07	1.33238	1.92792	0	-0.9861	0.00581785	-6.67206e-05	3.11137	-2.17639	2.20191e-06	-0.00291346	0.0019423	180	0	-0.0444804	256.34	-8.16297e-08	1555.69	200.462	0	-1088.19	180	0	0.00217473	123.001	0	-2.15812	235.999	0	2.77564e-07	6374
FRIGG	2.66316e-07	1.33238	1.92792	0	-0.9861	0.00581785	-6.67209e-05	3.11137	-2.17639	2.20122e-06	-0.00291345	0.0019423	180	0	-0.0444806	256.34	-3.08344e-07	1555.69	200.462	0	-1088.19	180	0	0.00217404	123.001	0	-2.15811	235.999	0	1.35604e-07	6412
FRIGG	2.66316e-07	1.33238	1.92792	0	-0.9861	0.00581785	-6.67207e-05	3.11141	-2.17639	2.20442e-06	-0.00289747	0.00193164	180	0	-0.0444805	256.34	-3.23896e-08	1555.7	200.462	0	-1088.19	180	0	0.0021772	123.001	0	-2.14627	235.999	0	2.85377e-08	6447
FRIGG	2.66316e-07	1.33238	1.92792	0	-0.9861	0.00581785	-6.6723e-05	3.11141	-2.17639	2.20585e-06	-0.00291353	0.00194236	180	0	-0.044482	256.34	-1.40938e-07	1555.7	200.462	0	-1088.19	180	0	0.00217862	123.001	0	-2.15817	235.999	0	-2.42855e-07	6484
FRIGG	2.66316e-07	1.33238	1.92792	0	-0.9861	0.00581785	-6.67228e-05	3.11137	-2.17639	2.21096e-06	-0.00289749	0.00193166	180	0	-0.0444819	256.34	1.39493e-09	1555.69	200.462	0	-1088.19	180	0	0.00218366	123.001	0	-2.14629	235.999	0	1.95187e-07	6528
FRIGG	2.66316e-07	1.33238	1.92792	0	-0.9861	0.00581785	-6.67228e-05	3.11137	-2.17639	2.21096e-06	-0.00289749	0.00193166	180	0	-0.0444819	256.34	1.39493e-09	1555.69	200.462	0	-1088.19	180	0	0.00218366	123.001	0	-2.14629	235.999	0	1.95187e-07	6567
FRIGG	2.66316e-07	1.33238	1.92792	0	-0.9861	0.00581785	-6.67215e-05	3.11141	-2.17639	2.21405e-06	-0.00289749	0.00193166	180	0	-0.044481	256.34	1.88527e-07	1555.7	200.462	0	-1088.19	180	0	0.00218671	123.001	0	-2.14629	235.999	0	-3.55175e-08	6606
FRIGG	2.66316e-07	1.33238	1.92792	0	-0.9861	0.00581785	-6.67209e-05	3.11137	-2.17639	2.21716e-06	-0.00291369	0.00194246	180	0	-0.0444806	256.34	3.98318e-07	1555.69	200.462	0	-1088.19	180	0	0.00218979	123.001	0	-2.15829	235.999	0	-1.79583e-07	6647
FRIGG	2.66316e-07	1.33238	1.92792	0	-0.9861	0.00581785	-6.67209e-05	3.11137	-2.17639	2.22158e-06	-0.0029135	0.00194233	180	0	-0.0444806	256.34	-7.57237e-08	1555.69	200.462	0	-1088.19	180	0	0.00219415	123.001	0	-2.15815	235.999	0	1.33743e-07	6688
FRIGG	2.66316e-07	1.33238	1.92792	0	-0.9861	0.00581785	-6.67236e-05	3.11141	-2.17639	2.22221e-06	-0.0029135	0.00194234	180	0	-0.0444824	256.34	-2.39209e-07	1555.7	200.462	0	-1088.19	180	0	0.00219478	123.001	0	-2.15815	235.999	0	-2.72324e-07	6725
FRIGG	2.66316e-07	1.33238	1.92792	0	-0.9861	0.00581785	-6.67236e-05	3.11141	-2.17639	2.22221e-06	-0.0029135	0.00194234	180	0	-0.0444824	256.34	-2.39209e-07	1555.7	200.462	0	-1088.19	180	0	0.00219478	123.001	0	-2.15815	235.999	0	-2.72324e-07	6764
FRIGG	2.66316e-07	1.33238	1.92792	0	-0.9861	0.00581785	-6.67231e-05	3.11137	-2.17639	2.22679e-06	-0.0029135	0.00194233	180	0	-0.044482	256.34	2.89105e-07	1555.69	200.462	0	-1088.19	180	0	0.0021993	123.001	0	-2.15815	235.999	0	7.80039e-09	6807
FRIGG	2.66316e-07	1.33238	1.92792	0	-0.9861	0.00581785	-6.67214e-05	3.11137	-2.17639	2.2304e-06	-0.00289758	0.00193172	180	0	-0.0444809	256.34	2.2805e-07	1555.69	200.462	0	-1088.19	180	0	0.00220286	123.001	0	-2.14635	235.999	0	-9.24457e-08	6845
FRIGG	1.5979e-06	1.33238	1.92792	9.98685e-07	-0.9861	0.00581785	-0.00132537	3.11127	-2.17628	-0.000575534	-0.00291497	0.00197776	180	0	-0.883582	256.34	0.000134412	1555.64	200.462	0	-1088.14	180	0	-0.568428	123.001	0	-2.17837	235.999	0	-0.0191356	6883
FRIGG	1.5979e-06	1.33238	1.92792	9.98685e-07	-0.9861	0.00581785	-0.00132537	3.11127	-2.17628	-0.000575534	-0.00291497	0.00197776	180	0	-0.883582	256.34	0.000134412	1555.64	200.462	0	-1088.14	180	0	-0.568428	123.001	0	-2.17837	235.999	0	-0.0191356	6913
FRIGG	2.39684e-06	1.33238	1.92792	1.19842e-06	-0.9861	0.00581785	-0.000713322	3.1114	-2.17641	-0.000161874	-0.0029369	0.00190414	180	0	-0.475548	256.34	-0.000109916	1555.7	200.462	0	-1088.2	180	0	-0.159876	123.001	0	-2.1456	235.999	0	0.0298838	6958
FRIGG	1.86421e-06	1.33238	1.92792	7.98948e-07	-0.9861	0.00581781	0.000309817	3.1115	-2.17649	0.000228726	-0.00292071	0.00189117	180	0	0.206545	256.34	-0.000186202	1555.75	200.462	0	-1088.24	180	0	0.225902	123.001	0	-2.13239	235.999	0	0.0310923	6995
FRIGG	2.66316e-07	1.33238	1.92792	0	-0.9861	0.00581776	0.000836066	3.11148	-2.1765	0.000364516	-0.00290074	0.00190783	180	0	0.557377	256.34	-7.7192e-05	1555.74	200.462	0	-1088.25	180	0	0.360016	123.001	0	-2.13426	235.999	0	0.0144401	7038
FRIGG	-7.98948e-07	1.33238	1.92792	-5.99211e-07	-0.9861	0.00581776	0.000770951	3.1114	-2.17642	0.000280153	-0.00290579	0.00194014	180	0	0.513968	256.34	6.50568e-05	1555.7	200.462	0	-1088.21	180	0	0.276695	123.001	0	-2.15408	235.999	0	-0.00163631	7077
FRIGG	-7.98948e-07	1.33238	1.92792	-5.99211e-07	-0.9861	0.00581776	0.000770951	3.1114	-2.17642	0.000280153	-0.00290579	0.00194014	180	0	0.513968	256.34	6.50568e-05	1555.7	200.462	0	-1088.21	180	0	0.276695	123.001	0	-2.15408	235.999	0	-0.00163631	7117
FRIGG	-1.33158e-06	1.33238	1.92792	-7.98948e-07	-0.9861	0.00581785	0.000388511	3.11134	-2.17635	0.00010951	-0.00290867	0.0019551	180	0	0.259008	256.34	0.000123674	1555.67	200.462	0	-1088.18	180	0	0.108158	123.001	0	-2.16345	235.999	0	-0.0088779	7158
FRIGG	-1.06526e-06	1.33238	1.92792	-3.99474e-07	-0.9861	0.00581785	8.51672e-06	3.11133	-2.17634	-2.90822e-05	-0.00291997	0.00196029	180	0	0.00567781	256.34	8.39745e-05	1555.66	200.462	0	-1088.17	180	0	-0.0287232	123.001	0	-2.17052	235.999	0	-0.00757934	7196
FRIGG	-5.32632e-07	1.33238	1.92792	-1.99737e-07	-0.9861	0.00581785	-0.000197765	3.11137	-2.17638	-8.7194e-05	-0.00291216	0.00194537	180	0	-0.131844	256.34	2.3329e-06	1555.69	200.462	0	-1088.19	180	0	-0.0861176	123.001	0	-2.15934	235.999	0	-0.00218272	7240
FRIGG	0	1.33238	1.92792	0	-0.9861	0.00581785	-0.000205146	3.1114	-2.17642	-7.00255e-05	-0.00290752	0.00193217	180	0	-0.136764	256.34	-6.03246e-05	1555.7	200.462	0	-1088.21	180	0	-0.069161	123.001	0	-2.15029	235.999	0	0.00343071	7276
FRIGG	0	1.33238	1.92792	0	-0.9861	0.00581785	-0.000205146	3.1114	-2.17642	-7.00255e-05	-0.00290752	0.00193217	180	0	-0.136764	256.34	-6.03246e-05	1555.7	200.462	0	-1088.21	180	0	-0.069161	123.001	0	-2.15029	235.999	0	0.00343071	7319
FRIGG	2.66316e-07	1.33238	1.92792	1.99737e-07	-0.9861	0.00581785	-9.3641e-05	3.11144	-2.17643	-1.81188e-05	-0.00290843	0.00192769	180	0	-0.0624273	256.34	-7.21139e-05	1555.72	200.462	0	-1088.21	180	0	-0.0178951	123.001	0	-2.14814	235.999	0	0.00625461	7362
FRIGG	2.66316e-07	1.33238	1.92792	0	-0.9861	0.00581785	3.52707e-05	3.11143	-2.17644	3.02599e-05	-0.0028983	0.00192079	180	0	0.0235138	256.34	-3.96508e-05	1555.71	200.462	0	-1088.22	180	0	0.0298864	123.001	0	-2.14055	235.999	0	0.00633852	7400
FRIGG	0	1.33238	1.92792	0	-0.9861	0.00581785	-9.78777e-06	3.11139	-2.1764	-1.52002e-05	-0.0029032	0.00193428	180	0	-0.00652518	256.34	2.837e-05	1555.7	200.462	0	-1088.2	180	0	-0.0150125	123.001	0	-2.14986	235.999	0	0.000660532	7437
FRIGG	0	1.33238	1.92792	0	-0.9861	0.00581785	-9.78777e-06	3.11139	-2.1764	-1.52002e-05	-0.0029032	0.00193428	180	0	-0.00652518	256.34	2.837e-05	1555.7	200.462	0	-1088.2	180	0	-0.0150125	123.001	0	-2.14986	235.999	0	0.000660532	7474
FRIGG	0	1.33238	1.92792	0	-0.9861	0.00581785	0.000151946	3.1114	-2.17641	0.000115156	-0.00292485	0.00191546	180	0	0.101298	256.34	2.35679e-06	1555.7	200.462	0	-1088.21	180	0	0.113734	123.001	0	-2.14742	235.999	0	0.0191301	7503
FRIGG	-2.66316e-07	1.33238	1.92792	-3.99474e-07	-0.9861	0.00581776	0.00044354	3.11141	-2.17643	0.000221087	-0.00291731	0.00191548	180	0	0.295694	256.34	-1.36024e-05	1555.71	200.462	0	-1088.21	180	0	0.218358	123.001	0	-2.14464	235.999	0	0.0163288	7544
FRIGG	-7.98948e-07	1.33238	1.92792	-5.99211e-07	-0.9861	0.00581776	0.000463807	3.1114	-2.17641	0.000199094	-0.00290992	0.00192702	180	0	0.309205	256.34	1.54098e-05	1555.7	200.462	0	-1088.21	180	0	0.196636	123.001	0	-2.14831	235.999	0	0.00718526	7582
FRIGG	-1.06526e-06	1.33238	1.92792	-5.99211e-07	-0.9861	0.00581776	0.000248351	3.11138	-2.17636	9.78294e-05	-0.00290627	0.00193633	180	0	0.165567	256.34	4.19059e-05	1555.69	200.462	0	-1088.18	180	0	0.0966216	123.001	0	-2.15213	235.999	0	0.000657977	7625
FRIGG	-1.06526e-06	1.33238	1.92792	-5.99211e-07	-0.9861	0.00581776	0.000248351	3.11138	-2.17636	9.78294e-05	-0.00290627	0.00193633	180	0	0.165567	256.34	4.19059e-05	1555.69	200.462	0	-1088.18	180	0	0.0966216	123.001	0	-2.15213	235.999	0	0.000657977	7665
FRIGG	-7.98948e-07	1.33238	1.92792	-3.99474e-07	-0.9861	0.00581785	-2.01128e-05	3.11136	-2.17637	-3.46655e-06	-0.00291986	0.00194704	180	0	-0.0134086	256.34	3.44334e-05	1555.68	200.462	0	-1088.18	180	0	-0.00342375	123.001	0	-2.16312	235.999	0	-0.000259509	7704
FRIGG	-2.66316e-07	1.33238	1.92792	-1.99737e-07	-0.9861	0.00581785	-0.000199705	3.11137	-2.17638	-5.84812e-05	-0.00291786	0.00194112	180	0	-0.133136	256.34	4.37025e-06	1555.69	200.462	0	-1088.19	180	0	-0.0577592	123.001	0	-2.15909	235.999	0	0.00228904	7743
FRIGG	2.66316e-07	1.33238	1.92792	0	-0.9861	0.00581785	-0.00024697	3.11139	-2.1764	-6.14585e-05	-0.00291716	0.00193444	180	0	-0.164647	256.34	-2.34606e-05	1555.69	200.462	0	-1088.2	180	0	-0.0606998	123.001	0	-2.15512	235.999	0	0.00574425	7783
FRIGG	5.32632e-07	1.33238	1.92792	1.99737e-07	-0.9861	0.00581785	-0.000192873	3.11142	-2.1764	-2.97525e-05	-0.00291858	0.00193079	180	0	-0.128582	256.34	-3.15089e-05	1555.71	200.462	0	-1088.2	180	0	-0.0293852	123.001	0	-2.15362	235.999	0	0.00829301	7819
FRIGG	5.32632e-07	1.33238	1.92792	1.99737e-07	-0.9861	0.00581785	-0.000192873	3.11142	-2.1764	-2.97525e-05	-0.00291858	0.00193079	180	0	-0.128582	256.34	-3.15089e-05	1555.71	200.462	0	-1088.2	180	0	-0.0293852	123.001	0	-2.15362	235.999	0	0.00829301	7861
FRIGG	5.32632e-07	1.33238	1.92792	1.99737e-07	-0.9861	0.00581785	-8.19925e-05	3.11142	-2.1764	2.19642e-05	-0.00290658	0.00191961	180	0	-0.0546617	256.34	-2.42166e-05	1555.71	200.462	0	-1088.2	180	0	0.021693	123.001	0	-2.14296	235.999	0	0.0100584	7895
FRIGG	5.32632e-07	1.33238	1.92792	0	-0.9861	0.00581785	-9.52418e-05	3.11139	-2.17641	-2.04236e-05	-0.00290035	0.00193389	180	0	-0.0634945	256.34	2.1048e-05	1555.7	200.462	0	-1088.2	180	0	-0.0201715	123.001	0	-2.14859	235.999	0	-0.000180239	7932
FRIGG	5.32632e-07	1.33238	1.92792	1.99737e-07	-0.9861	0.00581785	-0.000231783	3.11135	-2.17636	-8.13168e-05	-0.00291821	0.00194992	180	0	-0.154522	256.34	4.64532e-05	1555.67	200.462	0	-1088.18	180	0	-0.0803129	123.001	0	-2.16411	235.999	0	-0.00246773	7969
FRIGG	7.98948e-07	1.33238	1.92792	3.99474e-07	-0.9861	0.00581785	-0.000330588	3.11136	-2.17637	-0.000113957	-0.00291903	0.00194693	180	0	-0.220392	256.34	3.2263e-05	1555.68	200.462	0	-1088.18	180	0	-0.11255	123.001	0	-2.16275	235.999	0	-0.000506044	8009
FRIGG	7.98948e-07	1.33238	1.92792	3.99474e-07	-0.9861	0.00581785	-0.000330588	3.11136	-2.17637	-0.000113957	-0.00291903	0.00194693	180	0	-0.220392	256.34	3.2263e-05	1555.68	200.462	0	-1088.18	180	0	-0.11255	123.001	0	-2.16275	235.999	0	-0.000506044	8045
FRIGG	1.06526e-06	1.33238	1.92792	3.99474e-07	-0.9861	0.00581785	-0.000287938	3.11138	-2.17639	-8.22111e-05	-0.00291901	0.00193797	180	0	-0.191958	256.34	-5.16763e-06	1555.69	200.462	0	-1088.19	180	0	-0.0811962	123.001	0	-2.15777	235.999	0	0.00446402	8081
FRIGG	7.98948e-07	1.33238	1.92792	3.99474e-07	-0.9861	0.00581785	-0.000128263	3.11139	-2.1764	-1.16136e-05	-0.00291805	0.0019312	180	0	-0.0855086	256.34	-3.38245e-05	1555.7	200.462	0	-1088.2	180	0	-0.0114702	123.001	0	-2.15365	235.999	0	0.00787085	8111
FRIGG	5.32632e-07	1.33238	1.92792	1.99737e-07	-0.9861	0.00581785	4.63038e-05	3.11142	-2.17641	5.35592e-05	-0.00291772	0.00193073	180	0	0.0308692	256.34	-3.42346e-05	1555.71	200.462	0	-1088.2	180	0	0.052898	123.001	0	-2.15326	235.999	0	0.00801157	8152
FRIGG	5.32632e-07	1.33238	1.92792	1.99737e-07	-0.9861	0.00581785	4.63038e-05	3.11142	-2.17641	5.35592e-05	-0.00291772	0.00193073	180	0	0.0308692	256.34	-3.42346e-05	1555.71	200.462	0	-1088.2	180	0	0.052898	123.001	0	-2.15326	235.999	0	0.00801157	8183
FRIGG	-2.66316e-07	1.33238	1.92792	-3.99474e-07	-0.9861	0.00581776	0.000937995	3.11148	-2.17649	0.000515771	-0.00292012	0.00188267	180	0	0.62533	256.34	-0.000140162	1555.74	200.462	0	-1088.25	180	0	0.509404	123.001	0	-2.12745	235.999	0	0.0355996	8221
FRIGG	-1.5979e-06	1.33238	1.92792	-1.19842e-06	-0.9861	0.00581776	0.00123055	3.11145	-2.17647	0.000508729	-0.00289143	0.00192717	180	0	0.820368	256.34	-2.06974e-05	1555.72	200.462	0	-1088.23	180	0	0.502448	123.001	0	-2.14155	235.999	0	0.000249833	8263
FRIGG	-2.39684e-06	1.33238	1.92792	-1.39816e-06	-0.9861	0.00581785	0.000710201	3.11134	-2.17636	0.00024911	-0.00289173	0.00196252	180	0	0.473467	256.34	0.000117441	1555.67	200.462	0	-1088.18	180	0	0.246035	123.001	0	-2.1613	235.999	0	-0.0192798	8304
FRIGG	-1.86421e-06	1.33238	1.92792	-9.98685e-07	-0.9861	0.00581785	-2.20373e-05	3.1113	-2.17631	-3.23218e-05	-0.00290886	0.00198052	180	0	-0.0146915	256.34	0.000138396	1555.65	200.462	0	-1088.16	180	0	-0.0319227	123.001	0	-2.17764	235.999	0	-0.0229312	8343
FRIGG	-1.86421e-06	1.33238	1.92792	-9.98685e-07	-0.9861	0.00581785	-2.20373e-05	3.1113	-2.17631	-3.23218e-05	-0.00290886	0.00198052	180	0	-0.0146915	256.34	0.000138396	1555.65	200.462	0	-1088.16	180	0	-0.0319227	123.001	0	-2.17764	235.999	0	-0.0229312	8372
FRIGG	-7.98948e-07	1.33238	1.92792	-3.99474e-07	-0.9861	0.00581785	-0.000556859	3.11134	-2.17632	-0.000204299	-0.00290354	0.00196578	180	0	-0.371239	256.34	6.14828e-05	1555.67	200.462	0	-1088.16	180	0	-0.201777	123.001	0	-2.16749	235.999	0	-0.0167147	8414
FRIGG	5.32632e-07	1.33238	1.92792	1.99737e-07	-0.9861	0.00581785	-0.000757211	3.11139	-2.17637	-0.000242324	-0.00289789	0.00194597	180	0	-0.504807	256.34	-3.22055e-05	1555.7	200.462	0	-1088.19	180	0	-0.239332	123.001	0	-2.15438	235.999	0	-0.00780097	8446
FRIGG	1.33158e-06	1.33238	1.92792	5.99211e-07	-0.9861	0.00581785	-0.000699624	3.11141	-2.17643	-0.000194793	-0.00289725	0.00193391	180	0	-0.466416	256.34	-7.80251e-05	1555.71	200.462	0	-1088.21	180	0	-0.192388	123.001	0	-2.14745	235.999	0	-0.00133932	8481
FRIGG	1.86421e-06	1.33238	1.92792	7.98948e-07	-0.9861	0.00581785	-0.000756002	3.11141	-2.1764	-0.000289471	-0.00288373	0.00195797	180	0	-0.504001	256.34	-5.08356e-06	1555.7	200.462	0	-1088.2	180	0	-0.285897	123.001	0	-2.15581	235.999	0	-0.0197123	8521
FRIGG	1.86421e-06	1.33238	1.92792	7.98948e-07	-0.9861	0.00581785	-0.000756002	3.11141	-2.1764	-0.000289471	-0.00288373	0.00195797	180	0	-0.504001	256.34	-5.08356e-06	1555.7	200.462	0	-1088.2	180	0	-0.285897	123.001	0	-2.15581	235.999	0	-0.0197123	8565
FRIGG	2.13053e-06	1.33238	1.92792	9.98685e-07	-0.9861	0.00581785	-0.000706123	3.11137	-2.17639	-0.000189667	-0.0029173	0.00193935	180	0	-0.470749	256.34	-3.1474e-06	1555.69	200.462	0	-1088.19	180	0	-0.187325	123.001	0	-2.15789	235.999	0	0.00306587	8597
FRIGG	2.13053e-06	1.33238	1.92792	7.98948e-07	-0.9861	0.00581785	-0.000366103	3.11141	-2.17639	-5.04285e-05	-0.00290401	0.00192498	180	0	-0.244069	256.34	-9.7721e-06	1555.71	200.462	0	-1088.2	180	0	-0.049806	123.001	0	-2.14499	235.999	0	0.00612617	8634
FRIGG	1.5979e-06	1.33238	1.92792	5.99211e-07	-0.9861	0.00581785	-0.000135555	3.1114	-2.17638	1.97467e-05	-0.0029026	0.00193086	180	0	-0.09037	256.34	1.12169e-05	1555.7	200.462	0	-1088.19	180	0	0.0195029	123.001	0	-2.14774	235.999	0	0.0023367	8675
FRIGG	1.33158e-06	1.33238	1.92792	3.99474e-07	-0.9861	0.00581785	-6.21442e-05	3.11136	-2.17637	2.91053e-05	-0.00291619	0.00194762	180	0	-0.0414295	256.34	2.91353e-05	1555.68	200.462	0	-1088.19	180	0	0.028746	123.001	0	-2.16208	235.999	0	-0.00194055	8712
FRIGG	1.33158e-06	1.33238	1.92792	3.99474e-07	-0.9861	0.00581785	-6.21442e-05	3.11136	-2.17637	2.91053e-05	-0.00291619	0.00194762	180	0	-0.0414295	256.34	2.91353e-05	1555.68	200.462	0	-1088.19	180	0	0.028746	123.001	0	-2.16208	235.999	0	-0.00194055	8754
FRIGG	7.98948e-07	1.33238	1.92792	1.99737e-07	-0.9861	0.00581785	-9.7993e-05	3.11136	-2.17637	4.88745e-06	-0.00291341	0.00194984	180	0	-0.0653287	256.34	2.90921e-05	1555.68	200.462	0	-1088.19	180	0	0.00482711	123.001	0	-2.16229	235.999	0	-0.00420616	8791
FRIGG	7.98948e-07	1.33238	1.92792	1.99737e-07	-0.9861	0.00581785	-0.000163694	3.11137	-2.17638	-2.32846e-05	-0.00290976	0.00194801	180	0	-0.109129	256.34	1.10133e-05	1555.68	200.462	0	-1088.19	180	0	-0.0229971	123.001	0	-2.15992	235.999	0	-0.004536	8831
FRIGG	7.98948e-07	1.33238	1.92792	1.99737e-07	-0.9861	0.00581785	-0.000205157	3.11138	-2.17639	-3.69626e-05	-0.00290702	0.0019441	180	0	-0.136771	256.34	-1.19593e-05	1555.69	200.462	0	-1088.2	180	0	-0.0365063	123.001	0	-2.15673	235.999	0	-0.00338468	8865
FRIGG	7.98948e-07	1.33238	1.92792	1.99737e-07	-0.9861	0.00581785	-0.000197743	3.11139	-2.1764	-3.02528e-05	-0.00290628	0.00194065	180	0	-0.131829	256.34	-2.69645e-05	1555.69	200.462	0	-1088.2	180	0	-0.0298793	123.001	0	-2.15454	235.999	0	-0.00174028	8903
FRIGG	7.98948e-07	1.33238	1.92792	1.99737e-07	-0.9861	0.00581785	-0.000197743	3.11139	-2.1764	-3.02528e-05	-0.00290628	0.00194065	180	0	-0.131829	256.34	-2.69645e-05	1555.69	200.462	0	-1088.2	180	0	-0.0298793	123.001	0	-2.15454	235.999	0	-0.00174028	8941
FRIGG	7.98948e-07	1.33238	1.92792	1.99737e-07	-0.9861	0.00581785	-0.000154492	3.11139	-2.1764	-1.16026e-05	-0.00290754	0.00193946	180	0	-0.102994	256.34	-2.74128e-05	1555.69	200.462	0	-1088.2	180	0	-0.0114594	123.001	0	-2.15434	235.999	0	-0.000610005	8975
FRIGG	7.98948e-07	1.33238	1.92792	1.99737e-07	-0.9861	0.00581785	-9.65593e-05	3.11141	-2.1764	1.03155e-05	-0.00289434	0.00192974	180	0	-0.0643728	256.34	-1.57441e-05	1555.71	200.462	0	-1088.2	180	0	0.0101882	123.001	0	-2.14406	235.999	0	-0.00010104	9004
FRIGG	5.32632e-07	1.33238	1.92792	0	-0.9861	0.00581785	-4.7762e-05	3.11141	-2.17639	2.69051e-05	-0.00289689	0.00193173	180	0	-0.0318413	256.34	-1.5221e-06	1555.7	200.462	0	-1088.19	180	0	0.026573	123.001	0	-2.1461	235.999	0	-0.000260529	9039
FRIGG	5.32632e-07	1.33238	1.92792	0	-0.9861	0.00581785	-4.7762e-05	3.11141	-2.17639	2.69051e-05	-0.00289689	0.00193173	180	0	-0.0318413	256.34	-1.5221e-06	1555.7	200.462	0	-1088.19	180	0	0.026573	123.001	0	-2.1461	235.999	0	-0.000260529	9073
FRIGG	5.32632e-07	1.33238	1.92792	0	-0.9861	0.00581785	-9.93435e-06	3.1114	-2.17639	4.54501e-05	-0.0029002	0.00193141	180	0	-0.0066229	256.34	4.73756e-06	1555.7	200.462	0	-1088.19	180	0	0.044889	123.001	0	-2.14715	235.999	0	0.00114381	9109
FRIGG	2.66316e-07	1.33238	1.92792	-1.99737e-07	-0.9861	0.00581785	0.00016738	3.11141	-2.17639	0.000119465	-0.00289794	0.00192886	180	0	0.111586	256.34	-1.01108e-05	1555.71	200.462	0	-1088.2	180	0	0.11799	123.001	0	-2.1449	235.999	0	0.00171889	9153
FRIGG	0	1.33238	1.92792	-1.99737e-07	-0.9861	0.00581785	7.46727e-05	3.11139	-2.17638	5.60173e-05	-0.00289366	0.00193945	180	0	0.0497818	256.34	2.19912e-05	1555.7	200.462	0	-1088.19	180	0	0.0553258	123.001	0	-2.1492	235.999	0	-0.00574925	9189
FRIGG	0	1.33238	1.92792	-1.99737e-07	-0.9861	0.00581785	-0.000101041	3.11136	-2.17637	-1.40952e-05	-0.00290992	0.00195213	180	0	-0.0673605	256.34	2.924e-05	1555.68	200.462	0	-1088.19	180	0	-0.0139212	123.001	0	-2.16227	235.999	0	-0.00676998	9234
FRIGG	0	1.33238	1.92792	-1.99737e-07	-0.9861	0.00581785	-0.000101041	3.11136	-2.17637	-1.40952e-05	-0.00290992	0.00195213	180	0	-0.0673605	256.34	2.924e-05	1555.68	200.462	0	-1088.19	180	0	-0.0139212	123.001	0	-2.16227	235.999	0	-0.00676998	9272
FRIGG	2.66316e-07	1.33238	1.92792	0	-0.9861	0.00581785	-0.000217603	3.11137	-2.17638	-5.01713e-05	-0.00290979	0.00194807	180	0	-0.145069	256.34	1.12882e-05	1555.68	200.462	0	-1088.19	180	0	-0.0495519	123.001	0	-2.15996	235.999	0	-0.00455992	9312
FRIGG	5.32632e-07	1.33238	1.92792	1.99737e-07	-0.9861	0.00581785	-0.000240632	3.11138	-2.17639	-4.92113e-05	-0.00290898	0.0019428	180	0	-0.160422	256.34	-1.17882e-05	1555.69	200.462	0	-1088.2	180	0	-0.0486037	123.001	0	-2.15673	235.999	0	-0.00193588	9352
FRIGG	5.32632e-07	1.33238	1.92792	1.99737e-07	-0.9861	0.00581785	-0.000196768	3.11138	-2.1764	-2.66617e-05	-0.00290917	0.0019397	180	0	-0.131179	256.34	-2.25865e-05	1555.69	200.462	0	-1088.2	180	0	-0.0263325	123.001	0	-2.15508	235.999	0	-0.000141889	9391
FRIGG	7.98948e-07	1.33238	1.92792	1.99737e-07	-0.9861	0.00581785	-0.000132621	3.11141	-2.1764	-1.40564e-06	-0.0028944	0.0019292	180	0	-0.088414	256.34	-1.62267e-05	1555.71	200.462	0	-1088.2	180	0	-0.00138829	123.001	0	-2.14378	235.999	0	0.000220461	9424
FRIGG	7.98948e-07	1.33238	1.92792	1.99737e-07	-0.9861	0.00581785	-0.000132621	3.11141	-2.1764	-1.40564e-06	-0.0028944	0.0019292	180	0	-0.088414	256.34	-1.62267e-05	1555.71	200.462	0	-1088.2	180	0	-0.00138829	123.001	0	-2.14378	235.999	0	0.000220461	9457
FRIGG	5.32632e-07	1.33238	1.92792	1.99737e-07	-0.9861	0.00581785	-8.51946e-05	3.11141	-2.17639	1.41062e-05	-0.00289673	0.00193175	180	0	-0.0567964	256.34	-1.59157e-06	1555.7	200.462	0	-1088.19	180	0	0.013932	123.001	0	-2.14606	235.999	0	-0.00033183	9501
FRIGG	5.32632e-07	1.33238	1.92792	0	-0.9861	0.00581785	-6.88313e-05	3.1114	-2.17638	1.69008e-05	-0.00289795	0.00193408	180	0	-0.0458876	256.34	1.06524e-05	1555.7	200.462	0	-1088.19	180	0	0.0166921	123.001	0	-2.14781	235.999	0	-0.00117293	9529
FRIGG	5.32632e-07	1.33238	1.92792	0	-0.9861	0.00581785	-7.8092e-05	3.11137	-2.17638	1.09208e-05	-0.0029135	0.00194568	180	0	-0.0520613	256.34	1.33404e-05	1555.68	200.462	0	-1088.19	180	0	0.010786	123.001	0	-2.16001	235.999	0	-0.00186186	9567
FRIGG	5.32632e-07	1.33238	1.92792	0	-0.9861	0.00581785	-9.82937e-05	3.11137	-2.17638	2.43549e-06	-0.0029125	0.00194537	180	0	-0.0655291	256.34	8.87548e-06	1555.68	200.462	0	-1088.19	180	0	0.00240542	123.001	0	-2.15947	235.999	0	-0.00205783	9601
FRIGG	5.32632e-07	1.33238	1.92792	0	-0.9861	0.00581785	-9.82937e-05	3.11137	-2.17638	2.43549e-06	-0.0029125	0.00194537	180	0	-0.0655291	256.34	8.87548e-06	1555.68	200.462	0	-1088.19	180	0	0.00240542	123.001	0	-2.15947	235.999	0	-0.00205783	9639
FRIGG	5.32632e-07	1.33238	1.92792	0	-0.9861	0.00581785	-0.000115783	3.11137	-2.17639	-3.71096e-06	-0.00291127	0.00194427	180	0	-0.0771887	256.34	1.08281e-06	1555.69	200.462	0	-1088.19	180	0	-0.00366515	123.001	0	-2.1584	235.999	0	-0.00190561	9683
FRIGG	5.32632e-07	1.33238	1.92792	0	-0.9861	0.00581785	-0.000123707	3.11138	-2.17639	-5.69681e-06	-0.00291048	0.00194314	180	0	-0.0824712	256.34	-5.36621e-06	1555.69	200.462	0	-1088.19	180	0	-0.00562648	123.001	0	-2.15748	235.999	0	-0.00156939	9717
FRIGG	5.32632e-07	1.33238	1.92792	0	-0.9861	0.00581785	-0.000122322	3.11138	-2.17639	-4.32352e-06	-0.00291036	0.00194257	180	0	-0.0815477	256.34	-7.64242e-06	1555.69	200.462	0	-1088.2	180	0	-0.00427014	123.001	0	-2.15712	235.999	0	-0.00129381	9758
FRIGG	5.32632e-07	1.33238	1.92792	0	-0.9861	0.00581785	-0.000122322	3.11138	-2.17639	-4.32352e-06	-0.00291036	0.00194257	180	0	-0.0815477	256.34	-7.64242e-06	1555.69	200.462	0	-1088.2	180	0	-0.00427014	123.001	0	-2.15712	235.999	0	-0.00129381	9794
FRIGG	5.32632e-07	1.33238	1.92792	0	-0.9861	0.00581785	-0.000115926	3.11138	-2.17639	-1.55165e-06	-0.00291078	0.00194266	180	0	-0.0772843	256.34	-5.91338e-06	1555.69	200.462	0	-1088.2	180	0	-0.00153249	123.001	0	-2.15733	235.999	0	-0.00118863	9833
FRIGG	5.32632e-07	1.33238	1.92792	0	-0.9861	0.00581785	-0.000109335	3.11137	-2.17639	8.16194e-07	-0.00291157	0.00194303	180	0	-0.0728902	256.34	-2.27089e-06	1555.69	200.462	0	-1088.19	180	0	0.000806118	123.001	0	-2.15782	235.999	0	-0.00110113	9875
FRIGG	5.32632e-07	1.33238	1.92792	0	-0.9861	0.00581785	-0.000105493	3.11137	-2.17639	1.89426e-06	-0.00291203	0.00194355	180	0	-0.0703288	256.34	9.23957e-07	1555.69	200.462	0	-1088.19	180	0	0.00187088	123.001	0	-2.15828	235.999	0	-0.00121915	9915
FRIGG	5.32632e-07	1.33238	1.92792	0	-0.9861	0.00581785	-0.000105493	3.11137	-2.17639	1.89426e-06	-0.00291203	0.00194355	180	0	-0.0703288	256.34	9.23957e-07	1555.69	200.462	0	-1088.19	180	0	0.00187088	123.001	0	-2.15828	235.999	0	-0.00121915	9952
FRIGG	5.32632e-07	1.33238	1.92792	0	-0.9861	0.00581785	-0.000104908	3.11137	-2.17639	1.74505e-06	-0.0029122	0.0019438	180	0	-0.069939	256.34	2.27161e-06	1555.69	200.462	0	-1088.19	180	0	0.00172351	123.001	0	-2.15848	235.999	0	-0.00129553	9983
FRIGG	5.32632e-07	1.33238	1.92792	0	-0.9861	0.00581785	-0.000106431	3.11137	-2.17639	9.44033e-07	-0.0029121	0.00194377	180	0	-0.0709541	256.34	1.76442e-06	1555.69	200.462	0	-1088.19	180	0	0.000932379	123.001	0	-2.15843	235.999	0	-0.00131585	10027
FRIGG	5.32632e-07	1.33238	1.92792	0	-0.9861	0.00581785	-0.000108432	3.11137	-2.17639	1.33517e-07	-0.00291185	0.00194356	180	0	-0.0722881	256.34	2.42151e-07	1555.69	200.462	0	-1088.19	180	0	0.000131868	123.001	0	-2.15822	235.999	0	-0.00129297	10069
FRIGG	5.32632e-07	1.33238	1.92792	0	-0.9861	0.00581785	-0.000109749	3.11137	-2.17639	-3.09692e-07	-0.00291163	0.00194334	180	0	-0.0731657	256.34	-1.23101e-06	1555.69	200.462	0	-1088.19	180	0	-0.000305869	123.001	0	-2.15801	235.999	0	-0.00125498	10111
FRIGG	5.32632e-07	1.33238	1.92792	0	-0.9861	0.00581785	-0.000109988	3.11137	-2.17639	-3.24264e-07	-0.00291163	0.00194313	180	0	-0.0733253	256.34	-1.98395e-06	1555.69	200.462	0	-1088.19	180	0	-0.000320261	123.001	0	-2.1579	235.999	0	-0.00113702	10150
FRIGG	5.32632e-07	1.33238	1.92792	0	-0.9861	0.00581785	-0.000109988	3.11137	-2.17639	-3.24264e-07	-0.00291163	0.00194313	180	0	-0.0733253	256.34	-1.98395e-06	1555.69	200.462	0	-1088.19	180	0	-0.000320261	123.001	0	-2.1579	235.999	0	-0.00113702	10187
FRIGG	5.32632e-07	1.33238	1.92792	0	-0.9861	0.00581785	-0.000109414	3.11137	-2.17639	-6.46171e-08	-0.00291165	0.00194313	180	0	-0.0729424	256.34	-1.91532e-06	1555.69	200.462	0	-1088.19	180	0	-6.38194e-05	123.001	0	-2.1579	235.999	0	-0.0011252	10224
FRIGG	5.32632e-07	1.33238	1.92792	0	-0.9861	0.00581785	-0.000108541	3.11141	-2.17639	2.52369e-07	-0.0029117	0.00194317	180	0	-0.0723607	256.34	-5.36137e-08	1555.7	200.462	0	-1088.19	180	0	0.000249254	123.001	0	-2.15794	235.999	0	-0.00112951	10264
FRIGG	5.32632e-07	1.33238	1.92792	0	-0.9861	0.00581785	-0.000107808	3.11141	-2.17639	4.7908e-07	-0.00291201	0.00194323	180	0	-0.0718721	256.34	-4.75605e-07	1555.7	200.462	0	-1088.19	180	0	0.000473166	123.001	0	-2.15809	235.999	0	-0.00105249	10305
FRIGG	5.32632e-07	1.33238	1.92792	0	-0.9861	0.00581785	-0.000107465	3.11137	-2.17639	5.53364e-07	-0.00291891	0.00194785	180	0	-0.0716435	256.34	6.95474e-08	1555.69	200.462	0	-1088.19	180	0	0.000546532	123.001	0	-2.16322	235.999	0	-0.0010623	10344
FRIGG	5.32632e-07	1.33238	1.92792	0	-0.9861	0.00581785	-0.000107426	3.11137	-2.17639	5.5807e-07	-0.0029121	0.00194331	180	0	-0.0716173	256.34	-1.55912e-07	1555.69	200.462	0	-1088.19	180	0	0.00055118	123.001	0	-2.15817	235.999	0	-0.00106369	10383
FRIGG	5.32632e-07	1.33238	1.92792	0	-0.9861	0.00581785	-0.000107356	3.11137	-2.17639	5.29603e-07	-0.00291219	0.00194338	180	0	-0.0715707	256.34	2.47878e-08	1555.69	200.462	0	-1088.19	180	0	0.000523065	123.001	0	-2.15824	235.999	0	-0.00106936	10417
FRIGG	5.32632e-07	1.33238	1.92792	0	-0.9861	0.00581785	-0.000107442	3.11137	-2.17639	4.61912e-07	-0.00291205	0.00194329	180	0	-0.0716277	256.34	-1.52858e-07	1555.69	200.462	0	-1088.19	180	0	0.00045621	123.001	0	-2.15814	235.999	0	-0.00106934	10453
FRIGG	5.32632e-07	1.33238	1.92792	0	-0.9861	0.00581785	-0.000107522	3.11141	-2.17639	4.14541e-07	-0.00291221	0.00194323	180	0	-0.0716811	256.34	-1.08151e-07	1555.7	200.462	0	-1088.19	180	0	0.000409423	123.001	0	-2.15817	235.999	0	-0.000977222	10491
FRIGG	5.32632e-07	1.33238	1.92792	0	-0.9861	0.00581785	-0.000107522	3.11141	-2.17639	4.14541e-07	-0.00291221	0.00194323	180	0	-0.0716811	256.34	-1.08151e-07	1555.7	200.462	0	-1088.19	180	0	0.000409423	123.001	0	-2.15817	235.999	0	-0.000977222	10527
FRIGG	5.32632e-07	1.33238	1.92792	0	-0.9861	0.00581785	-0.000107505	3.11137	-2.17639	4.13042e-07	-0.00291227	0.00194326	180	0	-0.0716698	256.34	-2.95107e-07	1555.69	200.462	0	-1088.19	180	0	0.000407942	123.001	0	-2.15821	235.999	0	-0.000973113	10568
FRIGG	5.32632e-07	1.33238	1.92792	0	-0.9861	0.00581785	-0.000107386	3.11141	-2.17639	4.48609e-07	-0.00289618	0.00193253	180	0	-0.0715905	256.34	-1.59701e-07	1555.7	200.462	0	-1088.19	180	0	0.000443071	123.001	0	-2.14629	235.999	0	-0.000971075	10607
FRIGG	5.32632e-07	1.33238	1.92792	0	-0.9861	0.00581785	-0.000107209	3.11141	-2.17639	5.01327e-07	-0.00291252	0.00194343	180	0	-0.0714727	256.34	-5.93523e-07	1555.7	200.462	0	-1088.19	180	0	0.000495138	123.001	0	-2.15839	235.999	0	-0.000971125	10653
FRIGG	5.32632e-07	1.33238	1.92792	0	-0.9861	0.00581785	-0.000107017	3.11141	-2.17639	5.60184e-07	-0.00291243	0.00194321	180	0	-0.0713446	256.34	-3.56841e-07	1555.7	200.462	0	-1088.19	180	0	0.000553268	123.001	0	-2.15824	235.999	0	-0.000882503	10694
FRIGG	5.32632e-07	1.33238	1.92792	0	-0.9861	0.00581785	-0.000107017	3.11141	-2.17639	5.60184e-07	-0.00291243	0.00194321	180	0	-0.0713446	256.34	-3.56841e-07	1555.7	200.462	0	-1088.19	180	0	0.000553268	123.001	0	-2.15824	235.999	0	-0.000882503	10727
FRIGG	5.32632e-07	1.33238	1.92792	0	-0.9861	0.00581785	-0.000106862	3.11137	-2.17639	6.00554e-07	-0.00291237	0.00194317	180	0	-0.0712413	256.34	1.06832e-07	1555.69	200.462	0	-1088.19	180	0	0.00059314	123.001	0	-2.1582	235.999	0	-0.00088438	10769
FRIGG	5.32632e-07	1.33238	1.92792	0	-0.9861	0.00581785	-0.000106746	3.11137	-2.17639	6.28414e-07	-0.0028963	0.00193246	180	0	-0.0711639	256.34	1.70721e-07	1555.69	200.462	0	-1088.19	180	0	0.000620656	123.001	0	-2.14629	235.999	0	-0.00088507	10807
FRIGG	5.32632e-07	1.33238	1.92792	0	-0.9861	0.00581785	-0.000106662	3.11137	-2.17639	6.44997e-07	-0.00289642	0.00193254	180	0	-0.071108	256.34	2.65852e-07	1555.69	200.462	0	-1088.19	180	0	0.000637034	123.001	0	-2.14638	235.999	0	-0.000885552	10843
FRIGG	5.32632e-07	1.33238	1.92792	0	-0.9861	0.00581785	-0.000106662	3.11137	-2.17639	6.44997e-07	-0.00289642	0.00193254	180	0	-0.071108	256.34	2.65852e-07	1555.69	200.462	0	-1088.19	180	0	0.000637034	123.001	0	-2.14638	235.999	0	-0.000885552	10880
FRIGG	5.32632e-07	1.33238	1.92792	0	-0.9861	0.00581785	-0.000106591	3.11137	-2.17639	6.60548e-07	-0.00291235	0.00194316	180	0	-0.0710605	256.34	-9.56959e-09	1555.69	200.462	0	-1088.19	180	0	0.000652393	123.001	0	-2.15818	235.999	0	-0.00088536	10921
FRIGG	5.32632e-07	1.33238	1.92792	0	-0.9861	0.00581785	-0.000106514	3.11137	-2.17639	6.80193e-07	-0.00291239	0.00194303	180	0	-0.0710091	256.34	-4.93635e-08	1555.69	200.462	0	-1088.19	180	0	0.000671796	123.001	0	-2.15812	235.999	0	-0.000796345	10962
FRIGG	5.32632e-07	1.33238	1.92792	0	-0.9861	0.00581785	-0.000106429	3.11141	-2.17639	7.0556e-07	-0.00291259	0.00194316	180	0	-0.0709528	256.34	-1.65461e-07	1555.7	200.462	0	-1088.19	180	0	0.000696849	123.001	0	-2.15827	235.999	0	-0.000796223	11001
FRIGG	5.32632e-07	1.33238	1.92792	0	-0.9861	0.00581785	-0.00010634	3.11137	-2.17639	7.324e-07	-0.00291247	0.00194308	180	0	-0.0708933	256.34	2.43569e-07	1555.69	200.462	0	-1088.19	180	0	0.000723358	123.001	0	-2.15818	235.999	0	-0.000796144	11044
FRIGG	5.32632e-07	1.33238	1.92792	0	-0.9861	0.00581785	-0.00010634	3.11137	-2.17639	7.324e-07	-0.00291247	0.00194308	180	0	-0.0708933	256.34	2.43569e-07	1555.69	200.462	0	-1088.19	180	0	0.000723358	123.001	0	-2.15818	235.999	0	-0.000796144	11076
FRIGG	5.32632e-07	1.33238	1.92792	0	-0.9861	0.00581785	-0.000106248	3.11141	-2.17639	7.61184e-07	-0.00291247	0.00194308	180	0	-0.070832	256.34	-1.70608e-07	1555.7	200.462	0	-1088.19	180	0	0.000751787	123.001	0	-2.15818	235.999	0	-0.000796105	11108
FRIGG	5.32632e-07	1.33238	1.92792	0	-0.9861	0.00581785	-0.000106163	3.11141	-2.17639	7.8798e-07	-0.00291241	0.00194304	180	0	-0.0707754	256.34	3.85572e-07	1555.7	200.462	0	-1088.19	180	0	0.000778252	123.001	0	-2.15814	235.999	0	-0.000796054	11153
FRIGG	5.32632e-07	1.33238	1.92792	0	-0.9861	0.00581785	-0.000106077	3.11137	-2.17639	8.16048e-07	-0.00291279	0.00194313	180	0	-0.0707183	256.34	-1.08078e-07	1555.69	200.462	0	-1088.19	180	0	0.000805973	123.001	0	-2.15833	235.999	0	-0.000703461	11191
FRIGG	5.32632e-07	1.33238	1.92792	0	-0.9861	0.00581785	-0.000106003	3.11141	-2.17639	8.40264e-07	-0.00291256	0.00194298	180	0	-0.0706689	256.34	-3.48247e-07	1555.7	200.462	0	-1088.19	180	0	0.00082989	123.001	0	-2.15816	235.999	0	-0.000707664	11236
FRIGG	5.32632e-07	1.33238	1.92792	0	-0.9861	0.00581785	-0.000106003	3.11141	-2.17639	8.40264e-07	-0.00291256	0.00194298	180	0	-0.0706689	256.34	-3.48247e-07	1555.7	200.462	0	-1088.19	180	0	0.00082989	123.001	0	-2.15816	235.999	0	-0.000707664	11273
FRIGG	5.32632e-07	1.33238	1.92792	0	-0.9861	0.00581785	-0.000105935	3.11141	-2.17639	8.62135e-07	-0.0029126	0.00194301	180	0	-0.0706235	256.34	-2.17612e-07	1555.7	200.462	0	-1088.19	180	0	0.000851492	123.001	0	-2.15819	235.999	0	-0.0007079	11316
FRIGG	5.32632e-07	1.33238	1.92792	0	-0.9861	0.00581785	-0.000105869	3.11141	-2.17639	8.85094e-07	-0.00289657	0.00193232	180	0	-0.0705791	256.34	-2.7372e-07	1555.7	200.462	0	-1088.19	180	0	0.000874167	123.001	0	-2.14632	235.999	0	-0.000707948	11353
FRIGG	5.32632e-07	1.33238	1.92792	0	-0.9861	0.00581785	-0.000105802	3.11137	-2.17639	9.1023e-07	-0.00291261	0.00194301	180	0	-0.0705343	256.34	-2.04322e-07	1555.69	200.462	0	-1088.19	180	0	0.000898993	123.001	0	-2.15819	235.999	0	-0.000707717	11393
FRIGG	5.32632e-07	1.33238	1.92792	0	-0.9861	0.00581785	-0.00010574	3.11141	-2.17639	9.32699e-07	-0.00291268	0.00194306	180	0	-0.0704931	256.34	-4.202e-07	1555.7	200.462	0	-1088.19	180	0	0.000921184	123.001	0	-2.15825	235.999	0	-0.000707805	11430
FRIGG	5.32632e-07	1.33238	1.92792	0	-0.9861	0.00581785	-0.00010574	3.11141	-2.17639	9.32699e-07	-0.00291268	0.00194306	180	0	-0.0704931	256.34	-4.202e-07	1555.7	200.462	0	-1088.19	180	0	0.000921184	123.001	0	-2.15825	235.999	0	-0.000707805	11469
FRIGG	5.32632e-07	1.33238	1.92792	0	-0.9861	0.00581785	-0.000105675	3.11141	-2.17639	9.57785e-07	-0.00289665	0.00193237	180	0	-0.0704502	256.34	-1.28848e-07	1555.7	200.462	0	-1088.19	180	0	0.000945961	123.001	0	-2.14637	235.999	0	-0.000707723	11514
FRIGG	5.32632e-07	1.33238	1.92792	0	-0.9861	0.00581785	-0.000105616	3.11137	-2.17639	9.80773e-07	-0.00291274	0.00194294	180	0	-0.0704109	256.34	1.86755e-07	1555.69	200.462	0	-1088.19	180	0	0.000968665	123.001	0	-2.15821	235.999	0	-0.000619317	11555
FRIGG	5.32632e-07	1.33238	1.92792	0	-0.9861	0.00581785	-0.000105555	3.11141	-2.17639	1.00647e-06	-0.00291271	0.00194292	180	0	-0.0703703	256.34	1.36058e-07	1555.7	200.462	0	-1088.19	180	0	0.000994048	123.001	0	-2.15818	235.999	0	-0.000619097	11594
FRIGG	5.32632e-07	1.33238	1.92792	0	-0.9861	0.00581785	-0.000105555	3.11141	-2.17639	1.00647e-06	-0.00291271	0.00194292	180	0	-0.0703703	256.34	1.36058e-07	1555.7	200.462	0	-1088.19	180	0	0.000994048	123.001	0	-2.15818	235.999	0	-0.000619097	11633
FRIGG	5.32632e-07	1.33238	1.92792	0	-0.9861	0.00581785	-0.000105501	3.11137	-2.17639	1.02825e-06	-0.0029127	0.00194291	180	0	-0.0703338	256.34	2.26916e-07	1555.69	200.462	0	-1088.19	180	0	0.00101556	123.001	0	-2.15817	235.999	0	-0.00061943	11664
FRIGG	5.32632e-07	1.33238	1.92792	0	-0.9861	0.00581785	-0.000105448	3.11137	-2.17639	1.05117e-06	-0.00289674	0.00193228	180	0	-0.0702988	256.34	4.58322e-07	1555.69	200.462	0	-1088.19	180	0	0.0010382	123.001	0	-2.14635	235.999	0	-0.000619357	11704
FRIGG	5.32632e-07	1.33238	1.92792	0	-0.9861	0.00581785	-0.000105397	3.11141	-2.17639	1.07422e-06	-0.00291277	0.00194296	180	0	-0.0702647	256.34	2.85638e-07	1555.7	200.462	0	-1088.19	180	0	0.00106096	123.001	0	-2.15823	235.999	0	-0.000619265	11741
FRIGG	5.32632e-07	1.33238	1.92792	0	-0.9861	0.00581785	-0.000105345	3.11141	-2.17639	1.0986e-06	-0.0029127	0.00194291	180	0	-0.0702301	256.34	-5.27129e-07	1555.7	200.462	0	-1088.19	180	0	0.00108504	123.001	0	-2.15817	235.999	0	-0.000619114	11785
FRIGG	5.32632e-07	1.33238	1.92792	0	-0.9861	0.00581785	-0.000105345	3.11141	-2.17639	1.0986e-06	-0.0029127	0.00194291	180	0	-0.0702301	256.34	-5.27129e-07	1555.7	200.462	0	-1088.19	180	0	0.00108504	123.001	0	-2.15817	235.999	0	-0.000619114	11822
FRIGG	5.32632e-07	1.33238	1.92792	0	-0.9861	0.00581785	-0.0001053	3.11137	-2.17639	1.11888e-06	-0.00291276	0.00194296	180	0	-0.0702001	256.34	2.46186e-07	1555.69	200.462	0	-1088.19	180	0	0.00110507	123.001	0	-2.15822	235.999	0	-0.000619401	11864
FRIGG	5.32632e-07	1.33238	1.92792	0	-0.9861	0.00581785	-0.000105253	3.11137	-2.17639	1.14233e-06	-0.00291284	0.00194285	180	0	-0.0701687	256.34	1.30772e-07	1555.69	200.462	0	-1088.19	180	0	0.00112823	123.001	0	-2.15819	235.999	0	-0.0005308	11906
FRIGG	5.32632e-07	1.33238	1.92792	0	-0.9861	0.00581785	-0.000105209	3.11141	-2.17639	1.16495e-06	-0.00289671	0.0019321	180	0	-0.0701391	256.34	1.55746e-07	1555.7	200.462	0	-1088.19	180	0	0.00115056	123.001	0	-2.14624	235.999	0	-0.00053075	11935
FRIGG	5.32632e-07	1.33238	1.92792	0	-0.9861	0.00581785	-0.000105166	3.11141	-2.17639	1.1869e-06	-0.0028968	0.00193215	180	0	-0.0701109	256.34	9.24828e-08	1555.7	200.462	0	-1088.19	180	0	0.00117224	123.001	0	-2.14631	235.999	0	-0.000530733	11975
FRIGG	5.32632e-07	1.33238	1.92792	0	-0.9861	0.00581785	-0.000105166	3.11141	-2.17639	1.1869e-06	-0.0028968	0.00193215	180	0	-0.0701109	256.34	9.24828e-08	1555.7	200.462	0	-1088.19	180	0	0.00117224	123.001	0	-2.14631	235.999	0	-0.000530733	12013
FRIGG	5.32632e-07	1.33238	1.92792	0	-0.9861	0.00581785	-0.000105126	3.11141	-2.17639	1.2085e-06	-0.00291294	0.00194292	180	0	-0.0700837	256.34	2.84838e-07	1555.7	200.462	0	-1088.19	180	0	0.00119358	123.001	0	-2.15827	235.999	0	-0.000530795	12052
FRIGG	5.32632e-07	1.33238	1.92792	0	-0.9861	0.00581785	-0.000105086	3.11137	-2.17639	1.23115e-06	-0.00291283	0.00194284	180	0	-0.070057	256.34	1.43625e-07	1555.69	200.462	0	-1088.19	180	0	0.00121595	123.001	0	-2.15818	235.999	0	-0.000530574	12098
FRIGG	5.32632e-07	1.33238	1.92792	0	-0.9861	0.00581785	-0.000105049	3.11137	-2.17639	1.25072e-06	-0.00291306	0.001943	180	0	-0.0700326	256.34	-3.23792e-07	1555.69	200.462	0	-1088.19	180	0	0.00123528	123.001	0	-2.15836	235.999	0	-0.000530969	12131
FRIGG	5.32632e-07	1.33238	1.92792	0	-0.9861	0.00581785	-0.000105009	3.11141	-2.17639	1.27425e-06	-0.00291286	0.00194286	180	0	-0.0700063	256.34	-1.50322e-07	1555.7	200.462	0	-1088.19	180	0	0.00125852	123.001	0	-2.15821	235.999	0	-0.000530744	12170
FRIGG	5.32632e-07	1.33238	1.92792	0	-0.9861	0.00581785	-0.000105009	3.11141	-2.17639	1.27425e-06	-0.00291286	0.00194286	180	0	-0.0700063	256.34	-1.50322e-07	1555.7	200.462	0	-1088.19	180	0	0.00125852	123.001	0	-2.15821	235.999	0	-0.000530744	12206
FRIGG	5.32632e-07	1.33238	1.92792	0	-0.9861	0.00581785	-0.000104976	3.11141	-2.17639	1.29494e-06	-0.00289685	0.00193219	180	0	-0.0699837	256.34	1.37068e-07	1555.7	200.462	0	-1088.19	180	0	0.00127896	123.001	0	-2.14635	235.999	0	-0.00053071	12245
FRIGG	5.32632e-07	1.33238	1.92792	0	-0.9861	0.00581785	-0.000104942	3.11137	-2.17639	1.31593e-06	-0.00291292	0.00194274	180	0	-0.069961	256.34	1.05631e-07	1555.69	200.462	0	-1088.19	180	0	0.00129968	123.001	0	-2.15816	235.999	0	-0.000442213	12281
FRIGG	5.32632e-07	1.33238	1.92792	0	-0.9861	0.00581785	-0.000104909	3.11141	-2.17639	1.33666e-06	-0.00291298	0.00194278	180	0	-0.0699393	256.34	-3.10468e-07	1555.7	200.462	0	-1088.19	180	0	0.00132016	123.001	0	-2.1582	235.999	0	-0.000442375	12317
FRIGG	5.32632e-07	1.33238	1.92792	0	-0.9861	0.00581785	-0.000104909	3.11141	-2.17639	1.33666e-06	-0.00291298	0.00194278	180	0	-0.0699393	256.34	-3.10468e-07	1555.7	200.462	0	-1088.19	180	0	0.00132016	123.001	0	-2.1582	235.999	0	-0.000442375	12359
FRIGG	5.32632e-07	1.33238	1.92792	0	-0.9861	0.00581785	-0.000104877	3.11137	-2.17639	1.35804e-06	-0.00289687	0.00193204	180	0	-0.069918	256.34	2.89224e-07	1555.69	200.462	0	-1088.19	180	0	0.00134127	123.001	0	-2.14627	235.999	0	-0.000442266	12400
FRIGG	5.32632e-07	1.33238	1.92792	0	-0.9861	0.00581785	-0.000104847	3.11137	-2.17639	1.37829e-06	-0.00289697	0.00193211	180	0	-0.069898	256.34	-3.34431e-07	1555.69	200.462	0	-1088.19	180	0	0.00136127	123.001	0	-2.14635	235.999	0	-0.000442336	12425
FRIGG	5.32632e-07	1.33238	1.92792	0	-0.9861	0.00581785	-0.000104819	3.11141	-2.17639	1.39792e-06	-0.00291305	0.00194283	180	0	-0.0698795	256.34	-3.20944e-07	1555.7	200.462	0	-1088.19	180	0	0.00138066	123.001	0	-2.15826	235.999	0	-0.000442392	12467
FRIGG	5.32632e-07	1.33238	1.92792	0	-0.9861	0.00581785	-0.000104789	3.11137	-2.17639	1.41957e-06	-0.00291293	0.00194275	180	0	-0.0698591	256.34	-3.49555e-07	1555.69	200.462	0	-1088.19	180	0	0.00140204	123.001	0	-2.15817	235.999	0	-0.000442347	12506
FRIGG	5.32632e-07	1.33238	1.92792	0	-0.9861	0.00581785	-0.000104789	3.11137	-2.17639	1.41957e-06	-0.00291293	0.00194275	180	0	-0.0698591	256.34	-3.49555e-07	1555.69	200.462	0	-1088.19	180	0	0.00140204	123.001	0	-2.15817	235.999	0	-0.000442347	12545
FRIGG	5.32632e-07	1.33238	1.92792	0	-0.9861	0.00581785	-0.00010479	3.11141	-2.17639	1.4261e-06	-0.00289679	0.00193199	180	0	-0.0698598	256.34	-7.56172e-07	1555.7	200.462	0	-1088.19	180	0	0.00140849	123.001	0	-2.14621	235.999	0	-0.0004427	12585
FRIGG	5.32632e-07	1.33238	1.92792	0	-0.9861	0.00581785	-0.000104717	3.1114	-2.17639	1.46537e-06	-0.0029129	0.00194273	180	0	-0.0698116	256.34	1.03748e-06	1555.7	200.462	0	-1088.19	180	0	0.00144727	123.001	0	-2.15815	235.999	0	-0.000442965	12625
FRIGG	5.32632e-07	1.33238	1.92792	0	-0.9861	0.00581785	-0.000104707	3.11141	-2.17639	1.4795e-06	-0.00291292	0.00194274	180	0	-0.0698048	256.34	-2.96309e-07	1555.7	200.462	0	-1088.19	180	0	0.00146124	123.001	0	-2.15816	235.999	0	-0.00044268	12662
FRIGG	5.32632e-07	1.33238	1.92792	0	-0.9861	0.00581785	-0.00010469	3.11141	-2.17639	1.49768e-06	-0.00291303	0.00194282	180	0	-0.0697936	256.34	1.31101e-08	1555.7	200.462	0	-1088.19	180	0	0.00147919	123.001	0	-2.15824	235.999	0	-0.000442287	12705
FRIGG	5.32632e-07	1.33238	1.92792	0	-0.9861	0.00581785	-0.00010469	3.11141	-2.17639	1.49768e-06	-0.00291303	0.00194282	180	0	-0.0697936	256.34	1.31101e-08	1555.7	200.462	0	-1088.19	180	0	0.00147919	123.001	0	-2.15824	235.999	0	-0.000442287	12739
FRIGG	5.32632e-07	1.33238	1.92792	0	-0.9861	0.00581785	-0.000104669	3.11141	-2.17639	1.51741e-06	-0.00291296	0.00194261	180	0	-0.0697794	256.34	1.68836e-07	1555.7	200.462	0	-1088.19	180	0	0.00149867	123.001	0	-2.1581	235.999	0	-0.000353557	12778
FRIGG	5.32632e-07	1.33238	1.92792	0	-0.9861	0.00581785	-0.000104646	3.11137	-2.17639	1.53609e-06	-0.002897	0.00193197	180	0	-0.0697639	256.34	1.96826e-07	1555.69	200.462	0	-1088.19	180	0	0.00151712	123.001	0	-2.14628	235.999	0	-0.000353928	12819
FRIGG	5.32632e-07	1.33238	1.92792	0	-0.9861	0.00581785	-0.00010462	3.11137	-2.17639	1.55804e-06	-0.00291308	0.00194269	180	0	-0.0697467	256.34	-1.57016e-07	1555.69	200.462	0	-1088.19	180	0	0.00153881	123.001	0	-2.15819	235.999	0	-0.000353696	12858
FRIGG	5.32632e-07	1.33238	1.92792	0	-0.9861	0.00581785	-0.000104619	3.11137	-2.17639	1.55868e-06	-0.00291305	0.00194267	180	0	-0.0697461	256.34	-2.44562e-07	1555.69	200.462	0	-1088.19	180	0	0.00153944	123.001	0	-2.15817	235.999	0	-0.000353738	12896
FRIGG	5.32632e-07	1.33238	1.92792	0	-0.9861	0.00581785	-0.000104597	3.11141	-2.17639	1.57747e-06	-0.00291313	0.00194272	180	0	-0.0697316	256.34	-1.63095e-07	1555.7	200.462	0	-1088.19	180	0	0.001558	123.001	0	-2.15823	235.999	0	-0.000353827	12938
FRIGG	5.32632e-07	1.33238	1.92792	0	-0.9861	0.00581785	-0.000104577	3.11137	-2.17639	1.596e-06	-0.00291315	0.00194274	180	0	-0.0697182	256.34	1.53268e-07	1555.69	200.462	0	-1088.19	180	0	0.00157629	123.001	0	-2.15824	235.999	0	-0.000353969	12976
FRIGG	5.32632e-07	1.33238	1.92792	0	-0.9861	0.00581785	-0.000104557	3.11137	-2.17639	1.61576e-06	-0.00289708	0.00193202	180	0	-0.069705	256.34	1.43762e-07	1555.69	200.462	0	-1088.19	180	0	0.00159581	123.001	0	-2.14634	235.999	0	-0.00035379	13018
FRIGG	5.32632e-07	1.33238	1.92792	0	-0.9861	0.00581785	-0.00010454	3.11137	-2.17639	1.63376e-06	-0.00289708	0.00193203	180	0	-0.0696935	256.34	-1.19465e-07	1555.69	200.462	0	-1088.19	180	0	0.00161359	123.001	0	-2.14634	235.999	0	-0.000353836	13060
FRIGG	5.32632e-07	1.33238	1.92792	0	-0.9861	0.00581785	-0.00010454	3.11137	-2.17639	1.63376e-06	-0.00289708	0.00193203	180	0	-0.0696935	256.34	-1.19465e-07	1555.69	200.462	0	-1088.19	180	0	0.00161359	123.001	0	-2.14634	235.999	0	-0.000353836	13100
FRIGG	5.32632e-07	1.33238	1.92792	0	-0.9861	0.00581785	-0.000104523	3.11141	-2.17639	1.65211e-06	-0.00291319	0.00194276	180	0	-0.0696822	256.34	7.56536e-08	1555.7	200.462	0	-1088.19	180	0	0.00163171	123.001	0	-2.15827	235.999	0	-0.000353803	13141
FRIGG	5.32632e-07	1.33238	1.92792	0	-0.9861	0.00581785	-0.000104509	3.11141	-2.17639	1.66941e-06	-0.00291324	0.0019428	180	0	-0.0696725	256.34	-5.89453e-07	1555.7	200.462	0	-1088.19	180	0	0.0016488	123.001	0	-2.15831	235.999	0	-0.00035379	13181
FRIGG	5.32632e-07	1.33238	1.92792	0	-0.9861	0.00581785	-0.000104489	3.11137	-2.17639	1.68939e-06	-0.00291308	0.00194269	180	0	-0.0696596	256.34	4.01088e-07	1555.69	200.462	0	-1088.19	180	0	0.00166853	123.001	0	-2.15819	235.999	0	-0.000353685	13218
FRIGG	5.32632e-07	1.33238	1.92792	0	-0.9861	0.00581785	-0.000104472	3.11137	-2.17639	1.70742e-06	-0.00289705	0.001932	180	0	-0.0696482	256.34	-2.54676e-08	1555.69	200.462	0	-1088.19	180	0	0.00168634	123.001	0	-2.14632	235.999	0	-0.000353887	13259
FRIGG	5.32632e-07	1.33238	1.92792	0	-0.9861	0.00581785	-0.000104472	3.11137	-2.17639	1.70742e-06	-0.00289705	0.001932	180	0	-0.0696482	256.34	-2.54676e-08	1555.69	200.462	0	-1088.19	180	0	0.00168634	123.001	0	-2.14632	235.999	0	-0.000353887	13290
FRIGG	5.32632e-07	1.33238	1.92792	0	-0.9861	0.00581785	-0.000104459	3.11141	-2.17639	1.72445e-06	-0.00291315	0.00194274	180	0	-0.0696391	256.34	-1.3047e-07	1555.7	200.462	0	-1088.19	180	0	0.00170317	123.001	0	-2.15824	235.999	0	-0.000353966	13332
FRIGG	5.32632e-07	1.33238	1.92792	0	-0.9861	0.00581785	-0.000104443	3.11141	-2.17639	1.74303e-06	-0.00291324	0.00194264	180	0	-0.069629	256.34	8.36212e-08	1555.7	200.462	0	-1088.19	180	0	0.00172151	123.001	0	-2.15822	235.999	0	-0.000265213	13366
FRIGG	5.32632e-07	1.33238	1.92792	0	-0.9861	0.00581785	-0.000104428	3.11141	-2.17639	1.76171e-06	-0.00289708	0.00193186	180	0	-0.0696187	256.34	-5.30029e-07	1555.7	200.462	0	-1088.19	180	0	0.00173996	123.001	0	-2.14625	235.999	0	-0.000265303	13399
FRIGG	5.32632e-07	1.33238	1.92792	0	-0.9861	0.00581785	-0.000104415	3.11137	-2.17639	1.77901e-06	-0.0029133	0.00194268	180	0	-0.0696102	256.34	-2.31581e-07	1555.69	200.462	0	-1088.19	180	0	0.00175705	123.001	0	-2.15827	235.999	0	-0.000265277	13437
FRIGG	5.32632e-07	1.33238	1.92792	0	-0.9861	0.00581785	-0.000104415	3.11137	-2.17639	1.77901e-06	-0.0029133	0.00194268	180	0	-0.0696102	256.34	-2.31581e-07	1555.69	200.462	0	-1088.19	180	0	0.00175705	123.001	0	-2.15827	235.999	0	-0.000265277	13481
FRIGG	5.32632e-07	1.33238	1.92792	0	-0.9861	0.00581785	-0.000104402	3.11137	-2.17639	1.79594e-06	-0.00289722	0.00193195	180	0	-0.0696014	256.34	3.23027e-07	1555.69	200.462	0	-1088.19	180	0	0.00177377	123.001	0	-2.14635	235.999	0	-0.000265472	13517
FRIGG	5.32632e-07	1.33238	1.92792	0	-0.9861	0.00581785	-0.00010439	3.11137	-2.17639	1.81333e-06	-0.00291328	0.00194267	180	0	-0.0695931	256.34	-1.47817e-07	1555.69	200.462	0	-1088.19	180	0	0.00179094	123.001	0	-2.15825	235.999	0	-0.000265449	13554
FRIGG	5.32632e-07	1.33238	1.92792	0	-0.9861	0.00581785	-0.000104378	3.11141	-2.17639	1.82999e-06	-0.00291336	0.00194272	180	0	-0.0695855	256.34	-2.58371e-07	1555.7	200.462	0	-1088.19	180	0	0.0018074	123.001	0	-2.15831	235.999	0	-0.000265528	13596
FRIGG	5.32632e-07	1.33238	1.92792	0	-0.9861	0.00581785	-0.000104365	3.11137	-2.17639	1.84821e-06	-0.00291311	0.00194255	180	0	-0.0695767	256.34	1.57422e-07	1555.69	200.462	0	-1088.19	180	0	0.00182539	123.001	0	-2.15812	235.999	0	-0.000265416	13639
FRIGG	5.32632e-07	1.33238	1.92792	0	-0.9861	0.00581785	-0.000104365	3.11137	-2.17639	1.84821e-06	-0.00291311	0.00194255	180	0	-0.0695767	256.34	1.57422e-07	1555.69	200.462	0	-1088.19	180	0	0.00182539	123.001	0	-2.15812	235.999	0	-0.000265416	13677
FRIGG	5.32632e-07	1.33238	1.92792	0	-0.9861	0.00581785	-0.000104354	3.11137	-2.17639	1.86519e-06	-0.00291328	0.00194266	180	0	-0.0695693	256.34	1.97458e-07	1555.69	200.462	0	-1088.19	180	0	0.00184216	123.001	0	-2.15825	235.999	0	-0.000265375	13714
FRIGG	5.32632e-07	1.33238	1.92792	0	-0.9861	0.00581785	-0.000104343	3.11141	-2.17639	1.88249e-06	-0.00291324	0.00194264	180	0	-0.0695618	256.34	8.00967e-08	1555.7	200.462	0	-1088.19	180	0	0.00185925	123.001	0	-2.15822	235.999	0	-0.000265324	13752
FRIGG	5.32632e-07	1.33238	1.92792	0	-0.9861	0.00581785	-0.000104333	3.11141	-2.17639	1.89881e-06	-0.00291322	0.00194262	180	0	-0.0695554	256.34	-9.3705e-08	1555.7	200.462	0	-1088.19	180	0	0.00187537	123.001	0	-2.1582	235.999	0	-0.000265336	13792
FRIGG	5.32632e-07	1.33238	1.92792	0	-0.9861	0.00581785	-0.000104333	3.11141	-2.17639	1.89881e-06	-0.00291322	0.00194262	180	0	-0.0695554	256.34	-9.3705e-08	1555.7	200.462	0	-1088.19	180	0	0.00187537	123.001	0	-2.1582	235.999	0	-0.000265336	13834
FRIGG	5.32632e-07	1.33238	1.92792	0	-0.9861	0.00581785	-0.000104322	3.11137	-2.17639	1.91534e-06	-0.00291322	0.00194263	180	0	-0.0695482	256.34	1.69241e-07	1555.69	200.462	0	-1088.19	180	0	0.0018917	123.001	0	-2.15821	235.999	0	-0.000265462	13875
FRIGG	5.32632e-07	1.33238	1.92792	0	-0.9861	0.00581785	-0.000104314	3.11137	-2.17639	1.93177e-06	-0.00291324	0.00194264	180	0	-0.0695425	256.34	5.48415e-07	1555.69	200.462	0	-1088.19	180	0	0.00190792	123.001	0	-2.15822	235.999	0	-0.000265353	13914
FRIGG	5.32632e-07	1.33238	1.92792	0	-0.9861	0.00581785	-0.000104303	3.11137	-2.17639	1.94903e-06	-0.00289727	0.00193199	180	0	-0.0695351	256.34	6.90808e-08	1555.69	200.462	0	-1088.19	180	0	0.00192497	123.001	0	-2.14639	235.999	0	-0.000265335	13954
FRIGG	5.32632e-07	1.33238	1.92792	0	-0.9861	0.00581785	-0.000104294	3.11137	-2.17639	1.96491e-06	-0.00291328	0.00194266	180	0	-0.0695294	256.34	-1.29756e-07	1555.69	200.462	0	-1088.19	180	0	0.00194065	123.001	0	-2.15825	235.999	0	-0.000265395	13990
FRIGG	5.32632e-07	1.33238	1.92792	0	-0.9861	0.00581785	-0.000104294	3.11137	-2.17639	1.96491e-06	-0.00291328	0.00194266	180	0	-0.0695294	256.34	-1.29756e-07	1555.69	200.462	0	-1088.19	180	0	0.00194065	123.001	0	-2.15825	235.999	0	-0.000265395	14027
FRIGG	5.32632e-07	1.33238	1.92792	0	-0.9861	0.00581785	-0.000104286	3.11137	-2.17639	1.98079e-06	-0.00291304	0.00194251	180	0	-0.0695238	256.34	7.6937e-07	1555.69	200.462	0	-1088.19	180	0	0.00195633	123.001	0	-2.15808	235.999	0	-0.000265471	14069
FRIGG	5.32632e-07	1.33238	1.92792	0	-0.9861	0.00581785	-0.000104278	3.11141	-2.17639	1.99645e-06	-0.00291311	0.00194255	180	0	-0.0695184	256.34	-5.67682e-07	1555.7	200.462	0	-1088.19	180	0	0.0019718	123.001	0	-2.15813	235.999	0	-0.000265518	14104
FRIGG	5.32632e-07	1.33238	1.92792	0	-0.9861	0.00581785	-0.00010427	3.11141	-2.17639	2.01276e-06	-0.00291333	0.00194253	180	0	-0.0695134	256.34	-4.27563e-07	1555.7	200.462	0	-1088.19	180	0	0.00198791	123.001	0	-2.15819	235.999	0	-0.00017561	14146
FRIGG	5.32632e-07	1.33238	1.92792	0	-0.9861	0.00581785	-0.000104262	3.11141	-2.17639	2.02817e-06	-0.00289728	0.00193184	180	0	-0.0695083	256.34	-4.22114e-07	1555.7	200.462	0	-1088.19	180	0	0.00200314	123.001	0	-2.14631	235.999	0	-0.000177039	14186
FRIGG	5.32632e-07	1.33238	1.92792	0	-0.9861	0.00581785	-0.000104262	3.11141	-2.17639	2.02817e-06	-0.00289728	0.00193184	180	0	-0.0695083	256.34	-4.22114e-07	1555.7	200.462	0	-1088.19	180	0	0.00200314	123.001	0	-2.14631	235.999	0	-0.000177039	14227
FRIGG	5.32632e-07	1.33238	1.92792	0	-0.9861	0.00581785	-0.000104255	3.11141	-2.17639	2.04434e-06	-0.0028973	0.00193185	180	0	-0.0695031	256.34	1.38887e-07	1555.7	200.462	0	-1088.19	180	0	0.0020191	123.001	0	-2.14632	235.999	0	-0.00017696	14266
FRIGG	5.32632e-07	1.33238	1.92792	0	-0.9861	0.00581785	-0.000104247	3.11141	-2.17639	2.06009e-06	-0.00291343	0.00194261	180	0	-0.0694983	256.34	5.17448e-08	1555.7	200.462	0	-1088.19	180	0	0.00203466	123.001	0	-2.15828	235.999	0	-0.000176906	14303
FRIGG	5.32632e-07	1.33238	1.92792	0	-0.9861	0.00581785	-0.00010424	3.11141	-2.17639	2.07559e-06	-0.0029133	0.00194252	180	0	-0.0694936	256.34	-1.08421e-07	1555.7	200.462	0	-1088.19	180	0	0.00204997	123.001	0	-2.15817	235.999	0	-0.000176931	14346
FRIGG	5.32632e-07	1.33238	1.92792	0	-0.9861	0.00581785	-0.000104236	3.11136	-2.17639	2.08622e-06	-0.00291312	0.0019424	180	0	-0.0694906	256.34	8.00681e-07	1555.68	200.462	0	-1088.19	180	0	0.00206047	123.001	0	-2.15804	235.999	0	-0.000176527	14373
FRIGG	5.32632e-07	1.33238	1.92792	0	-0.9861	0.00581785	-0.000104234	3.11141	-2.17639	2.09125e-06	-0.00291325	0.00194249	180	0	-0.069489	256.34	2.17142e-07	1555.7	200.462	0	-1088.19	180	0	0.00206543	123.001	0	-2.15814	235.999	0	-0.000176871	14409
FRIGG	5.32632e-07	1.33238	1.92792	0	-0.9861	0.00581785	-0.000104228	3.11137	-2.17639	2.10613e-06	-0.0029134	0.00194258	180	0	-0.069485	256.34	-2.18051e-07	1555.69	200.462	0	-1088.19	180	0	0.00208013	123.001	0	-2.15825	235.999	0	-0.000176924	14451
FRIGG	5.32632e-07	1.33238	1.92792	0	-0.9861	0.00581785	-0.000104222	3.11137	-2.17639	2.12049e-06	-0.00291338	0.00194257	180	0	-0.0694813	256.34	-1.01667e-07	1555.69	200.462	0	-1088.19	180	0	0.00209431	123.001	0	-2.15823	235.999	0	-0.000177077	14487
FRIGG	5.32632e-07	1.33238	1.92792	0	-0.9861	0.00581785	-0.000104216	3.11141	-2.17639	2.13589e-06	-0.00291321	0.00194246	180	0	-0.0694771	256.34	3.04568e-07	1555.7	200.462	0	-1088.19	180	0	0.00210952	123.001	0	-2.15811	235.999	0	-0.000177042	14529
FRIGG	5.32632e-07	1.33238	1.92792	0	-0.9861	0.00581785	-0.00010421	3.11141	-2.17639	2.15113e-06	-0.00289737	0.0019319	180	0	-0.0694733	256.34	-1.74294e-07	1555.7	200.462	0	-1088.19	180	0	0.00212458	123.001	0	-2.14637	235.999	0	-0.000176937	14571
FRIGG	5.32632e-07	1.33238	1.92792	0	-0.9861	0.00581785	-0.00010421	3.11141	-2.17639	2.15113e-06	-0.00289737	0.0019319	180	0	-0.0694733	256.34	-1.74294e-07	1555.7	200.462	0	-1088.19	180	0	0.00212458	123.001	0	-2.14637	235.999	0	-0.000176937	14606
FRIGG	5.32632e-07	1.33238	1.92792	0	-0.9861	0.00581785	-0.000104205	3.11141	-2.17639	2.16513e-06	-0.00289734	0.00193188	180	0	-0.0694702	256.34	-3.88933e-07	1555.7	200.462	0	-1088.19	180	0	0.0021384	123.001	0	-2.14636	235.999	0	-0.000177083	14645
FRIGG	5.32632e-07	1.33238	1.92792	0	-0.9861	0.00581785	-0.000104198	3.11137	-2.17639	2.18162e-06	-0.00291335	0.00194255	180	0	-0.0694656	256.34	-1.2893e-07	1555.69	200.462	0	-1088.19	180	0	0.00215468	123.001	0	-2.15821	235.999	0	-0.000176773	14686
FRIGG	5.32632e-07	1.33238	1.92792	0	-0.9861	0.00581785	-0.000104194	3.11137	-2.17639	2.19539e-06	-0.00289723	0.00193181	180	0	-0.0694626	256.34	7.94743e-08	1555.69	200.462	0	-1088.19	180	0	0.00216828	123.001	0	-2.14628	235.999	0	-0.000176931	14732
FRIGG	5.32632e-07	1.33238	1.92792	0	-0.9861	0.00581785	-0.000104194	3.11137	-2.17639	2.19539e-06	-0.00289723	0.00193181	180	0	-0.0694626	256.34	7.94743e-08	1555.69	200.462	0	-1088.19	180	0	0.00216828	123.001	0	-2.14628	235.999	0	-0.000176931	14770
FRIGG	5.32632e-07	1.33238	1.92792	0	-0.9861	0.00581785	-0.000104188	3.11141	-2.17639	2.21055e-06	-0.00291324	0.00194248	180	0	-0.0694589	256.34	-1.97547e-07	1555.7	200.462	0	-1088.19	180	0	0.00218326	123.001	0	-2.15814	235.999	0	-0.000176811	14809
FRIGG	5.32632e-07	1.33238	1.92792	0	-0.9861	0.00581785	-0.000104184	3.11137	-2.17639	2.22446e-06	-0.00291321	0.00194246	180	0	-0.0694561	256.34	1.33942e-07	1555.69	200.462	0	-1088.19	180	0	0.002197	123.001	0	-2.15811	235.999	0	-0.000176896	14843
FRIGG	5.32632e-07	1.33238	1.92792	0	-0.9861	0.00581785	-0.000104181	3.11137	-2.17639	2.23816e-06	-0.00289732	0.00193187	180	0	-0.0694538	256.34	4.07503e-07	1555.69	200.462	0	-1088.19	180	0	0.00221052	123.001	0	-2.14634	235.999	0	-0.000176921	14880
FRIGG	5.32632e-07	1.33238	1.92792	0	-0.9861	0.00581785	-0.00010418	3.11136	-2.17639	2.24556e-06	-0.00291288	0.00194224	180	0	-0.0694532	256.34	1.04468e-06	1555.68	200.462	0	-1088.19	180	0	0.00221783	123.001	0	-2.15787	235.999	0	-0.000177139	14921
FRIGG	5.32632e-07	1.33238	1.92792	0	-0.9861	0.00581785	-0.000104175	3.11141	-2.17639	2.2536e-06	-0.00291327	0.0019425	180	0	-0.06945	256.34	-5.60511e-07	1555.7	200.462	0	-1088.19	180	0	0.00222578	123.001	0	-2.15815	235.999	0	-0.000176745	14965
FRIGG	5.32632e-07	1.33238	1.92792	0	-0.9861	0.00581785	-0.000104171	3.11141	-2.17639	2.2674e-06	-0.00291343	0.00194261	180	0	-0.0694473	256.34	-1.46266e-07	1555.7	200.462	0	-1088.19	180	0	0.00223941	123.001	0	-2.15827	235.999	0	-0.0001768	15007
FRIGG	5.32632e-07	1.33238	1.92792	0	-0.9861	0.00581785	-0.000104168	3.11137	-2.17639	2.28008e-06	-0.00291338	0.00194257	180	0	-0.0694451	256.34	3.10691e-07	1555.69	200.462	0	-1088.19	180	0	0.00225193	123.001	0	-2.15823	235.999	0	-0.000177085	15040
FRIGG	5.32632e-07	1.33238	1.92792	0	-0.9861	0.00581785	-0.000104165	3.11137	-2.17639	2.29341e-06	-0.00291324	0.00194248	180	0	-0.0694433	256.34	-1.36014e-07	1555.69	200.462	0	-1088.19	180	0	0.0022651	123.001	0	-2.15813	235.999	0	-0.000177083	15085
FRIGG	5.32632e-07	1.33238	1.92792	0	-0.9861	0.00581785	-0.000104161	3.11141	-2.17639	2.30762e-06	-0.00291326	0.00194249	180	0	-0.0694408	256.34	-3.83722e-07	1555.7	200.462	0	-1088.19	180	0	0.00227913	123.001	0	-2.15814	235.999	0	-0.00017695	15122
FRIGG	5.32632e-07	1.33238	1.92792	0	-0.9861	0.00581785	-0.000104161	3.11141	-2.17639	2.30762e-06	-0.00291326	0.00194249	180	0	-0.0694408	256.34	-3.83722e-07	1555.7	200.462	0	-1088.19	180	0	0.00227913	123.001	0	-2.15814	235.999	0	-0.00017695	15161
FRIGG	5.32632e-07	1.33238	1.92792	0	-0.9861	0.00581785	-0.000104157	3.11137	-2.17639	2.32181e-06	-0.0028974	0.00193192	180	0	-0.0694378	256.34	1.04118e-07	1555.69	200.462	0	-1088.19	180	0	0.00229314	123.001	0	-2.1464	235.999	0	-0.000176917	15192
FRIGG	5.32632e-07	1.33238	1.92792	0	-0.9861	0.00581785	-0.000104154	3.11137	-2.17639	2.33491e-06	-0.00289731	0.00193186	180	0	-0.0694359	256.34	4.59485e-07	1555.69	200.462	0	-1088.19	180	0	0.00230608	123.001	0	-2.14634	235.999	0	-0.000176962	15228
FRIGG	5.32632e-07	1.33238	1.92792	0	-0.9861	0.00581785	-0.00010415	3.11137	-2.17639	2.34975e-06	-0.00289747	0.00193196	180	0	-0.0694332	256.34	-3.89563e-07	1555.69	200.462	0	-1088.19	180	0	0.00232075	123.001	0	-2.14645	235.999	0	-0.000176653	15267
FRIGG	5.32632e-07	1.33238	1.92792	0	-0.9861	0.00581785	-0.000104148	3.11137	-2.17639	2.36093e-06	-0.00291339	0.00194258	180	0	-0.069432	256.34	6.62743e-08	1555.69	200.462	0	-1088.19	180	0	0.00233178	123.001	0	-2.15824	235.999	0	-0.000177126	15308
FRIGG	5.32632e-07	1.33238	1.92792	0	-0.9861	0.00581785	-0.000104148	3.11137	-2.17639	2.36093e-06	-0.00291339	0.00194258	180	0	-0.069432	256.34	6.62743e-08	1555.69	200.462	0	-1088.19	180	0	0.00233178	123.001	0	-2.15824	235.999	0	-0.000177126	15345
FRIGG	5.32632e-07	1.33238	1.92792	0	-0.9861	0.00581785	-0.000104145	3.11137	-2.17639	2.37454e-06	-0.00291359	0.00194255	180	0	-0.0694301	256.34	-1.77399e-07	1555.69	200.462	0	-1088.19	180	0	0.00234523	123.001	0	-2.15831	235.999	0	-8.84477e-05	15386
FRIGG	5.32632e-07	1.33238	1.92792	0	-0.9861	0.00581785	-0.000104142	3.11137	-2.17639	2.38754e-06	-0.00289733	0.00193171	180	0	-0.0694278	256.34	3.56757e-07	1555.69	200.462	0	-1088.19	180	0	0.00235807	123.001	0	-2.14626	235.999	0	-8.86973e-05	15424
FRIGG	5.32632e-07	1.33238	1.92792	0	-0.9861	0.00581785	-0.000104138	3.11137	-2.17639	2.40151e-06	-0.00291338	0.00194241	180	0	-0.0694256	256.34	1.69999e-07	1555.69	200.462	0	-1088.19	180	0	0.00237186	123.001	0	-2.15815	235.999	0	-8.84781e-05	15469
FRIGG	5.32632e-07	1.33238	1.92792	0	-0.9861	0.00581785	-0.000104138	3.11137	-2.17639	2.40151e-06	-0.00291338	0.00194241	180	0	-0.0694256	256.34	1.69999e-07	1555.69	200.462	0	-1088.19	180	0	0.00237186	123.001	0	-2.15815	235.999	0	-8.84781e-05	15504
FRIGG	5.32632e-07	1.33238	1.92792	0	-0.9861	0.00581785	-0.000104136	3.11137	-2.17639	2.41459e-06	-0.0028974	0.00193176	180	0	-0.0694238	256.34	1.12584e-08	1555.69	200.462	0	-1088.19	180	0	0.00238478	123.001	0	-2.14631	235.999	0	-8.84558e-05	15543
FRIGG	5.32632e-07	1.33238	1.92792	0	-0.9861	0.00581785	-0.000104134	3.11141	-2.17639	2.42665e-06	-0.00289748	0.00193181	180	0	-0.0694228	256.34	-1.23979e-07	1555.7	200.462	0	-1088.19	180	0	0.00239669	123.001	0	-2.14637	235.999	0	-8.85285e-05	15585
FRIGG	5.32632e-07	1.33238	1.92792	0	-0.9861	0.00581785	-0.000104132	3.11141	-2.17639	2.43944e-06	-0.00291341	0.00194243	180	0	-0.0694212	256.34	2.27381e-07	1555.7	200.462	0	-1088.19	180	0	0.00240933	123.001	0	-2.15817	235.999	0	-8.85101e-05	15623
FRIGG	5.32632e-07	1.33238	1.92792	0	-0.9861	0.00581785	-0.000104128	3.11141	-2.17639	2.4526e-06	-0.0029134	0.00194243	180	0	-0.0694188	256.34	-2.33051e-07	1555.7	200.462	0	-1088.19	180	0	0.00242232	123.001	0	-2.15817	235.999	0	-8.85319e-05	15662
FRIGG	5.32632e-07	1.33238	1.92792	0	-0.9861	0.00581785	-0.000104127	3.11137	-2.17639	2.46198e-06	-0.00289765	0.00193192	180	0	-0.0694178	256.34	-2.5094e-07	1555.69	200.462	0	-1088.19	180	0	0.00243158	123.001	0	-2.14649	235.999	0	-8.85323e-05	15703
FRIGG	5.32632e-07	1.33238	1.92792	0	-0.9861	0.00581785	-0.000104126	3.11137	-2.17639	2.46531e-06	-0.00291337	0.00194241	180	0	-0.0694173	256.34	1.13542e-07	1555.69	200.462	0	-1088.19	180	0	0.00243487	123.001	0	-2.15814	235.999	0	-8.84844e-05	15743
FRIGG	5.32632e-07	1.33238	1.92792	0	-0.9861	0.00581785	-0.000104124	3.11141	-2.17639	2.47717e-06	-0.00291345	0.00194246	180	0	-0.0694161	256.34	2.1983e-08	1555.7	200.462	0	-1088.19	180	0	0.00244659	123.001	0	-2.1582	235.999	0	-8.8622e-05	15783
FRIGG	5.32632e-07	1.33238	1.92792	0	-0.9861	0.00581785	-0.000104122	3.11137	-2.17639	2.49043e-06	-0.00291348	0.00194248	180	0	-0.0694145	256.34	-2.22028e-07	1555.69	200.462	0	-1088.19	180	0	0.00245968	123.001	0	-2.15822	235.999	0	-8.84188e-05	15821
FRIGG	5.32632e-07	1.33238	1.92792	0	-0.9861	0.00581785	-0.00010412	3.11141	-2.17639	2.50224e-06	-0.00291354	0.00194252	180	0	-0.0694135	256.34	2.40702e-07	1555.7	200.462	0	-1088.19	180	0	0.00247134	123.001	0	-2.15827	235.999	0	-8.84964e-05	15863
FRIGG	5.32632e-07	1.33238	1.92792	0	-0.9861	0.00581785	-0.000104118	3.11137	-2.17639	2.5144e-06	-0.00289741	0.00193176	180	0	-0.069412	256.34	-1.09458e-07	1555.69	200.462	0	-1088.19	180	0	0.00248336	123.001	0	-2.14632	235.999	0	-8.85402e-05	15900
FRIGG	5.32632e-07	1.33238	1.92792	0	-0.9861	0.00581785	-0.000104118	3.11137	-2.17639	2.5144e-06	-0.00289741	0.00193176	180	0	-0.069412	256.34	-1.09458e-07	1555.69	200.462	0	-1088.19	180	0	0.00248336	123.001	0	-2.14632	235.999	0	-8.85402e-05	15936
FRIGG	5.32632e-07	1.33238	1.92792	0	-0.9861	0.00581785	-0.000104117	3.11137	-2.17639	2.52635e-06	-0.00289746	0.0019318	180	0	-0.0694111	256.34	2.015e-07	1555.69	200.462	0	-1088.19	180	0	0.00249516	123.001	0	-2.14636	235.999	0	-8.8528e-05	15976
FRIGG	5.32632e-07	1.33238	1.92792	0	-0.9861	0.00581785	-0.000104114	3.11141	-2.17639	2.53942e-06	-0.00289745	0.00193179	180	0	-0.0694092	256.34	1.99129e-07	1555.7	200.462	0	-1088.19	180	0	0.00250807	123.001	0	-2.14635	235.999	0	-8.83568e-05	16014
FRIGG	5.32632e-07	1.33238	1.92792	0	-0.9861	0.00581785	-0.000104113	3.11137	-2.17639	2.55066e-06	-0.00289748	0.00193181	180	0	-0.0694084	256.34	1.16866e-08	1555.69	200.462	0	-1088.19	180	0	0.00251917	123.001	0	-2.14637	235.999	0	-8.85047e-05	16057
FRIGG	5.32632e-07	1.33238	1.92792	0	-0.9861	0.00581785	-0.000104113	3.11137	-2.17639	2.55066e-06	-0.00289748	0.00193181	180	0	-0.0694084	256.34	1.16866e-08	1555.69	200.462	0	-1088.19	180	0	0.00251917	123.001	0	-2.14637	235.999	0	-8.85047e-05	16093
FRIGG	5.32632e-07	1.33238	1.92792	0	-0.9861	0.00581785	-0.000104111	3.11137	-2.17639	2.56289e-06	-0.00289745	0.00193179	180	0	-0.0694072	256.34	-8.79975e-09	1555.69	200.462	0	-1088.19	180	0	0.00253124	123.001	0	-2.14635	235.999	0	-8.84053e-05	16134
FRIGG	5.32632e-07	1.33238	1.92792	0	-0.9861	0.00581785	-0.000104109	3.11137	-2.17639	2.57499e-06	-0.00289745	0.00193179	180	0	-0.069406	256.34	-9.12691e-08	1555.69	200.462	0	-1088.19	180	0	0.0025432	123.001	0	-2.14635	235.999	0	-8.83343e-05	16172
FRIGG	5.32632e-07	1.33238	1.92792	0	-0.9861	0.00581785	-0.000104109	3.11137	-2.17639	2.58483e-06	-0.00289746	0.0019318	180	0	-0.069406	256.34	3.62336e-07	1555.69	200.462	0	-1088.19	180	0	0.00255291	123.001	0	-2.14636	235.999	0	-8.86713e-05	16217
FRIGG	5.32632e-07	1.33238	1.92792	0	-0.9861	0.00581785	-0.000104105	3.11137	-2.17639	2.59924e-06	-0.00289733	0.00193171	180	0	-0.0694036	256.34	-7.35098e-08	1555.69	200.462	0	-1088.19	180	0	0.00256715	123.001	0	-2.14626	235.999	0	-8.81725e-05	16255
FRIGG	5.32632e-07	1.33238	1.92792	0	-0.9861	0.00581785	-0.000104106	3.11137	-2.17639	2.5988e-06	-0.00289733	0.00193171	180	0	-0.0694038	256.34	-7.35098e-08	1555.69	200.462	0	-1088.19	180	0	0.00256672	123.001	0	-2.14626	235.999	0	-8.82103e-05	16282
FRIGG	5.32632e-07	1.33238	1.92792	0	-0.9861	0.00581785	-0.000104104	3.11137	-2.17639	2.60955e-06	-0.00291347	0.00194247	180	0	-0.0694029	256.34	-2.74862e-07	1555.69	200.462	0	-1088.19	180	0	0.00257734	123.001	0	-2.15821	235.999	0	-8.84362e-05	16321
FRIGG	5.32632e-07	1.33238	1.92792	0	-0.9861	0.00581785	-0.000104104	3.11137	-2.17639	2.61989e-06	-0.00291355	0.00194253	180	0	-0.0694029	256.34	-2.42215e-07	1555.69	200.462	0	-1088.19	180	0	0.00258755	123.001	0	-2.15828	235.999	0	-8.85777e-05	16359
FRIGG	5.32632e-07	1.33238	1.92792	0	-0.9861	0.00581785	-0.000104103	3.11141	-2.17639	2.63113e-06	-0.00289739	0.00193175	180	0	-0.0694022	256.34	-2.55116e-07	1555.7	200.462	0	-1088.19	180	0	0.00259864	123.001	0	-2.1463	235.999	0	-8.85713e-05	16401
FRIGG	5.32632e-07	1.33238	1.92792	0	-0.9861	0.00581785	-0.000104103	3.11141	-2.17639	2.63113e-06	-0.00289739	0.00193175	180	0	-0.0694022	256.34	-2.55116e-07	1555.7	200.462	0	-1088.19	180	0	0.00259864	123.001	0	-2.1463	235.999	0	-8.85713e-05	16438
FRIGG	5.32632e-07	1.33238	1.92792	0	-0.9861	0.00581785	-0.0001041	3.11137	-2.17639	2.64434e-06	-0.00291353	0.00194251	180	0	-0.0694002	256.34	-2.27803e-07	1555.69	200.462	0	-1088.19	180	0	0.00261169	123.001	0	-2.15826	235.999	0	-8.82378e-05	16483
FRIGG	5.32632e-07	1.33238	1.92792	0	-0.9861	0.00581785	-0.000104099	3.11141	-2.17639	2.65524e-06	-0.00291329	0.00194235	180	0	-0.0693994	256.34	2.06983e-07	1555.7	200.462	0	-1088.19	180	0	0.00262246	123.001	0	-2.15808	235.999	0	-8.83402e-05	16516
FRIGG	5.32632e-07	1.33238	1.92792	0	-0.9861	0.00581785	-0.000104099	3.11141	-2.17639	2.6654e-06	-0.00289738	0.00193175	180	0	-0.0693991	256.34	-1.65113e-07	1555.7	200.462	0	-1088.19	180	0	0.0026325	123.001	0	-2.1463	235.999	0	-8.85006e-05	16561
FRIGG	5.32632e-07	1.33238	1.92792	0	-0.9861	0.00581785	-0.000104098	3.11141	-2.17639	2.67627e-06	-0.00291339	0.00194242	180	0	-0.0693985	256.34	-2.46242e-07	1555.7	200.462	0	-1088.19	180	0	0.00264323	123.001	0	-2.15816	235.999	0	-8.85265e-05	16598
FRIGG	5.32632e-07	1.33238	1.92792	0	-0.9861	0.00581785	-0.000104098	3.11141	-2.17639	2.67627e-06	-0.00291339	0.00194242	180	0	-0.0693985	256.34	-2.46242e-07	1555.7	200.462	0	-1088.19	180	0	0.00264323	123.001	0	-2.15816	235.999	0	-8.85265e-05	16637
FRIGG	5.32632e-07	1.33238	1.92792	0	-0.9861	0.00581785	-0.000104097	3.11137	-2.17639	2.68674e-06	-0.00291343	0.00194244	180	0	-0.0693983	256.34	-1.69954e-07	1555.69	200.462	0	-1088.19	180	0	0.00265357	123.001	0	-2.15818	235.999	0	-8.85585e-05	16675
FRIGG	5.32632e-07	1.33238	1.92792	0	-0.9861	0.00581785	-0.000104096	3.11137	-2.17639	2.69775e-06	-0.00291356	0.00194253	180	0	-0.0693974	256.34	3.3482e-07	1555.69	200.462	0	-1088.19	180	0	0.00266444	123.001	0	-2.15828	235.999	0	-8.85471e-05	16716
FRIGG	5.32632e-07	1.33238	1.92792	0	-0.9861	0.00581785	-0.000104096	3.11141	-2.17639	2.70824e-06	-0.00291349	0.00194249	180	0	-0.0693973	256.34	-1.03082e-07	1555.7	200.462	0	-1088.19	180	0	0.00267481	123.001	0	-2.15823	235.999	0	-8.85303e-05	16757
FRIGG	5.32632e-07	1.33238	1.92792	0	-0.9861	0.00581785	-0.000104095	3.11137	-2.17639	2.71919e-06	-0.00291339	0.00194242	180	0	-0.0693967	256.34	-1.06905e-07	1555.69	200.462	0	-1088.19	180	0	0.00268562	123.001	0	-2.15816	235.999	0	-8.84454e-05	16793
FRIGG	5.32632e-07	1.33238	1.92792	0	-0.9861	0.00581785	-0.000104095	3.11137	-2.17639	2.71919e-06	-0.00291339	0.00194242	180	0	-0.0693967	256.34	-1.06905e-07	1555.69	200.462	0	-1088.19	180	0	0.00268562	123.001	0	-2.15816	235.999	0	-8.84454e-05	16830
FRIGG	5.32632e-07	1.33238	1.92792	0	-0.9861	0.00581785	-0.000104094	3.11137	-2.17639	2.72994e-06	-0.00289723	0.00193165	180	0	-0.0693962	256.34	1.01646e-06	1555.69	200.462	0	-1088.19	180	0	0.00269624	123.001	0	-2.14619	235.999	0	-8.83975e-05	16865
FRIGG	5.32632e-07	1.33238	1.92792	0	-0.9861	0.00581785	-0.000104092	3.11141	-2.17639	2.74154e-06	-0.00291343	0.00194244	180	0	-0.0693945	256.34	-7.87969e-08	1555.7	200.462	0	-1088.19	180	0	0.00270769	123.001	0	-2.15818	235.999	0	-8.82988e-05	16897
FRIGG	5.32632e-07	1.33238	1.92792	0	-0.9861	0.00581785	-0.000104092	3.11141	-2.17639	2.75072e-06	-0.00291373	0.00194265	180	0	-0.0693948	256.34	-4.77006e-07	1555.7	200.462	0	-1088.19	180	0	0.00271676	123.001	0	-2.15841	235.999	0	-8.85007e-05	16942
FRIGG	5.32632e-07	1.33238	1.92792	0	-0.9861	0.00581785	-0.000104092	3.11141	-2.17639	2.76034e-06	-0.00291344	0.00194245	180	0	-0.0693948	256.34	-2.35679e-07	1555.7	200.462	0	-1088.19	180	0	0.00272626	123.001	0	-2.15819	235.999	0	-8.86339e-05	16974
FRIGG	5.32632e-07	1.33238	1.92792	0	-0.9861	0.00581785	-0.000104092	3.11141	-2.17639	2.76034e-06	-0.00291344	0.00194245	180	0	-0.0693948	256.34	-2.35679e-07	1555.7	200.462	0	-1088.19	180	0	0.00272626	123.001	0	-2.15819	235.999	0	-8.86339e-05	17012
FRIGG	5.32632e-07	1.33238	1.92792	0	-0.9861	0.00581785	-0.000104091	3.11141	-2.17639	2.77117e-06	-0.00289736	0.00193173	180	0	-0.0693941	256.34	-3.41687e-07	1555.7	200.462	0	-1088.19	180	0	0.00273695	123.001	0	-2.14628	235.999	0	-8.8524e-05	17048
FRIGG	5.32632e-07	1.33238	1.92792	0	-0.9861	0.00581785	-0.00010409	3.11137	-2.17639	2.78162e-06	-0.00289744	0.00193179	180	0	-0.0693933	256.34	1.69016e-07	1555.69	200.462	0	-1088.19	180	0	0.00274728	123.001	0	-2.14634	235.999	0	-8.8513e-05	17091
FRIGG	5.32632e-07	1.33238	1.92792	0	-0.9861	0.00581785	-0.000104089	3.11137	-2.17639	2.79175e-06	-0.00291345	0.00194246	180	0	-0.0693928	256.34	5.23686e-07	1555.69	200.462	0	-1088.19	180	0	0.00275728	123.001	0	-2.1582	235.999	0	-8.85203e-05	17129
FRIGG	5.32632e-07	1.33238	1.92792	0	-0.9861	0.00581785	-0.000104089	3.11137	-2.17639	2.79175e-06	-0.00291345	0.00194246	180	0	-0.0693928	256.34	5.23686e-07	1555.69	200.462	0	-1088.19	180	0	0.00275728	123.001	0	-2.1582	235.999	0	-8.85203e-05	17172
FRIGG	5.32632e-07	1.33238	1.92792	0	-0.9861	0.00581785	-0.000104088	3.11137	-2.17639	2.80275e-06	-0.00289749	0.00193182	180	0	-0.0693917	256.34	-3.7429e-08	1555.69	200.462	0	-1088.19	180	0	0.00276815	123.001	0	-2.14638	235.999	0	-8.83895e-05	17212
FRIGG	5.32632e-07	1.33238	1.92792	0	-0.9861	0.00581785	-0.000104087	3.11141	-2.17639	2.81188e-06	-0.00289738	0.00193175	180	0	-0.0693916	256.34	5.02575e-08	1555.7	200.462	0	-1088.19	180	0	0.00277716	123.001	0	-2.1463	235.999	0	-8.85937e-05	17253
FRIGG	5.32632e-07	1.33238	1.92792	0	-0.9861	0.00581785	-0.000104086	3.11137	-2.17639	2.82287e-06	-0.00291349	0.00194248	180	0	-0.0693906	256.34	1.81954e-07	1555.69	200.462	0	-1088.19	180	0	0.00278802	123.001	0	-2.15823	235.999	0	-8.84068e-05	17294
FRIGG	5.32632e-07	1.33238	1.92792	0	-0.9861	0.00581785	-0.000104086	3.11137	-2.17639	2.83297e-06	-0.00291348	0.00194248	180	0	-0.0693905	256.34	-2.05359e-07	1555.69	200.462	0	-1088.19	180	0	0.00279799	123.001	0	-2.15822	235.999	0	-8.82662e-05	17332
FRIGG	5.32632e-07	1.33238	1.92792	0	-0.9861	0.00581785	-0.000104086	3.11137	-2.17639	2.83297e-06	-0.00291348	0.00194248	180	0	-0.0693905	256.34	-2.05359e-07	1555.69	200.462	0	-1088.19	180	0	0.00279799	123.001	0	-2.15822	235.999	0	-8.82662e-05	17370
FRIGG	5.32632e-07	1.33238	1.92792	0	-0.9861	0.00581785	-0.000104087	3.11137	-2.17639	2.8418e-06	-0.00289731	0.0019317	180	0	-0.069391	256.34	1.14759e-07	1555.69	200.462	0	-1088.19	180	0	0.00280672	123.001	0	-2.14624	235.999	0	-8.83643e-05	17411
FRIGG	5.32632e-07	1.33238	1.92792	0	-0.9861	0.00581785	-0.000104087	3.11137	-2.17639	2.85039e-06	-0.00291349	0.00194249	180	0	-0.0693911	256.34	-6.95225e-09	1555.69	200.462	0	-1088.19	180	0	0.0028152	123.001	0	-2.15823	235.999	0	-8.86147e-05	17449
FRIGG	5.32632e-07	1.33238	1.92792	0	-0.9861	0.00581785	-0.000104084	3.11141	-2.17639	2.86095e-06	-0.00291336	0.0019424	180	0	-0.0693896	256.34	-4.4491e-07	1555.7	200.462	0	-1088.19	180	0	0.00282563	123.001	0	-2.15813	235.999	0	-8.85858e-05	17488
FRIGG	5.32632e-07	1.33238	1.92792	0	-0.9861	0.00581785	-0.000104084	3.11141	-2.17639	2.87129e-06	-0.00291341	0.00194243	180	0	-0.0693892	256.34	-1.05795e-07	1555.7	200.462	0	-1088.19	180	0	0.00283585	123.001	0	-2.15817	235.999	0	-8.83746e-05	17526
FRIGG	5.32632e-07	1.33238	1.92792	0	-0.9861	0.00581785	-0.000104084	3.11141	-2.17639	2.87129e-06	-0.00291341	0.00194243	180	0	-0.0693892	256.34	-1.05795e-07	1555.7	200.462	0	-1088.19	180	0	0.00283585	123.001	0	-2.15817	235.999	0	-8.83746e-05	17566
FRIGG	5.32632e-07	1.33238	1.92792	0	-0.9861	0.00581785	-0.000104083	3.11141	-2.17639	2.8813e-06	-0.00291356	0.00194253	180	0	-0.0693889	256.34	1.40263e-07	1555.7	200.462	0	-1088.19	180	0	0.00284573	123.001	0	-2.15828	235.999	0	-8.82195e-05	17609
FRIGG	5.32632e-07	1.33238	1.92792	0	-0.9861	0.00581785	-0.000104085	3.11141	-2.17639	2.88885e-06	-0.0029135	0.00194249	180	0	-0.0693897	256.34	-3.49662e-07	1555.7	200.462	0	-1088.19	180	0	0.00285318	123.001	0	-2.15823	235.999	0	-8.85525e-05	17642
FRIGG	5.32632e-07	1.33238	1.92792	0	-0.9861	0.00581785	-0.000104083	3.11137	-2.17639	2.89877e-06	-0.00291341	0.00194243	180	0	-0.0693887	256.34	1.41872e-07	1555.69	200.462	0	-1088.19	180	0	0.00286299	123.001	0	-2.15817	235.999	0	-8.85223e-05	17686
FRIGG	5.32632e-07	1.33238	1.92792	0	-0.9861	0.00581785	-0.000104081	3.1114	-2.17639	2.90977e-06	-0.0029136	0.00194256	180	0	-0.0693874	256.34	5.1119e-07	1555.7	200.462	0	-1088.19	180	0	0.00287385	123.001	0	-2.15831	235.999	0	-8.82503e-05	17724
FRIGG	5.32632e-07	1.33238	1.92792	0	-0.9861	0.00581785	-0.000104081	3.1114	-2.17639	2.90977e-06	-0.0029136	0.00194256	180	0	-0.0693874	256.34	5.1119e-07	1555.7	200.462	0	-1088.19	180	0	0.00287385	123.001	0	-2.15831	235.999	0	-8.82503e-05	17757
FRIGG	5.32632e-07	1.33238	1.92792	0	-0.9861	0.00581785	-0.000104083	3.11141	-2.17639	2.9174e-06	-0.00289749	0.00193166	180	0	-0.069389	256.34	-1.98958e-08	1555.7	200.462	0	-1088.19	180	0	0.00288138	123.001	0	-2.14629	235.999	0	3.21754e-07	17791
FRIGG	5.32632e-07	1.33238	1.92792	0	-0.9861	0.00581785	-0.000104084	3.11137	-2.17639	2.92581e-06	-0.00289761	0.00193174	180	0	-0.069389	256.34	2.97593e-07	1555.69	200.462	0	-1088.19	180	0	0.00288969	123.001	0	-2.14637	235.999	0	-5.34983e-08	17830
FRIGG	5.32632e-07	1.33238	1.92792	0	-0.9861	0.00581785	-0.000104082	3.11137	-2.17639	2.93558e-06	-0.00291355	0.00194237	180	0	-0.0693877	256.34	-1.68071e-07	1555.69	200.462	0	-1088.19	180	0	0.00289934	123.001	0	-2.15818	235.999	0	-8.32748e-08	17865
FRIGG	5.32632e-07	1.33238	1.92792	0	-0.9861	0.00581785	-0.000104082	3.11137	-2.17639	2.93558e-06	-0.00291355	0.00194237	180	0	-0.0693877	256.34	-1.68071e-07	1555.69	200.462	0	-1088.19	180	0	0.00289934	123.001	0	-2.15818	235.999	0	-8.32748e-08	17906
FRIGG	5.32632e-07	1.33238	1.92792	0	-0.9861	0.00581785	-0.000104083	3.11141	-2.17639	2.94425e-06	-0.00291349	0.00194233	180	0	-0.0693884	256.34	-3.20027e-07	1555.7	200.462	0	-1088.19	180	0	0.0029079	123.001	0	-2.15814	235.999	0	-1.4421e-08	17950
FRIGG	5.32632e-07	1.33238	1.92792	0	-0.9861	0.00581785	-0.000104081	3.11141	-2.17639	2.95323e-06	-0.0028975	0.00193167	180	0	-0.0693874	256.34	-4.58899e-07	1555.7	200.462	0	-1088.19	180	0	0.00291677	123.001	0	-2.1463	235.999	0	-1.29382e-07	17988
FRIGG	5.32632e-07	1.33238	1.92792	0	-0.9861	0.00581785	-0.000104079	3.11137	-2.17639	2.96369e-06	-0.00289752	0.00193168	180	0	-0.0693863	256.34	-5.22625e-10	1555.69	200.462	0	-1088.19	180	0	0.00292711	123.001	0	-2.14631	235.999	0	1.34295e-07	18031
FRIGG	5.32632e-07	1.33238	1.92792	0	-0.9861	0.00581785	-0.000104084	3.11137	-2.17639	2.96903e-06	-0.00289743	0.00193162	180	0	-0.069389	256.34	-1.211e-07	1555.69	200.462	0	-1088.19	180	0	0.00293238	123.001	0	-2.14625	235.999	0	-3.03114e-07	18070
FRIGG	5.32632e-07	1.33238	1.92792	0	-0.9861	0.00581785	-0.00010408	3.11141	-2.17639	2.98117e-06	-0.0029134	0.00194226	180	0	-0.0693865	256.34	1.7095e-07	1555.7	200.462	0	-1088.19	180	0	0.00294437	123.001	0	-2.15807	235.999	0	1.41471e-07	18110
FRIGG	5.32632e-07	1.33238	1.92792	0	-0.9861	0.00581785	-0.00010408	3.11141	-2.17639	2.98062e-06	-0.00291342	0.00194228	180	0	-0.0693867	256.34	1.7095e-07	1555.7	200.462	0	-1088.19	180	0	0.00294383	123.001	0	-2.15809	235.999	0	9.83161e-08	18146
FRIGG	5.32632e-07	1.33238	1.92792	0	-0.9861	0.00581785	-0.00010408	3.11137	-2.17639	2.98912e-06	-0.00289762	0.00193175	180	0	-0.0693869	256.34	1.67173e-08	1555.69	200.462	0	-1088.19	180	0	0.00295222	123.001	0	-2.14639	235.999	0	1.10772e-07	18188
FRIGG	5.32632e-07	1.33238	1.92792	0	-0.9861	0.00581785	-0.00010408	3.11137	-2.17639	2.99693e-06	-0.0029136	0.0019424	180	0	-0.069387	256.34	8.39588e-08	1555.69	200.462	0	-1088.19	180	0	0.00295993	123.001	0	-2.15822	235.999	0	-6.77552e-08	18226
FRIGG	5.32632e-07	1.33238	1.92792	0	-0.9861	0.00581785	-0.000104079	3.11137	-2.17639	3.00638e-06	-0.00291358	0.00194238	180	0	-0.0693862	256.34	-8.27507e-08	1555.69	200.462	0	-1088.19	180	0	0.00296926	123.001	0	-2.1582	235.999	0	4.58631e-08	18255
FRIGG	5.32632e-07	1.33238	1.92792	0	-0.9861	0.00581785	-0.000104079	3.11137	-2.17639	3.00638e-06	-0.00291358	0.00194238	180	0	-0.0693862	256.34	-8.27507e-08	1555.69	200.462	0	-1088.19	180	0	0.00296926	123.001	0	-2.1582	235.999	0	4.58631e-08	18295
FRIGG	5.32632e-07	1.33238	1.92792	0	-0.9861	0.00581785	-0.000104081	3.11141	-2.17639	3.01352e-06	-0.00291361	0.00194241	180	0	-0.0693871	256.34	-1.88169e-07	1555.7	200.462	0	-1088.19	180	0	0.00297632	123.001	0	-2.15823	235.999	0	-1.30361e-07	18336
FRIGG	5.32632e-07	1.33238	1.92792	0	-0.9861	0.00581785	-0.000104079	3.11137	-2.17639	3.02278e-06	-0.00289748	0.00193165	180	0	-0.0693859	256.34	-2.8952e-07	1555.69	200.462	0	-1088.19	180	0	0.00298547	123.001	0	-2.14628	235.999	0	-9.97818e-08	18376
FRIGG	5.32632e-07	1.33238	1.92792	0	-0.9861	0.00581785	-0.000104081	3.11141	-2.17639	3.02997e-06	-0.00291364	0.00194243	180	0	-0.0693873	256.34	-3.14877e-08	1555.7	200.462	0	-1088.19	180	0	0.00299256	123.001	0	-2.15825	235.999	0	-1.37869e-07	18413
FRIGG	5.32632e-07	1.33238	1.92792	0	-0.9861	0.00581785	-0.000104079	3.11137	-2.17639	3.03891e-06	-0.00291359	0.00194239	180	0	-0.069386	256.34	1.88963e-07	1555.69	200.462	0	-1088.19	180	0	0.0030014	123.001	0	-2.15821	235.999	0	-1.82098e-07	18456
FRIGG	5.32632e-07	1.33238	1.92792	0	-0.9861	0.00581785	-0.000104079	3.11137	-2.17639	3.03891e-06	-0.00291359	0.00194239	180	0	-0.069386	256.34	1.88963e-07	1555.69	200.462	0	-1088.19	180	0	0.0030014	123.001	0	-2.15821	235.999	0	-1.82098e-07	18496
FRIGG	5.32632e-07	1.33238	1.92792	0	-0.9861	0.00581785	-0.000104081	3.11137	-2.17639	3.04668e-06	-0.00291354	0.00194236	180	0	-0.0693871	256.34	3.7963e-08	1555.69	200.462	0	-1088.19	180	0	0.00300907	123.001	0	-2.15817	235.999	0	-8.79377e-08	18534
FRIGG	5.32632e-07	1.33238	1.92792	0	-0.9861	0.00581785	-0.000104077	3.11141	-2.17639	3.05658e-06	-0.00291353	0.00194235	180	0	-0.069385	256.34	1.34034e-07	1555.7	200.462	0	-1088.19	180	0	0.00301885	123.001	0	-2.15817	235.999	0	1.89241e-08	18572
FRIGG	5.32632e-07	1.33238	1.92792	0	-0.9861	0.00581785	-0.00010408	3.11141	-2.17639	3.06313e-06	-0.00291346	0.00194231	180	0	-0.0693868	256.34	2.20039e-07	1555.7	200.462	0	-1088.19	180	0	0.00302531	123.001	0	-2.15812	235.999	0	-6.701e-08	18619
FRIGG	5.32632e-07	1.33238	1.92792	0	-0.9861	0.00581785	-0.000104077	3.11136	-2.17639	3.07347e-06	-0.00292015	0.00194677	180	0	-0.0693848	256.34	4.16906e-07	1555.68	200.462	0	-1088.19	180	0	0.00303553	123.001	0	-2.16307	235.999	0	7.65642e-08	18654
FRIGG	5.32632e-07	1.33238	1.92792	0	-0.9861	0.00581785	-0.000104077	3.11137	-2.17639	3.07282e-06	-0.00291367	0.00194245	180	0	-0.0693847	256.34	5.0156e-07	1555.69	200.462	0	-1088.19	180	0	0.00303489	123.001	0	-2.15828	235.999	0	2.8062e-08	18685
FRIGG	5.32632e-07	1.33238	1.92792	0	-0.9861	0.00581785	-0.00010408	3.11137	-2.17639	3.07931e-06	-0.0028975	0.00193166	180	0	-0.0693864	256.34	2.91577e-07	1555.69	200.462	0	-1088.19	180	0	0.00304129	123.001	0	-2.14629	235.999	0	-6.78703e-08	18714
FRIGG	5.32632e-07	1.33238	1.92792	0	-0.9861	0.00581785	-0.000104078	3.11141	-2.17639	3.08805e-06	-0.00289749	0.00193166	180	0	-0.0693851	256.34	2.93656e-09	1555.7	200.462	0	-1088.19	180	0	0.00304993	123.001	0	-2.14629	235.999	0	-8.78264e-08	18754
FRIGG	5.32632e-07	1.33238	1.92792	0	-0.9861	0.00581785	-0.00010408	3.11141	-2.17639	3.09471e-06	-0.00289759	0.00193173	180	0	-0.0693865	256.34	1.87876e-09	1555.7	200.462	0	-1088.19	180	0	0.0030565	123.001	0	-2.14636	235.999	0	-1.44887e-07	18799
FRIGG	5.32632e-07	1.33238	1.92792	0	-0.9861	0.00581785	-0.000104077	3.11137	-2.17639	3.10456e-06	-0.00291346	0.0019423	180	0	-0.0693848	256.34	-5.03137e-07	1555.69	200.462	0	-1088.19	180	0	0.00306624	123.001	0	-2.15812	235.999	0	1.08795e-07	18837
FRIGG	5.32632e-07	1.33238	1.92792	0	-0.9861	0.00581785	-0.000104077	3.11137	-2.17639	3.10456e-06	-0.00291346	0.0019423	180	0	-0.0693848	256.34	-5.03137e-07	1555.69	200.462	0	-1088.19	180	0	0.00306624	123.001	0	-2.15812	235.999	0	1.08795e-07	18874
FRIGG	5.32632e-07	1.33238	1.92792	0	-0.9861	0.00581785	-0.000104078	3.11137	-2.17639	3.1113e-06	-0.00291371	0.00194247	180	0	-0.0693855	256.34	1.12796e-07	1555.69	200.462	0	-1088.19	180	0	0.00307289	123.001	0	-2.1583	235.999	0	-2.43543e-08	18914
FRIGG	5.32632e-07	1.33238	1.92792	0	-0.9861	0.00581785	-0.000104078	3.11141	-2.17639	3.12012e-06	-0.00291362	0.00194241	180	0	-0.0693852	256.34	-3.42297e-07	1555.7	200.462	0	-1088.19	180	0	0.0030816	123.001	0	-2.15824	235.999	0	2.39982e-07	18953
FRIGG	5.32632e-07	1.33238	1.92792	0	-0.9861	0.00581785	-0.000104078	3.11141	-2.17639	3.12685e-06	-0.00291355	0.00194236	180	0	-0.069385	256.34	-2.28449e-07	1555.7	200.462	0	-1088.19	180	0	0.00308825	123.001	0	-2.15818	235.999	0	-5.04666e-08	18990
FRIGG	5.32632e-07	1.33238	1.92792	0	-0.9861	0.00581785	-0.000104079	3.11141	-2.17639	3.13363e-06	-0.00291352	0.00194235	180	0	-0.0693862	256.34	1.01889e-07	1555.7	200.462	0	-1088.19	180	0	0.00309494	123.001	0	-2.15817	235.999	0	-4.58537e-08	19030
FRIGG	5.32632e-07	1.33238	1.92792	0	-0.9861	0.00581785	-0.000104079	3.11141	-2.17639	3.13363e-06	-0.00291352	0.00194235	180	0	-0.0693862	256.34	1.01889e-07	1555.7	200.462	0	-1088.19	180	0	0.00309494	123.001	0	-2.15817	235.999	0	-4.58537e-08	19069
FRIGG	5.32632e-07	1.33238	1.92792	0	-0.9861	0.00581785	-0.000104077	3.11137	-2.17639	3.14193e-06	-0.00289746	0.00193164	180	0	-0.0693846	256.34	4.68665e-07	1555.69	200.462	0	-1088.19	180	0	0.00310314	123.001	0	-2.14627	235.999	0	-1.41557e-07	19103
FRIGG	5.32632e-07	1.33238	1.92792	0	-0.9861	0.00581785	-0.000104078	3.11137	-2.17639	3.14899e-06	-0.00289756	0.00193171	180	0	-0.0693856	256.34	4.13876e-07	1555.69	200.462	0	-1088.19	180	0	0.00311011	123.001	0	-2.14634	235.999	0	-4.14409e-08	19147
FRIGG	5.32632e-07	1.33238	1.92792	0	-0.9861	0.00581785	-0.000104078	3.11141	-2.17639	3.15714e-06	-0.0028974	0.0019316	180	0	-0.0693852	256.34	3.53904e-07	1555.7	200.462	0	-1088.19	180	0	0.00311816	123.001	0	-2.14622	235.999	0	8.46951e-08	19180
FRIGG	5.32632e-07	1.33238	1.92792	0	-0.9861	0.00581785	-0.000104077	3.11137	-2.17639	3.16379e-06	-0.00289746	0.00193164	180	0	-0.0693849	256.34	2.07316e-07	1555.69	200.462	0	-1088.19	180	0	0.00312473	123.001	0	-2.14627	235.999	0	-1.79336e-07	19220
FRIGG	5.32632e-07	1.33238	1.92792	0	-0.9861	0.00581785	-0.000104077	3.11137	-2.17639	3.16379e-06	-0.00289746	0.00193164	180	0	-0.0693849	256.34	2.07316e-07	1555.69	200.462	0	-1088.19	180	0	0.00312473	123.001	0	-2.14627	235.999	0	-1.79336e-07	19251
FRIGG	5.32632e-07	1.33238	1.92792	0	-0.9861	0.00581785	-0.000104079	3.11141	-2.17639	3.17129e-06	-0.00289748	0.00193165	180	0	-0.0693858	256.34	1.00387e-07	1555.7	200.462	0	-1088.19	180	0	0.00313213	123.001	0	-2.14628	235.999	0	4.95192e-08	19290
FRIGG	5.32632e-07	1.33238	1.92792	0	-0.9861	0.00581785	-0.000104078	3.11137	-2.17639	3.17825e-06	-0.0028974	0.0019316	180	0	-0.0693854	256.34	5.96642e-07	1555.69	200.462	0	-1088.19	180	0	0.00313901	123.001	0	-2.14622	235.999	0	-1.17985e-07	19326
FRIGG	5.32632e-07	1.33238	1.92792	0	-0.9861	0.00581785	-0.000104077	3.11141	-2.17639	3.18578e-06	-0.00291354	0.00194236	180	0	-0.0693849	256.34	1.96332e-07	1555.7	200.462	0	-1088.19	180	0	0.00314645	123.001	0	-2.15818	235.999	0	-1.03543e-07	19370
FRIGG	5.32632e-07	1.33238	1.92792	0	-0.9861	0.00581785	-0.000104077	3.11141	-2.17639	3.18578e-06	-0.00291354	0.00194236	180	0	-0.0693849	256.34	1.96332e-07	1555.7	200.462	0	-1088.19	180	0	0.00314645	123.001	0	-2.15818	235.999	0	-1.03543e-07	19409
FRIGG	5.32632e-07	1.33238	1.92792	0	-0.9861	0.00581785	-0.000104079	3.11141	-2.17639	3.19298e-06	-0.00291355	0.00194237	180	0	-0.0693857	256.34	-2.69296e-07	1555.7	200.462	0	-1088.19	180	0	0.00315356	123.001	0	-2.15819	235.999	0	6.32464e-08	19453
FRIGG	5.32632e-07	1.33238	1.92792	0	-0.9861	0.00581785	-0.000104076	3.11137	-2.17639	3.20133e-06	-0.00291366	0.00194244	180	0	-0.0693837	256.34	-3.2518e-07	1555.69	200.462	0	-1088.19	180	0	0.00316181	123.001	0	-2.15826	235.999	0	3.27708e-08	19493
FRIGG	5.32632e-07	1.33238	1.92792	0	-0.9861	0.00581785	-0.000104077	3.11141	-2.17639	3.20745e-06	-0.00291369	0.00194246	180	0	-0.0693846	256.34	-1.05959e-07	1555.7	200.462	0	-1088.19	180	0	0.00316785	123.001	0	-2.15829	235.999	0	-4.03609e-08	19529
FRIGG	5.32632e-07	1.33238	1.92792	0	-0.9861	0.00581785	-0.000104077	3.11141	-2.17639	3.20745e-06	-0.00291369	0.00194246	180	0	-0.0693846	256.34	-1.05959e-07	1555.7	200.462	0	-1088.19	180	0	0.00316785	123.001	0	-2.15829	235.999	0	-4.03609e-08	19568
FRIGG	5.32632e-07	1.33238	1.92792	0	-0.9861	0.00581785	-0.000104078	3.11137	-2.17639	3.21421e-06	-0.0029136	0.0019424	180	0	-0.0693856	256.34	2.36558e-07	1555.69	200.462	0	-1088.19	180	0	0.00317453	123.001	0	-2.15822	235.999	0	7.47799e-08	19613
FRIGG	5.32632e-07	1.33238	1.92792	0	-0.9861	0.00581785	-0.000104076	3.11137	-2.17639	3.2228e-06	-0.00289744	0.00193163	180	0	-0.0693837	256.34	2.51755e-07	1555.69	200.462	0	-1088.19	180	0	0.00318301	123.001	0	-2.14625	235.999	0	1.71314e-07	19652
FRIGG	5.32632e-07	1.33238	1.92792	0	-0.9861	0.00581785	-0.000104079	3.11141	-2.17639	3.22755e-06	-0.00289754	0.00193169	180	0	-0.0693857	256.34	-1.88979e-07	1555.7	200.462	0	-1088.19	180	0	0.0031877	123.001	0	-2.14633	235.999	0	-3.26415e-08	19692
FRIGG	5.32632e-07	1.33238	1.92792	0	-0.9861	0.00581785	-0.000104077	3.11141	-2.17639	3.23553e-06	-0.0029135	0.00194233	180	0	-0.0693849	256.34	4.15584e-07	1555.7	200.462	0	-1088.19	180	0	0.00319558	123.001	0	-2.15815	235.999	0	1.27512e-07	19731
FRIGG	5.32632e-07	1.33238	1.92792	0	-0.9861	0.00581785	-0.000104077	3.11141	-2.17639	3.24265e-06	-0.00291374	0.00194249	180	0	-0.0693845	256.34	-2.18257e-07	1555.7	200.462	0	-1088.19	180	0	0.00320261	123.001	0	-2.15832	235.999	0	1.3783e-07	19771
FRIGG	5.32632e-07	1.33238	1.92792	0	-0.9861	0.00581785	-0.000104077	3.11141	-2.17639	3.24265e-06	-0.00291374	0.00194249	180	0	-0.0693845	256.34	-2.18257e-07	1555.7	200.462	0	-1088.19	180	0	0.00320261	123.001	0	-2.15832	235.999	0	1.3783e-07	19811
FRIGG	5.32632e-07	1.33238	1.92792	0	-0.9861	0.00581785	-0.000104076	3.11141	-2.17639	3.24915e-06	-0.00289761	0.00193174	180	0	-0.0693841	256.34	1.36501e-07	1555.7	200.462	0	-1088.19	180	0	0.00320904	123.001	0	-2.14638	235.999	0	5.86492e-09	19853
FRIGG	5.32632e-07	1.33238	1.92792	0	-0.9861	0.00581785	-0.000104079	3.11141	-2.17639	3.2545e-06	-0.00289755	0.0019317	180	0	-0.0693857	256.34	1.58312e-07	1555.7	200.462	0	-1088.19	180	0	0.00321432	123.001	0	-2.14634	235.999	0	-9.87032e-08	19891
FRIGG	5.32632e-07	1.33238	1.92792	0	-0.9861	0.00581785	-0.000104079	3.11137	-2.17639	3.2615e-06	-0.00289749	0.00193166	180	0	-0.0693858	256.34	-2.39376e-07	1555.69	200.462	0	-1088.19	180	0	0.00322124	123.001	0	-2.14629	235.999	0	3.06061e-08	19931
FRIGG	5.32632e-07	1.33238	1.92792	0	-0.9861	0.00581785	-0.000104075	3.11141	-2.17639	3.26961e-06	-0.00291345	0.0019423	180	0	-0.0693834	256.34	3.29507e-08	1555.7	200.462	0	-1088.19	180	0	0.00322924	123.001	0	-2.15811	235.999	0	4.17819e-09	19976
FRIGG	5.32632e-07	1.33238	1.92792	0	-0.9861	0.00581785	-0.000104075	3.11141	-2.17639	3.26961e-06	-0.00291345	0.0019423	180	0	-0.0693834	256.34	3.29507e-08	1555.7	200.462	0	-1088.19	180	0	0.00322924	123.001	0	-2.15811	235.999	0	4.17819e-09	20012
FRIGG	5.32632e-07	1.33238	1.92792	0	-0.9861	0.00581785	-0.000104078	3.11141	-2.17639	3.27432e-06	-0.00289746	0.00193164	180	0	-0.0693854	256.34	-2.55192e-07	1555.7	200.462	0	-1088.19	180	0	0.0032339	123.001	0	-2.14627	235.999	0	-1.31021e-07	20052
FRIGG	5.32632e-07	1.33238	1.92792	0	-0.9861	0.00581785	-0.000104079	3.11141	-2.17639	3.28024e-06	-0.00289744	0.00193163	180	0	-0.0693862	256.34	-2.71721e-07	1555.7	200.462	0	-1088.19	180	0	0.00323975	123.001	0	-2.14625	235.999	0	-1.55571e-07	20094
FRIGG	5.32632e-07	1.33238	1.92792	0	-0.9861	0.00581785	-0.000104078	3.1114	-2.17639	3.28785e-06	-0.00291346	0.00194231	180	0	-0.0693853	256.34	5.74238e-07	1555.7	200.462	0	-1088.19	180	0	0.00324726	123.001	0	-2.15812	235.999	0	2.91073e-09	20130
FRIGG	5.32632e-07	1.33238	1.92792	0	-0.9861	0.00581785	-0.000104076	3.11137	-2.17639	3.29512e-06	-0.00289748	0.00193166	180	0	-0.0693837	256.34	-9.76358e-08	1555.69	200.462	0	-1088.19	180	0	0.00325444	123.001	0	-2.14628	235.999	0	-5.17542e-08	20169
FRIGG	5.32632e-07	1.33238	1.92792	0	-0.9861	0.00581785	-0.000104076	3.11137	-2.17639	3.29512e-06	-0.00289748	0.00193166	180	0	-0.0693837	256.34	-9.76358e-08	1555.69	200.462	0	-1088.19	180	0	0.00325444	123.001	0	-2.14628	235.999	0	-5.17542e-08	20206
FRIGG	5.32632e-07	1.33238	1.92792	0	-0.9861	0.00581785	-0.000104078	3.11137	-2.17639	3.30043e-06	-0.00289746	0.00193164	180	0	-0.0693855	256.34	3.76951e-07	1555.69	200.462	0	-1088.19	180	0	0.00325968	123.001	0	-2.14627	235.999	0	-1.05037e-08	20242
FRIGG	5.32632e-07	1.33238	1.92792	0	-0.9861	0.00581785	-0.000104079	3.11137	-2.17639	3.30689e-06	-0.00289747	0.00193165	180	0	-0.0693857	256.34	1.91448e-07	1555.69	200.462	0	-1088.19	180	0	0.00326606	123.001	0	-2.14627	235.999	0	6.33352e-08	20278
FRIGG	5.32632e-07	1.33238	1.92792	0	-0.9861	0.00581785	-0.000104078	3.11137	-2.17639	3.31323e-06	-0.00291368	0.00194246	180	0	-0.0693854	256.34	-1.74902e-07	1555.69	200.462	0	-1088.19	180	0	0.00327232	123.001	0	-2.15828	235.999	0	2.72985e-08	20312
FRIGG	5.32632e-07	1.33238	1.92792	0	-0.9861	0.00581785	-0.000104078	3.11137	-2.17639	3.31323e-06	-0.00291368	0.00194246	180	0	-0.0693854	256.34	-1.74902e-07	1555.69	200.462	0	-1088.19	180	0	0.00327232	123.001	0	-2.15828	235.999	0	2.72985e-08	20347
FRIGG	5.32632e-07	1.33238	1.92792	0	-0.9861	0.00581785	-0.000104075	3.11137	-2.17639	3.32027e-06	-0.00289761	0.00193174	180	0	-0.0693835	256.34	1.8842e-07	1555.69	200.462	0	-1088.19	180	0	0.00327928	123.001	0	-2.14638	235.999	0	-1.02487e-07	20394
FRIGG	5.32632e-07	1.33238	1.92792	0	-0.9861	0.00581785	-0.000104079	3.11137	-2.17639	3.32446e-06	-0.00291336	0.00194224	180	0	-0.0693858	256.34	8.86802e-07	1555.69	200.462	0	-1088.19	180	0	0.00328342	123.001	0	-2.15805	235.999	0	-2.25436e-07	20431
FRIGG	5.32632e-07	1.33238	1.92792	0	-0.9861	0.00581785	-0.000104078	3.11137	-2.17639	3.3312e-06	-0.0029135	0.00194234	180	0	-0.0693857	256.34	-2.382e-07	1555.69	200.462	0	-1088.19	180	0	0.00329007	123.001	0	-2.15815	235.999	0	-9.87005e-08	20475
FRIGG	5.32632e-07	1.33238	1.92792	0	-0.9861	0.00581785	-0.000104079	3.11137	-2.17639	3.33727e-06	-0.00289765	0.00193177	180	0	-0.069386	256.34	6.15172e-08	1555.69	200.462	0	-1088.19	180	0	0.00329607	123.001	0	-2.14641	235.999	0	-4.56472e-08	20512
FRIGG	5.32632e-07	1.33238	1.92792	0	-0.9861	0.00581785	-0.000104079	3.11137	-2.17639	3.33727e-06	-0.00289765	0.00193177	180	0	-0.069386	256.34	6.15172e-08	1555.69	200.462	0	-1088.19	180	0	0.00329607	123.001	0	-2.14641	235.999	0	-4.56472e-08	20553
FRIGG	5.32632e-07	1.33238	1.92792	0	-0.9861	0.00581785	-0.000104076	3.11141	-2.17639	3.34494e-06	-0.00289758	0.00193172	180	0	-0.0693842	256.34	-4.74435e-07	1555.7	200.462	0	-1088.19	180	0	0.00330364	123.001	0	-2.14636	235.999	0	8.86288e-08	20588
FRIGG	5.32632e-07	1.33238	1.92792	0	-0.9861	0.00581785	-0.000104076	3.11141	-2.17639	3.35032e-06	-0.00291349	0.00194233	180	0	-0.0693843	256.34	-1.45421e-07	1555.7	200.462	0	-1088.19	180	0	0.00330896	123.001	0	-2.15814	235.999	0	-6.43477e-08	20629
FRIGG	5.32632e-07	1.33238	1.92792	0	-0.9861	0.00581785	-0.000104079	3.11141	-2.17639	3.35497e-06	-0.00291369	0.00194246	180	0	-0.069386	256.34	-4.4144e-07	1555.7	200.462	0	-1088.19	180	0	0.00331355	123.001	0	-2.15829	235.999	0	-1.18822e-07	20671
FRIGG	5.32632e-07	1.33238	1.92792	0	-0.9861	0.00581785	-0.000104079	3.11141	-2.17639	3.36193e-06	-0.00291368	0.00194245	180	0	-0.0693857	256.34	1.10309e-09	1555.7	200.462	0	-1088.19	180	0	0.00332042	123.001	0	-2.15828	235.999	0	1.13476e-07	20710
FRIGG	5.32632e-07	1.33238	1.92792	0	-0.9861	0.00581785	-0.000104079	3.11141	-2.17639	3.36193e-06	-0.00291368	0.00194245	180	0	-0.0693857	256.34	1.10309e-09	1555.7	200.462	0	-1088.19	180	0	0.00332042	123.001	0	-2.15828	235.999	0	1.13476e-07	20750
FRIGG	5.32632e-07	1.33238	1.92792	0	-0.9861	0.00581785	-0.000104078	3.11137	-2.17639	3.36762e-06	-0.00289755	0.0019317	180	0	-0.0693856	256.34	-7.27579e-08	1555.69	200.462	0	-1088.19	180	0	0.00332604	123.001	0	-2.14633	235.999	0	2.96239e-08	20788
FRIGG	5.32632e-07	1.33238	1.92792	0	-0.9861	0.00581785	-0.000104075	3.11141	-2.17639	3.37506e-06	-0.00289758	0.00193172	180	0	-0.0693837	256.34	-5.87244e-08	1555.7	200.462	0	-1088.19	180	0	0.00333339	123.001	0	-2.14636	235.999	0	1.30122e-07	20824
FRIGG	5.32632e-07	1.33238	1.92792	0	-0.9861	0.00581785	-0.000104078	3.11137	-2.17639	3.37881e-06	-0.00291365	0.00194243	180	0	-0.0693851	256.34	1.76702e-08	1555.69	200.462	0	-1088.19	180	0	0.0033371	123.001	0	-2.15826	235.999	0	-1.56778e-07	20860
FRIGG	5.32632e-07	1.33238	1.92792	0	-0.9861	0.00581785	-0.000104078	3.11137	-2.17639	3.37881e-06	-0.00291365	0.00194243	180	0	-0.0693851	256.34	1.76702e-08	1555.69	200.462	0	-1088.19	180	0	0.0033371	123.001	0	-2.15826	235.999	0	-1.56778e-07	20900
FRIGG	5.32632e-07	1.33238	1.92792	0	-0.9861	0.00581785	-0.000104078	3.11141	-2.17639	3.38509e-06	-0.00291355	0.00194236	180	0	-0.0693856	256.34	-2.195e-07	1555.7	200.462	0	-1088.19	180	0	0.0033433	123.001	0	-2.15818	235.999	0	6.91437e-08	20938
FRIGG	5.32632e-07	1.33238	1.92792	0	-0.9861	0.00581785	-0.000104079	3.11137	-2.17639	3.3902e-06	-0.00291346	0.0019423	180	0	-0.069386	256.34	4.74781e-07	1555.69	200.462	0	-1088.19	180	0	0.00334834	123.001	0	-2.15812	235.999	0	-2.35158e-08	20981
FRIGG	4.84695e-05	1.33238	1.92792	3.59527e-06	-0.986101	0.00581421	-0.0265048	3.11227	-2.17737	-0.00178501	-0.00491448	0.000154932	180.003	0	-17.6699	256.34	-0.00098273	1556.14	200.462	0	-1088.69	180	0	-1.76297	123.001	0	-1.90625	236	0	1.7341	21019
FRIGG	5.40622e-05	1.33238	1.92792	4.19448e-06	-0.986101	0.00581359	-0.0175724	3.11174	-2.17686	-0.00115691	-0.00436128	0.000745084	180.003	0	-11.7149	256.34	1.91728e-05	1555.87	200.462	0	-1088.43	180	0	-1.14263	123.001	0	-2.02922	236	0	1.20135	21056
FRIGG	5.37959e-05	1.33238	1.92792	4.19448e-06	-0.986101	0.00581333	-0.01185	3.11119	-2.17627	-0.00060969	-0.00413184	0.00118569	180.003	0	-7.90003	256.34	0.00101888	1555.6	200.462	0	-1088.13	180	0	-0.602163	123.001	0	-2.18903	236	0	0.871592	21092
FRIGG	4.58064e-05	1.33238	1.92792	3.19579e-06	-0.9861	0.00581377	-0.00646375	3.11069	-2.17571	-3.01628e-06	-0.00393281	0.00156216	180.003	0	-4.30917	256.34	0.001358	1555.35	200.462	0	-1087.86	180	0	-0.00297904	123.001	0	-2.32446	236	0	0.58873	21131
FRIGG	3.6219e-05	1.33238	1.92792	1.79763e-06	-0.9861	0.0058143	-0.00428959	3.11076	-2.17574	0.000151363	-0.00374718	0.00167103	180.002	0	-2.85973	256.34	0.00074333	1555.38	200.462	0	-1087.87	180	0	0.149494	123.001	0	-2.31619	236	0	0.459495	21166
FRIGG	2.79632e-05	1.33238	1.92792	9.98685e-07	-0.9861	0.00581483	-0.00329571	3.11102	-2.17602	4.05688e-05	-0.00354439	0.00169628	180.002	0	-2.19714	256.34	5.71557e-05	1555.51	200.462	0	-1088.01	180	0	0.0400679	123.001	0	-2.25511	236	0	0.370362	21211
FRIGG	2.21042e-05	1.33238	1.92792	7.98948e-07	-0.9861	0.00581528	-0.00282838	3.11116	-2.17618	-0.000144442	-0.00340017	0.00171221	180.001	0	-1.88559	256.34	-0.000141047	1555.58	200.462	0	-1088.09	180	0	-0.142659	123.001	0	-2.21055	236	0	0.308094	21252
FRIGG	2.21042e-05	1.33238	1.92792	7.98948e-07	-0.9861	0.00581528	-0.00282838	3.11116	-2.17618	-0.000144442	-0.00340017	0.00171221	180.001	0	-1.88559	256.34	-0.000141047	1555.58	200.462	0	-1088.09	180	0	-0.142659	123.001	0	-2.21055	236	0	0.308094	21289
FRIGG	1.75769e-05	1.33238	1.92792	9.98685e-07	-0.9861	0.00581572	-0.00242695	3.11131	-2.17633	-0.000271693	-0.0032898	0.00172308	180.001	0	-1.61797	256.34	-0.000313028	1555.66	200.462	0	-1088.16	180	0	-0.268339	123.001	0	-2.17571	236	0	0.26118	21326
FRIGG	1.41148e-05	1.33238	1.92792	1.19842e-06	-0.9861	0.00581608	-0.00179197	3.1114	-2.17642	-0.000289968	-0.00318968	0.00173236	180.001	0	-1.19465	256.34	-0.000361171	1555.7	200.462	0	-1088.21	180	0	-0.286388	123.001	0	-2.14379	236	0	0.218942	21355
FRIGG	1.03863e-05	1.33238	1.92792	7.98948e-07	-0.9861	0.00581626	-0.000438158	3.11168	-2.1767	0.000122532	-0.0030719	0.00167607	180.001	0	-0.292106	256.34	-0.000652328	1555.84	200.462	0	-1088.35	180	0	0.121019	123.001	0	-2.06889	236	0	0.206592	21398
FRIGG	6.6579e-06	1.33238	1.92792	1.99737e-07	-0.9861	0.00581652	0.000369401	3.11167	-2.17674	0.000144919	-0.00298301	0.00172764	180	0	0.246267	256.34	-0.000386627	1555.84	200.462	0	-1088.37	180	0	0.14313	123.001	0	-2.06462	235.999	0	0.145017	21441
FRIGG	6.6579e-06	1.33238	1.92792	1.99737e-07	-0.9861	0.00581652	0.000369401	3.11167	-2.17674	0.000144919	-0.00298301	0.00172764	180	0	0.246267	256.34	-0.000386627	1555.84	200.462	0	-1088.37	180	0	0.14313	123.001	0	-2.06462	235.999	0	0.145017	21470
FRIGG	3.72843e-06	1.33238	1.92792	0	-0.9861	0.00581674	0.000527925	3.11146	-2.17652	-2.30933e-05	-0.00300549	0.00182893	180	0	0.35195	256.34	8.32797e-05	1555.73	200.462	0	-1088.26	180	0	-0.0228082	123.001	0	-2.12921	235.999	0	0.0970739	21503
FRIGG	1.86421e-06	1.33238	1.92792	3.99474e-07	-0.9861	0.00581701	0.000308948	3.11117	-2.17622	-0.000279778	-0.0030534	0.00192595	180	0	0.205965	256.34	0.000503449	1555.59	200.462	0	-1088.11	180	0	-0.276324	123.001	0	-2.20086	235.999	0	0.0609138	21543
FRIGG	7.98948e-07	1.33238	1.92792	9.98685e-07	-0.9861	0.00581723	6.99412e-05	3.1109	-2.17591	-0.000417897	-0.00313069	0.0020063	180	0	0.0466275	256.34	0.0007802	1555.45	200.462	0	-1087.96	180	0	-0.412737	123.001	0	-2.27412	235.999	0	0.0449068	21584
FRIGG	7.98948e-07	1.33238	1.92792	9.98685e-07	-0.9861	0.00581723	6.99412e-05	3.1109	-2.17591	-0.000417897	-0.00313069	0.0020063	180	0	0.0466275	256.34	0.0007802	1555.45	200.462	0	-1087.96	180	0	-0.412737	123.001	0	-2.27412	235.999	0	0.0449068	21622
FRIGG	1.86421e-06	1.33238	1.92792	1.39816e-06	-0.9861	0.00581728	-0.0016003	3.11065	-2.17563	-0.000449993	-0.00335491	0.00199326	180	0	-1.06687	256.34	0.000822252	1555.33	200.462	0	-1087.82	180	0	-0.444438	123.001	0	-2.34992	235.999	0	0.135194	21660
FRIGG	3.72843e-06	1.33238	1.92792	1.5979e-06	-0.9861	0.00581714	-0.0019118	3.11123	-2.1762	-0.000243284	-0.00326836	0.0018027	180	0	-1.27453	256.34	-0.000394869	1555.61	200.462	0	-1088.1	180	0	-0.240281	123.001	0	-2.212	235.999	0	0.209004	21700
FRIGG	4.26106e-06	1.33238	1.92792	9.98685e-07	-0.9861	0.00581701	-0.000842674	3.11196	-2.17697	0.000108634	-0.0029987	0.00162303	180	0	-0.561783	256.34	-0.00136227	1555.98	200.462	0	-1088.48	180	0	0.107293	123.001	0	-2.01231	235.999	0	0.208948	21738
FRIGG	4.26106e-06	1.33238	1.92792	9.98685e-07	-0.9861	0.00581701	-0.000842674	3.11196	-2.17697	0.000108634	-0.0029987	0.00162303	180	0	-0.561783	256.34	-0.00136227	1555.98	200.462	0	-1088.48	180	0	0.107293	123.001	0	-2.01231	235.999	0	0.208948	21781
FRIGG	2.92948e-06	1.33238	1.92792	3.99474e-07	-0.986101	0.00581697	0.000326418	3.1123	-2.17731	0.000301962	-0.00281294	0.0015848	180	0	0.217612	256.34	-0.00133872	1556.15	200.462	0	-1088.65	180	0	0.298234	123.001	0	-1.92227	235.999	0	0.161386	21818
FRIGG	1.06526e-06	1.33238	1.92792	-1.99737e-07	-0.986101	0.00581701	0.000907292	3.11213	-2.17717	0.00024704	-0.0027759	0.00166213	180	0	0.604861	256.34	-0.000577991	1556.06	200.462	0	-1088.58	180	0	0.24399	123.001	0	-1.95152	235.999	0	0.104705	21857
FRIGG	-5.32632e-07	1.33238	1.92792	-3.99474e-07	-0.986101	0.00581714	0.000964882	3.11166	-2.17671	3.56372e-05	-0.00287742	0.00181927	180	0	0.643255	256.34	0.00031847	1555.83	200.462	0	-1088.36	180	0	0.0351972	123.001	0	-2.07641	235.999	0	0.0550086	21900
FRIGG	-5.32632e-07	1.33238	1.92792	-3.99474e-07	-0.986101	0.00581714	0.000964882	3.11166	-2.17671	3.56372e-05	-0.00287742	0.00181927	180	0	0.643255	256.34	0.00031847	1555.83	200.462	0	-1088.36	180	0	0.0351972	123.001	0	-2.07641	235.999	0	0.0550086	21936
FRIGG	-1.27832e-05	1.33238	1.92792	-5.99211e-07	-0.986101	0.0058183	0.0199437	3.11096	-2.17601	0.000599546	-0.00139447	0.00311059	179.999	0	13.2958	256.34	0.00127796	1555.48	200.462	0	-1088	180	0	0.592144	123.001	0	-2.24457	235.999	0	-1.21163	21971
FRIGG	-4.52737e-05	1.33238	1.92792	-1.99737e-06	-0.9861	0.00582149	0.0319559	3.1106	-2.17558	0.00108023	-0.000300688	0.00405129	179.997	0	21.3039	256.34	0.00135838	1555.3	200.462	0	-1087.79	180	0	1.06689	123	0	-2.36208	235.999	0	-2.13935	22005
FRIGG	-7.29706e-05	1.33238	1.92792	-3.39553e-06	-0.9861	0.00582424	0.0329443	3.11061	-2.1756	0.00115708	-5.91298e-05	0.0042138	179.996	0	21.9629	256.34	0.000850614	1555.3	200.462	0	-1087.8	180	0	1.14279	123	0	-2.3629	235.999	0	-2.3191	22047
FRIGG	-8.41559e-05	1.33238	1.92792	-3.795e-06	-0.9861	0.00582571	0.024553	3.11075	-2.17573	0.00084941	-0.000664874	0.00376148	179.995	0	16.3687	256.34	0.000277035	1555.37	200.462	0	-1087.87	180	0	0.838924	123	0	-2.33596	235.999	0	-1.84346	22081
FRIGG	-8.41559e-05	1.33238	1.92792	-3.99474e-06	-0.9861	0.00582593	0.0216274	3.11108	-2.17608	0.000861857	-0.000784196	0.00350099	179.995	0	14.4183	256.34	-0.000355263	1555.54	200.462	0	-1088.04	180	0	0.851216	123	0	-2.23544	235.999	0	-1.65455	22111
FRIGG	-8.36233e-05	1.33238	1.92792	-3.99474e-06	-0.9861	0.00582593	0.0209466	3.11121	-2.17621	0.000888117	-0.000804421	0.00343836	179.995	0	13.9644	256.34	-0.000543829	1555.6	200.462	0	-1088.11	180	0	0.877153	123	0	-2.20813	235.999	0	-1.61226	22155
FRIGG	-8.01611e-05	1.33238	1.92792	-4.19448e-06	-0.9861	0.00582589	0.0193602	3.11155	-2.17655	0.000981443	-0.000793236	0.00327799	179.995	0	12.9068	256.34	-0.000833441	1555.78	200.462	0	-1088.27	180	0	0.969326	123	0	-2.1149	235.999	0	-1.52731	22193
FRIGG	-7.2438e-05	1.33238	1.92792	-4.19448e-06	-0.9861	0.0058254	0.0073716	3.1117	-2.17669	0.000606589	-0.00170237	0.00260604	179.996	0	4.9144	256.34	-0.000745483	1555.85	200.462	0	-1088.35	180	0	0.599101	123	0	-2.07831	235.999	0	-0.817291	22236
FRIGG	-5.03337e-05	1.33238	1.92792	-3.39553e-06	-0.9861	0.00582353	0.000953012	3.11187	-2.17686	0.000277789	-0.0022651	0.00214108	179.997	0	0.635342	256.34	-0.000773221	1555.94	200.462	0	-1088.43	180	0	0.27436	123	0	-2.02841	235.999	0	-0.350561	22273
FRIGG	-3.00937e-05	1.33238	1.92792	-2.39684e-06	-0.986101	0.00582176	-0.0036029	3.1118	-2.17683	5.17794e-05	-0.00268829	0.00188199	179.998	0	-2.40194	256.34	-0.000386872	1555.9	200.462	0	-1088.41	180	0	0.0511401	123	0	-2.04122	235.999	0	-0.0498902	22311
FRIGG	-3.00937e-05	1.33238	1.92792	-2.39684e-06	-0.986101	0.00582176	-0.0036029	3.1118	-2.17683	5.17794e-05	-0.00268829	0.00188199	179.998	0	-2.40194	256.34	-0.000386872	1555.9	200.462	0	-1088.41	180	0	0.0511401	123	0	-2.04122	235.999	0	-0.0498902	22353
FRIGG	-1.11853e-05	1.33238	1.92792	-1.39816e-06	-0.986101	0.00582016	-0.00789514	3.1116	-2.17661	-0.000156727	-0.00315829	0.00166198	179.999	0	-5.26343	256.34	6.35418e-05	1555.8	200.462	0	-1088.31	180	0	-0.154792	123	0	-2.09306	235.999	0	0.246419	22392
FRIGG	5.32632e-06	1.33238	1.92792	-3.99474e-07	-0.986101	0.00581874	-0.0106494	3.11145	-2.17646	-0.0002862	-0.00350133	0.00151386	180	0	-7.09959	256.34	0.000284696	1555.72	200.462	0	-1088.23	180	0	-0.282666	123.001	0	-2.13782	235.999	0	0.455753	22431
FRIGG	5.32632e-06	1.33238	1.92792	-3.99474e-07	-0.986101	0.00581874	-0.0106494	3.11145	-2.17646	-0.0002862	-0.00350133	0.00151386	180	0	-7.09959	256.34	0.000284696	1555.72	200.462	0	-1088.23	180	0	-0.282666	123.001	0	-2.13782	235.999	0	0.455753	22465
FRIGG	2.74306e-05	1.33238	1.92792	7.98948e-07	-0.9861	0.00581652	-0.0119286	3.11135	-2.17632	-0.000338354	-0.00375016	0.0014025	180.002	0	-7.95239	256.34	0.000235122	1555.67	200.462	0	-1088.16	180	0	-0.334177	123.001	0	-2.16811	235.999	0	0.609783	22509
FRIGG	2.79632e-05	1.33238	1.92792	7.98948e-07	-0.9861	0.00581652	-0.0119231	3.11135	-2.17632	-0.000337986	-0.00375011	0.00140146	180.002	0	-7.94873	256.34	0.000225111	1555.68	200.462	0	-1088.16	180	0	-0.333814	123.001	0	-2.16752	235.999	0	0.610338	22546
FRIGG	3.32895e-05	1.33238	1.92792	1.19842e-06	-0.9861	0.0058159	-0.0112122	3.11135	-2.17636	-0.00031232	-0.00372201	0.00140957	180.002	0	-7.4748	256.34	9.84261e-05	1555.68	200.462	0	-1088.18	180	0	-0.308464	123.001	0	-2.16162	236	0	0.595427	22588
FRIGG	3.542e-05	1.33238	1.92792	1.19842e-06	-0.9861	0.00581554	-0.00985142	3.1114	-2.17638	-0.00026737	-0.00361797	0.00145649	180.002	0	-6.56761	256.34	1.06185e-05	1555.7	200.462	0	-1088.19	180	0	-0.264069	123.001	0	-2.14915	236	0	0.53083	22628
FRIGG	3.43548e-05	1.33238	1.92792	1.19842e-06	-0.9861	0.00581554	-0.0079633	3.11155	-2.17653	-0.000143808	-0.00345236	0.00151223	180.002	0	-5.30887	256.34	-0.000211403	1555.77	200.462	0	-1088.26	180	0	-0.142032	123.001	0	-2.11878	236	0	0.438523	22668
FRIGG	3.43548e-05	1.33238	1.92792	1.19842e-06	-0.9861	0.00581554	-0.0079633	3.11155	-2.17653	-0.000143808	-0.00345236	0.00151223	180.002	0	-5.30887	256.34	-0.000211403	1555.77	200.462	0	-1088.26	180	0	-0.142032	123.001	0	-2.11878	236	0	0.438523	22704
FRIGG	3.1159e-05	1.33238	1.92792	9.98685e-07	-0.9861	0.00581563	-0.00606102	3.1115	-2.17648	-0.000115014	-0.00329919	0.00162645	180.002	0	-4.04068	256.34	-5.21352e-05	1555.75	200.462	0	-1088.24	180	0	-0.113594	123.001	0	-2.12551	236	0	0.318339	22749
FRIGG	2.23706e-05	1.33238	1.92792	5.99211e-07	-0.9861	0.00581634	0.000573228	3.11129	-2.17627	0.000103533	-0.0027708	0.00208327	180.001	0	0.382152	256.34	0.000281982	1555.65	200.462	0	-1088.14	180	0	0.102255	123.001	0	-2.18359	236	0	-0.131151	22782
FRIGG	1.518e-05	1.33238	1.92792	3.99474e-07	-0.9861	0.00581697	-0.00134781	3.11126	-2.17623	-6.44039e-06	-0.00293261	0.00198716	180.001	0	-0.898538	256.34	0.000217918	1555.63	200.462	0	-1088.12	180	0	-0.00636088	123.001	0	-2.19013	235.999	0	-0.0178249	22823
FRIGG	1.518e-05	1.33238	1.92792	3.99474e-07	-0.9861	0.00581697	-0.00134781	3.11126	-2.17623	-6.44039e-06	-0.00293261	0.00198716	180.001	0	-0.898538	256.34	0.000217918	1555.63	200.462	0	-1088.12	180	0	-0.00636088	123.001	0	-2.19013	235.999	0	-0.0178249	22859
FRIGG	1.19842e-05	1.33238	1.92792	1.99737e-07	-0.9861	0.00581728	-0.00163907	3.11131	-2.17629	-3.16964e-05	-0.0029501	0.00195564	180.001	0	-1.09271	256.34	5.11764e-05	1555.66	200.462	0	-1088.14	180	0	-0.0313051	123.001	0	-2.1791	235.999	0	0.00616067	22901
FRIGG	9.58738e-06	1.33238	1.92792	1.99737e-07	-0.9861	0.00581745	-0.00139676	3.11138	-2.17636	-1.20202e-05	-0.0029121	0.00194832	180.001	0	-0.931171	256.34	-7.48242e-05	1555.69	200.462	0	-1088.18	180	0	-0.0118718	123.001	0	-2.16096	235.999	0	-0.00384354	22934
FRIGG	7.98948e-06	1.33238	1.92792	1.99737e-07	-0.9861	0.00581768	-0.00114002	3.11144	-2.17642	1.63845e-05	-0.00287141	0.00194166	180	0	-0.760012	256.34	-0.000119092	1555.72	200.462	0	-1088.21	180	0	0.0161822	123.001	0	-2.14218	235.999	0	-0.0152121	22975
FRIGG	6.39159e-06	1.33238	1.92792	0	-0.9861	0.00581768	-0.00092556	3.11145	-2.17644	3.8651e-05	-0.00286197	0.00195285	180	0	-0.61704	256.34	-9.42845e-05	1555.73	200.462	0	-1088.22	180	0	0.0381738	123.001	0	-2.1449	235.999	0	-0.0249262	23017
FRIGG	5.32632e-06	1.33238	1.92792	0	-0.9861	0.00581785	-0.000861984	3.11143	-2.17641	4.60023e-05	-0.00285318	0.00195102	180	0	-0.574656	256.34	-4.11564e-05	1555.71	200.462	0	-1088.2	180	0	0.0454343	123.001	0	-2.14063	235.999	0	-0.0271697	23056
FRIGG	5.32632e-06	1.33238	1.92792	0	-0.9861	0.00581785	-0.000861984	3.11143	-2.17641	4.60023e-05	-0.00285318	0.00195102	180	0	-0.574656	256.34	-4.11564e-05	1555.71	200.462	0	-1088.2	180	0	0.0454343	123.001	0	-2.14063	235.999	0	-0.0271697	23095
FRIGG	4.52737e-06	1.33238	1.92792	0	-0.9861	0.00581785	-0.000894949	3.1114	-2.17638	4.14852e-05	-0.00286564	0.00195443	180	0	-0.596633	256.34	4.2624e-06	1555.7	200.462	0	-1088.19	180	0	0.040973	123.001	0	-2.14714	235.999	0	-0.0244443	23132
FRIGG	4.26106e-06	1.33238	1.92792	0	-0.9861	0.00581785	-0.000996951	3.11139	-2.17637	3.03986e-05	-0.00287917	0.00195085	180	0	-0.664634	256.34	2.41142e-05	1555.7	200.462	0	-1088.19	180	0	0.0300233	123.001	0	-2.15017	235.999	0	-0.0174468	23170
FRIGG	4.26106e-06	1.33238	1.92792	0	-0.9861	0.00581785	-0.00150863	3.1114	-2.17638	4.15638e-06	-0.00293726	0.00193074	180	0	-1.00575	256.34	1.28419e-05	1555.7	200.462	0	-1088.19	180	0	0.00410507	123.001	0	-2.16051	235.999	0	0.0152379	23207
FRIGG	5.06001e-06	1.33238	1.92792	0	-0.9861	0.00581785	-0.00182713	3.11141	-2.17639	-1.66519e-05	-0.00296952	0.00190328	180	0	-1.21809	256.34	-9.50678e-06	1555.71	200.462	0	-1088.19	180	0	-0.0164463	123.001	0	-2.1572	235.999	0	0.0424455	23244
FRIGG	5.06001e-06	1.33238	1.92792	0	-0.9861	0.00581785	-0.00182713	3.11141	-2.17639	-1.66519e-05	-0.00296952	0.00190328	180	0	-1.21809	256.34	-9.50678e-06	1555.71	200.462	0	-1088.19	180	0	-0.0164463	123.001	0	-2.1572	235.999	0	0.0424455	23285
FRIGG	5.59264e-06	1.33238	1.92792	0	-0.9861	0.00581768	-0.00161874	3.11141	-2.17639	-1.00395e-05	-0.00295644	0.00191262	180	0	-1.07916	256.34	-5.75399e-06	1555.7	200.462	0	-1088.19	180	0	-0.00991559	123.001	0	-2.15755	235.999	0	0.0324119	23329
FRIGG	5.59264e-06	1.33238	1.92792	0	-0.9861	0.00581768	-0.00147686	3.1114	-2.17638	-3.69843e-06	-0.00294934	0.00191926	180	0	-0.98457	256.34	1.85565e-06	1555.7	200.462	0	-1088.19	180	0	-0.00365277	123.001	0	-2.1586	235.999	0	0.026093	23365
FRIGG	5.59264e-06	1.33238	1.92792	0	-0.9861	0.00581768	-0.00139134	3.1114	-2.17638	2.69174e-07	-0.00294646	0.00192223	180	0	-0.927563	256.34	5.75051e-06	1555.7	200.462	0	-1088.19	180	0	0.000265851	123.001	0	-2.15919	235.999	0	0.0233731	23402
FRIGG	5.32632e-06	1.33238	1.92792	0	-0.9861	0.00581768	-0.0013305	3.1114	-2.17638	2.16174e-06	-0.00294458	0.00192345	180	0	-0.886997	256.34	5.33716e-06	1555.7	200.462	0	-1088.19	180	0	0.00213505	123.001	0	-2.15917	235.999	0	0.0220008	23447
FRIGG	5.32632e-06	1.33238	1.92792	0	-0.9861	0.00581768	-0.0013305	3.1114	-2.17638	2.16174e-06	-0.00294458	0.00192345	180	0	-0.886997	256.34	5.33716e-06	1555.7	200.462	0	-1088.19	180	0	0.00213505	123.001	0	-2.15917	235.999	0	0.0220008	23484
FRIGG	5.32632e-06	1.33238	1.92792	0	-0.9861	0.00581768	-0.00128465	3.1114	-2.17638	2.31296e-06	-0.00294318	0.00192366	180	0	-0.856434	256.34	2.32898e-06	1555.7	200.462	0	-1088.19	180	0	0.0022844	123.001	0	-2.15877	235.999	0	0.0213636	23516
FRIGG	5.06001e-06	1.33238	1.92792	0	-0.9861	0.00581768	-0.00124259	3.11141	-2.17639	1.66432e-06	-0.00294166	0.00192384	180	0	-0.828395	256.34	-9.86839e-07	1555.7	200.462	0	-1088.19	180	0	0.00164378	123.001	0	-2.1583	235.999	0	0.0207029	23560
FRIGG	4.79369e-06	1.33238	1.92792	0	-0.9861	0.00581768	-0.00120494	3.11141	-2.17639	8.06779e-07	-0.00294062	0.00192395	180	0	-0.803296	256.34	-3.16637e-06	1555.7	200.462	0	-1088.19	180	0	0.000796819	123.001	0	-2.15798	235.999	0	0.0202566	23602
FRIGG	4.79369e-06	1.33238	1.92792	0	-0.9861	0.00581768	-0.00120494	3.11141	-2.17639	8.06779e-07	-0.00294062	0.00192395	180	0	-0.803296	256.34	-3.16637e-06	1555.7	200.462	0	-1088.19	180	0	0.000796819	123.001	0	-2.15798	235.999	0	0.0202566	23637
FRIGG	4.79369e-06	1.33238	1.92792	0	-0.9861	0.00581768	-0.00116806	3.11141	-2.17639	2.82573e-07	-0.00293992	0.00192426	180	0	-0.778704	256.34	-3.747e-06	1555.7	200.462	0	-1088.19	180	0	0.000279085	123.001	0	-2.15789	235.999	0	0.0198278	23676
FRIGG	4.52737e-06	1.33238	1.92792	0	-0.9861	0.00581768	-0.00113188	3.11141	-2.17639	2.06524e-07	-0.00293949	0.00192469	180	0	-0.75459	256.34	-3.0553e-06	1555.7	200.462	0	-1088.19	180	0	0.000203974	123.001	0	-2.15797	235.999	0	0.0194244	23716
FRIGG	4.52737e-06	1.33238	1.92792	0	-0.9861	0.00581768	-0.00109669	3.11141	-2.17639	4.29747e-07	-0.0029393	0.0019251	180	0	-0.731126	256.34	-1.9246e-06	1555.7	200.462	0	-1088.19	180	0	0.000424442	123.001	0	-2.15813	235.999	0	0.0191315	23755
FRIGG	4.26106e-06	1.33238	1.92792	0	-0.9861	0.00581768	-0.00106186	3.11141	-2.17639	7.72336e-07	-0.0029389	0.00192562	180	0	-0.707904	256.34	-9.49745e-07	1555.7	200.462	0	-1088.19	180	0	0.000762801	123.001	0	-2.15827	235.999	0	0.0186928	23796
FRIGG	4.26106e-06	1.33238	1.92792	0	-0.9861	0.00581768	-0.00103787	3.11141	-2.17639	9.97199e-07	-0.00293868	0.00192587	180	0	-0.691917	256.34	-5.70735e-07	1555.7	200.462	0	-1088.19	180	0	0.000984888	123.001	0	-2.15833	235.999	0	0.0184749	23838
FRIGG	4.26106e-06	1.33238	1.92792	0	-0.9861	0.00581768	-0.0010275	3.11141	-2.17639	1.06713e-06	-0.00293845	0.00192605	180	0	-0.685	256.34	-4.60085e-07	1555.7	200.462	0	-1088.19	180	0	0.00105396	123.001	0	-2.15834	235.999	0	0.01829	23875
FRIGG	3.99474e-06	1.33238	1.92792	0	-0.9861	0.00581768	-0.000995338	3.11141	-2.17639	1.19362e-06	-0.00293797	0.00192636	180	0	-0.663559	256.34	-5.08601e-07	1555.7	200.462	0	-1088.19	180	0	0.00117888	123.001	0	-2.15834	235.999	0	0.0179355	23915
FRIGG	3.99474e-06	1.33238	1.92792	0	-0.9861	0.00581768	-0.000964398	3.11141	-2.17635	1.19334e-06	-0.00293748	0.0019267	180	0	-0.642932	256.34	-6.11647e-07	1555.7	200.462	0	-1088.18	180	0	0.0011786	123.001	0	-2.15834	235.999	0	0.0175667	23960
FRIGG	3.72843e-06	1.33238	1.92792	0	-0.9861	0.00581768	-0.000934814	3.11141	-2.17635	1.14335e-06	-0.00293672	0.00192702	180	0	-0.623209	256.34	-1.24993e-06	1555.7	200.462	0	-1088.18	180	0	0.00112923	123.001	0	-2.15824	235.999	0	0.0171068	23997
FRIGG	3.72843e-06	1.33238	1.92792	0	-0.9861	0.00581768	-0.000934814	3.11141	-2.17635	1.14335e-06	-0.00293672	0.00192702	180	0	-0.623209	256.34	-1.24993e-06	1555.7	200.462	0	-1088.18	180	0	0.00112923	123.001	0	-2.15824	235.999	0	0.0171068	24037
FRIGG	3.72843e-06	1.33238	1.92792	0	-0.9861	0.00581768	-0.000906638	3.11141	-2.17636	1.09135e-06	-0.0029362	0.00192729	180	0	-0.604425	256.34	-1.51386e-06	1555.7	200.462	0	-1088.18	180	0	0.00107788	123.001	0	-2.1582	235.999	0	0.0167646	24067
FRIGG	3.46211e-06	1.33238	1.92792	0	-0.9861	0.00581768	-0.00087962	3.11141	-2.17636	1.07156e-06	-0.00293575	0.00192757	180	0	-0.586413	256.34	-1.58272e-06	1555.7	200.462	0	-1088.18	180	0	0.00105833	123.001	0	-2.15819	235.999	0	0.0164412	24102
FRIGG	3.46211e-06	1.33238	1.92792	0	-0.9861	0.00581768	-0.00085253	3.11141	-2.17635	1.13797e-06	-0.00293537	0.00192785	180	0	-0.568353	256.34	-1.47523e-06	1555.7	200.462	0	-1088.18	180	0	0.00112393	123.001	0	-2.1582	235.999	0	0.0161427	24141
FRIGG	3.46211e-06	1.33238	1.92792	0	-0.9861	0.00581768	-0.000827647	3.11141	-2.17635	1.18273e-06	-0.00293497	0.00192815	180	0	-0.551765	256.34	-1.33402e-06	1555.7	200.462	0	-1088.18	180	0	0.00116813	123.001	0	-2.15822	235.999	0	0.015832	24180
FRIGG	3.46211e-06	1.33238	1.92792	0	-0.9861	0.00581768	-0.000827647	3.11141	-2.17635	1.18273e-06	-0.00293497	0.00192815	180	0	-0.551765	256.34	-1.33402e-06	1555.7	200.462	0	-1088.18	180	0	0.00116813	123.001	0	-2.15822	235.999	0	0.015832	24220
FRIGG	3.19579e-06	1.33238	1.92792	0	-0.9861	0.00581768	-0.000802461	3.11141	-2.17635	1.26452e-06	-0.00293449	0.0019285	180	0	-0.534974	256.34	-1.23965e-06	1555.7	200.462	0	-1088.18	180	0	0.00124891	123.001	0	-2.15824	235.999	0	0.0154573	24262
FRIGG	3.19579e-06	1.33238	1.92792	0	-0.9861	0.00581781	-0.000778505	3.11141	-2.17635	1.32818e-06	-0.002934	0.00192884	180	0	-0.519003	256.34	-1.19198e-06	1555.7	200.462	0	-1088.18	180	0	0.00131178	123.001	0	-2.15825	235.999	0	0.0150892	24299
FRIGG	3.19579e-06	1.33238	1.92792	0	-0.9861	0.00581781	-0.000755601	3.11141	-2.17635	1.36744e-06	-0.00293365	0.00192907	180	0	-0.503734	256.34	-1.20651e-06	1555.7	200.462	0	-1088.18	180	0	0.00135056	123.001	0	-2.15824	235.999	0	0.0148272	24335
FRIGG	3.19579e-06	1.33238	1.92792	0	-0.9861	0.00581781	-0.000755601	3.11141	-2.17635	1.36744e-06	-0.00293365	0.00192907	180	0	-0.503734	256.34	-1.20651e-06	1555.7	200.462	0	-1088.18	180	0	0.00135056	123.001	0	-2.15824	235.999	0	0.0148272	24371
FRIGG	2.92948e-06	1.33238	1.92792	0	-0.9861	0.00581781	-0.000734649	3.11141	-2.17635	1.35632e-06	-0.00293324	0.00192933	180	0	-0.489766	256.34	-1.27402e-06	1555.7	200.462	0	-1088.18	180	0	0.00133958	123.001	0	-2.15824	235.999	0	0.0145345	24414
FRIGG	2.92948e-06	1.33238	1.92792	0	-0.9861	0.00581781	-0.000712351	3.11141	-2.17635	1.42037e-06	-0.0029328	0.00192962	180	0	-0.4749	256.34	-1.28397e-06	1555.7	200.462	0	-1088.18	180	0	0.00140283	123.001	0	-2.15823	235.999	0	0.014211	24451
FRIGG	2.92948e-06	1.33238	1.92792	0	-0.9861	0.00581781	-0.000692122	3.11141	-2.17635	1.43786e-06	-0.00293246	0.00192983	180	0	-0.461415	256.34	-1.31051e-06	1555.7	200.462	0	-1088.18	180	0	0.00142011	123.001	0	-2.15823	235.999	0	0.0139669	24491
FRIGG	2.66316e-06	1.33238	1.92792	0	-0.9861	0.00581781	-0.000672262	3.11141	-2.17635	1.47557e-06	-0.00293197	0.00193016	180	0	-0.448175	256.34	-1.30856e-06	1555.7	200.462	0	-1088.18	180	0	0.00145735	123.001	0	-2.15823	235.999	0	0.0136017	24528
FRIGG	2.66316e-06	1.33238	1.92792	0	-0.9861	0.00581781	-0.000672262	3.11141	-2.17635	1.47557e-06	-0.00293197	0.00193016	180	0	-0.448175	256.34	-1.30856e-06	1555.7	200.462	0	-1088.18	180	0	0.00145735	123.001	0	-2.15823	235.999	0	0.0136017	24570
FRIGG	2.66316e-06	1.33238	1.92792	0	-0.9861	0.00581781	-0.000653323	3.11141	-2.17635	1.51137e-06	-0.00293162	0.0019304	180	0	-0.435548	256.34	-1.29763e-06	1555.7	200.462	0	-1088.18	180	0	0.00149271	123.001	0	-2.15823	235.999	0	0.0133441	24610
FRIGG	2.66316e-06	1.33238	1.92792	0	-0.9861	0.00581781	-0.00063492	3.11141	-2.17635	1.55171e-06	-0.00293126	0.00193064	180	0	-0.42328	256.34	-1.28426e-06	1555.7	200.462	0	-1088.18	180	0	0.00153256	123.001	0	-2.15823	235.999	0	0.0130733	24651
FRIGG	2.39684e-06	1.33238	1.92792	0	-0.9861	0.00581781	-0.000617394	3.11141	-2.17635	1.58338e-06	-0.00293092	0.00193087	180	0	-0.411596	256.34	-1.27885e-06	1555.7	200.462	0	-1088.18	180	0	0.00156383	123.001	0	-2.15823	235.999	0	0.0128195	24678
FRIGG	2.39684e-06	1.33238	1.92792	0	-0.9861	0.00581781	-0.000600051	3.11141	-2.17635	1.62412e-06	-0.00293055	0.00193112	180	0	-0.400034	256.34	-1.26853e-06	1555.7	200.462	0	-1088.18	180	0	0.00160407	123.001	0	-2.15823	235.999	0	0.012544	24718
FRIGG	2.39684e-06	1.33238	1.92792	0	-0.9861	0.00581781	-0.000600051	3.11141	-2.17635	1.62412e-06	-0.00293055	0.00193112	180	0	-0.400034	256.34	-1.26853e-06	1555.7	200.462	0	-1088.18	180	0	0.00160407	123.001	0	-2.15823	235.999	0	0.012544	24756
FRIGG	2.39684e-06	1.33238	1.92792	0	-0.9861	0.00581781	-0.000583573	3.11141	-2.17635	1.664e-06	-0.00293018	0.00193137	180	0	-0.389049	256.34	-1.28087e-06	1555.7	200.462	0	-1088.18	180	0	0.00164346	123.001	0	-2.15823	235.999	0	0.0122713	24794
FRIGG	2.39684e-06	1.33238	1.92792	0	-0.9861	0.00581781	-0.000567751	3.11141	-2.17635	1.69501e-06	-0.00292983	0.0019316	180	0	-0.3785	256.34	-1.27907e-06	1555.7	200.462	0	-1088.18	180	0	0.00167409	123.001	0	-2.15823	235.999	0	0.0120088	24831
FRIGG	2.39684e-06	1.33238	1.92792	0	-0.9861	0.00581781	-0.000552414	3.11141	-2.17635	1.72738e-06	-0.00292946	0.00193184	180	0	-0.368276	256.34	-1.28334e-06	1555.7	200.462	0	-1088.18	180	0	0.00170606	123.001	0	-2.15823	235.999	0	0.0117379	24865
FRIGG	2.13053e-06	1.33238	1.92792	0	-0.9861	0.00581781	-0.000538018	3.11141	-2.17635	1.74733e-06	-0.00292925	0.00193198	180	0	-0.358679	256.34	-1.2832e-06	1555.7	200.462	0	-1088.18	180	0	0.00172576	123.001	0	-2.15823	235.999	0	0.0115837	24907
FRIGG	2.13053e-06	1.33238	1.92792	0	-0.9861	0.00581781	-0.000538018	3.11141	-2.17635	1.74733e-06	-0.00292925	0.00193198	180	0	-0.358679	256.34	-1.2832e-06	1555.7	200.462	0	-1088.18	180	0	0.00172576	123.001	0	-2.15823	235.999	0	0.0115837	24950
FRIGG	2.13053e-06	1.33238	1.92792	0	-0.9861	0.00581781	-0.000523693	3.11141	-2.17635	1.78728e-06	-0.00292888	0.00193223	180	0	-0.349128	256.34	-1.28112e-06	1555.7	200.462	0	-1088.18	180	0	0.00176521	123.001	0	-2.15823	235.999	0	0.0113086	24988
FRIGG	2.13053e-06	1.33238	1.92792	0	-0.9861	0.00581781	-0.000509931	3.11141	-2.17635	1.82082e-06	-0.00292852	0.00193247	180	0	-0.339954	256.34	-1.27975e-06	1555.7	200.462	0	-1088.18	180	0	0.00179834	123.001	0	-2.15823	235.999	0	0.0110399	25030
FRIGG	2.13053e-06	1.33238	1.92792	0	-0.9861	0.00581781	-0.000496712	3.11141	-2.17635	1.85633e-06	-0.00292828	0.00193263	180	0	-0.331142	256.34	-1.28306e-06	1555.7	200.462	0	-1088.18	180	0	0.00183341	123.001	0	-2.15823	235.999	0	0.0108616	25066
FRIGG	1.86421e-06	1.33238	1.92792	0	-0.9861	0.00581781	-0.00048493	3.11141	-2.17635	1.85623e-06	-0.00292799	0.00193283	180	0	-0.323287	256.34	-1.28562e-06	1555.7	200.462	0	-1088.18	180	0	0.00183331	123.001	0	-2.15823	235.999	0	0.0106471	25108
FRIGG	1.86421e-06	1.33238	1.92792	0	-0.9861	0.00581781	-0.00048493	3.11141	-2.17635	1.85623e-06	-0.00292799	0.00193283	180	0	-0.323287	256.34	-1.28562e-06	1555.7	200.462	0	-1088.18	180	0	0.00183331	123.001	0	-2.15823	235.999	0	0.0106471	25148
FRIGG	1.86421e-06	1.33238	1.92792	0	-0.9861	0.00581781	-0.000471853	3.11141	-2.17635	1.91741e-06	-0.00292768	0.00193303	180	0	-0.314569	256.34	-1.28883e-06	1555.7	200.462	0	-1088.18	180	0	0.00189373	123.001	0	-2.15823	235.999	0	0.0104231	25188
FRIGG	1.86421e-06	1.33238	1.92792	0	-0.9861	0.00581781	-0.000460062	3.11141	-2.17635	1.94691e-06	-0.00292733	0.00193327	180	0	-0.306708	256.34	-1.28032e-06	1555.7	200.462	0	-1088.18	180	0	0.00192288	123.001	0	-2.15823	235.999	0	0.0101584	25222
FRIGG	1.86421e-06	1.33238	1.92792	0	-0.9861	0.00581781	-0.000448623	3.11144	-2.17636	1.97801e-06	-0.00292705	0.0019334	180	0	-0.299082	256.34	-6.53126e-07	1555.72	200.462	0	-1088.18	180	0	0.00195359	123.001	0	-2.15821	235.999	0	0.00998091	25263
FRIGG	1.86421e-06	1.33238	1.92792	0	-0.9861	0.00581781	-0.000448623	3.11144	-2.17636	1.97801e-06	-0.00292705	0.0019334	180	0	-0.299082	256.34	-6.53126e-07	1555.72	200.462	0	-1088.18	180	0	0.00195359	123.001	0	-2.15821	235.999	0	0.00998091	25305
FRIGG	1.86421e-06	1.33238	1.92792	0	-0.9861	0.00581781	-0.000437599	3.11144	-2.17635	2.01145e-06	-0.00292685	0.00193359	180	0	-0.291733	256.34	-7.3733e-08	1555.72	200.462	0	-1088.18	180	0	0.00198661	123.001	0	-2.15823	235.999	0	0.00979939	25344
FRIGG	1.86421e-06	1.33238	1.92792	0	-0.9861	0.00581781	-0.000427119	3.11141	-2.17635	2.03793e-06	-0.0029265	0.00193383	180	0	-0.284746	256.34	-1.04304e-07	1555.7	200.462	0	-1088.18	180	0	0.00201277	123.001	0	-2.15824	235.999	0	0.00953827	25377
FRIGG	1.5979e-06	1.33238	1.92792	0	-0.9861	0.00581781	-0.000417	3.11144	-2.17635	2.06586e-06	-0.00292624	0.00193397	180	0	-0.278	256.34	2.20993e-07	1555.72	200.462	0	-1088.18	180	0	0.00204036	123.001	0	-2.15822	235.999	0	0.00936497	25415
FRIGG	1.5979e-06	1.33238	1.92792	0	-0.9861	0.00581781	-0.000407063	3.11144	-2.17635	2.10013e-06	-0.00292602	0.00193415	180	0	-0.271375	256.34	-2.10324e-07	1555.72	200.462	0	-1088.18	180	0	0.0020742	123.001	0	-2.15824	235.999	0	0.00918256	25453
FRIGG	1.5979e-06	1.33238	1.92792	0	-0.9861	0.00581781	-0.000407063	3.11144	-2.17635	2.10013e-06	-0.00292602	0.00193415	180	0	-0.271375	256.34	-2.10324e-07	1555.72	200.462	0	-1088.18	180	0	0.0020742	123.001	0	-2.15824	235.999	0	0.00918256	25493
FRIGG	1.5979e-06	1.33238	1.92792	0	-0.9861	0.00581781	-0.000397603	3.11144	-2.17635	2.12815e-06	-0.00292578	0.00193431	180	0	-0.265069	256.34	-2.39076e-07	1555.72	200.462	0	-1088.18	180	0	0.00210187	123.001	0	-2.15824	235.999	0	0.00900793	25540
FRIGG	1.5979e-06	1.33238	1.92792	0	-0.9861	0.00581781	-0.0003887	3.11141	-2.17635	2.15103e-06	-0.00292554	0.00193445	180	0	-0.259133	256.34	1.56305e-07	1555.7	200.462	0	-1088.18	180	0	0.00212447	123.001	0	-2.15823	235.999	0	0.00884232	25574
FRIGG	1.5979e-06	1.33238	1.92792	0	-0.9861	0.00581781	-0.000379786	3.11144	-2.17635	2.18377e-06	-0.0029253	0.00193461	180	0	-0.253191	256.34	1.04071e-07	1555.72	200.462	0	-1088.18	180	0	0.00215681	123.001	0	-2.15823	235.999	0	0.00865933	25613
FRIGG	1.5979e-06	1.33238	1.92792	0	-0.9861	0.00581781	-0.000371375	3.11144	-2.17635	2.20911e-06	-0.00292506	0.00193477	180	0	-0.247583	256.34	1.02684e-07	1555.72	200.462	0	-1088.18	180	0	0.00218183	123.001	0	-2.15823	235.999	0	0.00848456	25658
FRIGG	1.5979e-06	1.33238	1.92792	0	-0.9861	0.00581781	-0.000371375	3.11144	-2.17635	2.20911e-06	-0.00292506	0.00193477	180	0	-0.247583	256.34	1.02684e-07	1555.72	200.462	0	-1088.18	180	0	0.00218183	123.001	0	-2.15823	235.999	0	0.00848456	25691
FRIGG	1.5979e-06	1.33238	1.92792	0	-0.9861	0.00581781	-0.000363159	3.11144	-2.17635	2.24044e-06	-0.00292481	0.00193492	180	0	-0.242106	256.34	2.02837e-07	1555.72	200.462	0	-1088.18	180	0	0.00221278	123.001	0	-2.15822	235.999	0	0.0083061	25730
FRIGG	1.5979e-06	1.33238	1.92792	0	-0.9861	0.00581781	-0.000355353	3.11144	-2.17635	2.26515e-06	-0.00292458	0.00193508	180	0	-0.236902	256.34	1.0893e-07	1555.72	200.462	0	-1088.18	180	0	0.00223719	123.001	0	-2.15822	235.999	0	0.00813284	25759
FRIGG	1.33158e-06	1.33238	1.92792	0	-0.9861	0.00581781	-0.000348485	3.1114	-2.17635	2.26184e-06	-0.0029244	0.0019352	180	0	-0.232324	256.34	4.71619e-07	1555.7	200.462	0	-1088.18	180	0	0.00223392	123.001	0	-2.15822	235.999	0	0.00800296	25797
FRIGG	1.33158e-06	1.33238	1.92792	0	-0.9861	0.00581785	-0.000340234	3.11144	-2.17635	2.32961e-06	-0.00292408	0.00193541	180	0	-0.226823	256.34	4.04019e-07	1555.72	200.462	0	-1088.18	180	0	0.00230085	123.001	0	-2.15822	235.999	0	0.0077655	25838
FRIGG	1.33158e-06	1.33238	1.92792	0	-0.9861	0.00581785	-0.000340234	3.11144	-2.17635	2.32961e-06	-0.00292408	0.00193541	180	0	-0.226823	256.34	4.04019e-07	1555.72	200.462	0	-1088.18	180	0	0.00230085	123.001	0	-2.15822	235.999	0	0.0077655	25875
FRIGG	1.33158e-06	1.33238	1.92792	0	-0.9861	0.00581785	-0.000333365	3.11141	-2.17635	2.34845e-06	-0.00292388	0.00193557	180	0	-0.222243	256.34	1.44224e-08	1555.7	200.462	0	-1088.18	180	0	0.00231946	123.001	0	-2.15824	235.999	0	0.00760148	25920
FRIGG	1.33158e-06	1.33238	1.92792	0	-0.9861	0.00581785	-0.000326648	3.11144	-2.17635	2.37329e-06	-0.00292365	0.00193573	180	0	-0.217765	256.34	-1.88105e-07	1555.72	200.462	0	-1088.18	180	0	0.00234399	123.001	0	-2.15824	235.999	0	0.00742505	25961
FRIGG	1.33158e-06	1.33238	1.92792	0	-0.9861	0.00581785	-0.00032007	3.11144	-2.17635	2.40041e-06	-0.00292351	0.0019358	180	0	-0.21338	256.34	1.4609e-07	1555.72	200.462	0	-1088.18	180	0	0.00237077	123.001	0	-2.15823	235.999	0	0.00733897	25999
FRIGG	1.33158e-06	1.33238	1.92792	0	-0.9861	0.00581785	-0.00032007	3.11144	-2.17635	2.40041e-06	-0.00292351	0.0019358	180	0	-0.21338	256.34	1.4609e-07	1555.72	200.462	0	-1088.18	180	0	0.00237077	123.001	0	-2.15823	235.999	0	0.00733897	26033
FRIGG	1.33158e-06	1.33238	1.92792	0	-0.9861	0.00581785	-0.000313743	3.11144	-2.17635	2.42764e-06	-0.00292327	0.00193596	180	0	-0.209162	256.34	1.03123e-07	1555.72	200.462	0	-1088.18	180	0	0.00239767	123.001	0	-2.15823	235.999	0	0.00716031	26071
FRIGG	1.33158e-06	1.33238	1.92792	0	-0.9861	0.00581785	-0.000307654	3.11144	-2.17635	2.45394e-06	-0.00292306	0.00193614	180	0	-0.205103	256.34	-3.27245e-07	1555.72	200.462	0	-1088.18	180	0	0.00242364	123.001	0	-2.15825	235.999	0	0.00698107	26107
FRIGG	1.33158e-06	1.33238	1.92792	0	-0.9861	0.00581785	-0.000301797	3.11144	-2.17635	2.47954e-06	-0.00292293	0.00193621	180	0	-0.201198	256.34	-1.39253e-07	1555.72	200.462	0	-1088.18	180	0	0.00244893	123.001	0	-2.15824	235.999	0	0.00689461	26148
FRIGG	1.33158e-06	1.33238	1.92792	0	-0.9861	0.00581785	-0.000296152	3.11144	-2.17635	2.50518e-06	-0.0029227	0.00193637	180	0	-0.197435	256.34	-2.18023e-07	1555.72	200.462	0	-1088.18	180	0	0.00247425	123.001	0	-2.15824	235.999	0	0.00671762	26185
FRIGG	1.33158e-06	1.33238	1.92792	0	-0.9861	0.00581785	-0.000290765	3.11144	-2.17635	2.52862e-06	-0.00292256	0.00193643	180	0	-0.193843	256.34	1.45744e-07	1555.72	200.462	0	-1088.18	180	0	0.0024974	123.001	0	-2.15823	235.999	0	0.00663417	26227
FRIGG	1.33158e-06	1.33238	1.92792	0	-0.9861	0.00581785	-0.000290765	3.11144	-2.17635	2.52862e-06	-0.00292256	0.00193643	180	0	-0.193843	256.34	1.45744e-07	1555.72	200.462	0	-1088.18	180	0	0.0024974	123.001	0	-2.15823	235.999	0	0.00663417	26266
FRIGG	1.06526e-06	1.33238	1.92792	0	-0.9861	0.00581785	-0.000285475	3.11144	-2.17635	2.55575e-06	-0.00292233	0.0019366	180	0	-0.190317	256.34	-1.67741e-07	1555.72	200.462	0	-1088.18	180	0	0.0025242	123.001	0	-2.15824	235.999	0	0.00645439	26303
FRIGG	1.06526e-06	1.33238	1.92792	0	-0.9861	0.00581785	-0.000280366	3.11144	-2.17635	2.5824e-06	-0.0029222	0.00193668	180	0	-0.186911	256.34	9.73061e-08	1555.72	200.462	0	-1088.18	180	0	0.00255052	123.001	0	-2.15823	235.999	0	0.00636356	26346
FRIGG	1.06526e-06	1.33238	1.92792	0	-0.9861	0.00581785	-0.000275522	3.11144	-2.17635	2.60503e-06	-0.00292196	0.00193683	180	0	-0.183682	256.34	1.10768e-07	1555.72	200.462	0	-1088.18	180	0	0.00257287	123.001	0	-2.15823	235.999	0	0.00618767	26383
FRIGG	1.06526e-06	1.33238	1.92792	0	-0.9861	0.00581785	-0.000275522	3.11144	-2.17635	2.60503e-06	-0.00292196	0.00193683	180	0	-0.183682	256.34	1.10768e-07	1555.72	200.462	0	-1088.18	180	0	0.00257287	123.001	0	-2.15823	235.999	0	0.00618767	26420
FRIGG	1.06526e-06	1.33238	1.92792	0	-0.9861	0.00581785	-0.000270982	3.11141	-2.17635	2.62569e-06	-0.00292185	0.0019369	180	0	-0.180655	256.34	2.55102e-07	1555.7	200.462	0	-1088.18	180	0	0.00259327	123.001	0	-2.15822	235.999	0	0.00611036	26458
FRIGG	1.06526e-06	1.33238	1.92792	0	-0.9861	0.00581785	-0.00026628	3.11144	-2.17635	2.65581e-06	-0.0029216	0.00193707	180	0	-0.17752	256.34	1.11972e-07	1555.72	200.462	0	-1088.18	180	0	0.00262303	123.001	0	-2.15823	235.999	0	0.00592097	26496
FRIGG	1.06526e-06	1.33238	1.92792	0	-0.9861	0.00581785	-0.000261894	3.11144	-2.17635	2.67982e-06	-0.00292151	0.00193717	180	0	-0.174596	256.34	-3.40217e-07	1555.72	200.462	0	-1088.18	180	0	0.00264673	123.001	0	-2.15825	235.999	0	0.00583367	26536
FRIGG	1.06526e-06	1.33238	1.92792	0	-0.9861	0.00581785	-0.000257684	3.11144	-2.17635	2.70434e-06	-0.00292136	0.00193723	180	0	-0.17179	256.34	1.00346e-07	1555.72	200.462	0	-1088.18	180	0	0.00267095	123.001	0	-2.15823	235.999	0	0.0057448	26574
FRIGG	1.06526e-06	1.33238	1.92792	0	-0.9861	0.00581785	-0.000257684	3.11144	-2.17635	2.70434e-06	-0.00292136	0.00193723	180	0	-0.17179	256.34	1.00346e-07	1555.72	200.462	0	-1088.18	180	0	0.00267095	123.001	0	-2.15823	235.999	0	0.0057448	26614
FRIGG	1.06526e-06	1.33238	1.92792	0	-0.9861	0.00581785	-0.000253662	3.11144	-2.17635	2.72703e-06	-0.00292112	0.00193739	180	0	-0.169108	256.34	2.12351e-07	1555.72	200.462	0	-1088.18	180	0	0.00269336	123.001	0	-2.15822	235.999	0	0.00556871	26656
FRIGG	1.06526e-06	1.33238	1.92792	0	-0.9861	0.00581785	-0.000249731	3.11144	-2.17635	2.75123e-06	-0.00292101	0.00193748	180	0	-0.166487	256.34	1.98776e-08	1555.72	200.462	0	-1088.18	180	0	0.00271727	123.001	0	-2.15823	235.999	0	0.0054802	26694
FRIGG	1.06526e-06	1.33238	1.92792	0	-0.9861	0.00581785	-0.000245927	3.11144	-2.17635	2.77515e-06	-0.00292089	0.00193756	180	0	-0.163952	256.34	-1.1535e-07	1555.72	200.462	0	-1088.18	180	0	0.00274089	123.001	0	-2.15823	235.999	0	0.00539046	26732
FRIGG	1.06526e-06	1.33238	1.92792	0	-0.9861	0.00581785	-0.000242301	3.11144	-2.17635	2.79866e-06	-0.00292067	0.00193773	180	0	-0.161534	256.34	-3.22192e-07	1555.72	200.462	0	-1088.18	180	0	0.00276411	123.001	0	-2.15825	235.999	0	0.00521084	26772
FRIGG	1.06526e-06	1.33238	1.92792	0	-0.9861	0.00581785	-0.000242301	3.11144	-2.17635	2.79866e-06	-0.00292067	0.00193773	180	0	-0.161534	256.34	-3.22192e-07	1555.72	200.462	0	-1088.18	180	0	0.00276411	123.001	0	-2.15825	235.999	0	0.00521084	26816
FRIGG	1.06526e-06	1.33238	1.92792	0	-0.9861	0.00581785	-0.000238867	3.11144	-2.17635	2.8188e-06	-0.00292052	0.00193778	180	0	-0.159245	256.34	3.01165e-07	1555.72	200.462	0	-1088.18	180	0	0.002784	123.001	0	-2.15822	235.999	0	0.00512721	26852
FRIGG	1.06526e-06	1.33238	1.92792	0	-0.9861	0.00581785	-0.000235479	3.11144	-2.17635	2.84249e-06	-0.00292042	0.00193787	180	0	-0.156986	256.34	-2.06177e-08	1555.72	200.462	0	-1088.18	180	0	0.00280739	123.001	0	-2.15823	235.999	0	0.00503968	26882
FRIGG	1.06526e-06	1.33238	1.92792	0	-0.9861	0.00581785	-0.00023228	3.11144	-2.17635	2.86298e-06	-0.0029203	0.00193795	180	0	-0.154853	256.34	3.24044e-09	1555.72	200.462	0	-1088.18	180	0	0.00282763	123.001	0	-2.15823	235.999	0	0.00495408	26921
FRIGG	1.06526e-06	1.33238	1.92792	0	-0.9861	0.00581785	-0.000229098	3.11144	-2.17635	2.88749e-06	-0.00292018	0.00193803	180	0	-0.152732	256.34	-4.85557e-09	1555.72	200.462	0	-1088.18	180	0	0.00285184	123.001	0	-2.15823	235.999	0	0.00486294	26960
FRIGG	1.06526e-06	1.33238	1.92792	0	-0.9861	0.00581785	-0.000229098	3.11144	-2.17635	2.88749e-06	-0.00292018	0.00193803	180	0	-0.152732	256.34	-4.85557e-09	1555.72	200.462	0	-1088.18	180	0	0.00285184	123.001	0	-2.15823	235.999	0	0.00486294	27003
FRIGG	1.06526e-06	1.33238	1.92792	0	-0.9861	0.00581785	-0.000226049	3.11144	-2.17635	2.91033e-06	-0.00292006	0.00193812	180	0	-0.150699	256.34	-1.56983e-07	1555.72	200.462	0	-1088.18	180	0	0.0028744	123.001	0	-2.15824	235.999	0	0.00477331	27041
FRIGG	1.06526e-06	1.33238	1.92792	0	-0.9861	0.00581785	-0.000223189	3.11144	-2.17635	2.92993e-06	-0.00291981	0.00193827	180	0	-0.148793	256.34	1.26597e-07	1555.72	200.462	0	-1088.18	180	0	0.00289376	123.001	0	-2.15823	235.999	0	0.00459522	27081
FRIGG	7.98948e-07	1.33238	1.92792	0	-0.9861	0.00581785	-0.00022027	3.11144	-2.17635	2.95579e-06	-0.00291969	0.00193836	180	0	-0.146846	256.34	-2.5521e-07	1555.72	200.462	0	-1088.18	180	0	0.0029193	123.001	0	-2.15823	235.999	0	0.00450075	27121
FRIGG	7.98948e-07	1.33238	1.92792	0	-0.9861	0.00581785	-0.000217674	3.11144	-2.17635	2.97424e-06	-0.0029196	0.00193844	180	0	-0.145116	256.34	-1.8047e-07	1555.72	200.462	0	-1088.18	180	0	0.00293753	123.001	0	-2.15824	235.999	0	0.00442073	27161
FRIGG	7.98948e-07	1.33238	1.92792	0	-0.9861	0.00581785	-0.000217674	3.11144	-2.17635	2.97424e-06	-0.0029196	0.00193844	180	0	-0.145116	256.34	-1.8047e-07	1555.72	200.462	0	-1088.18	180	0	0.00293753	123.001	0	-2.15824	235.999	0	0.00442073	27199
FRIGG	7.98948e-07	1.33238	1.92792	0	-0.9861	0.00581785	-0.000215039	3.11141	-2.17635	2.99657e-06	-0.00291948	0.00193853	180	0	-0.143359	256.34	-3.0195e-07	1555.7	200.462	0	-1088.18	180	0	0.00295958	123.001	0	-2.15825	235.999	0	0.00432924	27240
FRIGG	7.98948e-07	1.33238	1.92792	0	-0.9861	0.00581785	-0.000212511	3.11144	-2.17635	3.01869e-06	-0.00291936	0.0019386	180	0	-0.141674	256.34	-3.50069e-07	1555.72	200.462	0	-1088.18	180	0	0.00298142	123.001	0	-2.15825	235.999	0	0.00424241	27279
FRIGG	7.98948e-07	1.33238	1.92792	0	-0.9861	0.00581785	-0.000210091	3.11145	-2.17635	3.04085e-06	-0.00291924	0.00193876	180	0	-0.140061	256.34	-7.98995e-07	1555.73	200.462	0	-1088.18	180	0	0.0030033	123.001	0	-2.15829	235.999	0	0.00411188	27308
FRIGG	7.98948e-07	1.33238	1.92792	0	-0.9861	0.00581785	-0.000207752	3.11144	-2.17635	3.06095e-06	-0.00291908	0.00193874	180	0	-0.138501	256.34	2.4927e-07	1555.72	200.462	0	-1088.18	180	0	0.00302316	123.001	0	-2.15822	235.999	0	0.00406398	27350
FRIGG	7.98948e-07	1.33238	1.92792	0	-0.9861	0.00581785	-0.000207752	3.11144	-2.17635	3.06095e-06	-0.00291908	0.00193874	180	0	-0.138501	256.34	2.4927e-07	1555.72	200.462	0	-1088.18	180	0	0.00302316	123.001	0	-2.15822	235.999	0	0.00406398	27388
FRIGG	7.98948e-07	1.33238	1.92792	0	-0.9861	0.00581785	-0.000205512	3.11144	-2.17635	3.0815e-06	-0.00291899	0.00193883	180	0	-0.137008	256.34	-1.29758e-07	1555.72	200.462	0	-1088.18	180	0	0.00304345	123.001	0	-2.15824	235.999	0	0.00397698	27434
FRIGG	7.98948e-07	1.33238	1.92792	0	-0.9861	0.00581785	-0.000203341	3.11144	-2.17635	3.10179e-06	-0.00291885	0.00193891	180	0	-0.135561	256.34	3.04477e-08	1555.72	200.462	0	-1088.18	180	0	0.00306349	123.001	0	-2.15823	235.999	0	0.0038861	27471
FRIGG	7.98948e-07	1.33238	1.92792	0	-0.9861	0.00581785	-0.000201227	3.11144	-2.17635	3.12221e-06	-0.00291887	0.00193891	180	0	-0.134151	256.34	-1.86112e-07	1555.72	200.462	0	-1088.18	180	0	0.00308367	123.001	0	-2.15824	235.999	0	0.00388869	27509
FRIGG	7.98948e-07	1.33238	1.92792	0	-0.9861	0.00581785	-0.000199254	3.11141	-2.17635	3.14202e-06	-0.00291874	0.00193898	180	0	-0.132836	256.34	1.32503e-07	1555.7	200.462	0	-1088.18	180	0	0.00310323	123.001	0	-2.15823	235.999	0	0.00380246	27551
FRIGG	7.98948e-07	1.33238	1.92792	0	-0.9861	0.00581785	-0.000199254	3.11141	-2.17635	3.14202e-06	-0.00291874	0.00193898	180	0	-0.132836	256.34	1.32503e-07	1555.7	200.462	0	-1088.18	180	0	0.00310323	123.001	0	-2.15823	235.999	0	0.00380246	27595
FRIGG	7.98948e-07	1.33238	1.92792	0	-0.9861	0.00581785	-0.000197317	3.11141	-2.17635	3.16237e-06	-0.00291865	0.00193908	180	0	-0.131545	256.34	-3.13069e-07	1555.7	200.462	0	-1088.18	180	0	0.00312333	123.001	0	-2.15825	235.999	0	0.00371479	27629
FRIGG	7.98948e-07	1.33238	1.92792	0	-0.9861	0.00581785	-0.000195439	3.11144	-2.17635	3.18224e-06	-0.0029185	0.00193914	180	0	-0.130293	256.34	5.88245e-08	1555.72	200.462	0	-1088.18	180	0	0.00314296	123.001	0	-2.15823	235.999	0	0.00362546	27658
FRIGG	7.98948e-07	1.33238	1.92792	0	-0.9861	0.00581785	-0.000193646	3.11141	-2.17635	3.20126e-06	-0.0029184	0.00193923	180	0	-0.129098	256.34	-1.87698e-07	1555.7	200.462	0	-1088.18	180	0	0.00316174	123.001	0	-2.15824	235.999	0	0.00353781	27701
FRIGG	7.98948e-07	1.33238	1.92792	0	-0.9861	0.00581785	-0.00019227	3.11144	-2.17635	3.21637e-06	-0.00291819	0.00193933	180	0	-0.12818	256.34	-4.11201e-08	1555.72	200.462	0	-1088.18	180	0	0.00317666	123.001	0	-2.15822	235.999	0	0.00340819	27744
FRIGG	7.98948e-07	1.33238	1.92792	0	-0.9861	0.00581785	-0.000191868	3.11141	-2.17635	3.22238e-06	-0.00291825	0.0019393	180	0	-0.127912	256.34	3.70129e-07	1555.7	200.462	0	-1088.18	180	0	0.00318259	123.001	0	-2.15822	235.999	0	0.00344583	27784
FRIGG	7.98948e-07	1.33238	1.92792	0	-0.9861	0.00581785	-0.0001902	3.11144	-2.17635	3.24222e-06	-0.00291813	0.00193938	180	0	-0.1268	256.34	1.15875e-07	1555.72	200.462	0	-1088.18	180	0	0.00320219	123.001	0	-2.15823	235.999	0	0.00335495	27821
FRIGG	7.98948e-07	1.33238	1.92792	0	-0.9861	0.00581785	-0.000188616	3.11141	-2.17635	3.25952e-06	-0.00291814	0.00193938	180	0	-0.125744	256.34	2.77099e-07	1555.7	200.462	0	-1088.18	180	0	0.00321928	123.001	0	-2.15822	235.999	0	0.00336095	27862
FRIGG	7.98948e-07	1.33238	1.92792	0	-0.9861	0.00581785	-0.000187036	3.11144	-2.17635	3.27982e-06	-0.00291804	0.00193947	180	0	-0.12469	256.34	-2.01248e-07	1555.72	200.462	0	-1088.18	180	0	0.00323933	123.001	0	-2.15824	235.999	0	0.00327097	27906
FRIGG	7.98948e-07	1.33238	1.92792	0	-0.9861	0.00581785	-0.000187036	3.11144	-2.17635	3.27982e-06	-0.00291804	0.00193947	180	0	-0.12469	256.34	-2.01248e-07	1555.72	200.462	0	-1088.18	180	0	0.00323933	123.001	0	-2.15824	235.999	0	0.00327097	27943
FRIGG	7.98948e-07	1.33238	1.92792	0	-0.9861	0.00581785	-0.000185536	3.11144	-2.17635	3.29875e-06	-0.00291792	0.00193955	180	0	-0.12369	256.34	-2.71017e-07	1555.72	200.462	0	-1088.18	180	0	0.00325802	123.001	0	-2.15824	235.999	0	0.00318224	27983
FRIGG	7.98948e-07	1.33238	1.92792	0	-0.9861	0.00581785	-0.000184108	3.11141	-2.17635	3.31712e-06	-0.0029178	0.00193963	180	0	-0.122739	256.34	-4.05206e-08	1555.7	200.462	0	-1088.18	180	0	0.00327617	123.001	0	-2.15824	235.999	0	0.00309285	28021
FRIGG	7.98948e-07	1.33238	1.92792	0	-0.9861	0.00581785	-0.000182701	3.11141	-2.17635	3.33666e-06	-0.0029178	0.00193963	180	0	-0.121801	256.34	-8.46332e-08	1555.7	200.462	0	-1088.18	180	0	0.00329547	123.001	0	-2.15824	235.999	0	0.00309461	28059
FRIGG	7.98948e-07	1.33238	1.92792	0	-0.9861	0.00581785	-0.000182701	3.11141	-2.17635	3.33666e-06	-0.0029178	0.00193963	180	0	-0.121801	256.34	-8.46332e-08	1555.7	200.462	0	-1088.18	180	0	0.00329547	123.001	0	-2.15824	235.999	0	0.00309461	28099
FRIGG	7.98948e-07	1.33238	1.92792	0	-0.9861	0.00581785	-0.000181372	3.11144	-2.17635	3.35478e-06	-0.00291769	0.00193971	180	0	-0.120915	256.34	-2.51226e-07	1555.72	200.462	0	-1088.18	180	0	0.00331337	123.001	0	-2.15824	235.999	0	0.00300676	28144
FRIGG	7.98948e-07	1.33238	1.92792	0	-0.9861	0.00581785	-0.000180056	3.11144	-2.17635	3.37378e-06	-0.00291759	0.00193981	180	0	-0.120037	256.34	-8.31455e-07	1555.72	200.462	0	-1088.18	180	0	0.00333212	123.001	0	-2.15826	235.999	0	0.00291663	28176
FRIGG	7.98948e-07	1.33238	1.92792	0	-0.9861	0.00581785	-0.000178802	3.11141	-2.17635	3.39165e-06	-0.00291756	0.00193979	180	0	-0.119201	256.34	-1.73321e-08	1555.7	200.462	0	-1088.18	180	0	0.00334978	123.001	0	-2.15824	235.999	0	0.00291693	28209
FRIGG	7.98948e-07	1.33238	1.92792	0	-0.9861	0.00581785	-0.000177608	3.11144	-2.17635	3.41037e-06	-0.00291741	0.00193985	180	0	-0.118405	256.34	3.75405e-07	1555.72	200.462	0	-1088.18	180	0	0.00336827	123.001	0	-2.15821	235.999	0	0.00282909	28255
FRIGG	7.98948e-07	1.33238	1.92792	0	-0.9861	0.00581785	-0.000176477	3.11144	-2.17635	3.42611e-06	-0.00291735	0.00193997	180	0	-0.117651	256.34	-6.4165e-07	1555.72	200.462	0	-1088.18	180	0	0.00338381	123.001	0	-2.15826	235.999	0	0.00274134	28290
FRIGG	7.98948e-07	1.33238	1.92792	0	-0.9861	0.00581785	-0.000176477	3.11144	-2.17635	3.42611e-06	-0.00291735	0.00193997	180	0	-0.117651	256.34	-6.4165e-07	1555.72	200.462	0	-1088.18	180	0	0.00338381	123.001	0	-2.15826	235.999	0	0.00274134	28323
FRIGG	7.98948e-07	1.33238	1.92792	0	-0.9861	0.00581785	-0.000175328	3.11144	-2.17635	3.44602e-06	-0.00291731	0.00193994	180	0	-0.116886	256.34	-3.24493e-09	1555.72	200.462	0	-1088.18	180	0	0.00340348	123.001	0	-2.15823	235.999	0	0.0027405	28357
FRIGG	7.98948e-07	1.33238	1.92792	0	-0.9861	0.00581785	-0.000174264	3.11144	-2.17635	3.46334e-06	-0.0029172	0.00194002	180	0	-0.116176	256.34	-1.3108e-07	1555.72	200.462	0	-1088.18	180	0	0.00342059	123.001	0	-2.15824	235.999	0	0.00265279	28389
FRIGG	7.98948e-07	1.33238	1.92792	0	-0.9861	0.00581785	-0.000173218	3.11141	-2.17635	3.48092e-06	-0.00291706	0.0019401	180	0	-0.115479	256.34	1.66842e-07	1555.7	200.462	0	-1088.18	180	0	0.00343794	123.001	0	-2.15823	235.999	0	0.00256126	28432
FRIGG	7.98948e-07	1.33238	1.92792	0	-0.9861	0.00581785	-0.000172279	3.11144	-2.17635	3.49647e-06	-0.0029171	0.00194011	180	0	-0.114853	256.34	-5.93449e-07	1555.72	200.462	0	-1088.18	180	0	0.00345331	123.001	0	-2.15825	235.999	0	0.00256738	28473
FRIGG	7.98948e-07	1.33238	1.92792	0	-0.9861	0.00581785	-0.000172279	3.11144	-2.17635	3.49647e-06	-0.0029171	0.00194011	180	0	-0.114853	256.34	-5.93449e-07	1555.72	200.462	0	-1088.18	180	0	0.00345331	123.001	0	-2.15825	235.999	0	0.00256738	28506
FRIGG	7.98948e-07	1.33238	1.92792	0	-0.9861	0.00581785	-0.00017125	3.11144	-2.17635	3.51681e-06	-0.00291696	0.00194018	180	0	-0.114166	256.34	-1.75776e-08	1555.72	200.462	0	-1088.18	180	0	0.00347339	123.001	0	-2.15823	235.999	0	0.00247491	28544
FRIGG	7.98948e-07	1.33238	1.92792	0	-0.9861	0.00581785	-0.000170312	3.1114	-2.17635	3.5334e-06	-0.00291693	0.00194016	180	0	-0.113542	256.34	4.77628e-07	1555.7	200.462	0	-1088.18	180	0	0.00348978	123.001	0	-2.15821	235.999	0	0.00247502	28587
FRIGG	7.98948e-07	1.33238	1.92792	0	-0.9861	0.00581785	-0.000169436	3.11141	-2.17635	3.54997e-06	-0.00291686	0.00194028	180	0	-0.112957	256.34	-3.83334e-07	1555.7	200.462	0	-1088.18	180	0	0.00350614	123.001	0	-2.15825	235.999	0	0.00238767	28626
FRIGG	7.98948e-07	1.33238	1.92792	0	-0.9861	0.00581785	-0.000168559	3.11144	-2.17635	3.56676e-06	-0.00291684	0.00194026	180	0	-0.112372	256.34	-1.12196e-08	1555.72	200.462	0	-1088.18	180	0	0.00352273	123.001	0	-2.15823	235.999	0	0.00238665	28668
FRIGG	7.98948e-07	1.33238	1.92792	0	-0.9861	0.00581785	-0.000168559	3.11144	-2.17635	3.56676e-06	-0.00291684	0.00194026	180	0	-0.112372	256.34	-1.12196e-08	1555.72	200.462	0	-1088.18	180	0	0.00352273	123.001	0	-2.15823	235.999	0	0.00238665	28707
FRIGG	7.98948e-07	1.33238	1.92792	0	-0.9861	0.00581785	-0.000167733	3.11144	-2.17635	3.58332e-06	-0.00291672	0.00194034	180	0	-0.111822	256.34	2.80857e-08	1555.72	200.462	0	-1088.18	180	0	0.00353908	123.001	0	-2.15823	235.999	0	0.00229852	28743
FRIGG	7.98948e-07	1.33238	1.92792	0	-0.9861	0.00581785	-0.000166939	3.11144	-2.17635	3.59936e-06	-0.0029166	0.00194043	180	0	-0.111293	256.34	-1.60777e-07	1555.72	200.462	0	-1088.18	180	0	0.00355492	123.001	0	-2.15824	235.999	0	0.00220636	28783
FRIGG	7.98948e-07	1.33238	1.92792	0	-0.9861	0.00581785	-0.00016617	3.11144	-2.17635	3.61755e-06	-0.00291657	0.0019404	180	0	-0.11078	256.34	2.88166e-07	1555.72	200.462	0	-1088.18	180	0	0.00357289	123.001	0	-2.15821	235.999	0	0.00221078	28825
FRIGG	7.98948e-07	1.33238	1.92792	0	-0.9861	0.00581785	-0.00016617	3.11144	-2.17635	3.61755e-06	-0.00291657	0.0019404	180	0	-0.11078	256.34	2.88166e-07	1555.72	200.462	0	-1088.18	180	0	0.00357289	123.001	0	-2.15821	235.999	0	0.00221078	28865
FRIGG	7.98948e-07	1.33238	1.92792	0	-0.9861	0.00581785	-0.00016541	3.11141	-2.17635	3.63332e-06	-0.00291648	0.00194051	180	0	-0.110273	256.34	-9.17394e-08	1555.7	200.462	0	-1088.18	180	0	0.00358846	123.001	0	-2.15824	235.999	0	0.00211921	28903
FRIGG	7.98948e-07	1.33238	1.92792	0	-0.9861	0.00581785	-0.000164723	3.11141	-2.17635	3.64908e-06	-0.00291647	0.00194049	180	0	-0.109815	256.34	2.44284e-07	1555.7	200.462	0	-1088.18	180	0	0.00360403	123.001	0	-2.15822	235.999	0	0.00212365	28947
FRIGG	7.98948e-07	1.33238	1.92792	0	-0.9861	0.00581785	-0.000163993	3.11144	-2.17635	3.66551e-06	-0.00291633	0.00194057	180	0	-0.109329	256.34	3.42359e-07	1555.72	200.462	0	-1088.18	180	0	0.00362026	123.001	0	-2.15822	235.999	0	0.00202927	28981
FRIGG	7.98948e-07	1.33238	1.92792	0	-0.9861	0.00581785	-0.000163343	3.11144	-2.17635	3.68203e-06	-0.00291634	0.00194057	180	0	-0.108895	256.34	3.11149e-07	1555.72	200.462	0	-1088.18	180	0	0.00363657	123.001	0	-2.15822	235.999	0	0.00203408	29024
FRIGG	7.98948e-07	1.33238	1.92792	0	-0.9861	0.00581785	-0.000163343	3.11144	-2.17635	3.68203e-06	-0.00291634	0.00194057	180	0	-0.108895	256.34	3.11149e-07	1555.72	200.462	0	-1088.18	180	0	0.00363657	123.001	0	-2.15822	235.999	0	0.00203408	29067
FRIGG	7.98948e-07	1.33238	1.92792	0	-0.9861	0.00581785	-0.000162711	3.11144	-2.17635	3.69699e-06	-0.00291639	0.0019406	180	0	-0.108474	256.34	-4.82577e-07	1555.72	200.462	0	-1088.18	180	0	0.00365135	123.001	0	-2.15825	235.999	0	0.00203451	29100
FRIGG	7.98948e-07	1.33238	1.92792	0	-0.9861	0.00581785	-0.000162067	3.11144	-2.17635	3.71358e-06	-0.00291624	0.00194066	180	0	-0.108044	256.34	1.55817e-08	1555.72	200.462	0	-1088.18	180	0	0.00366773	123.001	0	-2.15823	235.999	0	0.00194462	29140
FRIGG	7.98948e-07	1.33238	1.92792	0	-0.9861	0.00581785	-0.000161478	3.11144	-2.17635	3.72835e-06	-0.00291622	0.00194065	180	0	-0.107652	256.34	2.75627e-07	1555.72	200.462	0	-1088.18	180	0	0.00368233	123.001	0	-2.15822	235.999	0	0.00194496	29178
FRIGG	7.98948e-07	1.33238	1.92792	0	-0.9861	0.00581785	-0.000161478	3.11144	-2.17635	3.72835e-06	-0.00291622	0.00194065	180	0	-0.107652	256.34	2.75627e-07	1555.72	200.462	0	-1088.18	180	0	0.00368233	123.001	0	-2.15822	235.999	0	0.00194496	29221
FRIGG	7.98948e-07	1.33238	1.92792	0	-0.9861	0.00581785	-0.000160906	3.11144	-2.17635	3.74507e-06	-0.00291611	0.00194073	180	0	-0.107271	256.34	2.29876e-07	1555.72	200.462	0	-1088.18	180	0	0.00369884	123.001	0	-2.15822	235.999	0	0.00185705	29262
FRIGG	7.98948e-07	1.33238	1.92792	0	-0.9861	0.00581785	-0.000160352	3.11144	-2.17635	3.7594e-06	-0.00291614	0.00194075	180	0	-0.106901	256.34	-3.31365e-07	1555.72	200.462	0	-1088.18	180	0	0.00371299	123.001	0	-2.15825	235.999	0	0.00185699	29301
FRIGG	7.98948e-07	1.33238	1.92792	0	-0.9861	0.00581785	-0.000159817	3.11141	-2.17635	3.77413e-06	-0.00291601	0.00194082	180	0	-0.106545	256.34	-1.21803e-07	1555.7	200.462	0	-1088.18	180	0	0.00372754	123.001	0	-2.15824	235.999	0	0.00176785	29338
FRIGG	7.98948e-07	1.33238	1.92792	0	-0.9861	0.00581785	-0.000159293	3.11141	-2.17635	3.79046e-06	-0.00291598	0.00194081	180	0	-0.106195	256.34	2.88524e-07	1555.7	200.462	0	-1088.18	180	0	0.00374366	123.001	0	-2.15822	235.999	0	0.00176794	29377
FRIGG	7.98948e-07	1.33238	1.92792	0	-0.9861	0.00581785	-0.000158848	3.11139	-2.17635	3.80595e-06	-0.00291599	0.00194081	180	0	-0.105899	256.34	4.36831e-07	1555.7	200.462	0	-1088.18	180	0	0.00375897	123.001	0	-2.15822	235.999	0	0.00176893	29420
FRIGG	7.98948e-07	1.33238	1.92792	0	-0.9861	0.00581785	-0.000158812	3.11141	-2.17635	3.80535e-06	-0.00291591	0.00194092	180	0	-0.105875	256.34	-2.86339e-07	1555.7	200.462	0	-1088.18	180	0	0.00375837	123.001	0	-2.15825	235.999	0	0.00167647	29461
FRIGG	7.98948e-07	1.33238	1.92792	0	-0.9861	0.00581785	-0.000158319	3.11144	-2.17635	3.82073e-06	-0.00291588	0.0019409	180	0	-0.105546	256.34	-6.75588e-08	1555.72	200.462	0	-1088.18	180	0	0.00377356	123.001	0	-2.15823	235.999	0	0.00167968	29498
FRIGG	7.98948e-07	1.33238	1.92792	0	-0.9861	0.00581785	-0.000157872	3.11141	-2.17635	3.83432e-06	-0.0029159	0.00194091	180	0	-0.105248	256.34	-1.69843e-07	1555.7	200.462	0	-1088.18	180	0	0.00378698	123.001	0	-2.15825	235.999	0	0.0016803	29536
FRIGG	7.98948e-07	1.33238	1.92792	0	-0.9861	0.00581785	-0.000157437	3.11144	-2.17635	3.84799e-06	-0.00291575	0.00194097	180	0	-0.104958	256.34	-3.51283e-08	1555.72	200.462	0	-1088.18	180	0	0.00380048	123.001	0	-2.15822	235.999	0	0.00159209	29582
FRIGG	7.98948e-07	1.33238	1.92792	0	-0.9861	0.00581785	-0.000156974	3.11144	-2.17635	3.86529e-06	-0.00291575	0.00194097	180	0	-0.104649	256.34	2.44694e-07	1555.72	200.462	0	-1088.18	180	0	0.00381757	123.001	0	-2.15822	235.999	0	0.00159155	29618
FRIGG	7.98948e-07	1.33238	1.92792	0	-0.9861	0.00581785	-0.000156988	3.11144	-2.17635	3.86484e-06	-0.00291575	0.00194097	180	0	-0.104659	256.34	2.44694e-07	1555.72	200.462	0	-1088.18	180	0	0.00381713	123.001	0	-2.15822	235.999	0	0.00159157	29657
FRIGG	7.98948e-07	1.33238	1.92792	0	-0.9861	0.00581785	-0.000156584	3.11144	-2.17635	3.87722e-06	-0.00291578	0.00194099	180	0	-0.104389	256.34	-5.10972e-07	1555.72	200.462	0	-1088.18	180	0	0.00382935	123.001	0	-2.15825	235.999	0	0.00159169	29694
FRIGG	7.98948e-07	1.33238	1.92792	0	-0.9861	0.00581785	-0.000156178	3.11144	-2.17635	3.89321e-06	-0.00291565	0.00194106	180	0	-0.104119	256.34	-6.22994e-08	1555.72	200.462	0	-1088.18	180	0	0.00384514	123.001	0	-2.15824	235.999	0	0.00150303	29731
FRIGG	7.98948e-07	1.33238	1.92792	0	-0.9861	0.00581785	-0.000155802	3.11144	-2.17635	3.90682e-06	-0.00291564	0.00194105	180	0	-0.103868	256.34	6.37285e-08	1555.72	200.462	0	-1088.18	180	0	0.00385859	123.001	0	-2.15823	235.999	0	0.00150341	29775
FRIGG	7.98948e-07	1.33238	1.92792	0	-0.9861	0.00581785	-0.000155802	3.11144	-2.17635	3.90682e-06	-0.00291564	0.00194105	180	0	-0.103868	256.34	6.37285e-08	1555.72	200.462	0	-1088.18	180	0	0.00385859	123.001	0	-2.15823	235.999	0	0.00150341	29804
FRIGG	7.98948e-07	1.33238	1.92792	0	-0.9861	0.00581785	-0.000155419	3.11144	-2.17635	3.92155e-06	-0.00291567	0.00194107	180	0	-0.103613	256.34	-3.57677e-07	1555.72	200.462	0	-1088.18	180	0	0.00387314	123.001	0	-2.15825	235.999	0	0.00150271	29846
FRIGG	5.32632e-07	1.33238	1.92792	0	-0.9861	0.00581785	-0.000155077	3.11144	-2.17635	3.93562e-06	-0.00291552	0.00194113	180	0	-0.103385	256.34	4.79831e-08	1555.72	200.462	0	-1088.18	180	0	0.00388703	123.001	0	-2.15823	235.999	0	0.00141514	29884
FRIGG	5.32632e-07	1.33238	1.92792	0	-0.9861	0.00581785	-0.000154725	3.11144	-2.17635	3.95014e-06	-0.00291554	0.00194115	180	0	-0.10315	256.34	-3.07688e-07	1555.72	200.462	0	-1088.18	180	0	0.00390137	123.001	0	-2.15825	235.999	0	0.00141476	29925
FRIGG	5.32632e-07	1.33238	1.92792	0	-0.9861	0.00581785	-0.000154397	3.11144	-2.17635	3.96332e-06	-0.00291555	0.00194116	180	0	-0.102931	256.34	-4.76953e-07	1555.72	200.462	0	-1088.18	180	0	0.00391439	123.001	0	-2.15826	235.999	0	0.00141479	29962
FRIGG	5.32632e-07	1.33238	1.92792	0	-0.9861	0.00581785	-0.000154397	3.11144	-2.17635	3.96332e-06	-0.00291555	0.00194116	180	0	-0.102931	256.34	-4.76953e-07	1555.72	200.462	0	-1088.18	180	0	0.00391439	123.001	0	-2.15826	235.999	0	0.00141479	30003
FRIGG	5.32632e-07	1.33238	1.92792	0	-0.9861	0.00581785	-0.000154081	3.11144	-2.17635	3.97698e-06	-0.00291539	0.00194121	180	0	-0.102721	256.34	2.20846e-07	1555.72	200.462	0	-1088.18	180	0	0.00392788	123.001	0	-2.15822	235.999	0	0.00132654	30043
FRIGG	5.32632e-07	1.33238	1.92792	0	-0.9861	0.00581785	-0.000153773	3.11144	-2.17635	3.99079e-06	-0.0029154	0.00194121	180	0	-0.102516	256.34	1.64454e-08	1555.72	200.462	0	-1088.18	180	0	0.00394152	123.001	0	-2.15823	235.999	0	0.00132656	30085
FRIGG	5.32632e-07	1.33238	1.92792	0	-0.9861	0.00581785	-0.00015347	3.11144	-2.17635	4.00441e-06	-0.00291538	0.0019412	180	0	-0.102313	256.34	3.6342e-07	1555.72	200.462	0	-1088.18	180	0	0.00395498	123.001	0	-2.15822	235.999	0	0.00132614	30126
FRIGG	5.32632e-07	1.33238	1.92792	0	-0.9861	0.00581785	-0.000153184	3.11144	-2.17635	4.01812e-06	-0.00291529	0.0019413	180	0	-0.102123	256.34	-1.07026e-07	1555.72	200.462	0	-1088.18	180	0	0.00396852	123.001	0	-2.15824	235.999	0	0.00123761	30162
FRIGG	5.32632e-07	1.33238	1.92792	0	-0.9861	0.00581785	-0.000153184	3.11144	-2.17635	4.01812e-06	-0.00291529	0.0019413	180	0	-0.102123	256.34	-1.07026e-07	1555.72	200.462	0	-1088.18	180	0	0.00396852	123.001	0	-2.15824	235.999	0	0.00123761	30201
FRIGG	5.32632e-07	1.33238	1.92792	0	-0.9861	0.00581785	-0.000152913	3.11144	-2.17635	4.03105e-06	-0.00291529	0.0019413	180	0	-0.101942	256.34	-1.08445e-07	1555.72	200.462	0	-1088.18	180	0	0.00398128	123.001	0	-2.15823	235.999	0	0.00123793	30237
FRIGG	5.32632e-07	1.33238	1.92792	0	-0.9861	0.00581785	-0.000152647	3.11144	-2.17635	4.04414e-06	-0.00291528	0.00194129	180	0	-0.101765	256.34	6.96263e-08	1555.72	200.462	0	-1088.18	180	0	0.00399421	123.001	0	-2.15823	235.999	0	0.00123785	30281
FRIGG	5.32632e-07	1.33238	1.92792	0	-0.9861	0.00581785	-0.000152389	3.11144	-2.17635	4.0577e-06	-0.00291515	0.00194137	180	0	-0.101593	256.34	1.6207e-07	1555.72	200.462	0	-1088.18	180	0	0.0040076	123.001	0	-2.15822	235.999	0	0.0011469	30319
FRIGG	5.32632e-07	1.33238	1.92792	0	-0.9861	0.00581785	-0.000152148	3.11144	-2.17635	4.06929e-06	-0.00291518	0.00194138	180	0	-0.101432	256.34	-1.58873e-07	1555.72	200.462	0	-1088.18	180	0	0.00401906	123.001	0	-2.15824	235.999	0	0.00114934	30359
FRIGG	5.32632e-07	1.33238	1.92792	0	-0.9861	0.00581785	-0.000152148	3.11144	-2.17635	4.06929e-06	-0.00291518	0.00194138	180	0	-0.101432	256.34	-1.58873e-07	1555.72	200.462	0	-1088.18	180	0	0.00401906	123.001	0	-2.15824	235.999	0	0.00114934	30399
FRIGG	5.32632e-07	1.33238	1.92792	0	-0.9861	0.00581785	-0.000151913	3.11144	-2.17635	4.08318e-06	-0.00291516	0.00194137	180	0	-0.101275	256.34	4.3397e-08	1555.72	200.462	0	-1088.18	180	0	0.00403277	123.001	0	-2.15823	235.999	0	0.00114974	30441
FRIGG	5.32632e-07	1.33238	1.92792	0	-0.9861	0.00581785	-0.000151682	3.11144	-2.17635	4.0958e-06	-0.00291518	0.00194139	180	0	-0.101121	256.34	-2.94058e-07	1555.72	200.462	0	-1088.18	180	0	0.00404524	123.001	0	-2.15825	235.999	0	0.00114956	30478
FRIGG	5.32632e-07	1.33238	1.92792	0	-0.9861	0.00581785	-0.000151457	3.11144	-2.17635	4.10897e-06	-0.00291505	0.00194146	180	0	-0.100971	256.34	-1.12361e-07	1555.72	200.462	0	-1088.18	180	0	0.00405824	123.001	0	-2.15824	235.999	0	0.00106054	30513
FRIGG	5.32632e-07	1.33238	1.92792	0	-0.9861	0.00581785	-0.000151247	3.11139	-2.17635	4.12211e-06	-0.00291503	0.00194144	180	0	-0.100832	256.34	4.29499e-07	1555.7	200.462	0	-1088.18	180	0	0.00407122	123.001	0	-2.15822	235.999	0	0.00106145	30557
FRIGG	5.32632e-07	1.33238	1.92792	0	-0.9861	0.00581785	-0.000151249	3.1114	-2.17635	4.12183e-06	-0.00291503	0.00194144	180	0	-0.100833	256.34	4.29499e-07	1555.7	200.462	0	-1088.18	180	0	0.00407095	123.001	0	-2.15822	235.999	0	0.00106133	30598
FRIGG	5.32632e-07	1.33238	1.92792	0	-0.9861	0.00581785	-0.000151046	3.11144	-2.17635	4.13328e-06	-0.00291507	0.00194147	180	0	-0.100697	256.34	-3.56217e-07	1555.72	200.462	0	-1088.18	180	0	0.00408225	123.001	0	-2.15825	235.999	0	0.00106126	30636
FRIGG	5.32632e-07	1.33238	1.92792	0	-0.9861	0.00581785	-0.00015085	3.11144	-2.17635	4.14583e-06	-0.00291507	0.00194147	180	0	-0.100566	256.34	-3.66662e-07	1555.72	200.462	0	-1088.18	180	0	0.00409464	123.001	0	-2.15825	235.999	0	0.00106131	30678
FRIGG	5.32632e-07	1.33238	1.92792	0	-0.9861	0.00581785	-0.00015085	3.11144	-2.17635	4.14583e-06	-0.00291507	0.00194147	180	0	-0.100566	256.34	-3.66662e-07	1555.72	200.462	0	-1088.18	180	0	0.00409464	123.001	0	-2.15825	235.999	0	0.00106131	30709
FRIGG	5.32632e-07	1.33238	1.92792	0	-0.9861	0.00581785	-0.00015065	3.11144	-2.17635	4.15928e-06	-0.00291492	0.00194153	180	0	-0.100433	256.34	1.28412e-07	1555.72	200.462	0	-1088.18	180	0	0.00410793	123.001	0	-2.15823	235.999	0	0.000971829	30749
FRIGG	5.32632e-07	1.33238	1.92792	0	-0.9861	0.00581785	-0.000150476	3.11144	-2.17635	4.17023e-06	-0.00291492	0.00194153	180	0	-0.100317	256.34	9.2823e-08	1555.72	200.462	0	-1088.18	180	0	0.00411875	123.001	0	-2.15823	235.999	0	0.000972843	30786
FRIGG	5.32632e-07	1.33238	1.92792	0	-0.9861	0.00581785	-0.00015029	3.11144	-2.17635	4.18358e-06	-0.00291492	0.00194153	180	0	-0.100193	256.34	5.13765e-08	1555.72	200.462	0	-1088.18	180	0	0.00413193	123.001	0	-2.15823	235.999	0	0.000972491	30824
FRIGG	5.32632e-07	1.33238	1.92792	0	-0.9861	0.00581785	-0.000150118	3.11144	-2.17635	4.19529e-06	-0.00291492	0.00194153	180	0	-0.100079	256.34	1.46763e-08	1555.72	200.462	0	-1088.18	180	0	0.0041435	123.001	0	-2.15823	235.999	0	0.000972339	30861
FRIGG	5.32632e-07	1.33238	1.92792	0	-0.9861	0.00581785	-0.000149963	3.11141	-2.17635	4.20673e-06	-0.00291492	0.00194153	180	0	-0.0999751	256.34	1.16752e-07	1555.7	200.462	0	-1088.18	180	0	0.00415479	123.001	0	-2.15823	235.999	0	0.000972869	30900
FRIGG	5.32632e-07	1.33238	1.92792	0	-0.9861	0.00581785	-0.000149963	3.11141	-2.17635	4.20673e-06	-0.00291492	0.00194153	180	0	-0.0999751	256.34	1.16752e-07	1555.7	200.462	0	-1088.18	180	0	0.00415479	123.001	0	-2.15823	235.999	0	0.000972869	30935
FRIGG	5.32632e-07	1.33238	1.92792	0	-0.9861	0.00581785	-0.000149798	3.11144	-2.17635	4.21918e-06	-0.00291481	0.00194162	180	0	-0.0998655	256.34	-1.17585e-07	1555.72	200.462	0	-1088.18	180	0	0.00416709	123.001	0	-2.15824	235.999	0	0.000884008	30976
FRIGG	5.32632e-07	1.33238	1.92792	0	-0.9861	0.00581785	-0.000149653	3.11144	-2.17635	4.23122e-06	-0.0029148	0.00194161	180	0	-0.0997688	256.34	1.06296e-07	1555.72	200.462	0	-1088.18	180	0	0.00417898	123.001	0	-2.15822	235.999	0	0.000884647	31016
FRIGG	5.32632e-07	1.33238	1.92792	0	-0.9861	0.00581785	-0.000149499	3.11144	-2.17635	4.24201e-06	-0.00291482	0.00194162	180	0	-0.0996663	256.34	-2.17856e-07	1555.72	200.462	0	-1088.18	180	0	0.00418964	123.001	0	-2.15824	235.999	0	0.000884013	31055
FRIGG	5.32632e-07	1.33238	1.92792	0	-0.9861	0.00581785	-0.000149356	3.11144	-2.17635	4.25513e-06	-0.00291479	0.0019416	180	0	-0.0995709	256.34	1.5898e-07	1555.72	200.462	0	-1088.18	180	0	0.00420259	123.001	0	-2.15822	235.999	0	0.000884223	31095
FRIGG	5.32632e-07	1.33238	1.92792	0	-0.9861	0.00581785	-0.000149356	3.11144	-2.17635	4.25513e-06	-0.00291479	0.0019416	180	0	-0.0995709	256.34	1.5898e-07	1555.72	200.462	0	-1088.18	180	0	0.00420259	123.001	0	-2.15822	235.999	0	0.000884223	31136
FRIGG	5.32632e-07	1.33238	1.92792	0	-0.9861	0.00581785	-0.000149223	3.11144	-2.17635	4.26548e-06	-0.00291467	0.00194169	180	0	-0.099482	256.34	1.85465e-07	1555.72	200.462	0	-1088.18	180	0	0.00421282	123.001	0	-2.15822	235.999	0	0.000792652	31177
FRIGG	5.32632e-07	1.33238	1.92792	0	-0.9861	0.00581785	-0.000149089	3.11144	-2.17635	4.27655e-06	-0.00291472	0.00194171	180	0	-0.0993926	256.34	-6.08672e-07	1555.72	200.462	0	-1088.18	180	0	0.00422375	123.001	0	-2.15826	235.999	0	0.000795483	31216
FRIGG	5.32632e-07	1.33238	1.92792	0	-0.9861	0.00581785	-0.000148963	3.11144	-2.17635	4.28878e-06	-0.00291471	0.00194171	180	0	-0.0993089	256.34	-3.47306e-07	1555.72	200.462	0	-1088.18	180	0	0.00423584	123.001	0	-2.15825	235.999	0	0.000795782	31257
FRIGG	5.32632e-07	1.33238	1.92792	0	-0.9861	0.00581785	-0.000148845	3.11141	-2.17635	4.29981e-06	-0.00291468	0.00194169	180	0	-0.0992298	256.34	1.47794e-07	1555.7	200.462	0	-1088.18	180	0	0.00424672	123.001	0	-2.15823	235.999	0	0.000795919	31299
FRIGG	5.32632e-07	1.33238	1.92792	0	-0.9861	0.00581785	-0.000148845	3.11141	-2.17635	4.29981e-06	-0.00291468	0.00194169	180	0	-0.0992298	256.34	1.47794e-07	1555.7	200.462	0	-1088.18	180	0	0.00424672	123.001	0	-2.15823	235.999	0	0.000795919	31331
FRIGG	5.32632e-07	1.33238	1.92792	0	-0.9861	0.00581785	-0.000148723	3.11144	-2.17635	4.31127e-06	-0.00291467	0.00194168	180	0	-0.099149	256.34	3.06342e-07	1555.72	200.462	0	-1088.18	180	0	0.00425804	123.001	0	-2.15822	235.999	0	0.000795775	31373
FRIGG	5.32632e-07	1.33238	1.92792	0	-0.9861	0.00581785	-0.00014861	3.11144	-2.17635	4.32211e-06	-0.0029147	0.0019417	180	0	-0.0990735	256.34	-1.76882e-07	1555.72	200.462	0	-1088.18	180	0	0.00426875	123.001	0	-2.15824	235.999	0	0.000795764	31406
FRIGG	5.32632e-07	1.33238	1.92792	0	-0.9861	0.00581785	-0.000148507	3.11144	-2.17635	4.33323e-06	-0.00291457	0.00194177	180	0	-0.099005	256.34	-3.5113e-08	1555.72	200.462	0	-1088.18	180	0	0.00427973	123.001	0	-2.15823	235.999	0	0.000707611	31447
FRIGG	5.32632e-07	1.33238	1.92792	0	-0.9861	0.00581785	-0.000148407	3.11144	-2.17635	4.34368e-06	-0.0029146	0.00194179	180	0	-0.0989377	256.34	-5.5676e-07	1555.72	200.462	0	-1088.18	180	0	0.00429005	123.001	0	-2.15825	235.999	0	0.000707867	31490
FRIGG	5.32632e-07	1.33238	1.92792	0	-0.9861	0.00581785	-0.000148407	3.11144	-2.17635	4.34368e-06	-0.0029146	0.00194179	180	0	-0.0989377	256.34	-5.5676e-07	1555.72	200.462	0	-1088.18	180	0	0.00429005	123.001	0	-2.15825	235.999	0	0.000707867	31526
FRIGG	5.32632e-07	1.33238	1.92792	0	-0.9861	0.00581785	-0.000148291	3.11144	-2.17635	4.35513e-06	-0.00291456	0.00194177	180	0	-0.098861	256.34	5.06912e-08	1555.72	200.462	0	-1088.18	180	0	0.00430136	123.001	0	-2.15823	235.999	0	0.000707201	31564
FRIGG	5.32632e-07	1.33238	1.92792	0	-0.9861	0.00581785	-0.000148206	3.11141	-2.17635	4.36562e-06	-0.00291456	0.00194177	180	0	-0.0988043	256.34	1.3716e-07	1555.7	200.462	0	-1088.18	180	0	0.00431172	123.001	0	-2.15823	235.999	0	0.000707953	31603
FRIGG	5.32632e-07	1.33238	1.92792	0	-0.9861	0.00581785	-0.000148107	3.11144	-2.17635	4.37624e-06	-0.00291455	0.00194176	180	0	-0.0987382	256.34	4.33538e-07	1555.72	200.462	0	-1088.18	180	0	0.00432221	123.001	0	-2.15822	235.999	0	0.000707578	31645
FRIGG	5.32632e-07	1.33238	1.92792	0	-0.9861	0.00581785	-0.000148107	3.11144	-2.17635	4.37624e-06	-0.00291455	0.00194176	180	0	-0.0987382	256.34	4.33538e-07	1555.72	200.462	0	-1088.18	180	0	0.00432221	123.001	0	-2.15822	235.999	0	0.000707578	31683
FRIGG	5.32632e-07	1.33238	1.92792	0	-0.9861	0.00581785	-0.00014801	3.11144	-2.17635	4.38735e-06	-0.00291457	0.00194177	180	0	-0.0986731	256.34	-7.71156e-08	1555.72	200.462	0	-1088.18	180	0	0.00433319	123.001	0	-2.15823	235.999	0	0.000707277	31722
FRIGG	5.32632e-07	1.33238	1.92792	0	-0.9861	0.00581785	-0.000147923	3.11144	-2.17635	4.39734e-06	-0.00291445	0.00194185	180	0	-0.098615	256.34	1.58646e-08	1555.72	200.462	0	-1088.18	180	0	0.00434306	123.001	0	-2.15823	235.999	0	0.000618569	31766
FRIGG	5.32632e-07	1.33238	1.92792	0	-0.9861	0.00581785	-0.000147843	3.11144	-2.17635	4.40751e-06	-0.00291444	0.00194184	180	0	-0.0985618	256.34	1.13811e-07	1555.72	200.462	0	-1088.18	180	0	0.0043531	123.001	0	-2.15822	235.999	0	0.000619058	31803
FRIGG	-4.90022e-05	1.33238	1.92792	-4.79369e-06	-0.986101	0.00582132	0.0279052	3.1131	-2.17807	0.00247532	1.72428e-05	0.00309369	179.997	0	18.6035	256.34	-0.00231845	1556.55	200.462	0	-1089.03	180	0	2.44476	123	0	-1.71233	235.999	0	-1.72511	31846
FRIGG	-4.90022e-05	1.33238	1.92792	-4.79369e-06	-0.986101	0.00582132	0.0279052	3.1131	-2.17807	0.00247532	1.72428e-05	0.00309369	179.997	0	18.6035	256.34	-0.00231845	1556.55	200.462	0	-1089.03	180	0	2.44476	123	0	-1.71233	235.999	0	-1.72511	31885
FRIGG	-5.53938e-05	1.33238	1.92793	-5.59264e-06	-0.986101	0.0058222	0.0123345	3.11198	-2.17701	0.000737594	-0.00144625	0.00260761	179.997	0	8.22299	256.34	0.000315142	1555.99	200.462	0	-1088.5	180	0	0.728488	123	0	-1.98432	235.999	0	-0.913027	31919
FRIGG	-4.6339e-05	1.33238	1.92792	-3.795e-06	-0.986101	0.00582198	0.00585191	3.11072	-2.17567	-0.000280854	-0.00228236	0.00265488	179.997	0	3.90127	256.34	0.00210627	1555.36	200.462	0	-1087.83	180	0	-0.277387	123	0	-2.32025	235.999	0	-0.629616	31950
FRIGG	-3.51537e-05	1.33238	1.92792	-1.5979e-06	-0.9861	0.00582149	0.00308924	3.11026	-2.17513	-0.000553346	-0.00268517	0.00264754	179.998	0	2.05949	256.34	0.0020023	1555.13	200.462	0	-1087.57	180	0	-0.546515	123	0	-2.46536	235.999	0	-0.476349	31991
FRIGG	-2.58327e-05	1.33238	1.92792	-1.99737e-07	-0.9861	0.00582087	0.00265028	3.11052	-2.1754	-0.000300585	-0.00271418	0.00251774	179.999	0	1.76685	256.34	0.000825155	1555.26	200.462	0	-1087.7	180	0	-0.296874	123	0	-2.404	235.999	0	-0.393492	32033
FRIGG	-2.58327e-05	1.33238	1.92792	-1.99737e-07	-0.9861	0.00582087	0.00265028	3.11052	-2.1754	-0.000300585	-0.00271418	0.00251774	179.999	0	1.76685	256.34	0.000825155	1555.26	200.462	0	-1087.7	180	0	-0.296874	123	0	-2.404	235.999	0	-0.393492	32063
FRIGG	-1.94411e-05	1.33238	1.92792	1.99737e-07	-0.9861	0.00582043	0.00207284	3.11103	-2.17594	3.5067e-05	-0.00265336	0.00229887	179.999	0	1.38189	256.34	-0.000267834	1555.52	200.462	0	-1087.97	180	0	0.034634	123	0	-2.25987	235.999	0	-0.294423	32103
FRIGG	-1.518e-05	1.33238	1.92792	-1.99737e-07	-0.9861	0.00581998	0.00209173	3.11146	-2.17639	0.000310079	-0.00255964	0.00215888	179.999	0	1.39449	256.34	-0.000773757	1555.73	200.462	0	-1088.19	180	0	0.306251	123	0	-2.14739	235.999	0	-0.25136	32146
FRIGG	-1.22505e-05	1.33238	1.92792	-7.98948e-07	-0.9861	0.00581963	0.00169489	3.11156	-2.1765	0.000382308	-0.00255479	0.00209506	179.999	0	1.12993	256.34	-0.000664665	1555.78	200.462	0	-1088.25	180	0	0.377588	123	0	-2.11014	235.999	0	-0.217706	32182
FRIGG	-9.58738e-06	1.33238	1.92792	-9.98685e-07	-0.9861	0.00581936	0.000964843	3.11149	-2.17643	0.000295908	-0.00263083	0.00209264	179.999	0	0.643229	256.34	-0.000292572	1555.75	200.462	0	-1088.22	180	0	0.292255	123	0	-2.13696	235.999	0	-0.188198	32224
FRIGG	-9.58738e-06	1.33238	1.92792	-9.98685e-07	-0.9861	0.00581936	0.000964843	3.11149	-2.17643	0.000295908	-0.00263083	0.00209264	179.999	0	0.643229	256.34	-0.000292572	1555.75	200.462	0	-1088.22	180	0	0.292255	123	0	-2.13696	235.999	0	-0.188198	32262
FRIGG	-6.6579e-06	1.33238	1.92792	-9.98685e-07	-0.9861	0.0058191	0.000122751	3.11136	-2.17629	0.000148803	-0.00271561	0.00209633	180	0	0.081834	256.34	2.20397e-05	1555.68	200.462	0	-1088.14	180	0	0.146966	123.001	0	-2.17041	235.999	0	-0.158847	32300
FRIGG	-3.99474e-06	1.33238	1.92792	-7.98948e-07	-0.9861	0.00581896	-0.000646395	3.11127	-2.17622	2.52315e-05	-0.00279851	0.00209505	180	0	-0.43093	256.34	0.000135921	1555.64	200.462	0	-1088.11	180	0	0.02492	123.001	0	-2.2004	235.999	0	-0.127433	32338
FRIGG	-1.06526e-06	1.33238	1.92792	-3.99474e-07	-0.9861	0.00581865	-0.00121372	3.11127	-2.17621	-3.47753e-05	-0.00283114	0.00206112	180	0	-0.809148	256.34	7.73196e-05	1555.63	200.462	0	-1088.11	180	0	-0.034346	123.001	0	-2.19364	235.999	0	-0.0964973	32372
FRIGG	1.06526e-06	1.33238	1.92792	-1.99737e-07	-0.9861	0.00581861	-0.0014991	3.11146	-2.17638	-4.53923e-05	-0.0028095	0.00200024	180	0	-0.999399	256.34	-0.000225979	1555.73	200.462	0	-1088.19	180	0	-0.044832	123.001	0	-2.1518	235.999	0	-0.0706871	32411
FRIGG	1.06526e-06	1.33238	1.92792	-1.99737e-07	-0.9861	0.00581861	-0.00147145	3.11153	-2.17645	-4.84384e-05	-0.00278714	0.00198529	180	0	-0.980969	256.34	-0.000420983	1555.76	200.462	0	-1088.23	180	0	-0.0478404	123.001	0	-2.13521	235.999	0	-0.0706615	32451
FRIGG	1.86421e-06	1.33238	1.92792	0	-0.9861	0.00581847	-2.07062e-05	3.11218	-2.17717	1.64005e-05	-0.00243928	0.00186954	180	0	-0.0138041	256.34	-0.00116333	1556.09	200.462	0	-1088.59	180	0	0.016198	123.001	0	-1.94207	235.999	0	-0.1352	32485
FRIGG	2.66316e-07	1.33238	1.92792	-1.99737e-07	-0.986101	0.00581856	0.000906433	3.11154	-2.17654	0.000120954	-0.00260221	0.00206588	180	0	0.604288	256.34	0.000295159	1555.77	200.462	0	-1088.27	180	0	0.119461	123.001	0	-2.11149	235.999	0	-0.183928	32525
FRIGG	-1.06526e-06	1.33238	1.92792	-3.99474e-07	-0.9861	0.00581865	0.00113986	3.111	-2.17598	0.000291834	-0.00280578	0.00218395	180	0	0.759909	256.34	0.000963897	1555.5	200.462	0	-1087.99	180	0	0.288231	123.001	0	-2.25249	235.999	0	-0.174129	32570
FRIGG	-1.86421e-06	1.33238	1.92792	-5.99211e-07	-0.9861	0.00581865	0.000477604	3.11072	-2.17569	3.8287e-05	-0.00289661	0.00227051	180	0	0.318402	256.34	0.00100504	1555.36	200.462	0	-1087.84	180	0	0.0378143	123.001	0	-2.33422	235.999	0	-0.188576	32605
FRIGG	-1.86421e-06	1.33238	1.92792	-5.99211e-07	-0.9861	0.00581865	0.000477604	3.11072	-2.17569	3.8287e-05	-0.00289661	0.00227051	180	0	0.318402	256.34	0.00100504	1555.36	200.462	0	-1087.84	180	0	0.0378143	123.001	0	-2.33422	235.999	0	-0.188576	32643
FRIGG	-7.98948e-07	1.33238	1.92792	-1.99737e-07	-0.9861	0.00581865	-0.000754338	3.11104	-2.176	-0.000210986	-0.00284266	0.00216567	180	0	-0.502892	256.34	0.000149079	1555.52	200.462	0	-1088	180	0	-0.208382	123.001	0	-2.25598	235.999	0	-0.150311	32685
FRIGG	1.06526e-06	1.33238	1.92792	3.99474e-07	-0.9861	0.00581856	-0.00152706	3.11133	-2.17631	-0.000282633	-0.00279125	0.0020501	180	0	-1.01804	256.34	-0.000343877	1555.66	200.462	0	-1088.16	180	0	-0.279143	123.001	0	-2.17274	235.999	0	-0.105148	32726
FRIGG	1.5979e-05	1.33238	1.92792	2.39684e-06	-0.9861	0.0058175	-0.0218489	3.11146	-2.1764	-0.0015979	-0.00444878	0.000907829	180.001	0	-14.5659	256.34	-0.000410064	1555.73	200.462	0	-1088.2	180	0	-1.57818	123.001	0	-2.15205	235.999	0	1.14335	32764
FRIGG	1.5979e-05	1.33238	1.92792	2.39684e-06	-0.9861	0.0058175	-0.0218489	3.11146	-2.1764	-0.0015979	-0.00444878	0.000907829	180.001	0	-14.5659	256.34	-0.000410064	1555.73	200.462	0	-1088.2	180	0	-1.57818	123.001	0	-2.15205	235.999	0	1.14335	32802
FRIGG	4.87358e-05	1.33238	1.92792	4.19448e-06	-0.9861	0.00581448	-0.0309951	3.11204	-2.17697	-0.00135464	-0.00543454	-2.09378e-05	180.003	0	-20.6634	256.34	-0.00120648	1556.02	200.462	0	-1088.48	180	0	-1.33791	123.001	0	-2.00116	236	0	2.02442	32839
FRIGG	7.21717e-05	1.33238	1.92792	4.79369e-06	-0.986101	0.00581191	-0.0298764	3.11273	-2.17769	-0.000975997	-0.00531401	-0.000270839	180.004	0	-19.9176	256.34	-0.00179378	1556.37	200.462	0	-1088.85	180	0	-0.963948	123.001	0	-1.81769	236	0	2.11862	32876
FRIGG	8.33569e-05	1.33238	1.92793	4.59395e-06	-0.986101	0.00581031	-0.0259374	3.11284	-2.17783	-0.000782376	-0.00500931	-0.000149777	180.005	0	-17.2916	256.34	-0.00126406	1556.42	200.462	0	-1088.91	180	0	-0.772717	123.001	0	-1.77209	236	0	1.93851	32914
FRIGG	8.41559e-05	1.33238	1.92793	4.39422e-06	-0.986101	0.00580986	-0.0213145	3.11223	-2.17724	-0.000758166	-0.0048317	0.000248737	180.005	0	-14.2097	256.34	0.000151733	1556.11	200.462	0	-1088.62	180	0	-0.748806	123.001	0	-1.92771	236	0	1.65133	32953
FRIGG	8.41559e-05	1.33238	1.92793	4.39422e-06	-0.986101	0.00580986	-0.0213145	3.11223	-2.17724	-0.000758166	-0.0048317	0.000248737	180.005	0	-14.2097	256.34	0.000151733	1556.11	200.462	0	-1088.62	180	0	-0.748806	123.001	0	-1.92771	236	0	1.65133	32990
FRIGG	7.88296e-05	1.33238	1.92793	4.19448e-06	-0.986101	0.00581004	-0.016389	3.11137	-2.17636	-0.000777758	-0.00470222	0.000743175	180.005	0	-10.926	256.34	0.00141168	1555.69	200.462	0	-1088.18	180	0	-0.768156	123.001	0	-2.15444	236	0	1.32869	33027
FRIGG	6.84432e-05	1.33238	1.92792	3.99474e-06	-0.986101	0.0058108	-0.011168	3.11073	-2.17568	-0.000720271	-0.0044731	0.00121354	180.004	0	-7.44531	256.34	0.0018491	1555.36	200.462	0	-1087.84	180	0	-0.711378	123.001	0	-2.3309	236	0	0.982513	33063
FRIGG	4.90022e-05	1.33238	1.92792	3.39553e-06	-0.9861	0.00581239	-0.00188508	3.11013	-2.17505	-0.000384029	-0.00385299	0.00191371	180.003	0	-1.25672	256.34	0.00213138	1555.06	200.462	0	-1087.52	180	0	-0.379288	123.001	0	-2.49021	236	0	0.363858	33101
FRIGG	4.18116e-05	1.33238	1.92792	3.19579e-06	-0.9861	0.00581306	-0.000968317	3.1102	-2.17509	-0.000335628	-0.00375951	0.00195879	180.002	0	-0.645545	256.34	0.00165315	1555.1	200.462	0	-1087.55	180	0	-0.331484	123.001	0	-2.48063	236	0	0.304196	33138
FRIGG	3.16916e-05	1.33238	1.92792	2.79632e-06	-0.9861	0.00581386	0.00119919	3.11048	-2.17539	-0.000220264	-0.00347828	0.00201933	180.002	0	0.799459	256.34	0.000778838	1555.24	200.462	0	-1087.69	180	0	-0.217544	123.001	0	-2.4101	236	0	0.166402	33177
FRIGG	1.65116e-05	1.33238	1.92792	1.99737e-06	-0.986099	0.00581519	0.00438804	3.11102	-2.17593	-2.30589e-05	-0.00300175	0.00207526	180.001	0	2.92536	256.34	-0.000313022	1555.51	200.462	0	-1087.97	180	0	-0.0227743	123.001	0	-2.26468	236	0	-0.0411616	33215
FRIGG	2.66316e-06	1.33238	1.92792	1.19842e-06	-0.9861	0.00581643	0.00707546	3.11136	-2.17633	0.00014395	-0.00262064	0.00215119	180	0	4.71697	256.34	-0.000722681	1555.68	200.462	0	-1088.17	180	0	0.142173	123.001	0	-2.16571	235.999	0	-0.224501	33252
FRIGG	-9.05475e-06	1.33238	1.92792	3.99474e-07	-0.9861	0.00581741	0.00881787	3.11146	-2.17644	0.000247147	-0.00241346	0.00224926	179.999	0	5.87858	256.34	-0.000603192	1555.73	200.462	0	-1088.22	180	0	0.244096	123.001	0	-2.14346	235.999	0	-0.355712	33293
FRIGG	-9.05475e-06	1.33238	1.92792	3.99474e-07	-0.9861	0.00581741	0.00881787	3.11146	-2.17644	0.000247147	-0.00241346	0.00224926	179.999	0	5.87858	256.34	-0.000603192	1555.73	200.462	0	-1088.22	180	0	0.244096	123.001	0	-2.14346	235.999	0	-0.355712	33334
FRIGG	-1.83758e-05	1.33238	1.92792	-1.99737e-07	-0.9861	0.00581839	0.00999614	3.11148	-2.17644	0.000303884	-0.00227325	0.00233445	179.999	0	6.66409	256.34	-0.000379359	1555.74	200.462	0	-1088.22	180	0	0.300132	123.001	0	-2.13886	235.999	0	-0.454969	33372
FRIGG	-2.53e-05	1.33238	1.92792	-5.99211e-07	-0.9861	0.00581901	0.0103688	3.11144	-2.1764	0.000373934	-0.00222905	0.00237023	179.999	0	6.91252	256.34	-0.000191202	1555.72	200.462	0	-1088.2	180	0	0.369317	123.001	0	-2.14237	235.999	0	-0.491223	33409
FRIGG	-3.036e-05	1.33238	1.92792	-1.39816e-06	-0.9861	0.00581945	0.0104557	3.11143	-2.17638	0.000538755	-0.00224221	0.00238285	179.998	0	6.97044	256.34	-0.000104359	1555.71	200.462	0	-1088.19	180	0	0.532103	123	0	-2.15425	235.999	0	-0.493355	33446
FRIGG	-3.27569e-05	1.33238	1.92792	-1.79763e-06	-0.9861	0.00581976	0.00960036	3.11138	-2.17637	0.000453837	-0.00227243	0.00236417	179.998	0	6.40024	256.34	-2.20491e-05	1555.69	200.462	0	-1088.18	180	0	0.448234	123	0	-2.15507	235.999	0	-0.471786	33487
FRIGG	-3.27569e-05	1.33238	1.92792	-1.79763e-06	-0.9861	0.00581981	0.00834678	3.11139	-2.17637	0.000340749	-0.00233796	0.00231975	179.998	0	5.56452	256.34	-3.00097e-05	1555.7	200.462	0	-1088.19	180	0	0.336542	123	0	-2.15466	235.999	0	-0.422836	33530
FRIGG	-3.27569e-05	1.33238	1.92792	-1.79763e-06	-0.9861	0.00581981	0.00827206	3.11139	-2.17637	0.00033397	-0.00234441	0.00231464	179.998	0	5.51471	256.34	-3.52898e-05	1555.7	200.462	0	-1088.19	180	0	0.329847	123	0	-2.15421	235.999	0	-0.417609	33568
FRIGG	-3.08927e-05	1.33238	1.92792	-1.5979e-06	-0.9861	0.00581981	0.00674241	3.11146	-2.17641	0.000280493	-0.00244958	0.00222798	179.998	0	4.49494	256.34	-0.000101688	1555.73	200.462	0	-1088.2	180	0	0.27703	123	0	-2.14502	235.999	0	-0.330512	33602
FRIGG	-2.58327e-05	1.33238	1.92792	-1.39816e-06	-0.9861	0.00581945	0.000945573	3.11161	-2.17658	7.20374e-05	-0.00287956	0.00186933	179.999	0	0.630382	256.34	-0.000325553	1555.8	200.462	0	-1088.29	180	0	0.071148	123	0	-2.10502	235.999	0	0.0279864	33647
FRIGG	-1.67779e-05	1.33238	1.92792	-9.98685e-07	-0.9861	0.00581865	0.000819654	3.11165	-2.17661	4.21954e-05	-0.00290335	0.00182393	179.999	0	0.546436	256.34	-0.000225713	1555.83	200.462	0	-1088.31	180	0	0.0416745	123.001	0	-2.08861	235.999	0	0.0620218	33684
FRIGG	-1.67779e-05	1.33238	1.92792	-9.98685e-07	-0.9861	0.00581865	0.000819654	3.11165	-2.17661	4.21954e-05	-0.00290335	0.00182393	179.999	0	0.546436	256.34	-0.000225713	1555.83	200.462	0	-1088.31	180	0	0.0416745	123.001	0	-2.08861	235.999	0	0.0620218	33723
FRIGG	-1.25169e-05	1.33238	1.92792	-5.99211e-07	-0.9861	0.0058183	0.00152568	3.11148	-2.17644	5.09747e-05	-0.00288459	0.00191729	179.999	0	1.01712	256.34	9.88538e-05	1555.74	200.462	0	-1088.22	180	0	0.0503454	123.001	0	-2.13353	235.999	0	0.00320303	33767
FRIGG	-9.8537e-06	1.33238	1.92792	-3.99474e-07	-0.9861	0.00581812	0.00137366	3.11133	-2.17631	2.16799e-05	-0.0029333	0.00194971	179.999	0	0.915771	256.34	0.000260025	1555.67	200.462	0	-1088.16	180	0	0.0214123	123.001	0	-2.16958	235.999	0	0.00323747	33800
FRIGG	-7.98948e-06	1.33238	1.92792	-1.99737e-07	-0.9861	0.00581803	0.00109541	3.11128	-2.17626	-5.75374e-06	-0.00296456	0.00194864	180	0	0.730274	256.34	0.000242311	1555.64	200.462	0	-1088.13	180	0	-0.00568271	123.001	0	-2.18056	235.999	0	0.0154054	33835
FRIGG	-6.39159e-06	1.33238	1.92792	-1.99737e-07	-0.9861	0.00581794	0.000912544	3.11131	-2.17628	-1.79463e-05	-0.00297227	0.00193743	180	0	0.608363	256.34	0.000127861	1555.65	200.462	0	-1088.14	180	0	-0.0177248	123.001	0	-2.17719	235.999	0	0.0244914	33873
FRIGG	-6.39159e-06	1.33238	1.92792	-1.99737e-07	-0.9861	0.00581794	0.000912544	3.11131	-2.17628	-1.79463e-05	-0.00297227	0.00193743	180	0	0.608363	256.34	0.000127861	1555.65	200.462	0	-1088.14	180	0	-0.0177248	123.001	0	-2.17719	235.999	0	0.0244914	33911
FRIGG	-5.06001e-06	1.33238	1.92792	0	-0.9861	0.00581785	0.000832349	3.11137	-2.17632	-1.63251e-05	-0.00297142	0.00192897	180	0	0.554899	256.34	1.03451e-05	1555.68	200.462	0	-1088.16	180	0	-0.0161236	123.001	0	-2.17218	235.999	0	0.0288748	33950
FRIGG	-4.52737e-06	1.33238	1.92792	0	-0.9861	0.00581776	0.000840572	3.1114	-2.17635	-7.04746e-06	-0.00295693	0.00192069	180	0	0.560381	256.34	-5.70557e-05	1555.7	200.462	0	-1088.18	180	0	-0.00696045	123.001	0	-2.16221	235.999	0	0.0281052	33988
FRIGG	-3.99474e-06	1.33238	1.92792	0	-0.9861	0.00581781	0.000907253	3.11141	-2.17639	1.74162e-06	-0.00293189	0.00191385	180	0	0.604835	256.34	-6.41751e-05	1555.7	200.462	0	-1088.2	180	0	0.00172012	123.001	0	-2.14914	235.999	0	0.0226314	34033
FRIGG	-3.72843e-06	1.33238	1.92792	0	-0.9861	0.00581768	0.00100054	3.11142	-2.17638	6.02528e-06	-0.00292578	0.00192452	180	0	0.667029	256.34	-3.43491e-05	1555.71	200.462	0	-1088.19	180	0	0.0059509	123.001	0	-2.1528	235.999	0	0.0144448	34070
FRIGG	-3.72843e-06	1.33238	1.92792	0	-0.9861	0.00581768	0.00107463	3.11142	-2.17638	8.65214e-06	-0.00292041	0.00192905	180	0	0.716423	256.34	-3.01672e-05	1555.71	200.462	0	-1088.19	180	0	0.00854533	123.001	0	-2.15333	235.999	0	0.00993467	34111
FRIGG	-4.52737e-06	1.33238	1.92792	-1.99737e-07	-0.9861	0.00581785	0.00199936	3.11144	-2.17639	0.000298983	-0.00289904	0.00193557	180	0	1.33291	256.34	-7.25039e-05	1555.72	200.462	0	-1088.2	180	0	0.295292	123.001	0	-2.14903	235.999	0	-0.00159572	34153
FRIGG	-6.12527e-06	1.33238	1.92792	-7.98948e-07	-0.9861	0.00581785	0.00250161	3.11147	-2.17643	0.000495874	-0.00286343	0.00193536	180	0	1.66774	256.34	-6.88137e-05	1555.74	200.462	0	-1088.21	180	0	0.489752	123.001	0	-2.13573	235.999	0	-0.0146689	34189
FRIGG	-6.92422e-06	1.33238	1.92792	-1.19842e-06	-0.9861	0.00581785	0.00214085	3.11141	-2.17636	0.000326573	-0.00286244	0.00196724	180	0	1.42723	256.34	5.96838e-05	1555.7	200.462	0	-1088.18	180	0	0.322541	123.001	0	-2.15307	235.999	0	-0.0327462	34230
FRIGG	-6.92422e-06	1.33238	1.92792	-1.19842e-06	-0.9861	0.00581785	0.00214085	3.11141	-2.17636	0.000326573	-0.00286244	0.00196724	180	0	1.42723	256.34	5.96838e-05	1555.7	200.462	0	-1088.18	180	0	0.322541	123.001	0	-2.15307	235.999	0	-0.0327462	34274
FRIGG	-6.6579e-06	1.33238	1.92792	-1.19842e-06	-0.9861	0.00581794	0.00145612	3.11134	-2.17633	7.36665e-05	-0.00288242	0.00199164	180	0	0.970749	256.34	0.00011872	1555.67	200.462	0	-1088.16	180	0	0.072757	123.001	0	-2.17403	235.999	0	-0.0389028	34314
FRIGG	-5.85895e-06	1.33238	1.92792	-5.99211e-07	-0.9861	0.00581799	0.000832923	3.11133	-2.17631	-0.000126633	-0.00288102	0.00198572	180	0	0.555282	256.34	8.40591e-05	1555.66	200.462	0	-1088.16	180	0	-0.12507	123.001	0	-2.17023	235.999	0	-0.0361341	34356
FRIGG	-4.52737e-06	1.33238	1.92792	0	-0.9861	0.00581794	0.000461341	3.11137	-2.17632	-0.000219793	-0.00289236	0.00198049	180	0	0.307561	256.34	8.61507e-06	1555.68	200.462	0	-1088.16	180	0	-0.217079	123.001	0	-2.17152	235.999	0	-0.0290286	34396
FRIGG	-3.19579e-06	1.33238	1.92792	3.99474e-07	-0.9861	0.00581799	0.000343083	3.1114	-2.17638	-0.000222587	-0.00287475	0.00195672	180	0	0.228722	256.34	-4.74305e-05	1555.7	200.462	0	-1088.19	180	0	-0.219839	123.001	0	-2.15179	235.999	0	-0.0223427	34433
FRIGG	-3.19579e-06	1.33238	1.92792	3.99474e-07	-0.9861	0.00581799	0.000343083	3.1114	-2.17638	-0.000222587	-0.00287475	0.00195672	180	0	0.228722	256.34	-4.74305e-05	1555.7	200.462	0	-1088.19	180	0	-0.219839	123.001	0	-2.15179	235.999	0	-0.0223427	34468
FRIGG	-2.39684e-06	1.33238	1.92792	7.98948e-07	-0.9861	0.00581799	0.000180097	3.11137	-2.17636	-0.000336218	-0.00285909	0.00197603	180	0	0.120064	256.34	-4.11638e-07	1555.69	200.462	0	-1088.18	180	0	-0.332067	123.001	0	-2.15672	235.999	0	-0.0388706	34509
FRIGG	-1.5979e-06	1.33238	1.92792	9.98685e-07	-0.9861	0.00581799	0.000160066	3.11138	-2.17636	-0.000244324	-0.00289155	0.00195372	180	0	0.106711	256.34	-1.49707e-05	1555.69	200.462	0	-1088.18	180	0	-0.241307	123.001	0	-2.15634	235.999	0	-0.0144535	34542
FRIGG	-1.5979e-06	1.33238	1.92792	9.98685e-07	-0.9861	0.00581794	0.000475712	3.11139	-2.17637	-9.68434e-05	-0.00289472	0.00194732	180	0	0.317141	256.34	-2.99124e-05	1555.69	200.462	0	-1088.19	180	0	-0.0956478	123.001	0	-2.15397	235.999	0	-0.00972515	34579
FRIGG	-1.86421e-06	1.33238	1.92792	7.98948e-07	-0.9861	0.00581794	0.00072454	3.11141	-2.17636	-2.6765e-06	-0.00289581	0.00195187	180	0	0.483027	256.34	-5.22044e-06	1555.7	200.462	0	-1088.18	180	0	-0.00264346	123.001	0	-2.15689	235.999	0	-0.0118525	34619
FRIGG	-1.86421e-06	1.33238	1.92792	7.98948e-07	-0.9861	0.00581794	0.00072454	3.11141	-2.17636	-2.6765e-06	-0.00289581	0.00195187	180	0	0.483027	256.34	-5.22044e-06	1555.7	200.462	0	-1088.18	180	0	-0.00264346	123.001	0	-2.15689	235.999	0	-0.0118525	34657
FRIGG	-2.13053e-06	1.33238	1.92792	3.99474e-07	-0.9861	0.00581794	0.000810415	3.11136	-2.17634	2.26703e-05	-0.0028961	0.00195957	180	0	0.540277	256.34	2.5283e-05	1555.68	200.462	0	-1088.17	180	0	0.0223904	123.001	0	-2.16128	235.999	0	-0.0160194	34696
FRIGG	-2.39684e-06	1.33238	1.92792	1.99737e-07	-0.9861	0.00581794	0.000766079	3.11135	-2.17634	3.04996e-06	-0.00289487	0.00196377	180	0	0.510719	256.34	3.60606e-05	1555.68	200.462	0	-1088.17	180	0	0.00301231	123.001	0	-2.16316	235.999	0	-0.0188097	34733
FRIGG	-2.39684e-06	1.33238	1.92792	1.99737e-07	-0.9861	0.00581794	0.000676939	3.11136	-2.17634	-2.428e-05	-0.00289211	0.00196243	180	0	0.451292	256.34	2.16682e-05	1555.68	200.462	0	-1088.17	180	0	-0.0239803	123.001	0	-2.16139	235.999	0	-0.019087	34774
FRIGG	-2.39684e-06	1.33238	1.92792	1.99737e-07	-0.9861	0.00581794	0.000612237	3.11138	-2.17636	-3.67143e-05	-0.00288924	0.00195801	180	0	0.408158	256.34	-3.3709e-06	1555.69	200.462	0	-1088.18	180	0	-0.0362611	123.001	0	-2.15787	235.999	0	-0.0176953	34817
FRIGG	-2.39684e-06	1.33238	1.92792	1.99737e-07	-0.9861	0.00581794	0.000610708	3.11138	-2.17636	-3.64888e-05	-0.00288917	0.00195772	180	0	0.407139	256.34	-5.57309e-06	1555.69	200.462	0	-1088.18	180	0	-0.0360383	123.001	0	-2.15768	235.999	0	-0.0175591	34856
FRIGG	-2.39684e-06	1.33238	1.92792	1.99737e-07	-0.9861	0.00581794	0.000589171	3.11139	-2.17637	-3.06782e-05	-0.00288781	0.00195321	180	0	0.392781	256.34	-2.65132e-05	1555.69	200.462	0	-1088.18	180	0	-0.0302995	123.001	0	-2.15468	235.999	0	-0.0155543	34898
FRIGG	-2.13053e-06	1.33238	1.92792	1.99737e-07	-0.9861	0.00581794	0.000618807	3.11139	-2.17637	-5.89947e-06	-0.00288886	0.00195053	180	0	0.412538	256.34	-3.33543e-05	1555.7	200.462	0	-1088.19	180	0	-0.00582664	123.001	0	-2.15358	235.999	0	-0.0136777	34937
FRIGG	-2.13053e-06	1.33238	1.92792	1.99737e-07	-0.9861	0.00581785	0.000668045	3.11142	-2.1764	2.29013e-05	-0.00289152	0.00195051	180	0	0.445363	256.34	-2.43506e-05	1555.71	200.462	0	-1088.2	180	0	0.0226186	123.001	0	-2.15455	235.999	0	-0.012686	34978
FRIGG	-2.13053e-06	1.33238	1.92792	1.99737e-07	-0.9861	0.00581785	0.000668045	3.11142	-2.1764	2.29013e-05	-0.00289152	0.00195051	180	0	0.445363	256.34	-2.43506e-05	1555.71	200.462	0	-1088.2	180	0	0.0226186	123.001	0	-2.15455	235.999	0	-0.012686	35011
FRIGG	-2.39684e-06	1.33238	1.92792	0	-0.9861	0.00581785	0.000707839	3.11141	-2.17639	4.50164e-05	-0.00289455	0.0019524	180	0	0.471892	256.34	-7.66546e-06	1555.7	200.462	0	-1088.2	180	0	0.0444606	123.001	0	-2.15673	235.999	0	-0.0126112	35053
FRIGG	-2.39684e-06	1.33238	1.92792	0	-0.9861	0.00581785	0.000723499	3.1114	-2.17639	5.86581e-05	-0.0028971	0.00195399	180	0	0.482333	256.34	4.84693e-06	1555.7	200.462	0	-1088.19	180	0	0.0579339	123.001	0	-2.15855	235.999	0	-0.0125506	35095
FRIGG	-2.66316e-06	1.33238	1.92792	-1.99737e-07	-0.9861	0.00581785	0.000965718	3.11142	-2.1764	0.000182799	-0.00289835	0.00194616	180	0	0.643812	256.34	-2.27348e-05	1555.71	200.462	0	-1088.2	180	0	0.180542	123.001	0	-2.15467	235.999	0	-0.00773651	35133
FRIGG	-2.92948e-06	1.33238	1.92792	-3.99474e-07	-0.9861	0.00581785	0.000832975	3.11139	-2.17638	9.67524e-05	-0.00289158	0.00196249	180	0	0.555317	256.34	2.70755e-05	1555.7	200.462	0	-1088.19	180	0	0.0955579	123.001	0	-2.16123	235.999	0	-0.0193148	35177
FRIGG	-2.92948e-06	1.33238	1.92792	-3.99474e-07	-0.9861	0.00581785	0.000832975	3.11139	-2.17638	9.67524e-05	-0.00289158	0.00196249	180	0	0.555317	256.34	2.70755e-05	1555.7	200.462	0	-1088.19	180	0	0.0955579	123.001	0	-2.16123	235.999	0	-0.0193148	35209
FRIGG	-2.66316e-06	1.33238	1.92792	-3.99474e-07	-0.9861	0.00581785	0.000554736	3.11135	-2.17636	-7.39526e-06	-0.00289356	0.00196681	180	0	0.369824	256.34	4.56994e-05	1555.67	200.462	0	-1088.18	180	0	-0.00730396	123.001	0	-2.16436	235.999	0	-0.0209819	35247
FRIGG	-2.39684e-06	1.33238	1.92792	0	-0.9861	0.00581794	0.000354178	3.11136	-2.17634	-6.39506e-05	-0.00289407	0.00196138	180	0	0.236119	256.34	2.19421e-05	1555.68	200.462	0	-1088.17	180	0	-0.0631611	123.001	0	-2.16153	235.999	0	-0.0177795	35284
FRIGG	-1.86421e-06	1.33238	1.92792	0	-0.9861	0.00581794	0.000291561	3.11138	-2.17636	-6.56959e-05	-0.00289314	0.00195336	180	0	0.194374	256.34	-1.26047e-05	1555.69	200.462	0	-1088.18	180	0	-0.0648848	123.001	0	-2.15673	235.999	0	-0.0136706	35321
FRIGG	-1.5979e-06	1.33238	1.92792	1.99737e-07	-0.9861	0.00581785	0.000330941	3.11139	-2.17637	-3.41349e-05	-0.00289323	0.00194827	180	0	0.220627	256.34	-3.1239e-05	1555.69	200.462	0	-1088.19	180	0	-0.0337135	123.001	0	-2.15394	235.999	0	-0.0108049	35366
FRIGG	-1.5979e-06	1.33238	1.92792	1.99737e-07	-0.9861	0.00581785	0.000330941	3.11139	-2.17637	-3.41349e-05	-0.00289323	0.00194827	180	0	0.220627	256.34	-3.1239e-05	1555.69	200.462	0	-1088.19	180	0	-0.0337135	123.001	0	-2.15394	235.999	0	-0.0108049	35402
FRIGG	-1.33158e-06	1.33238	1.92792	1.99737e-07	-0.9861	0.00581785	0.000404845	3.11142	-2.1764	2.93737e-06	-0.00289507	0.00194783	180	0	0.269897	256.34	-2.48835e-05	1555.71	200.462	0	-1088.2	180	0	0.00290111	123.001	0	-2.15437	235.999	0	-0.00988004	35434
FRIGG	-1.5979e-06	1.33238	1.92792	0	-0.9861	0.00581785	0.000457051	3.11141	-2.17639	2.65396e-05	-0.0028979	0.00195073	180	0	0.3047	256.34	-4.96349e-06	1555.7	200.462	0	-1088.2	180	0	0.0262119	123.001	0	-2.15703	235.999	0	-0.0104419	35479
FRIGG	-1.5979e-06	1.33238	1.92792	0	-0.9861	0.00581785	0.000466101	3.1114	-2.17638	3.15531e-05	-0.00289996	0.00195403	180	0	0.310734	256.34	1.33603e-05	1555.7	200.462	0	-1088.19	180	0	0.0311635	123.001	0	-2.15963	235.999	0	-0.0115116	35517
FRIGG	-1.5979e-06	1.33238	1.92792	0	-0.9861	0.00581785	0.000466101	3.1114	-2.17638	3.15531e-05	-0.00289996	0.00195403	180	0	0.310734	256.34	1.33603e-05	1555.7	200.462	0	-1088.19	180	0	0.0311635	123.001	0	-2.15963	235.999	0	-0.0115116	35550
FRIGG	-1.5979e-06	1.33238	1.92792	0	-0.9861	0.00581785	0.000436428	3.11139	-2.17638	2.32704e-05	-0.00290048	0.00195568	180	0	0.290952	256.34	2.04418e-05	1555.7	200.462	0	-1088.19	180	0	0.0229831	123.001	0	-2.16074	235.999	0	-0.0122357	35595
FRIGG	-1.5979e-06	1.33238	1.92792	0	-0.9861	0.00581785	0.000390636	3.11137	-2.17635	1.08581e-05	-0.00289957	0.00195526	180	0	0.260424	256.34	1.37749e-05	1555.68	200.462	0	-1088.17	180	0	0.010724	123.001	0	-2.16017	235.999	0	-0.0123415	35633
FRIGG	-1.33158e-06	1.33238	1.92792	0	-0.9861	0.00581785	0.000348413	3.11137	-2.17635	1.55774e-06	-0.00289809	0.00195358	180	0	0.232275	256.34	2.84767e-06	1555.69	200.462	0	-1088.18	180	0	0.0015385	123.001	0	-2.15869	235.999	0	-0.0119552	35671
FRIGG	-1.33158e-06	1.33238	1.92792	0	-0.9861	0.00581785	0.000316835	3.11138	-2.17636	-1.77538e-06	-0.00289732	0.00195157	180	0	0.211224	256.34	-6.94786e-06	1555.69	200.462	0	-1088.18	180	0	-0.00175346	123.001	0	-2.15729	235.999	0	-0.0111229	35712
FRIGG	-1.33158e-06	1.33238	1.92792	0	-0.9861	0.00581785	0.000316835	3.11138	-2.17636	-1.77538e-06	-0.00289732	0.00195157	180	0	0.211224	256.34	-6.94786e-06	1555.69	200.462	0	-1088.18	180	0	-0.00175346	123.001	0	-2.15729	235.999	0	-0.0111229	35752
FRIGG	-1.33158e-06	1.33238	1.92792	0	-0.9861	0.00581785	0.00030708	3.11138	-2.17639	1.26588e-08	-0.00289699	0.0019507	180	0	0.20472	256.34	-1.07472e-05	1555.69	200.462	0	-1088.2	180	0	1.25026e-05	123.001	0	-2.15669	235.999	0	-0.0107636	35794
FRIGG	-1.06526e-06	1.33238	1.92792	0	-0.9861	0.00581785	0.000301575	3.11138	-2.17639	3.91148e-06	-0.00289791	0.0019506	180	0	0.20105	256.34	-8.42081e-06	1555.69	200.462	0	-1088.2	180	0	0.00386319	123.001	0	-2.15697	235.999	0	-0.0103687	35835
FRIGG	-1.06526e-06	1.33238	1.92792	0	-0.9861	0.00581785	0.000297114	3.11141	-2.17639	7.33228e-06	-0.00289916	0.001951	180	0	0.198076	256.34	-1.56259e-06	1555.7	200.462	0	-1088.19	180	0	0.00724176	123.001	0	-2.15765	235.999	0	-0.0101278	35868
FRIGG	-1.06526e-06	1.33238	1.92792	0	-0.9861	0.00581785	0.000289803	3.1114	-2.17639	8.92434e-06	-0.00290018	0.00195155	180	0	0.193202	256.34	3.22608e-06	1555.7	200.462	0	-1088.19	180	0	0.00881416	123.001	0	-2.15833	235.999	0	-0.0100515	35907
FRIGG	-1.06526e-06	1.33238	1.92792	0	-0.9861	0.00581785	0.000289803	3.1114	-2.17639	8.92434e-06	-0.00290018	0.00195155	180	0	0.193202	256.34	3.22608e-06	1555.7	200.462	0	-1088.19	180	0	0.00881416	123.001	0	-2.15833	235.999	0	-0.0100515	35942
FRIGG	-1.06526e-06	1.33238	1.92792	0	-0.9861	0.00581785	0.000277539	3.11137	-2.17639	8.70424e-06	-0.00290077	0.00195179	180	0	0.185026	256.34	3.85666e-06	1555.69	200.462	0	-1088.19	180	0	0.00859678	123.001	0	-2.15869	235.999	0	-0.00996447	35974
FRIGG	-1.06526e-06	1.33238	1.92792	0	-0.9861	0.00581785	0.000263262	3.11137	-2.17639	7.50115e-06	-0.00290082	0.0019516	180	0	0.175508	256.34	2.94758e-06	1555.69	200.462	0	-1088.19	180	0	0.00740854	123.001	0	-2.1586	235.999	0	-0.00984141	36014
FRIGG	-1.06526e-06	1.33238	1.92792	0	-0.9861	0.00581785	0.000248139	3.11137	-2.17639	6.23816e-06	-0.00290073	0.00195114	180	0	0.165426	256.34	7.85352e-07	1555.69	200.462	0	-1088.19	180	0	0.00616114	123.001	0	-2.15831	235.999	0	-0.00962249	36046
FRIGG	-7.98948e-07	1.33238	1.92792	0	-0.9861	0.00581785	0.000234512	3.11137	-2.17639	5.49811e-06	-0.00290064	0.00195066	180	0	0.156341	256.34	-1.34932e-06	1555.69	200.462	0	-1088.19	180	0	0.00543024	123.001	0	-2.15801	235.999	0	-0.00938854	36091
FRIGG	-7.98948e-07	1.33238	1.92792	0	-0.9861	0.00581785	0.000234512	3.11137	-2.17639	5.49811e-06	-0.00290064	0.00195066	180	0	0.156341	256.34	-1.34932e-06	1555.69	200.462	0	-1088.19	180	0	0.00543024	123.001	0	-2.15801	235.999	0	-0.00938854	36124
FRIGG	-7.98948e-07	1.33238	1.92792	0	-0.9861	0.00581785	0.000222959	3.11137	-2.17639	5.38423e-06	-0.0029007	0.00195031	180	0	0.148639	256.34	-2.4838e-06	1555.69	200.462	0	-1088.19	180	0	0.00531776	123.001	0	-2.15784	235.999	0	-0.00916932	36163
FRIGG	-7.98948e-07	1.33238	1.92792	0	-0.9861	0.00581785	0.000213016	3.11137	-2.17639	5.68091e-06	-0.00290095	0.00195013	180	0	0.142011	256.34	-2.44255e-06	1555.69	200.462	0	-1088.19	180	0	0.00561078	123.001	0	-2.15783	235.999	0	-0.00897781	36206
FRIGG	-7.98948e-07	1.33238	1.92792	0	-0.9861	0.00581785	0.000203773	3.11137	-2.17639	6.0734e-06	-0.00290134	0.00195006	180	0	0.135848	256.34	-1.64952e-06	1555.69	200.462	0	-1088.19	180	0	0.00599842	123.001	0	-2.15794	235.999	0	-0.00879924	36246
FRIGG	-7.98948e-07	1.33238	1.92792	0	-0.9861	0.00581785	0.000194877	3.11137	-2.17639	6.33513e-06	-0.00290186	0.00194996	180	0	0.129918	256.34	3.29228e-07	1555.69	200.462	0	-1088.19	180	0	0.00625692	123.001	0	-2.15807	235.999	0	-0.00855025	36282
FRIGG	-7.98948e-07	1.33238	1.92792	0	-0.9861	0.00581785	0.000194877	3.11137	-2.17639	6.33513e-06	-0.00290186	0.00194996	180	0	0.129918	256.34	3.29228e-07	1555.69	200.462	0	-1088.19	180	0	0.00625692	123.001	0	-2.15807	235.999	0	-0.00855025	36322
FRIGG	-7.98948e-07	1.33238	1.92792	0	-0.9861	0.00581785	0.000185835	3.11137	-2.17639	6.39133e-06	-0.00290218	0.00194989	180	0	0.12389	256.34	1.95589e-07	1555.69	200.462	0	-1088.19	180	0	0.00631242	123.001	0	-2.15815	235.999	0	-0.00839354	36361
FRIGG	-5.32632e-07	1.33238	1.92792	0	-0.9861	0.00581785	0.000176852	3.11137	-2.17639	6.28729e-06	-0.0029024	0.00194977	180	0	0.117902	256.34	-6.60133e-08	1555.69	200.462	0	-1088.19	180	0	0.00620967	123.001	0	-2.15817	235.999	0	-0.00823919	36400
FRIGG	-5.32632e-07	1.33238	1.92792	0	-0.9861	0.00581785	0.000167636	3.11141	-2.17639	6.12443e-06	-0.00290248	0.00194965	180	0	0.111757	256.34	-1.77354e-07	1555.7	200.462	0	-1088.19	180	0	0.00604881	123.001	0	-2.15813	235.999	0	-0.0081449	36436
FRIGG	-5.32632e-07	1.33238	1.92792	0	-0.9861	0.00581785	0.000166765	3.11136	-2.17639	6.10583e-06	-0.0029026	0.00194951	180	0	0.111177	256.34	2.83798e-07	1555.68	200.462	0	-1088.19	180	0	0.00603045	123.001	0	-2.1581	235.999	0	-0.00802429	36473
FRIGG	-5.32632e-07	1.33238	1.92792	0	-0.9861	0.00581785	0.000158668	3.11137	-2.17639	5.98614e-06	-0.00290268	0.00194943	180	0	0.105779	256.34	-1.79153e-07	1555.69	200.462	0	-1088.19	180	0	0.00591224	123.001	0	-2.15808	235.999	0	-0.00794966	36516
FRIGG	-5.32632e-07	1.33238	1.92792	0	-0.9861	0.00581785	0.000150747	3.11137	-2.17639	5.91564e-06	-0.00290282	0.00194924	180	0	0.100498	256.34	1.93393e-07	1555.69	200.462	0	-1088.19	180	0	0.0058426	123.001	0	-2.15803	235.999	0	-0.00779333	36553
FRIGG	-5.32632e-07	1.33238	1.92792	0	-0.9861	0.00581785	0.000142642	3.11137	-2.17639	5.90038e-06	-0.0029031	0.00194908	180	0	0.0950945	256.34	-3.23376e-07	1555.69	200.462	0	-1088.19	180	0	0.00582753	123.001	0	-2.15804	235.999	0	-0.00759822	36592
FRIGG	-5.32632e-07	1.33238	1.92792	0	-0.9861	0.00581785	0.000135053	3.11141	-2.17639	5.9179e-06	-0.00290335	0.00194891	180	0	0.090035	256.34	-5.58687e-08	1555.7	200.462	0	-1088.19	180	0	0.00584484	123.001	0	-2.15804	235.999	0	-0.0074106	36637
FRIGG	-5.32632e-07	1.33238	1.92792	0	-0.9861	0.00581785	0.000135053	3.11141	-2.17639	5.9179e-06	-0.00290335	0.00194891	180	0	0.090035	256.34	-5.58687e-08	1555.7	200.462	0	-1088.19	180	0	0.00584484	123.001	0	-2.15804	235.999	0	-0.0074106	36672
FRIGG	-5.32632e-07	1.33238	1.92792	0	-0.9861	0.00581785	0.000127773	3.11137	-2.17639	5.93532e-06	-0.00290349	0.00194884	180	0	0.0851819	256.34	1.20174e-07	1555.69	200.462	0	-1088.19	180	0	0.00586205	123.001	0	-2.15806	235.999	0	-0.00731889	36713
FRIGG	-5.32632e-07	1.33238	1.92792	0	-0.9861	0.00581785	0.000120929	3.11137	-2.17639	5.93213e-06	-0.00290373	0.0019487	180	0	0.0806192	256.34	2.42316e-07	1555.69	200.462	0	-1088.19	180	0	0.00585889	123.001	0	-2.15806	235.999	0	-0.00715289	36749
FRIGG	-2.66316e-07	1.33238	1.92792	0	-0.9861	0.00581785	0.000114152	3.1114	-2.17639	5.90491e-06	-0.00290396	0.00194853	180	0	0.0761013	256.34	5.04401e-07	1555.7	200.462	0	-1088.19	180	0	0.00583201	123.001	0	-2.15806	235.999	0	-0.00697818	36787
FRIGG	-2.66316e-07	1.33238	1.92792	0	-0.9861	0.00581785	0.000107749	3.11141	-2.17639	5.86935e-06	-0.0029041	0.00194849	180	0	0.071833	256.34	-9.32639e-08	1555.7	200.462	0	-1088.19	180	0	0.00579689	123.001	0	-2.15808	235.999	0	-0.00690037	36828
FRIGG	-2.66316e-07	1.33238	1.92792	0	-0.9861	0.00581785	0.000107749	3.11141	-2.17639	5.86935e-06	-0.0029041	0.00194849	180	0	0.071833	256.34	-9.32639e-08	1555.7	200.462	0	-1088.19	180	0	0.00579689	123.001	0	-2.15808	235.999	0	-0.00690037	36874
FRIGG	-2.66316e-07	1.33238	1.92792	0	-0.9861	0.00581785	0.000101407	3.11137	-2.17639	5.82748e-06	-0.00290433	0.00194832	180	0	0.0676047	256.34	-1.60502e-08	1555.69	200.462	0	-1088.19	180	0	0.00575554	123.001	0	-2.15808	235.999	0	-0.00672243	36911
FRIGG	-2.66316e-07	1.33238	1.92792	0	-0.9861	0.00581785	9.53037e-05	3.11141	-2.17639	5.79509e-06	-0.00290458	0.00194816	180	0	0.0635358	256.34	-3.77818e-07	1555.7	200.462	0	-1088.19	180	0	0.00572354	123.001	0	-2.15808	235.999	0	-0.00654183	36951
FRIGG	-2.66316e-07	1.33238	1.92792	0	-0.9861	0.00581785	8.931e-05	3.11137	-2.17639	5.77013e-06	-0.0029047	0.00194807	180	0	0.05954	256.34	-3.73436e-07	1555.69	200.462	0	-1088.19	180	0	0.00569889	123.001	0	-2.15808	235.999	0	-0.00644796	36992
FRIGG	-2.66316e-07	1.33238	1.92792	0	-0.9861	0.00581785	8.36599e-05	3.11137	-2.17639	5.75146e-06	-0.00290493	0.0019479	180	0	0.0557733	256.34	-9.38236e-08	1555.69	200.462	0	-1088.19	180	0	0.00568046	123.001	0	-2.15807	235.999	0	-0.0062658	37032
FRIGG	-2.66316e-07	1.33238	1.92792	0	-0.9861	0.00581785	8.36599e-05	3.11137	-2.17639	5.75146e-06	-0.00290493	0.0019479	180	0	0.0557733	256.34	-9.38236e-08	1555.69	200.462	0	-1088.19	180	0	0.00568046	123.001	0	-2.15807	235.999	0	-0.0062658	37074
FRIGG	-2.66316e-07	1.33238	1.92792	0	-0.9861	0.00581785	7.82672e-05	3.11141	-2.17639	5.73119e-06	-0.00290504	0.00194782	180	0	0.0521781	256.34	-1.65206e-08	1555.7	200.462	0	-1088.19	180	0	0.00566044	123.001	0	-2.15806	235.999	0	-0.00618335	37115
FRIGG	-2.66316e-07	1.33238	1.92792	0	-0.9861	0.00581785	7.31932e-05	3.11141	-2.17639	5.7093e-06	-0.00290514	0.00194775	180	0	0.0487955	256.34	9.19464e-08	1555.7	200.462	0	-1088.19	180	0	0.00563882	123.001	0	-2.15806	235.999	0	-0.00610674	37151
FRIGG	-2.66316e-07	1.33238	1.92792	0	-0.9861	0.00581785	6.79644e-05	3.11137	-2.17639	5.68991e-06	-0.00290541	0.00194759	180	0	0.0453096	256.34	-4.42623e-08	1555.69	200.462	0	-1088.19	180	0	0.00561967	123.001	0	-2.15807	235.999	0	-0.00591568	37190
FRIGG	-2.66316e-07	1.33238	1.92792	0	-0.9861	0.00581785	6.31199e-05	3.11137	-2.17639	5.66649e-06	-0.00290553	0.00194752	180	0	0.04208	256.34	-1.76321e-07	1555.69	200.462	0	-1088.19	180	0	0.00559654	123.001	0	-2.15808	235.999	0	-0.00583156	37225
FRIGG	-2.66316e-07	1.33238	1.92792	0	-0.9861	0.00581785	6.31199e-05	3.11137	-2.17639	5.66649e-06	-0.00290553	0.00194752	180	0	0.04208	256.34	-1.76321e-07	1555.69	200.462	0	-1088.19	180	0	0.00559654	123.001	0	-2.15808	235.999	0	-0.00583156	37266
FRIGG	-2.66316e-07	1.33238	1.92792	0	-0.9861	0.00581785	5.84176e-05	3.11141	-2.17639	5.6403e-06	-0.00290575	0.00194734	180	0	0.0389451	256.34	7.08918e-08	1555.7	200.462	0	-1088.19	180	0	0.00557067	123.001	0	-2.15806	235.999	0	-0.00565017	37300
FRIGG	-2.66316e-07	1.33238	1.92792	0	-0.9861	0.00581785	5.38356e-05	3.11137	-2.17639	5.61678e-06	-0.00290586	0.00194725	180	0	0.0358904	256.34	2.78365e-07	1555.69	200.462	0	-1088.19	180	0	0.00554744	123.001	0	-2.15805	235.999	0	-0.00556061	37339
FRIGG	-2.66316e-07	1.33238	1.92792	0	-0.9861	0.00581785	4.95379e-05	3.11141	-2.17639	5.59621e-06	-0.00290598	0.00194718	180	0	0.0330252	256.34	1.67253e-07	1555.7	200.462	0	-1088.19	180	0	0.00552712	123.001	0	-2.15806	235.999	0	-0.00547762	37372
FRIGG	-2.66316e-07	1.33238	1.92792	0	-0.9861	0.00581785	4.95379e-05	3.11141	-2.17639	5.59621e-06	-0.00290598	0.00194718	180	0	0.0330252	256.34	1.67253e-07	1555.7	200.462	0	-1088.19	180	0	0.00552712	123.001	0	-2.15806	235.999	0	-0.00547762	37411
FRIGG	0	1.33238	1.92792	0	-0.9861	0.00581785	4.54789e-05	3.11137	-2.17639	5.56934e-06	-0.00290611	0.00194713	180	0	0.0303193	256.34	-9.01763e-08	1555.69	200.462	0	-1088.19	180	0	0.00550058	123.001	0	-2.15807	235.999	0	-0.00539995	37452
FRIGG	0	1.33238	1.92792	0	-0.9861	0.00581785	4.13698e-05	3.11137	-2.17639	5.5499e-06	-0.00290634	0.00194695	180	0	0.0275799	256.34	1.70395e-07	1555.69	200.462	0	-1088.19	180	0	0.00548139	123.001	0	-2.15806	235.999	0	-0.00521577	37491
FRIGG	0	1.33238	1.92792	0	-0.9861	0.00581785	3.73639e-05	3.11137	-2.17639	5.52907e-06	-0.00290649	0.00194688	180	0	0.0249092	256.34	-1.1482e-07	1555.69	200.462	0	-1088.19	180	0	0.00546081	123.001	0	-2.15808	235.999	0	-0.00512281	37534
FRIGG	0	1.33238	1.92792	0	-0.9861	0.00581785	3.3711e-05	3.11137	-2.17639	5.50574e-06	-0.00290657	0.00194679	180	0	0.022474	256.34	1.68898e-07	1555.69	200.462	0	-1088.19	180	0	0.00543777	123.001	0	-2.15806	235.999	0	-0.00504246	37573
FRIGG	0	1.33238	1.92792	0	-0.9861	0.00581785	3.3711e-05	3.11137	-2.17639	5.50574e-06	-0.00290657	0.00194679	180	0	0.022474	256.34	1.68898e-07	1555.69	200.462	0	-1088.19	180	0	0.00543777	123.001	0	-2.15806	235.999	0	-0.00504246	37613
FRIGG	0	1.33238	1.92792	0	-0.9861	0.00581785	3.00786e-05	3.11141	-2.17639	5.482e-06	-0.00290672	0.00194673	180	0	0.0200524	256.34	-3.06615e-07	1555.7	200.462	0	-1088.19	180	0	0.00541432	123.001	0	-2.15808	235.999	0	-0.00495446	37651
FRIGG	0	1.33238	1.92792	0	-0.9861	0.00581785	2.64868e-05	3.11137	-2.17639	5.46548e-06	-0.00290682	0.00194663	180	0	0.0176579	256.34	2.38767e-07	1555.69	200.462	0	-1088.19	180	0	0.005398	123.001	0	-2.15806	235.999	0	-0.0048589	37693
FRIGG	0	1.33238	1.92792	0	-0.9861	0.00581785	2.31174e-05	3.11137	-2.17639	5.44404e-06	-0.00290697	0.00194657	180	0	0.0154116	256.34	-3.06223e-07	1555.69	200.462	0	-1088.19	180	0	0.00537683	123.001	0	-2.15808	235.999	0	-0.00477043	37729
FRIGG	0	1.33238	1.92792	0	-0.9861	0.00581785	1.99497e-05	3.11141	-2.17639	5.42092e-06	-0.00290719	0.0019464	180	0	0.0132998	256.34	-8.02191e-08	1555.7	200.462	0	-1088.19	180	0	0.005354	123.001	0	-2.15807	235.999	0	-0.00459629	37772
FRIGG	0	1.33238	1.92792	0	-0.9861	0.00581785	1.99497e-05	3.11141	-2.17639	5.42092e-06	-0.00290719	0.0019464	180	0	0.0132998	256.34	-8.02191e-08	1555.7	200.462	0	-1088.19	180	0	0.005354	123.001	0	-2.15807	235.999	0	-0.00459629	37799
FRIGG	0	1.33238	1.92792	0	-0.9861	0.00581785	1.67848e-05	3.11137	-2.17639	5.40012e-06	-0.00290729	0.00194631	180	0	0.0111899	256.34	2.58933e-07	1555.69	200.462	0	-1088.19	180	0	0.00533345	123.001	0	-2.15806	235.999	0	-0.00450668	37838
FRIGG	0	1.33238	1.92792	0	-0.9861	0.00581785	1.37664e-05	3.11141	-2.17639	5.38076e-06	-0.00290744	0.00194624	180	0	0.00917763	256.34	-2.00522e-07	1555.7	200.462	0	-1088.19	180	0	0.00531433	123.001	0	-2.15807	235.999	0	-0.00441792	37884
FRIGG	0	1.33238	1.92792	0	-0.9861	0.00581785	1.08264e-05	3.11141	-2.17639	5.36002e-06	-0.00290755	0.00194616	180	0	0.00721761	256.34	-4.99877e-08	1555.7	200.462	0	-1088.19	180	0	0.00529385	123.001	0	-2.15807	235.999	0	-0.00432818	37921
ODIN	0	1.33238	1.92792	0	-0.9861	0.00581785	2.07038e-06	3.11141	-2.17639	-7.19234e-08	-0.0029135	0.00194234	180	0	0.00138025	256.34	-4.43007e-07	1555.7	200.462	0	-1088.19	180	0	-7.10355e-05	123.001	0	-2.15815	235.999	0	-1.02067e-07	21
ODIN	0	1.33238	1.92792	0	-0.9861	0.00581785	2.06868e-06	3.11141	-2.17636	-7.23176e-08	-0.00291357	0.00194238	180	0	0.00137912	256.34	-2.36703e-07	1555.7	200.462	0	-1088.18	180	0	-7.14248e-05	123.001	0	-2.1582	235.999	0	-2.97548e-08	65
ODIN	0	1.33238	1.92792	0	-0.9861	0.00581785	2.07266e-06	3.11141	-2.17636	-7.06323e-08	-0.00291363	0.00194242	180	0	0.00138177	256.34	-3.40098e-07	1555.7	200.462	0	-1088.18	180	0	-6.97603e-05	123.001	0	-2.15824	235.999	0	1.4383e-07	104
ODIN	0	1.33238	1.92792	0	-0.9861	0.00581785	2.07158e-06	3.11141	-2.17636	-7.07033e-08	-0.00291359	0.00194239	180	0	0.00138105	256.34	-3.03243e-07	1555.7	200.462	0	-1088.18	180	0	-6.98304e-05	123.001	0	-2.15821	235.999	0	2.23197e-07	145
ODIN	0	1.33238	1.92792	0	-0.9861	0.00581785	2.07158e-06	3.11141	-2.17636	-7.07033e-08	-0.00291359	0.00194239	180	0	0.00138105	256.34	-3.03243e-07	1555.7	200.462	0	-1088.18	180	0	-6.98304e-05	123.001	0	-2.15821	235.999	0	2.23197e-07	182
ODIN	0	1.33238	1.92792	0	-0.9861	0.00581785	2.07133e-06	3.11141	-2.17635	-7.15996e-08	-0.0029135	0.00194234	180	0	0.00138088	256.34	-5.09291e-07	1555.7	200.462	0	-1088.18	180	0	-7.07156e-05	123.001	0	-2.15815	235.999	0	8.03152e-08	225
ODIN	0	1.33238	1.92792	0	-0.9861	0.00581785	2.07202e-06	3.11141	-2.17635	-7.29082e-08	-0.00289744	0.00193162	180	0	0.00138134	256.34	-6.41262e-07	1555.7	200.462	0	-1088.18	180	0	-7.20081e-05	123.001	0	-2.14625	235.999	0	-2.05187e-07	257
ODIN	0	1.33238	1.92792	0	-0.9861	0.00581785	2.07329e-06	3.11141	-2.17636	-7.21649e-08	-0.00291355	0.00194236	180	0	0.00138219	256.34	-2.61637e-07	1555.7	200.462	0	-1088.18	180	0	-7.1274e-05	123.001	0	-2.15818	235.999	0	-1.34907e-07	296
ODIN	0	1.33238	1.92792	0	-0.9861	0.00581785	2.07329e-06	3.11141	-2.17636	-7.21649e-08	-0.00291355	0.00194236	180	0	0.00138219	256.34	-2.61637e-07	1555.7	200.462	0	-1088.18	180	0	-7.1274e-05	123.001	0	-2.15818	235.999	0	-1.34907e-07	335
ODIN	0	1.33238	1.92792	0	-0.9861	0.00581785	2.07333e-06	3.11141	-2.17639	-7.14989e-08	-0.00291359	0.00194239	180	0	0.00138222	256.34	-2.6826e-07	1555.7	200.462	0	-1088.19	180	0	-7.06162e-05	123.001	0	-2.15821	235.999	0	7.12196e-08	367
ODIN	0	1.33238	1.92792	0	-0.9861	0.00581785	2.07351e-06	3.11141	-2.17636	-7.21478e-08	-0.00291359	0.00194239	180	0	0.00138234	256.34	-3.07102e-07	1555.7	200.462	0	-1088.18	180	0	-7.12571e-05	123.001	0	-2.15821	235.999	0	-5.56772e-08	407
ODIN	0	1.33238	1.92792	0	-0.9861	0.00581785	2.07355e-06	3.11141	-2.17639	-7.12357e-08	-0.00291357	0.00194238	180	0	0.00138237	256.34	-2.47917e-07	1555.7	200.462	0	-1088.19	180	0	-7.03563e-05	123.001	0	-2.1582	235.999	0	1.63078e-07	444
ODIN	0	1.33238	1.92792	0	-0.9861	0.00581785	2.07468e-06	3.11141	-2.17639	-7.17305e-08	-0.00291357	0.00194238	180	0	0.00138312	256.34	-2.93832e-07	1555.7	200.462	0	-1088.19	180	0	-7.0845e-05	123.001	0	-2.1582	235.999	0	5.10392e-08	485
ODIN	0	1.33238	1.92792	0	-0.9861	0.00581785	2.07468e-06	3.11141	-2.17639	-7.17305e-08	-0.00291357	0.00194238	180	0	0.00138312	256.34	-2.93832e-07	1555.7	200.462	0	-1088.19	180	0	-7.0845e-05	123.001	0	-2.1582	235.999	0	5.10392e-08	524
ODIN	0	1.33238	1.92792	0	-0.9861	0.00581785	2.07412e-06	3.11141	-2.17639	-7.26227e-08	-0.00291373	0.00194249	180	0	0.00138274	256.34	-3.33088e-07	1555.7	200.462	0	-1088.19	180	0	-7.17262e-05	123.001	0	-2.15832	235.999	0	-1.10218e-07	563
ODIN	0	1.33238	1.92792	0	-0.9861	0.00581785	2.07573e-06	3.11141	-2.17636	-7.13516e-08	-0.00291351	0.00194234	180	0	0.00138382	256.34	-3.96629e-07	1555.7	200.462	0	-1088.18	180	0	-7.04707e-05	123.001	0	-2.15816	235.999	0	1.25565e-07	598
ODIN	0	1.33238	1.92792	0	-0.9861	0.00581785	2.07422e-06	3.11141	-2.17636	-7.26441e-08	-0.0029136	0.0019424	180	0	0.00138281	256.34	-3.44194e-07	1555.7	200.462	0	-1088.18	180	0	-7.17472e-05	123.001	0	-2.15822	235.999	0	-5.60492e-08	631
ODIN	0	1.33238	1.92792	0	-0.9861	0.00581785	2.07619e-06	3.11141	-2.17635	-7.16714e-08	-0.0029135	0.00194233	180	0	0.00138413	256.34	-5.10445e-07	1555.7	200.462	0	-1088.18	180	0	-7.07865e-05	123.001	0	-2.15814	235.999	0	7.11572e-08	669
ODIN	0	1.33238	1.92792	0	-0.9861	0.00581785	2.07619e-06	3.11141	-2.17635	-7.16714e-08	-0.0029135	0.00194233	180	0	0.00138413	256.34	-5.10445e-07	1555.7	200.462	0	-1088.18	180	0	-7.07865e-05	123.001	0	-2.15814	235.999	0	7.11572e-08	705
ODIN	0	1.33238	1.92792	0	-0.9861	0.00581785	2.07655e-06	3.11141	-2.17635	-7.17757e-08	-0.00291349	0.00194232	180	0	0.00138437	256.34	-5.34207e-07	1555.7	200.462	0	-1088.18	180	0	-7.08896e-05	123.001	0	-2.15814	235.999	0	6.00318e-08	746
ODIN	0	1.33238	1.92792	0	-0.9861	0.00581785	2.07605e-06	3.11141	-2.17636	-7.23016e-08	-0.0029135	0.00194234	180	0	0.00138403	256.34	-4.30465e-07	1555.7	200.462	0	-1088.18	180	0	-7.14089e-05	123.001	0	-2.15815	235.999	0	-1.38961e-09	793
ODIN	0	1.33238	1.92792	0	-0.9861	0.00581785	2.07647e-06	3.11141	-2.17639	-7.20216e-08	-0.00291355	0.00194237	180	0	0.00138432	256.34	-2.723e-07	1555.7	200.462	0	-1088.19	180	0	-7.11325e-05	123.001	0	-2.15819	235.999	0	6.4196e-08	827
ODIN	0	1.33238	1.92792	0	-0.9861	0.00581785	2.07647e-06	3.11141	-2.17639	-7.20216e-08	-0.00291355	0.00194237	180	0	0.00138432	256.34	-2.723e-07	1555.7	200.462	0	-1088.19	180	0	-7.11325e-05	123.001	0	-2.15819	235.999	0	6.4196e-08	867
ODIN	0	1.33238	1.92792	0	-0.9861	0.00581785	2.078e-06	3.11141	-2.17636	-7.16727e-08	-0.00291353	0.00194235	180	0	0.00138533	256.34	-3.50688e-07	1555.7	200.462	0	-1088.18	180	0	-7.07879e-05	123.001	0	-2.15817	235.999	0	7.99866e-08	908
ODIN	0	1.33238	1.92792	0	-0.9861	0.00581785	2.0778e-06	3.11141	-2.17636	-7.18922e-08	-0.00291356	0.00194237	180	0	0.0013852	256.34	-2.84819e-07	1555.7	200.462	0	-1088.18	180	0	-7.10047e-05	123.001	0	-2.15819	235.999	0	6.37492e-08	944
ODIN	0	1.33238	1.92792	0	-0.9861	0.00581785	2.07726e-06	3.11141	-2.17636	-7.26288e-08	-0.00291365	0.00194243	180	0	0.00138484	256.34	-2.69415e-07	1555.7	200.462	0	-1088.18	180	0	-7.17322e-05	123.001	0	-2.15826	235.999	0	-4.63504e-08	977
ODIN	0	1.33238	1.92792	0	-0.9861	0.00581785	2.07898e-06	3.11141	-2.17639	-7.20825e-08	-0.00291354	0.00194236	180	0	0.00138598	256.34	-2.7893e-07	1555.7	200.462	0	-1088.19	180	0	-7.11926e-05	123.001	0	-2.15818	235.999	0	-1.47424e-08	1012
ODIN	0	1.33238	1.92792	0	-0.9861	0.00581785	2.07789e-06	3.11141	-2.17636	-7.19258e-08	-0.0029135	0.00194233	180	0	0.00138526	256.34	-4.61294e-07	1555.7	200.462	0	-1088.18	180	0	-7.10378e-05	123.001	0	-2.15815	235.999	0	1.38507e-07	1051
ODIN	0	1.33238	1.92792	0	-0.9861	0.00581785	2.07789e-06	3.11141	-2.17636	-7.19258e-08	-0.0029135	0.00194233	180	0	0.00138526	256.34	-4.61294e-07	1555.7	200.462	0	-1088.18	180	0	-7.10378e-05	123.001	0	-2.15815	235.999	0	1.38507e-07	1088
ODIN	0	1.33238	1.92792	0	-0.9861	0.00581785	2.07938e-06	3.11141	-2.17635	-7.16644e-08	-0.00291349	0.00194233	180	0	0.00138625	256.34	-4.8535e-07	1555.7	200.462	0	-1088.18	180	0	-7.07797e-05	123.001	0	-2.15814	235.999	0	1.22695e-07	1134
ODIN	0	1.33238	1.92792	0	-0.9861	0.00581785	2.07896e-06	3.11141	-2.17636	-7.23114e-08	-0.00291353	0.00194235	180	0	0.00138597	256.34	-3.94174e-07	1555.7	200.462	0	-1088.18	180	0	-7.14187e-05	123.001	0	-2.15817	235.999	0	3.60999e-08	1174
ODIN	0	1.33238	1.92792	0	-0.9861	0.00581785	2.07971e-06	3.11141	-2.17636	-7.20445e-08	-0.00291354	0.00194236	180	0	0.00138647	256.34	-3.00803e-07	1555.7	200.462	0	-1088.18	180	0	-7.11551e-05	123.001	0	-2.15817	235.999	0	7.70164e-08	1212
ODIN	0	1.33238	1.92792	0	-0.9861	0.00581785	2.08012e-06	3.11141	-2.17636	-7.2104e-08	-0.00291352	0.00194235	180	0	0.00138675	256.34	-3.56468e-07	1555.7	200.462	0	-1088.18	180	0	-7.12138e-05	123.001	0	-2.15816	235.999	0	4.14068e-08	1254
ODIN	0	1.33238	1.92792	0	-0.9861	0.00581785	2.08012e-06	3.11141	-2.17636	-7.2104e-08	-0.00291352	0.00194235	180	0	0.00138675	256.34	-3.56468e-07	1555.7	200.462	0	-1088.18	180	0	-7.12138e-05	123.001	0	-2.15816	235.999	0	4.14068e-08	1295
ODIN	0	1.33238	1.92792	0	-0.9861	0.00581785	2.08099e-06	3.11141	-2.17636	-7.21414e-08	-0.00291365	0.00194243	180	0	0.00138732	256.34	-3.19503e-07	1555.7	200.462	0	-1088.18	180	0	-7.12507e-05	123.001	0	-2.15826	235.999	0	-1.97635e-08	1332
ODIN	0	1.33238	1.92792	0	-0.9861	0.00581785	2.08006e-06	3.11141	-2.17636	-7.29636e-08	-0.00291354	0.00194236	180	0	0.00138671	256.34	-2.99322e-07	1555.7	200.462	0	-1088.18	180	0	-7.20628e-05	123.001	0	-2.15818	235.999	0	-1.17791e-07	1374
ODIN	0	1.33238	1.92792	0	-0.9861	0.00581785	2.0799e-06	3.11141	-2.17636	-7.22228e-08	-0.00291356	0.00194237	180	0	0.0013866	256.34	-2.52613e-07	1555.7	200.462	0	-1088.18	180	0	-7.13311e-05	123.001	0	-2.15819	235.999	0	9.47998e-08	1411
ODIN	0	1.33238	1.92792	0	-0.9861	0.00581785	2.08077e-06	3.11141	-2.17639	-7.24441e-08	-0.00291358	0.00194239	180	0	0.00138718	256.34	-2.60936e-07	1555.7	200.462	0	-1088.19	180	0	-7.15497e-05	123.001	0	-2.15821	235.999	0	1.4428e-08	1455
ODIN	0	1.33238	1.92792	0	-0.9861	0.00581785	2.08077e-06	3.11141	-2.17639	-7.24441e-08	-0.00291358	0.00194239	180	0	0.00138718	256.34	-2.60936e-07	1555.7	200.462	0	-1088.19	180	0	-7.15497e-05	123.001	0	-2.15821	235.999	0	1.4428e-08	1494
ODIN	0	1.33238	1.92792	0	-0.9861	0.00581785	2.08032e-06	3.11141	-2.17635	-7.2584e-08	-0.00291349	0.00194233	180	0	0.00138688	256.34	-4.84515e-07	1555.7	200.462	0	-1088.18	180	0	-7.16879e-05	123.001	0	-2.15814	235.999	0	3.73999e-08	1534
ODIN	0	1.33238	1.92792	0	-0.9861	0.00581785	2.08168e-06	3.11141	-2.17636	-7.22085e-08	-0.00291356	0.00194237	180	0	0.00138779	256.34	-3.34928e-07	1555.7	200.462	0	-1088.18	180	0	-7.13171e-05	123.001	0	-2.15819	235.999	0	2.79103e-08	1564
ODIN	0	1.33238	1.92792	0	-0.9861	0.00581785	2.08134e-06	3.11141	-2.17639	-7.25331e-08	-0.00291355	0.00194236	180	0	0.00138756	256.34	-2.54948e-07	1555.7	200.462	0	-1088.19	180	0	-7.16376e-05	123.001	0	-2.15818	235.999	0	1.56067e-08	1604
ODIN	0	1.33238	1.92792	0	-0.9861	0.00581785	2.08134e-06	3.11141	-2.17639	-7.25331e-08	-0.00291355	0.00194236	180	0	0.00138756	256.34	-2.54948e-07	1555.7	200.462	0	-1088.19	180	0	-7.16376e-05	123.001	0	-2.15818	235.999	0	1.56067e-08	1635
ODIN	0	1.33238	1.92792	0	-0.9861	0.00581785	2.08108e-06	3.11141	-2.17636	-7.22624e-08	-0.00291355	0.00194237	180	0	0.00138739	256.34	-2.51141e-07	1555.7	200.462	0	-1088.18	180	0	-7.13703e-05	123.001	0	-2.15819	235.999	0	1.04746e-07	1678
ODIN	0	1.33238	1.92792	0	-0.9861	0.00581785	2.08196e-06	3.11141	-2.17636	-7.2201e-08	-0.00291354	0.00194236	180	0	0.00138798	256.34	-3.03699e-07	1555.7	200.462	0	-1088.18	180	0	-7.13096e-05	123.001	0	-2.15818	235.999	0	7.86571e-08	1711
ODIN	0	1.33238	1.92792	0	-0.9861	0.00581785	2.08217e-06	3.11141	-2.17636	-7.24933e-08	-0.00291357	0.00194238	180	0	0.00138811	256.34	-4.60105e-07	1555.7	200.462	0	-1088.18	180	0	-7.15983e-05	123.001	0	-2.1582	235.999	0	3.92856e-08	1754
ODIN	0	1.33238	1.92792	0	-0.9861	0.00581785	2.08197e-06	3.11141	-2.17636	-7.28081e-08	-0.00291357	0.00194238	180	0	0.00138798	256.34	-2.14888e-07	1555.7	200.462	0	-1088.18	180	0	-7.19092e-05	123.001	0	-2.1582	235.999	0	1.24871e-08	1796
ODIN	0	1.33238	1.92792	0	-0.9861	0.00581785	2.08197e-06	3.11141	-2.17636	-7.28081e-08	-0.00291357	0.00194238	180	0	0.00138798	256.34	-2.14888e-07	1555.7	200.462	0	-1088.18	180	0	-7.19092e-05	123.001	0	-2.1582	235.999	0	1.24871e-08	1833
ODIN	0	1.33238	1.92792	0	-0.9861	0.00581785	2.08166e-06	3.11141	-2.17636	-7.32212e-08	-0.0029135	0.00194233	180	0	0.00138777	256.34	-4.33038e-07	1555.7	200.462	0	-1088.18	180	0	-7.23172e-05	123.001	0	-2.15815	235.999	0	-7.702e-08	1875
ODIN	0	1.33238	1.92792	0	-0.9861	0.00581785	2.08296e-06	3.11141	-2.17639	-7.27879e-08	-0.00291354	0.00194236	180	0	0.00138864	256.34	-3.92129e-07	1555.7	200.462	0	-1088.19	180	0	-7.18893e-05	123.001	0	-2.15818	235.999	0	-4.44168e-08	1916
ODIN	0	1.33238	1.92792	0	-0.9861	0.00581785	2.08209e-06	3.11141	-2.17636	-7.34504e-08	-0.00291364	0.00194243	180	0	0.00138806	256.34	-3.93754e-07	1555.7	200.462	0	-1088.18	180	0	-7.25436e-05	123.001	0	-2.15825	235.999	0	-1.09381e-07	1954
ODIN	0	1.33238	1.92792	0	-0.9861	0.00581785	2.08209e-06	3.11141	-2.17636	-7.34504e-08	-0.00291364	0.00194243	180	0	0.00138806	256.34	-3.93754e-07	1555.7	200.462	0	-1088.18	180	0	-7.25436e-05	123.001	0	-2.15825	235.999	0	-1.09381e-07	1989
ODIN	0	1.33238	1.92792	0	-0.9861	0.00581785	2.08305e-06	3.11141	-2.17635	-7.30077e-08	-0.00289759	0.00193173	180	0	0.0013887	256.34	-5.71192e-07	1555.7	200.462	0	-1088.18	180	0	-7.21064e-05	123.001	0	-2.14636	235.999	0	-5.96486e-08	2019
ODIN	0	1.33238	1.92792	0	-0.9861	0.00581785	2.08355e-06	3.11141	-2.17636	-7.2365e-08	-0.00291354	0.00194236	180	0	0.00138903	256.34	-2.81643e-07	1555.7	200.462	0	-1088.18	180	0	-7.14716e-05	123.001	0	-2.15818	235.999	0	7.13808e-08	2062
ODIN	0	1.33238	1.92792	0	-0.9861	0.00581785	2.08427e-06	3.11141	-2.17636	-7.20291e-08	-0.00291358	0.00194239	180	0	0.00138952	256.34	-3.3374e-07	1555.7	200.462	0	-1088.18	180	0	-7.11399e-05	123.001	0	-2.15821	235.999	0	1.21878e-07	2103
ODIN	0	1.33238	1.92792	0	-0.9861	0.00581785	2.0834e-06	3.11141	-2.17639	-7.27405e-08	-0.00291355	0.00194237	180	0	0.00138893	256.34	-2.56631e-07	1555.7	200.462	0	-1088.19	180	0	-7.18424e-05	123.001	0	-2.15818	235.999	0	3.045e-08	2137
ODIN	0	1.33238	1.92792	0	-0.9861	0.00581785	2.0834e-06	3.11141	-2.17639	-7.27405e-08	-0.00291355	0.00194237	180	0	0.00138893	256.34	-2.56631e-07	1555.7	200.462	0	-1088.19	180	0	-7.18424e-05	123.001	0	-2.15818	235.999	0	3.045e-08	2181
ODIN	0	1.33238	1.92792	0	-0.9861	0.00581785	2.08413e-06	3.11141	-2.17636	-7.25607e-08	-0.00291354	0.00194236	180	0	0.00138942	256.34	-2.94493e-07	1555.7	200.462	0	-1088.18	180	0	-7.16649e-05	123.001	0	-2.15818	235.999	0	3.86496e-08	2222
ODIN	0	1.33238	1.92792	0	-0.9861	0.00581785	2.08417e-06	3.11141	-2.17639	-7.26238e-08	-0.00291356	0.00194237	180	0	0.00138945	256.34	-2.87534e-07	1555.7	200.462	0	-1088.19	180	0	-7.17272e-05	123.001	0	-2.15819	235.999	0	4.12802e-08	2258
ODIN	0	1.33238	1.92792	0	-0.9861	0.00581785	2.08422e-06	3.11141	-2.17636	-7.26219e-08	-0.00291357	0.00194238	180	0	0.00138948	256.34	-3.3153e-07	1555.7	200.462	0	-1088.18	180	0	-7.17253e-05	123.001	0	-2.1582	235.999	0	4.88155e-08	2300
ODIN	0	1.33238	1.92792	0	-0.9861	0.00581785	2.08493e-06	3.11141	-2.17635	-7.16954e-08	-0.00291351	0.00194234	180	0	0.00138995	256.34	-4.09964e-07	1555.7	200.462	0	-1088.18	180	0	-7.08103e-05	123.001	0	-2.15816	235.999	0	2.47691e-07	2332
ODIN	0	1.33238	1.92792	0	-0.9861	0.00581785	2.08493e-06	3.11141	-2.17635	-7.16954e-08	-0.00291351	0.00194234	180	0	0.00138995	256.34	-4.09964e-07	1555.7	200.462	0	-1088.18	180	0	-7.08103e-05	123.001	0	-2.15816	235.999	0	2.47691e-07	2373
ODIN	0	1.33238	1.92792	0	-0.9861	0.00581785	2.0851e-06	3.11141	-2.17635	-7.26244e-08	-0.00291346	0.00194231	180	0	0.00139007	256.34	-5.79181e-07	1555.7	200.462	0	-1088.18	180	0	-7.17278e-05	123.001	0	-2.15812	235.999	0	1.40948e-08	2405
ODIN	0	1.33238	1.92792	0	-0.9861	0.00581785	2.0839e-06	3.11141	-2.17639	-7.36389e-08	-0.00291355	0.00194236	180	0	0.00138927	256.34	-2.64343e-07	1555.7	200.462	0	-1088.19	180	0	-7.27298e-05	123.001	0	-2.15818	235.999	0	-1.11417e-07	2440
ODIN	0	1.33238	1.92792	0	-0.9861	0.00581785	2.08411e-06	3.11141	-2.17639	-7.31082e-08	-0.00291355	0.00194237	180	0	0.00138941	256.34	-2.82319e-07	1555.7	200.462	0	-1088.19	180	0	-7.22056e-05	123.001	0	-2.15818	235.999	0	6.43628e-09	2484
ODIN	0	1.33238	1.92792	0	-0.9861	0.00581785	2.08589e-06	3.11141	-2.17636	-7.20343e-08	-0.00291357	0.00194238	180	0	0.00139059	256.34	-2.55817e-07	1555.7	200.462	0	-1088.18	180	0	-7.11449e-05	123.001	0	-2.1582	235.999	0	1.5626e-07	2515
ODIN	0	1.33238	1.92792	0	-0.9861	0.00581785	2.08589e-06	3.11141	-2.17636	-7.20343e-08	-0.00291357	0.00194238	180	0	0.00139059	256.34	-2.55817e-07	1555.7	200.462	0	-1088.18	180	0	-7.11449e-05	123.001	0	-2.1582	235.999	0	1.5626e-07	2548
ODIN	0	1.33238	1.92792	0	-0.9861	0.00581785	2.08457e-06	3.11141	-2.17636	-7.32519e-08	-0.0029136	0.0019424	180	0	0.00138972	256.34	-3.09416e-07	1555.7	200.462	0	-1088.18	180	0	-7.23475e-05	123.001	0	-2.15823	235.999	0	-4.81491e-08	2589
ODIN	0	1.33238	1.92792	0	-0.9861	0.00581785	2.08541e-06	3.11141	-2.17636	-7.29099e-08	-0.0029135	0.00194234	180	0	0.00139028	256.34	-4.47345e-07	1555.7	200.462	0	-1088.18	180	0	-7.20098e-05	123.001	0	-2.15815	235.999	0	-1.79775e-09	2630
ODIN	0	1.33238	1.92792	0	-0.9861	0.00581785	2.08576e-06	3.11141	-2.17636	-7.26256e-08	-0.00291361	0.00194241	180	0	0.00139051	256.34	-2.79483e-07	1555.7	200.462	0	-1088.18	180	0	-7.1729e-05	123.001	0	-2.15823	235.999	0	5.83846e-08	2671
ODIN	0	1.33238	1.92792	0	-0.9861	0.00581785	2.08576e-06	3.11141	-2.17636	-7.26256e-08	-0.00291361	0.00194241	180	0	0.00139051	256.34	-2.79483e-07	1555.7	200.462	0	-1088.18	180	0	-7.1729e-05	123.001	0	-2.15823	235.999	0	5.83846e-08	2705
ODIN	0	1.33238	1.92792	0	-0.9861	0.00581785	2.08603e-06	3.11141	-2.17635	-7.26633e-08	-0.00291354	0.00194236	180	0	0.00139069	256.34	-5.26756e-07	1555.7	200.462	0	-1088.18	180	0	-7.17662e-05	123.001	0	-2.15818	235.999	0	3.22292e-08	2751
ODIN	0	1.33238	1.92792	0	-0.9861	0.00581785	2.08626e-06	3.11141	-2.17636	-7.27861e-08	-0.00291358	0.00194239	180	0	0.00139084	256.34	-1.65082e-07	1555.7	200.462	0	-1088.18	180	0	-7.18875e-05	123.001	0	-2.15821	235.999	0	-3.99161e-09	2790
ODIN	0	1.33238	1.92792	0	-0.9861	0.00581785	2.08619e-06	3.11141	-2.17635	-7.30111e-08	-0.00289747	0.00193164	180	0	0.00139079	256.34	-5.24544e-07	1555.7	200.462	0	-1088.18	180	0	-7.21097e-05	123.001	0	-2.14627	235.999	0	-2.35305e-08	2821
ODIN	0	1.33238	1.92792	0	-0.9861	0.00581785	2.08529e-06	3.11141	-2.17636	-7.36377e-08	-0.00291354	0.00194236	180	0	0.00139019	256.34	-2.98607e-07	1555.7	200.462	0	-1088.18	180	0	-7.27286e-05	123.001	0	-2.15818	235.999	0	-1.00073e-07	2858
ODIN	0	1.33238	1.92792	0	-0.9861	0.00581785	2.08529e-06	3.11141	-2.17636	-7.36377e-08	-0.00291354	0.00194236	180	0	0.00139019	256.34	-2.98607e-07	1555.7	200.462	0	-1088.18	180	0	-7.27286e-05	123.001	0	-2.15818	235.999	0	-1.00073e-07	2898
ODIN	0	1.33238	1.92792	0	-0.9861	0.00581785	2.08608e-06	3.11141	-2.17639	-7.34594e-08	-0.00291366	0.00194244	180	0	0.00139072	256.34	-2.6446e-07	1555.7	200.462	0	-1088.19	180	0	-7.25525e-05	123.001	0	-2.15826	235.999	0	-1.05624e-07	2941
ODIN	0	1.33238	1.92792	0	-0.9861	0.00581785	2.08632e-06	3.11141	-2.17636	-7.28798e-08	-0.0029135	0.00194233	180	0	0.00139088	256.34	-4.437e-07	1555.7	200.462	0	-1088.18	180	0	-7.198e-05	123.001	0	-2.15815	235.999	0	2.95551e-08	2968
ODIN	0	1.33238	1.92792	0	-0.9861	0.00581785	2.08628e-06	3.11141	-2.17636	-7.33635e-08	-0.00291366	0.00194244	180	0	0.00139086	256.34	-2.60805e-07	1555.7	200.462	0	-1088.18	180	0	-7.24578e-05	123.001	0	-2.15827	235.999	0	-6.98352e-08	2997
ODIN	0	1.33238	1.92792	0	-0.9861	0.00581785	2.08662e-06	3.11141	-2.17636	-7.31876e-08	-0.00291351	0.00194234	180	0	0.00139108	256.34	-3.84949e-07	1555.7	200.462	0	-1088.18	180	0	-7.2284e-05	123.001	0	-2.15816	235.999	0	-3.14225e-08	3043
ODIN	0	1.33238	1.92792	0	-0.9861	0.00581785	2.08596e-06	3.11141	-2.17636	-7.40253e-08	-0.00291397	0.00194264	180	0	0.00139064	256.34	-2.12844e-07	1555.7	200.462	0	-1088.18	180	0	-7.31114e-05	123.001	0	-2.15849	235.999	0	-1.75488e-07	3085
ODIN	0	1.33238	1.92792	0	-0.9861	0.00581785	2.08596e-06	3.11141	-2.17636	-7.40253e-08	-0.00291397	0.00194264	180	0	0.00139064	256.34	-2.12844e-07	1555.7	200.462	0	-1088.18	180	0	-7.31114e-05	123.001	0	-2.15849	235.999	0	-1.75488e-07	3123
ODIN	0	1.33238	1.92792	0	-0.9861	0.00581785	2.08698e-06	3.11141	-2.17635	-7.25109e-08	-0.00291349	0.00194232	180	0	0.00139132	256.34	-4.91875e-07	1555.7	200.462	0	-1088.18	180	0	-7.16158e-05	123.001	0	-2.15814	235.999	0	1.36895e-07	3160
ODIN	0	1.33238	1.92792	0	-0.9861	0.00581785	2.08697e-06	3.11141	-2.17639	-7.29526e-08	-0.00291352	0.00194234	180	0	0.00139131	256.34	-1.89043e-07	1555.7	200.462	0	-1088.19	180	0	-7.20519e-05	123.001	0	-2.15816	235.999	0	4.22067e-08	3199
ODIN	0	1.33238	1.92792	0	-0.9861	0.00581785	2.08701e-06	3.11141	-2.17636	-7.30881e-08	-0.00291355	0.00194237	180	0	0.00139134	256.34	-8.57738e-08	1555.7	200.462	0	-1088.18	180	0	-7.21858e-05	123.001	0	-2.15819	235.999	0	6.37982e-09	3225
ODIN	0	1.33238	1.92792	0	-0.9861	0.00581785	2.08701e-06	3.11141	-2.17636	-7.30881e-08	-0.00291355	0.00194237	180	0	0.00139134	256.34	-8.57738e-08	1555.7	200.462	0	-1088.18	180	0	-7.21858e-05	123.001	0	-2.15819	235.999	0	6.37982e-09	3265
ODIN	0	1.33238	1.92792	0	-0.9861	0.00581785	2.0867e-06	3.11144	-2.17636	-7.3324e-08	-0.00291351	0.00194234	180	0	0.00139113	256.34	-2.80715e-07	1555.72	200.462	0	-1088.18	180	0	-7.24188e-05	123.001	0	-2.15816	235.999	0	-1.82579e-08	3299
ODIN	0	1.33238	1.92792	0	-0.9861	0.00581785	2.08774e-06	3.11144	-2.17639	-7.26154e-08	-0.00291356	0.00194237	180	0	0.00139183	256.34	-1.13916e-07	1555.72	200.462	0	-1088.19	180	0	-7.17189e-05	123.001	0	-2.15819	235.999	0	8.98918e-08	3337
ODIN	0	1.33238	1.92792	0	-0.9861	0.00581785	2.08767e-06	3.11141	-2.17639	-7.29596e-08	-0.00291352	0.00194235	180	0	0.00139178	256.34	-2.55916e-07	1555.7	200.462	0	-1088.19	180	0	-7.20589e-05	123.001	0	-2.15816	235.999	0	1.60457e-08	3368
ODIN	0	1.33238	1.92792	0	-0.9861	0.00581785	2.08767e-06	3.11141	-2.17639	-7.29596e-08	-0.00291352	0.00194235	180	0	0.00139178	256.34	-2.55916e-07	1555.7	200.462	0	-1088.19	180	0	-7.20589e-05	123.001	0	-2.15816	235.999	0	1.60457e-08	3403
ODIN	0	1.33238	1.92792	0	-0.9861	0.00581785	2.08847e-06	3.1114	-2.17636	-7.22005e-08	-0.00291347	0.00194231	180	0	0.00139231	256.34	5.88768e-07	1555.7	200.462	0	-1088.18	180	0	-7.13091e-05	123.001	0	-2.15812	235.999	0	1.50991e-07	3441
ODIN	0	1.33238	1.92792	0	-0.9861	0.00581785	2.08821e-06	3.11141	-2.17639	-7.25337e-08	-0.0028976	0.00193173	180	0	0.00139214	256.34	1.88418e-07	1555.7	200.462	0	-1088.19	180	0	-7.16382e-05	123.001	0	-2.14637	235.999	0	1.14735e-07	3481
ODIN	0	1.33238	1.92792	0	-0.9861	0.00581785	2.0875e-06	3.11141	-2.17636	-7.34643e-08	-0.00291353	0.00194235	180	0	0.00139167	256.34	-9.65478e-08	1555.7	200.462	0	-1088.18	180	0	-7.25574e-05	123.001	0	-2.15817	235.999	0	-5.61284e-08	3521
ODIN	0	1.33238	1.92792	0	-0.9861	0.00581785	2.08761e-06	3.11144	-2.17636	-7.33511e-08	-0.00291353	0.00194235	180	0	0.00139174	256.34	-2.75342e-07	1555.72	200.462	0	-1088.18	180	0	-7.24455e-05	123.001	0	-2.15817	235.999	0	-2.9676e-08	3554
ODIN	0	1.33238	1.92792	0	-0.9861	0.00581785	2.08821e-06	3.11141	-2.17636	-7.29988e-08	-0.00291356	0.00194238	180	0	0.00139214	256.34	-1.87844e-07	1555.7	200.462	0	-1088.18	180	0	-7.20976e-05	123.001	0	-2.15819	235.999	0	2.01569e-08	3599
ODIN	0	1.33238	1.92792	0	-0.9861	0.00581785	2.08821e-06	3.11141	-2.17636	-7.29988e-08	-0.00291356	0.00194238	180	0	0.00139214	256.34	-1.87844e-07	1555.7	200.462	0	-1088.18	180	0	-7.20976e-05	123.001	0	-2.15819	235.999	0	2.01569e-08	3639
ODIN	0	1.33238	1.92792	0	-0.9861	0.00581785	2.08769e-06	3.1114	-2.17639	-7.35089e-08	-0.00291371	0.00194248	180	0	0.0013918	256.34	6.22371e-07	1555.7	200.462	0	-1088.19	180	0	-7.26014e-05	123.001	0	-2.15831	235.999	0	-7.10885e-08	3676
ODIN	0	1.33238	1.92792	0	-0.9861	0.00581785	2.08777e-06	3.11141	-2.17636	-7.32929e-08	-0.00291351	0.00194234	180	0	0.00139184	256.34	1.40222e-07	1555.7	200.462	0	-1088.18	180	0	-7.23881e-05	123.001	0	-2.15815	235.999	0	6.96688e-09	3719
ODIN	0	1.33238	1.92792	0	-0.9861	0.00581785	2.0877e-06	3.11141	-2.17639	-7.32783e-08	-0.00291356	0.00194237	180	0	0.0013918	256.34	-7.4286e-08	1555.7	200.462	0	-1088.19	180	0	-7.23736e-05	123.001	0	-2.15819	235.999	0	-5.18541e-10	3751
ODIN	0	1.33238	1.92792	0	-0.9861	0.00581785	2.08817e-06	3.11144	-2.17635	-7.36719e-08	-0.00289747	0.00193164	180	0	0.00139211	256.34	1.99316e-08	1555.72	200.462	0	-1088.18	180	0	-7.27624e-05	123.001	0	-2.14627	235.999	0	-1.08166e-07	3795
ODIN	0	1.33238	1.92792	0	-0.9861	0.00581785	2.08817e-06	3.11144	-2.17635	-7.36719e-08	-0.00289747	0.00193164	180	0	0.00139211	256.34	1.99316e-08	1555.72	200.462	0	-1088.18	180	0	-7.27624e-05	123.001	0	-2.14627	235.999	0	-1.08166e-07	3835
ODIN	0	1.33238	1.92792	0	-0.9861	0.00581785	2.08749e-06	3.11141	-2.17636	-7.4512e-08	-0.00291357	0.00194238	180	0	0.00139166	256.34	-1.63171e-07	1555.7	200.462	0	-1088.18	180	0	-7.35921e-05	123.001	0	-2.1582	235.999	0	-2.4195e-07	3868
ODIN	0	1.33238	1.92792	0	-0.9861	0.00581785	2.08848e-06	3.11141	-2.17635	-7.31752e-08	-0.00291348	0.00194232	180	0	0.00139232	256.34	-2.53672e-07	1555.7	200.462	0	-1088.18	180	0	-7.22718e-05	123.001	0	-2.15814	235.999	0	1.29003e-08	3912
ODIN	0	1.33238	1.92792	0	-0.9861	0.00581785	2.08837e-06	3.11144	-2.17635	-7.30766e-08	-0.00291354	0.00194236	180	0	0.00139225	256.34	-3.11813e-07	1555.72	200.462	0	-1088.18	180	0	-7.21745e-05	123.001	0	-2.15817	235.999	0	6.64348e-08	3952
ODIN	0	1.33238	1.92792	0	-0.9861	0.00581785	2.08794e-06	3.11141	-2.17636	-7.35663e-08	-0.00291365	0.00194244	180	0	0.00139196	256.34	7.53691e-08	1555.7	200.462	0	-1088.18	180	0	-7.2658e-05	123.001	0	-2.15826	235.999	0	-1.09707e-08	3990
ODIN	0	1.33238	1.92792	0	-0.9861	0.00581785	2.08794e-06	3.11141	-2.17636	-7.35663e-08	-0.00291365	0.00194244	180	0	0.00139196	256.34	7.53691e-08	1555.7	200.462	0	-1088.18	180	0	-7.2658e-05	123.001	0	-2.15826	235.999	0	-1.09707e-08	4035
ODIN	0	1.33238	1.92792	0	-0.9861	0.00581785	2.0887e-06	3.11141	-2.17636	-7.31851e-08	-0.00291363	0.00194242	180	0	0.00139247	256.34	1.40207e-08	1555.7	200.462	0	-1088.18	180	0	-7.22816e-05	123.001	0	-2.15824	235.999	0	2.73926e-08	4070
ODIN	0	1.33238	1.92792	0	-0.9861	0.00581785	2.08853e-06	3.11141	-2.17636	-7.30575e-08	-0.00291351	0.00194234	180	0	0.00139235	256.34	2.10858e-07	1555.7	200.462	0	-1088.18	180	0	-7.21556e-05	123.001	0	-2.15816	235.999	0	8.18535e-08	4109
ODIN	0	1.33238	1.92792	0	-0.9861	0.00581785	2.08987e-06	3.11141	-2.17636	-7.21713e-08	-0.0029136	0.0019424	180	0	0.00139325	256.34	1.39435e-07	1555.7	200.462	0	-1088.18	180	0	-7.12803e-05	123.001	0	-2.15822	235.999	0	1.89373e-07	4147
ODIN	0	1.33238	1.92792	0	-0.9861	0.00581785	2.08938e-06	3.11145	-2.1764	-7.27241e-08	-0.00291355	0.00194237	180	0	0.00139292	256.34	-1.1498e-07	1555.73	200.462	0	-1088.2	180	0	-7.18263e-05	123.001	0	-2.15819	235.999	0	1.0022e-07	4193
ODIN	0	1.33238	1.92792	0	-0.9861	0.00581785	2.08907e-06	3.11141	-2.17636	-7.30512e-08	-0.00291349	0.00194233	180	0	0.00139271	256.34	1.32172e-07	1555.7	200.462	0	-1088.18	180	0	-7.21493e-05	123.001	0	-2.15814	235.999	0	4.11827e-08	4229
ODIN	0	1.33238	1.92792	0	-0.9861	0.00581785	2.08907e-06	3.11141	-2.17636	-7.31353e-08	-0.00291357	0.00194238	180	0	0.00139271	256.34	1.69482e-07	1555.7	200.462	0	-1088.18	180	0	-7.22324e-05	123.001	0	-2.1582	235.999	0	3.70314e-08	4269
ODIN	0	1.33238	1.92792	0	-0.9861	0.00581785	2.08873e-06	3.11141	-2.17636	-7.381e-08	-0.00291365	0.00194244	180	0	0.00139249	256.34	2.5991e-07	1555.7	200.462	0	-1088.18	180	0	-7.28988e-05	123.001	0	-2.15826	235.999	0	-9.70841e-08	4304
ODIN	0	1.33238	1.92792	0	-0.9861	0.00581785	2.0872e-06	3.11141	-2.17639	-7.47385e-08	-0.00291346	0.00194231	180	0	0.00139146	256.34	-4.68084e-07	1555.7	200.462	0	-1088.19	180	0	-7.38158e-05	123.001	0	-2.15812	235.999	0	-1.6915e-07	4341
ODIN	0	1.33238	1.92792	0	-0.9861	0.00581785	2.0872e-06	3.11141	-2.17639	-7.47385e-08	-0.00291346	0.00194231	180	0	0.00139146	256.34	-4.68084e-07	1555.7	200.462	0	-1088.19	180	0	-7.38158e-05	123.001	0	-2.15812	235.999	0	-1.6915e-07	4384
ODIN	0	1.33238	1.92792	0	-0.9861	0.00581785	2.08893e-06	3.11141	-2.17636	-7.31769e-08	-0.00291359	0.00194239	180	0	0.00139262	256.34	1.6827e-07	1555.7	200.462	0	-1088.18	180	0	-7.22735e-05	123.001	0	-2.15821	235.999	0	1.08103e-07	4425
ODIN	0	1.33238	1.92792	0	-0.9861	0.00581785	2.08885e-06	3.11144	-2.17636	-7.35152e-08	-0.00291355	0.00194236	180	0	0.00139257	256.34	1.19347e-07	1555.72	200.462	0	-1088.18	180	0	-7.26076e-05	123.001	0	-2.15818	235.999	0	3.79406e-09	4464
ODIN	0	1.33238	1.92792	0	-0.9861	0.00581785	2.08892e-06	3.11141	-2.17639	-7.38501e-08	-0.00291355	0.00194237	180	0	0.00139261	256.34	-2.74579e-07	1555.7	200.462	0	-1088.19	180	0	-7.29383e-05	123.001	0	-2.15819	235.999	0	-9.3515e-08	4499
ODIN	0	1.33238	1.92792	0	-0.9861	0.00581785	2.08892e-06	3.11141	-2.17639	-7.38501e-08	-0.00291355	0.00194237	180	0	0.00139261	256.34	-2.74579e-07	1555.7	200.462	0	-1088.19	180	0	-7.29383e-05	123.001	0	-2.15819	235.999	0	-9.3515e-08	4539
ODIN	0	1.33238	1.92792	0	-0.9861	0.00581785	2.0895e-06	3.11144	-2.17636	-7.31862e-08	-0.00291351	0.00194234	180	0	0.001393	256.34	-8.97351e-09	1555.72	200.462	0	-1088.18	180	0	-7.22827e-05	123.001	0	-2.15816	235.999	0	3.35042e-08	4584
ODIN	0	1.33238	1.92792	0	-0.9861	0.00581785	2.08905e-06	3.11141	-2.17636	-7.43057e-08	-0.00291358	0.00194239	180	0	0.0013927	256.34	1.72144e-07	1555.7	200.462	0	-1088.18	180	0	-7.33884e-05	123.001	0	-2.15821	235.999	0	-2.22663e-07	4623
ODIN	0	1.33238	1.92792	0	-0.9861	0.00581785	2.0892e-06	3.11141	-2.17636	-7.34838e-08	-0.00291352	0.00194235	180	0	0.0013928	256.34	-3.44409e-07	1555.7	200.462	0	-1088.18	180	0	-7.25766e-05	123.001	0	-2.15816	235.999	0	-2.36728e-09	4662
ODIN	0	1.33238	1.92792	0	-0.9861	0.00581785	2.08981e-06	3.11141	-2.17639	-7.29835e-08	-0.00291356	0.00194237	180	0	0.0013932	256.34	-1.63458e-07	1555.7	200.462	0	-1088.19	180	0	-7.20825e-05	123.001	0	-2.15819	235.999	0	8.93906e-08	4698
ODIN	0	1.33238	1.92792	0	-0.9861	0.00581785	2.08981e-06	3.11141	-2.17639	-7.29835e-08	-0.00291356	0.00194237	180	0	0.0013932	256.34	-1.63458e-07	1555.7	200.462	0	-1088.19	180	0	-7.20825e-05	123.001	0	-2.15819	235.999	0	8.93906e-08	4740
ODIN	0	1.33238	1.92792	0	-0.9861	0.00581785	2.08913e-06	3.11141	-2.17636	-7.38949e-08	-0.00291355	0.00194237	180	0	0.00139276	256.34	-6.55192e-08	1555.7	200.462	0	-1088.18	180	0	-7.29826e-05	123.001	0	-2.15819	235.999	0	-8.21164e-08	4784
ODIN	0	1.33238	1.92792	0	-0.9861	0.00581785	2.08929e-06	3.11141	-2.17636	-7.37078e-08	-0.00291358	0.00194239	180	0	0.00139286	256.34	1.02324e-07	1555.7	200.462	0	-1088.18	180	0	-7.27978e-05	123.001	0	-2.15821	235.999	0	-4.11119e-08	4819
ODIN	0	1.33238	1.92792	0	-0.9861	0.00581785	2.08974e-06	3.11141	-2.17639	-7.32588e-08	-0.00291358	0.00194239	180	0	0.00139316	256.34	1.18609e-07	1555.7	200.462	0	-1088.19	180	0	-7.23543e-05	123.001	0	-2.15821	235.999	0	3.11892e-08	4859
ODIN	0	1.33238	1.92792	0	-0.9861	0.00581785	2.08974e-06	3.11141	-2.17639	-7.32588e-08	-0.00291358	0.00194239	180	0	0.00139316	256.34	1.18609e-07	1555.7	200.462	0	-1088.19	180	0	-7.23543e-05	123.001	0	-2.15821	235.999	0	3.11892e-08	4898
ODIN	0	1.33238	1.92792	0	-0.9861	0.00581785	2.08968e-06	3.11141	-2.17636	-7.34015e-08	-0.00291351	0.00194234	180	0	0.00139312	256.34	1.81015e-07	1555.7	200.462	0	-1088.18	180	0	-7.24953e-05	123.001	0	-2.15816	235.999	0	1.59294e-08	4940
ODIN	0	1.33238	1.92792	0	-0.9861	0.00581785	2.0902e-06	3.11144	-2.17636	-7.30568e-08	-0.00291353	0.00194235	180	0	0.00139347	256.34	1.97005e-07	1555.72	200.462	0	-1088.18	180	0	-7.21549e-05	123.001	0	-2.15817	235.999	0	5.82005e-08	4978
ODIN	0	1.33238	1.92792	0	-0.9861	0.00581785	2.08996e-06	3.11141	-2.17636	-7.3395e-08	-0.00291359	0.00194239	180	0	0.00139331	256.34	-7.16092e-08	1555.7	200.462	0	-1088.18	180	0	-7.24889e-05	123.001	0	-2.15821	235.999	0	5.33357e-09	5015
ODIN	0	1.33238	1.92792	0	-0.9861	0.00581785	2.09027e-06	3.11141	-2.17636	-7.32008e-08	-0.00291365	0.00194243	180	0	0.00139352	256.34	9.66585e-08	1555.7	200.462	0	-1088.18	180	0	-7.22971e-05	123.001	0	-2.15826	235.999	0	2.93903e-08	5054
ODIN	0	1.33238	1.92792	0	-0.9861	0.00581785	2.09002e-06	3.11141	-2.17636	-7.34156e-08	-0.00291354	0.00194236	180	0	0.00139334	256.34	-2.3579e-07	1555.7	200.462	0	-1088.18	180	0	-7.25092e-05	123.001	0	-2.15818	235.999	0	-6.8651e-09	5095
ODIN	0	1.33238	1.92792	0	-0.9861	0.00581785	2.08949e-06	3.11144	-2.17636	-7.3995e-08	-0.00291354	0.00194236	180	0	0.001393	256.34	-2.19387e-07	1555.72	200.462	0	-1088.18	180	0	-7.30815e-05	123.001	0	-2.15818	235.999	0	-1.06225e-07	5130
ODIN	0	1.33238	1.92792	0	-0.9861	0.00581785	2.09002e-06	3.11144	-2.17639	-7.33907e-08	-0.00291356	0.00194237	180	0	0.00139334	256.34	-1.07792e-07	1555.72	200.462	0	-1088.19	180	0	-7.24846e-05	123.001	0	-2.15819	235.999	0	2.62455e-08	5168
ODIN	0	1.33238	1.92792	0	-0.9861	0.00581785	2.08951e-06	3.11144	-2.17639	-7.40907e-08	-0.00291356	0.00194237	180	0	0.001393	256.34	-1.29328e-07	1555.72	200.462	0	-1088.19	180	0	-7.3176e-05	123.001	0	-2.15819	235.999	0	-1.06486e-07	5207
ODIN	0	1.33238	1.92792	0	-0.9861	0.00581785	2.09062e-06	3.11141	-2.17639	-7.30593e-08	-0.00291354	0.00194236	180	0	0.00139374	256.34	1.87851e-07	1555.7	200.462	0	-1088.19	180	0	-7.21573e-05	123.001	0	-2.15818	235.999	0	5.6322e-08	5251
ODIN	0	1.33238	1.92792	0	-0.9861	0.00581785	2.09062e-06	3.11141	-2.17639	-7.30593e-08	-0.00291354	0.00194236	180	0	0.00139374	256.34	1.87851e-07	1555.7	200.462	0	-1088.19	180	0	-7.21573e-05	123.001	0	-2.15818	235.999	0	5.6322e-08	5290
ODIN	0	1.33238	1.92792	0	-0.9861	0.00581785	2.08973e-06	3.11141	-2.17639	-7.38509e-08	-0.00291355	0.00194237	180	0	0.00139316	256.34	4.15832e-10	1555.7	200.462	0	-1088.19	180	0	-7.29392e-05	123.001	0	-2.15819	235.999	0	-6.60869e-08	5328
ODIN	0	1.33238	1.92792	0	-0.9861	0.00581785	2.08896e-06	3.11141	-2.17639	-7.43222e-08	-0.00291359	0.00194239	180	0	0.00139264	256.34	-7.63611e-08	1555.7	200.462	0	-1088.19	180	0	-7.34047e-05	123.001	0	-2.15821	235.999	0	-1.03544e-07	5372
ODIN	0	1.33238	1.92792	0	-0.9861	0.00581785	2.09024e-06	3.11141	-2.17636	-7.3476e-08	-0.00291362	0.00194241	180	0	0.0013935	256.34	1.92524e-07	1555.7	200.462	0	-1088.18	180	0	-7.25689e-05	123.001	0	-2.15824	235.999	0	1.36746e-08	5411
ODIN	0	1.33238	1.92792	0	-0.9861	0.00581785	2.09024e-06	3.11141	-2.17636	-7.3476e-08	-0.00291362	0.00194241	180	0	0.0013935	256.34	1.92524e-07	1555.7	200.462	0	-1088.18	180	0	-7.25689e-05	123.001	0	-2.15824	235.999	0	1.36746e-08	5447
ODIN	0	1.33238	1.92792	0	-0.9861	0.00581785	2.09016e-06	3.11141	-2.17636	-7.35261e-08	-0.00291353	0.00194235	180	0	0.00139344	256.34	-1.34534e-08	1555.7	200.462	0	-1088.18	180	0	-7.26184e-05	123.001	0	-2.15817	235.999	0	7.4655e-09	5481
ODIN	0	1.33238	1.92792	0	-0.9861	0.00581785	2.09045e-06	3.11141	-2.17636	-7.33878e-08	-0.00291356	0.00194237	180	0	0.00139364	256.34	-2.34932e-07	1555.7	200.462	0	-1088.18	180	0	-7.24817e-05	123.001	0	-2.15819	235.999	0	2.59858e-08	5521
ODIN	0	1.33238	1.92792	0	-0.9861	0.00581785	2.0906e-06	3.11141	-2.17639	-7.33214e-08	-0.00291356	0.00194237	180	0	0.00139373	256.34	-1.38608e-07	1555.7	200.462	0	-1088.19	180	0	-7.24162e-05	123.001	0	-2.15819	235.999	0	2.8776e-08	5555
ODIN	0	1.33238	1.92792	0	-0.9861	0.00581785	2.09016e-06	3.11141	-2.17639	-7.38768e-08	-0.00291355	0.00194237	180	0	0.00139344	256.34	7.11394e-08	1555.7	200.462	0	-1088.19	180	0	-7.29647e-05	123.001	0	-2.15818	235.999	0	-8.01998e-08	5594
ODIN	0	1.33238	1.92792	0	-0.9861	0.00581785	2.09131e-06	3.11144	-2.17635	-7.25782e-08	-0.00291346	0.00194231	180	0	0.00139421	256.34	-3.12752e-08	1555.72	200.462	0	-1088.18	180	0	-7.16822e-05	123.001	0	-2.15812	235.999	0	1.64354e-07	5630
ODIN	0	1.33238	1.92792	0	-0.9861	0.00581785	2.09131e-06	3.11144	-2.17635	-7.25782e-08	-0.00291346	0.00194231	180	0	0.00139421	256.34	-3.12752e-08	1555.72	200.462	0	-1088.18	180	0	-7.16822e-05	123.001	0	-2.15812	235.999	0	1.64354e-07	5663
ODIN	0	1.33238	1.92792	0	-0.9861	0.00581785	2.09011e-06	3.11141	-2.17636	-7.38285e-08	-0.00291358	0.00194239	180	0	0.00139341	256.34	-1.11255e-08	1555.7	200.462	0	-1088.18	180	0	-7.29171e-05	123.001	0	-2.15821	235.999	0	-3.78165e-08	5705
ODIN	0	1.33238	1.92792	0	-0.9861	0.00581785	2.08994e-06	3.11144	-2.17636	-7.38877e-08	-0.00291351	0.00194234	180	0	0.0013933	256.34	-1.90157e-07	1555.72	200.462	0	-1088.18	180	0	-7.29755e-05	123.001	0	-2.15815	235.999	0	-3.01355e-08	5739
ODIN	0	1.33238	1.92792	0	-0.9861	0.00581785	2.09079e-06	3.11141	-2.17636	-7.335e-08	-0.00291356	0.00194238	180	0	0.00139386	256.34	-1.51426e-07	1555.7	200.462	0	-1088.18	180	0	-7.24444e-05	123.001	0	-2.15819	235.999	0	2.80654e-08	5782
ODIN	0	1.33238	1.92792	0	-0.9861	0.00581785	2.09003e-06	3.11141	-2.17636	-7.41148e-08	-0.0029136	0.0019424	180	0	0.00139335	256.34	-7.30272e-08	1555.7	200.462	0	-1088.18	180	0	-7.31998e-05	123.001	0	-2.15822	235.999	0	-9.70093e-08	5820
ODIN	0	1.33238	1.92792	0	-0.9861	0.00581785	2.09003e-06	3.11141	-2.17636	-7.41148e-08	-0.0029136	0.0019424	180	0	0.00139335	256.34	-7.30272e-08	1555.7	200.462	0	-1088.18	180	0	-7.31998e-05	123.001	0	-2.15822	235.999	0	-9.70093e-08	5862
ODIN	0	1.33238	1.92792	0	-0.9861	0.00581785	2.09085e-06	3.11144	-2.17636	-7.35037e-08	-0.00291368	0.00194246	180	0	0.0013939	256.34	-1.33151e-07	1555.72	200.462	0	-1088.18	180	0	-7.25962e-05	123.001	0	-2.15828	235.999	0	-8.94345e-09	5901
ODIN	0	1.33238	1.92792	0	-0.9861	0.00581785	2.09085e-06	3.11141	-2.17636	-7.33737e-08	-0.00291356	0.00194237	180	0	0.0013939	256.34	-1.43257e-07	1555.7	200.462	0	-1088.18	180	0	-7.24678e-05	123.001	0	-2.15819	235.999	0	3.15148e-08	5941
ODIN	0	1.33238	1.92792	0	-0.9861	0.00581785	2.09067e-06	3.11141	-2.17636	-7.34326e-08	-0.00291377	0.00194251	180	0	0.00139378	256.34	2.18282e-07	1555.7	200.462	0	-1088.18	180	0	-7.2526e-05	123.001	0	-2.15835	235.999	0	4.20878e-08	5982
ODIN	0	1.33238	1.92792	0	-0.9861	0.00581785	2.09067e-06	3.11141	-2.17636	-7.34326e-08	-0.00291377	0.00194251	180	0	0.00139378	256.34	2.18282e-07	1555.7	200.462	0	-1088.18	180	0	-7.2526e-05	123.001	0	-2.15835	235.999	0	4.20878e-08	6019
ODIN	0	1.33238	1.92792	0	-0.9861	0.00581785	2.09146e-06	3.11141	-2.17636	-7.2819e-08	-0.00291357	0.00194238	180	0	0.00139431	256.34	-1.35495e-07	1555.7	200.462	0	-1088.18	180	0	-7.192e-05	123.001	0	-2.1582	235.999	0	1.28209e-07	6055
ODIN	0	1.33238	1.92792	0	-0.9861	0.00581785	2.09081e-06	3.1114	-2.17636	-7.34872e-08	-0.00291353	0.00194236	180	0	0.00139387	256.34	4.71408e-07	1555.7	200.462	0	-1088.18	180	0	-7.258e-05	123.001	0	-2.15817	235.999	0	2.5938e-08	6094
ODIN	0	1.33238	1.92792	0	-0.9861	0.00581785	2.09111e-06	3.11144	-2.17639	-7.33003e-08	-0.00291348	0.00194232	180	0	0.00139407	256.34	5.2353e-08	1555.72	200.462	0	-1088.19	180	0	-7.23953e-05	123.001	0	-2.15813	235.999	0	4.70673e-08	6136
ODIN	0	1.33238	1.92792	0	-0.9861	0.00581785	2.091e-06	3.11141	-2.17636	-7.33589e-08	-0.00291358	0.00194238	180	0	0.001394	256.34	5.96053e-08	1555.7	200.462	0	-1088.18	180	0	-7.24532e-05	123.001	0	-2.1582	235.999	0	4.36164e-08	6176
ODIN	0	1.33238	1.92792	0	-0.9861	0.00581785	2.091e-06	3.11141	-2.17636	-7.33589e-08	-0.00291358	0.00194238	180	0	0.001394	256.34	5.96053e-08	1555.7	200.462	0	-1088.18	180	0	-7.24532e-05	123.001	0	-2.1582	235.999	0	4.36164e-08	6212
ODIN	0	1.33238	1.92792	0	-0.9861	0.00581785	2.09074e-06	3.11141	-2.17639	-7.39042e-08	-0.00291355	0.00194237	180	0	0.00139382	256.34	1.87586e-07	1555.7	200.462	0	-1088.19	180	0	-7.29918e-05	123.001	0	-2.15819	235.999	0	-8.10073e-08	6250
ODIN	0	1.33238	1.92792	0	-0.9861	0.00581785	2.09039e-06	3.11141	-2.17636	-7.39691e-08	-0.00291365	0.00194243	180	0	0.00139359	256.34	-1.36359e-08	1555.7	200.462	0	-1088.18	180	0	-7.30559e-05	123.001	0	-2.15826	235.999	0	-3.97106e-08	6290
ODIN	0	1.33238	1.92792	0	-0.9861	0.00581785	2.09024e-06	3.11144	-2.17636	-7.44188e-08	-0.00291362	0.00194241	180	0	0.00139349	256.34	-1.44072e-07	1555.72	200.462	0	-1088.18	180	0	-7.35001e-05	123.001	0	-2.15824	235.999	0	-1.49836e-07	6333
ODIN	0	1.33238	1.92792	0	-0.9861	0.00581785	2.089e-06	3.11141	-2.1764	-7.46697e-08	-0.00291359	0.00194239	180	0	0.00139267	256.34	5.1909e-09	1555.7	200.462	0	-1088.2	180	0	-7.37479e-05	123.001	0	-2.15822	235.999	0	-2.70705e-08	6374
ODIN	0	1.33238	1.92792	0	-0.9861	0.00581785	2.09152e-06	3.11141	-2.17635	-7.23121e-08	-0.00291348	0.00194232	180	0	0.00139434	256.34	-5.15535e-07	1555.7	200.462	0	-1088.18	180	0	-7.14193e-05	123.001	0	-2.15813	235.999	0	3.17128e-07	6412
ODIN	0	1.33238	1.92792	0	-0.9861	0.00581785	2.09069e-06	3.11141	-2.17639	-7.40804e-08	-0.00291354	0.00194236	180	0	0.00139379	256.34	2.61509e-07	1555.7	200.462	0	-1088.19	180	0	-7.31658e-05	123.001	0	-2.15818	235.999	0	-1.03913e-07	6447
ODIN	0	1.33238	1.92792	0	-0.9861	0.00581785	2.09077e-06	3.11141	-2.17636	-7.38729e-08	-0.00291362	0.00194241	180	0	0.00139385	256.34	-1.81688e-08	1555.7	200.462	0	-1088.18	180	0	-7.29609e-05	123.001	0	-2.15823	235.999	0	-3.5764e-08	6484
ODIN	0	1.33238	1.92792	0	-0.9861	0.00581785	2.09112e-06	3.11141	-2.17639	-7.31658e-08	-0.00291354	0.00194236	180	0	0.00139408	256.34	3.85996e-07	1555.7	200.462	0	-1088.19	180	0	-7.22625e-05	123.001	0	-2.15818	235.999	0	1.23418e-07	6528
ODIN	0	1.33238	1.92792	0	-0.9861	0.00581785	2.09112e-06	3.11141	-2.17639	-7.31658e-08	-0.00291354	0.00194236	180	0	0.00139408	256.34	3.85996e-07	1555.7	200.462	0	-1088.19	180	0	-7.22625e-05	123.001	0	-2.15818	235.999	0	1.23418e-07	6567
ODIN	0	1.33238	1.92792	0	-0.9861	0.00581785	2.09084e-06	3.11141	-2.17639	-7.39499e-08	-0.0029136	0.0019424	180	0	0.00139389	256.34	-1.38786e-07	1555.7	200.462	0	-1088.19	180	0	-7.3037e-05	123.001	0	-2.15822	235.999	0	-7.08292e-08	6606
ODIN	0	1.33238	1.92792	0	-0.9861	0.00581785	2.08985e-06	3.11141	-2.17635	-7.52142e-08	-0.00291357	0.00194238	180	0	0.00139323	256.34	-6.49295e-08	1555.7	200.462	0	-1088.18	180	0	-7.42856e-05	123.001	0	-2.1582	235.999	0	-3.00138e-07	6647
ODIN	0	1.33238	1.92792	0	-0.9861	0.00581785	2.0912e-06	3.11141	-2.17639	-7.33942e-08	-0.00291348	0.00194232	180	0	0.00139413	256.34	2.57215e-07	1555.7	200.462	0	-1088.19	180	0	-7.24881e-05	123.001	0	-2.15814	235.999	0	6.54966e-08	6688
ODIN	0	1.33238	1.92792	0	-0.9861	0.00581785	2.09101e-06	3.11141	-2.17636	-7.37858e-08	-0.0028976	0.00193174	180	0	0.00139401	256.34	-3.03024e-07	1555.7	200.462	0	-1088.18	180	0	-7.28749e-05	123.001	0	-2.14637	235.999	0	-1.84397e-08	6725
ODIN	0	1.33238	1.92792	0	-0.9861	0.00581785	2.09101e-06	3.11141	-2.17636	-7.37858e-08	-0.0028976	0.00193174	180	0	0.00139401	256.34	-3.03024e-07	1555.7	200.462	0	-1088.18	180	0	-7.28749e-05	123.001	0	-2.14637	235.999	0	-1.84397e-08	6764
ODIN	0	1.33238	1.92792	0	-0.9861	0.00581785	2.09062e-06	3.11141	-2.17639	-7.42388e-08	-0.00291359	0.0019424	180	0	0.00139374	256.34	2.63704e-07	1555.7	200.462	0	-1088.19	180	0	-7.33222e-05	123.001	0	-2.15822	235.999	0	-9.64186e-08	6807
ODIN	0	1.33238	1.92792	0	-0.9861	0.00581785	2.09115e-06	3.11141	-2.17636	-7.36696e-08	-0.00291366	0.00194244	180	0	0.0013941	256.34	-5.18021e-08	1555.7	200.462	0	-1088.18	180	0	-7.27601e-05	123.001	0	-2.15826	235.999	0	4.77048e-09	6845
ODIN	0	1.33238	1.92793	0	-0.986101	0.00581785	1.92921e-05	3.11446	-2.17946	9.93926e-06	-0.00183559	0.00122225	180	0	0.0128614	256.34	-0.00416875	1557.23	200.462	0	-1089.73	180	0	0.00981656	123.001	0	-1.35887	235.999	0	0.00082046	6883
ODIN	0	1.33238	1.92793	0	-0.986101	0.00581785	1.92921e-05	3.11446	-2.17946	9.93926e-06	-0.00183559	0.00122225	180	0	0.0128614	256.34	-0.00416875	1557.23	200.462	0	-1089.73	180	0	0.00981656	123.001	0	-1.35887	235.999	0	0.00082046	6913
ODIN	0	1.33237	1.92793	0	-0.986102	0.00581776	3.60419e-05	3.11262	-2.17774	1.52817e-05	-0.00241707	0.00161061	180	0	0.0240279	256.339	0.000266198	1556.31	200.462	0	-1088.87	180	0	0.0150931	123.001	0	-1.79	235.999	0	0.000428062	6958
ODIN	0	1.33238	1.92793	0	-0.986101	0.00581776	2.61351e-05	3.11042	-2.17544	8.26535e-06	-0.00321507	0.00214434	180	0	0.0174234	256.34	0.00347927	1555.21	200.462	0	-1087.72	180	0	0.00816331	123.001	0	-2.38206	235.999	0	-0.000530887	6995
ODIN	0	1.33238	1.92792	0	-0.9861	0.00581785	-4.26418e-06	3.10948	-2.17443	-5.13298e-06	-0.00356961	0.00238162	180	0	-0.00284279	256.34	0.00354457	1554.74	200.462	0	-1087.21	180	0	-0.00506961	123.001	0	-2.6452	235.999	0	-0.00104402	7038
ODIN	0	1.33238	1.92792	0	-0.986099	0.00581785	-3.24723e-05	3.10983	-2.17471	-1.50834e-05	-0.00348266	0.00232325	180	0	-0.0216482	256.34	0.00170813	1554.92	200.462	0	-1087.36	180	0	-0.0148971	123.001	0	-2.58057	235.999	0	-0.000818759	7077
ODIN	0	1.33238	1.92792	0	-0.986099	0.00581785	-3.24723e-05	3.10983	-2.17471	-1.50834e-05	-0.00348266	0.00232325	180	0	-0.0216482	256.34	0.00170813	1554.92	200.462	0	-1087.36	180	0	-0.0148971	123.001	0	-2.58057	235.999	0	-0.000818759	7117
ODIN	0	1.33238	1.92792	0	-0.986099	0.00581785	-4.09904e-05	3.11072	-2.17564	-1.58721e-05	-0.00316864	0.00211267	180	0	-0.0273269	256.34	-0.000287529	1555.36	200.462	0	-1087.82	180	0	-0.0156761	123.001	0	-2.34728	235.999	0	-0.000135199	7158
ODIN	2.66316e-07	1.33238	1.92792	1.99737e-07	-0.986099	0.00581785	-2.79365e-05	3.11151	-2.17648	-8.67641e-06	-0.00287192	0.00191367	180	0	-0.0186243	256.34	-0.00137238	1555.76	200.462	0	-1088.24	180	0	-0.0085693	123.001	0	-2.12683	235.999	0	0.000524736	7196
ODIN	2.66316e-07	1.33238	1.92792	0	-0.9861	0.00581781	-4.71858e-06	3.11189	-2.17689	9.67873e-07	-0.0027387	0.00182449	180	0	-0.00314572	256.34	-0.00142144	1555.95	200.462	0	-1088.44	180	0	0.000955924	123.001	0	-2.02794	235.999	0	0.000727814	7240
ODIN	2.66316e-07	1.33238	1.92792	0	-0.9861	0.00581781	-4.71858e-06	3.11189	-2.17689	9.67873e-07	-0.0027387	0.00182449	180	0	-0.00314572	256.34	-0.00142144	1555.95	200.462	0	-1088.44	180	0	0.000955924	123.001	0	-2.02794	235.999	0	0.000727814	7277
ODIN	0	1.33238	1.92792	0	-0.9861	0.00581785	1.44718e-05	3.11183	-2.17686	7.52677e-06	-0.00273428	0.00182175	180	0	0.00964788	256.34	-0.000816375	1555.92	200.462	0	-1088.43	180	0	0.00743385	123.001	0	-2.02478	235.999	0	0.00061572	7319
ODIN	0	1.33238	1.92792	0	-0.9861	0.00581776	2.09265e-05	3.11159	-2.1766	8.50668e-06	-0.00283571	0.00189012	180	0	0.013951	256.34	-0.000109293	1555.8	200.462	0	-1088.3	180	0	0.00840166	123.001	0	-2.10033	235.999	0	0.000195525	7362
ODIN	0	1.33238	1.92792	0	-0.9861	0.00581781	1.49168e-05	3.11129	-2.17631	4.98246e-06	-0.0029239	0.00194964	180	0	0.00994455	256.34	0.00033957	1555.65	200.462	0	-1088.16	180	0	0.00492094	123.001	0	-2.16606	235.999	0	-0.000206111	7400
ODIN	0	1.33238	1.92792	0	-0.9861	0.00581785	3.7432e-06	3.1115	-2.17648	6.20578e-07	-0.00287931	0.00192003	180	0	0.00249546	256.34	-0.000125698	1555.75	200.462	0	-1088.24	180	0	0.000612917	123.001	0	-2.13309	235.999	0	-0.00027163	7437
ODIN	0	1.33238	1.92792	0	-0.9861	0.00581785	3.7432e-06	3.1115	-2.17648	6.20578e-07	-0.00287931	0.00192003	180	0	0.00249546	256.34	-0.000125698	1555.75	200.462	0	-1088.24	180	0	0.000612917	123.001	0	-2.13309	235.999	0	-0.00027163	7474
ODIN	0	1.33238	1.92792	0	-0.9861	0.00581785	-5.17796e-06	3.11096	-2.17602	-2.58554e-06	-0.00302286	0.0020157	180	0	-0.00345198	256.34	0.000789824	1555.48	200.462	0	-1088.01	180	0	-0.00255362	123.001	0	-2.23941	235.999	0	-0.000253075	7503
ODIN	0	1.33238	1.92792	0	-0.9861	0.00581781	-1.43865e-05	3.11034	-2.17535	-6.35977e-06	-0.00327131	0.00218128	180	0	-0.00959097	256.34	0.00142547	1555.17	200.462	0	-1087.67	180	0	-0.00628125	123.001	0	-2.42342	235.999	0	-0.000228376	7544
ODIN	0	1.33238	1.92792	0	-0.986099	0.00581785	-2.08084e-05	3.11037	-2.17536	-8.53105e-06	-0.00326793	0.00217892	180	0	-0.0138723	256.34	0.000813676	1555.18	200.462	0	-1087.68	180	0	-0.00842573	123.001	0	-2.42086	235.999	0	-0.000165287	7582
ODIN	0	1.33238	1.92792	0	-0.986099	0.00581785	-1.94758e-05	3.11091	-2.17587	-7.23354e-06	-0.00309895	0.00206572	180	0	-0.0129839	256.34	-0.000276691	1555.45	200.462	0	-1087.94	180	0	-0.00714424	123.001	0	-2.29538	235.999	0	0.000138143	7625
ODIN	0	1.33238	1.92792	0	-0.986099	0.00581785	-1.94758e-05	3.11091	-2.17587	-7.23354e-06	-0.00309895	0.00206572	180	0	-0.0129839	256.34	-0.000276691	1555.45	200.462	0	-1087.94	180	0	-0.00714424	123.001	0	-2.29538	235.999	0	0.000138143	7665
ODIN	2.66316e-07	1.33238	1.92792	0	-0.9861	0.00581781	-1.00452e-05	3.11146	-2.17645	-2.88246e-06	-0.00288847	0.00192485	180	0	-0.00669679	256.34	-0.0010272	1555.73	200.462	0	-1088.22	180	0	-0.00284687	123.001	0	-2.13917	235.999	0	0.000442021	7704
ODIN	0	1.33238	1.92792	0	-0.9861	0.00581785	2.91203e-06	3.11178	-2.17682	2.20722e-06	-0.00276192	0.00184044	180	0	0.00194135	256.34	-0.0011499	1555.89	200.462	0	-1088.41	180	0	0.00217997	123.001	0	-2.0454	235.999	0	0.000465933	7743
ODIN	0	1.33238	1.92792	0	-0.9861	0.00581785	1.29257e-05	3.11182	-2.17686	5.51788e-06	-0.00274411	0.00182876	180	0	0.0086171	256.34	-0.000793652	1555.91	200.462	0	-1088.43	180	0	0.00544976	123.001	0	-2.03232	235.999	0	0.000358811	7783
ODIN	0	1.33238	1.92792	0	-0.9861	0.00581781	1.60095e-05	3.11167	-2.17673	5.83579e-06	-0.0027946	0.0018628	180	0	0.010673	256.34	-0.000262998	1555.84	200.462	0	-1088.37	180	0	0.00576374	123.001	0	-2.06993	235.999	0	0.000146148	7819
ODIN	0	1.33238	1.92792	0	-0.9861	0.00581781	1.60095e-05	3.11167	-2.17673	5.83579e-06	-0.0027946	0.0018628	180	0	0.010673	256.34	-0.000262998	1555.84	200.462	0	-1088.37	180	0	0.00576374	123.001	0	-2.06993	235.999	0	0.000146148	7861
ODIN	0	1.33238	1.92792	0	-0.9861	0.00581781	1.21219e-05	3.1114	-2.17645	3.56092e-06	-0.0028917	0.00192794	180	0	0.00808126	256.34	0.000259077	1555.7	200.462	0	-1088.22	180	0	0.00351696	123.001	0	-2.14208	235.999	0	-7.57121e-05	7895
ODIN	0	1.33238	1.92792	0	-0.9861	0.00581781	4.9281e-06	3.11154	-2.17652	6.22758e-07	-0.00286284	0.00190876	180	0	0.0032854	256.34	-7.18873e-05	1555.77	200.462	0	-1088.26	180	0	0.000615069	123.001	0	-2.12073	235.999	0	-0.000111612	7932
ODIN	0	1.33238	1.92792	0	-0.986101	0.00581785	1.50389e-06	3.11185	-2.17684	-7.02741e-08	-0.00274071	0.00182716	180	0	0.00100259	256.34	-0.00053697	1555.92	200.462	0	-1088.42	180	0	-6.94065e-05	123.001	0	-2.03017	235.999	0	-1.11205e-05	7969
ODIN	0	1.33238	1.92792	0	-0.986101	0.00581785	3.59258e-06	3.11206	-2.17707	1.41864e-06	-0.002668	0.00177845	180	0	0.00239505	256.34	-0.000630455	1556.03	200.462	0	-1088.54	180	0	0.00140112	123.001	0	-1.97618	235.999	0	0.00011988	8009
ODIN	0	1.33238	1.92792	0	-0.986101	0.00581785	3.59258e-06	3.11206	-2.17707	1.41864e-06	-0.002668	0.00177845	180	0	0.00239505	256.34	-0.000630455	1556.03	200.462	0	-1088.54	180	0	0.00140112	123.001	0	-1.97618	235.999	0	0.00011988	8045
ODIN	0	1.33238	1.92792	0	-0.986101	0.00581785	7.75561e-06	3.11192	-2.17694	3.19406e-06	-0.00271369	0.0018088	180	0	0.00517041	256.34	-0.00017926	1555.96	200.462	0	-1088.47	180	0	0.00315463	123.001	0	-2.00996	235.999	0	0.00017979	8081
ODIN	0	1.33238	1.92792	0	-0.986101	0.00581785	8.97489e-06	3.11156	-2.17657	3.28279e-06	-0.00283098	0.00188724	180	0	0.00598326	256.34	0.000451202	1555.78	200.462	0	-1088.29	180	0	0.00324226	123.001	0	-2.09698	235.999	0	4.31035e-05	8111
ODIN	0	1.33238	1.92792	0	-0.986101	0.00581785	5.15582e-06	3.11119	-2.1762	1.30841e-06	-0.00297157	0.00198117	180	0	0.00343722	256.34	0.000837788	1555.6	200.462	0	-1088.1	180	0	0.00129226	123.001	0	-2.20123	235.999	0	-6.92681e-05	8153
ODIN	0	1.33238	1.92792	0	-0.986101	0.00581785	5.15582e-06	3.11119	-2.1762	1.30841e-06	-0.00297157	0.00198117	180	0	0.00343722	256.34	0.000837788	1555.6	200.462	0	-1088.1	180	0	0.00129226	123.001	0	-2.20123	235.999	0	-6.92681e-05	8183
ODIN	0	1.33238	1.92792	0	-0.9861	0.00581781	-8.81466e-06	3.10893	-2.17395	-6.31518e-06	-0.00373753	0.00249291	180	0	-0.00587644	256.34	0.00404905	1554.47	200.462	0	-1086.97	180	0	-0.00623721	123.001	0	-2.76922	235.999	0	-0.000680714	8221
ODIN	0	1.33238	1.92792	0	-0.986099	0.00581785	-3.35744e-05	3.10862	-2.17347	-1.68222e-05	-0.00393066	0.00262198	180	0	-0.0223829	256.34	0.00292682	1554.31	200.462	0	-1086.74	180	0	-0.0166145	123.001	0	-2.91245	235.999	0	-0.000857557	8263
ODIN	2.66316e-07	1.33239	1.92792	1.99737e-07	-0.986098	0.00581785	-4.5086e-05	3.10991	-2.17474	-1.95851e-05	-0.0034908	0.00232774	180	0	-0.0300574	256.34	-0.000146697	1554.95	200.461	0	-1087.37	180	0	-0.0193434	123.001	0	-2.58608	235.999	0	-0.000302185	8304
ODIN	2.66316e-07	1.33238	1.92792	1.99737e-07	-0.986098	0.0058179	-3.21982e-05	3.11146	-2.17634	-1.22016e-05	-0.00292961	0.00195224	180	0	-0.0214655	256.34	-0.00244865	1555.73	200.462	0	-1088.17	180	0	-0.0120509	123.001	0	-2.16962	235.999	0	0.000460217	8343
ODIN	2.66316e-07	1.33238	1.92792	1.99737e-07	-0.986098	0.0058179	-3.21982e-05	3.11146	-2.17634	-1.22016e-05	-0.00292961	0.00195224	180	0	-0.0214655	256.34	-0.00244865	1555.73	200.462	0	-1088.17	180	0	-0.0120509	123.001	0	-2.16962	235.999	0	0.000460217	8372
ODIN	2.66316e-07	1.33238	1.92792	1.99737e-07	-0.986099	0.00581785	-2.31332e-06	3.11247	-2.17743	5.7664e-07	-0.00254855	0.00169735	180	0	-0.00154221	256.34	-0.00308506	1556.24	200.462	0	-1088.72	180	0	0.000569521	123.001	0	-1.88688	235.999	0	0.000933004	8414
ODIN	0	1.33238	1.92792	0	-0.9861	0.00581776	2.75986e-05	3.11275	-2.17775	1.14578e-05	-0.00242679	0.0016162	180	0	0.0183991	256.34	-0.00237955	1556.37	200.462	0	-1088.87	180	0	0.0113163	123.001	0	-1.7967	235.999	0	0.000922886	8446
ODIN	0	1.33238	1.92792	0	-0.986101	0.00581776	4.32777e-05	3.11254	-2.17755	1.56128e-05	-0.00250499	0.00166916	180	0	0.0288518	256.34	-0.00117491	1556.27	200.462	0	-1088.78	180	0	0.0154201	123.001	0	-1.85509	235.999	0	0.000460855	8481
ODIN	0	1.33238	1.92793	0	-0.986101	0.00581776	4.19482e-05	3.11287	-2.17776	1.36267e-05	-0.00242354	0.00161571	180	0	0.0279655	256.34	-0.00138305	1556.43	200.462	0	-1088.88	180	0	0.0134585	123.001	0	-1.79522	235.999	0	-6.09979e-06	8521
ODIN	0	1.33238	1.92793	0	-0.986101	0.00581776	4.19482e-05	3.11287	-2.17776	1.36267e-05	-0.00242354	0.00161571	180	0	0.0279655	256.34	-0.00138305	1556.43	200.462	0	-1088.88	180	0	0.0134585	123.001	0	-1.79522	235.999	0	-6.09979e-06	8565
ODIN	0	1.33238	1.92793	0	-0.986102	0.00581781	3.40895e-05	3.11255	-2.17756	1.01149e-05	-0.00249613	0.00166451	180	0	0.0227263	256.34	-0.000335988	1556.27	200.462	0	-1088.78	180	0	0.00999007	123.001	0	-1.84922	235.999	0	-0.000235347	8597
ODIN	0	1.33238	1.92793	0	-0.986101	0.00581785	1.98431e-05	3.11178	-2.17676	4.06042e-06	-0.00275851	0.00183981	180	0	0.0132287	256.34	0.00093992	1555.89	200.462	0	-1088.38	180	0	0.00401029	123.001	0	-2.04378	235.999	0	-0.000446024	8634
ODIN	0	1.33238	1.92793	0	-0.986101	0.00581785	4.33763e-06	3.11137	-2.17628	-1.79352e-06	-0.00292305	0.00194957	180	0	0.00289175	256.34	0.00124241	1555.68	200.462	0	-1088.14	180	0	-0.00177138	123.001	0	-2.1657	235.999	0	-0.000484436	8675
ODIN	0	1.33238	1.92792	0	-0.986101	0.00581785	-6.14012e-06	3.11128	-2.17616	-5.06175e-06	-0.00296462	0.001977	180	0	-0.00409341	256.34	0.000918665	1555.64	200.462	0	-1088.08	180	0	-0.00499926	123.001	0	-2.19634	235.999	0	-0.000327071	8713
ODIN	0	1.33238	1.92792	0	-0.986101	0.00581785	-6.14012e-06	3.11128	-2.17616	-5.06175e-06	-0.00296462	0.001977	180	0	-0.00409341	256.34	0.000918665	1555.64	200.462	0	-1088.08	180	0	-0.00499926	123.001	0	-2.19634	235.999	0	-0.000327071	8754
ODIN	0	1.33238	1.92792	0	-0.986101	0.00581785	-8.36265e-06	3.11139	-2.17628	-4.93095e-06	-0.00293258	0.00195508	180	0	-0.0055751	256.34	0.000405473	1555.69	200.462	0	-1088.14	180	0	-0.00487007	123.001	0	-2.17229	235.999	0	-1.41065e-05	8791
ODIN	0	1.33238	1.92792	0	-0.9861	0.00581781	-3.68301e-06	3.11152	-2.17643	-2.39733e-06	-0.00287467	0.00191613	180	0	-0.00245534	256.34	2.53939e-05	1555.76	200.462	0	-1088.21	180	0	-0.00236774	123.001	0	-2.12921	235.999	0	0.000172557	8831
ODIN	0	1.33238	1.92792	0	-0.9861	0.00581781	-3.68301e-06	3.11152	-2.17643	-2.39733e-06	-0.00287467	0.00191613	180	0	-0.00245534	256.34	2.53939e-05	1555.76	200.462	0	-1088.21	180	0	-0.00236774	123.001	0	-2.12921	235.999	0	0.000172557	8865
ODIN	0	1.33238	1.92792	0	-0.986101	0.00581785	9.34878e-06	3.11158	-2.1765	2.60553e-06	-0.0028428	0.00189489	180	0	0.00623252	256.34	-2.72068e-05	1555.79	200.462	0	-1088.25	180	0	0.00257336	123.001	0	-2.1056	235.999	0	0.000171576	8903
ODIN	0	1.33238	1.92792	0	-0.986101	0.00581785	9.34878e-06	3.11158	-2.1765	2.60553e-06	-0.0028428	0.00189489	180	0	0.00623252	256.34	-2.72068e-05	1555.79	200.462	0	-1088.25	180	0	0.00257336	123.001	0	-2.1056	235.999	0	0.000171576	8941
ODIN	0	1.33238	1.92792	0	-0.9861	0.00581781	1.08233e-05	3.1115	-2.17642	2.73697e-06	-0.00288742	0.00192488	180	0	0.00721555	256.34	0.000130769	1555.75	200.462	0	-1088.21	180	0	0.00270318	123.001	0	-2.13879	235.999	0	3.63044e-05	8975
ODIN	0	1.33238	1.92792	0	-0.9861	0.00581785	8.28443e-06	3.1114	-2.17631	1.40667e-06	-0.00292919	0.00195302	180	0	0.00552295	256.34	0.000265154	1555.7	200.462	0	-1088.16	180	0	0.00138931	123.001	0	-2.1699	235.999	0	-0.00012679	9004
ODIN	0	1.33238	1.92792	0	-0.9861	0.00581785	3.79099e-06	3.11127	-2.17622	-4.36085e-07	-0.00295491	0.00197016	180	0	0.00252733	256.34	0.000310862	1555.64	200.462	0	-1088.11	180	0	-0.000430701	123.001	0	-2.18894	235.999	0	-0.000122451	9039
ODIN	0	1.33238	1.92792	0	-0.9861	0.00581785	3.79099e-06	3.11127	-2.17622	-4.36085e-07	-0.00295491	0.00197016	180	0	0.00252733	256.34	0.000310862	1555.64	200.462	0	-1088.11	180	0	-0.000430701	123.001	0	-2.18894	235.999	0	-0.000122451	9073
ODIN	0	1.33238	1.92792	0	-0.9861	0.00581785	-3.14307e-07	3.11119	-2.17612	-1.90261e-06	-0.00299008	0.00199367	180	0	-0.000209538	256.34	0.000340595	1555.6	200.462	0	-1088.06	180	0	-0.00187912	123.001	0	-2.21503	235.999	0	-0.000155408	9109
ODIN	0	1.33238	1.92792	0	-0.9861	0.00581785	-4.7772e-06	3.1108	-2.1757	-3.83938e-06	-0.00312761	0.00208538	180	0	-0.0031848	256.34	0.000792666	1555.4	200.462	0	-1087.85	180	0	-0.00379198	123.001	0	-2.31692	235.999	0	-0.000172101	9153
ODIN	0	1.33238	1.92792	0	-0.9861	0.00581785	-7.13758e-06	3.11109	-2.17598	-4.37506e-06	-0.00304637	0.002031	180	0	-0.00475839	256.34	5.64891e-05	1555.54	200.462	0	-1087.99	180	0	-0.00432105	123.001	0	-2.25662	235.999	0	-4.51878e-05	9189
ODIN	0	1.33238	1.92792	0	-0.9861	0.00581781	-4.09635e-06	3.11147	-2.17639	-2.59596e-06	-0.0029123	0.00194138	180	0	-0.0027309	256.34	-0.000549465	1555.73	200.462	0	-1088.19	180	0	-0.00256391	123.001	0	-2.15718	235.999	0	8.55536e-05	9234
ODIN	0	1.33238	1.92792	0	-0.9861	0.00581781	-4.09635e-06	3.11147	-2.17639	-2.59596e-06	-0.0029123	0.00194138	180	0	-0.0027309	256.34	-0.000549465	1555.73	200.462	0	-1088.19	180	0	-0.00256391	123.001	0	-2.15718	235.999	0	8.55536e-05	9272
ODIN	0	1.33238	1.92792	0	-0.9861	0.0058179	2.67085e-06	3.1117	-2.17663	3.302e-07	-0.00281806	0.00187836	180	0	0.00178056	256.34	-0.000678936	1555.85	200.462	0	-1088.31	180	0	0.000326123	123.001	0	-2.08726	235.999	0	0.000192178	9312
ODIN	0	1.33238	1.92792	0	-0.9861	0.00581785	9.05538e-06	3.11171	-2.17664	2.63567e-06	-0.00280912	0.00187241	180	0	0.00603692	256.34	-0.000451349	1555.85	200.462	0	-1088.32	180	0	0.00260313	123.001	0	-2.08064	235.999	0	0.000185554	9352
ODIN	0	1.33238	1.92792	0	-0.9861	0.00581785	1.17066e-05	3.11159	-2.17652	3.20041e-06	-0.00285588	0.00190383	180	0	0.00780439	256.34	-0.000113562	1555.8	200.462	0	-1088.26	180	0	0.0031609	123.001	0	-2.11542	235.999	0	5.01899e-05	9391
ODIN	0	1.33238	1.92792	0	-0.9861	0.00581785	9.97796e-06	3.11146	-2.17638	2.08553e-06	-0.00290483	0.00193663	180	0	0.00665198	256.34	0.000137882	1555.73	200.462	0	-1088.19	180	0	0.00205978	123.001	0	-2.15177	235.999	0	-4.10285e-05	9424
ODIN	0	1.33238	1.92792	0	-0.9861	0.00581785	9.97796e-06	3.11146	-2.17638	2.08553e-06	-0.00290483	0.00193663	180	0	0.00665198	256.34	0.000137882	1555.73	200.462	0	-1088.19	180	0	0.00205978	123.001	0	-2.15177	235.999	0	-4.10285e-05	9457
ODIN	0	1.33238	1.92792	0	-0.9861	0.00581785	5.69481e-06	3.11135	-2.1763	2.31434e-07	-0.00293926	0.00195975	180	0	0.00379654	256.34	0.000224744	1555.68	200.462	0	-1088.15	180	0	0.000228577	123.001	0	-2.17737	235.999	0	-0.000136791	9501
ODIN	0	1.33238	1.92792	0	-0.9861	0.00581785	1.5256e-06	3.11135	-2.17626	-1.2833e-06	-0.00294746	0.00196527	180	0	0.00101707	256.34	0.000175694	1555.67	200.462	0	-1088.13	180	0	-0.00126745	123.001	0	-2.18347	235.999	0	-0.000165999	9529
ODIN	0	1.33238	1.92792	0	-0.9861	0.00581785	-5.7529e-07	3.11137	-2.17628	-1.82638e-06	-0.00292785	0.00195205	180	0	-0.000383527	256.34	6.77163e-05	1555.69	200.462	0	-1088.14	180	0	-0.00180383	123.001	0	-2.16886	235.999	0	-8.33658e-05	9567
ODIN	0	1.33238	1.92792	0	-0.9861	0.00581785	-2.07621e-07	3.11142	-2.17634	-1.42021e-06	-0.00292546	0.00195036	180	0	-0.000138414	256.34	-2.60238e-05	1555.71	200.462	0	-1088.17	180	0	-0.00140267	123.001	0	-2.16704	235.999	0	-2.71e-05	9601
ODIN	0	1.33238	1.92792	0	-0.9861	0.00581785	-2.07621e-07	3.11142	-2.17634	-1.42021e-06	-0.00292546	0.00195036	180	0	-0.000138414	256.34	-2.60238e-05	1555.71	200.462	0	-1088.17	180	0	-0.00140267	123.001	0	-2.16704	235.999	0	-2.71e-05	9639
ODIN	0	1.33238	1.92792	0	-0.9861	0.00581785	1.73549e-06	3.11144	-2.17636	-5.34516e-07	-0.00290105	0.00193391	180	0	0.00115699	256.34	-7.01831e-05	1555.72	200.462	0	-1088.18	180	0	-0.000527917	123.001	0	-2.14886	235.999	0	7.24776e-05	9683
ODIN	0	1.33238	1.92792	0	-0.9861	0.00581785	3.87383e-06	3.11147	-2.17639	2.71573e-07	-0.0029013	0.00193412	180	0	0.00258256	256.34	-6.40408e-05	1555.74	200.462	0	-1088.2	180	0	0.000268221	123.001	0	-2.14906	235.999	0	4.65686e-05	9717
ODIN	0	1.33238	1.92792	0	-0.9861	0.00581785	5.14995e-06	3.11145	-2.17637	6.49444e-07	-0.00290704	0.00193801	180	0	0.0034333	256.34	-3.17858e-05	1555.73	200.462	0	-1088.19	180	0	0.000641426	123.001	0	-2.15336	235.999	0	7.02046e-06	9758
ODIN	0	1.33238	1.92792	0	-0.9861	0.00581785	5.14995e-06	3.11145	-2.17637	6.49444e-07	-0.00290704	0.00193801	180	0	0.0034333	256.34	-3.17858e-05	1555.73	200.462	0	-1088.19	180	0	0.000641426	123.001	0	-2.15336	235.999	0	7.02046e-06	9794
ODIN	0	1.33238	1.92792	0	-0.9861	0.00581785	5.24662e-06	3.11144	-2.17636	5.6055e-07	-0.00291334	0.00194227	180	0	0.00349775	256.34	1.59362e-06	1555.72	200.462	0	-1088.18	180	0	0.00055363	123.001	0	-2.15805	235.999	0	-2.32271e-05	9833
ODIN	0	1.33238	1.92792	0	-0.9861	0.00581785	4.49967e-06	3.11143	-2.17634	1.99864e-07	-0.00291717	0.00194484	180	0	0.00299978	256.34	2.09492e-05	1555.71	200.462	0	-1088.17	180	0	0.000197396	123.001	0	-2.1609	235.999	0	-3.29285e-05	9875
ODIN	0	1.33238	1.92792	0	-0.9861	0.00581785	3.52649e-06	3.11143	-2.17634	-1.78413e-07	-0.00291784	0.00194527	180	0	0.002351	256.34	2.33052e-05	1555.71	200.462	0	-1088.17	180	0	-0.000176211	123.001	0	-2.16138	235.999	0	-2.4299e-05	9915
ODIN	0	1.33238	1.92792	0	-0.9861	0.00581785	3.52649e-06	3.11143	-2.17634	-1.78413e-07	-0.00291784	0.00194527	180	0	0.002351	256.34	2.33052e-05	1555.71	200.462	0	-1088.17	180	0	-0.000176211	123.001	0	-2.16138	235.999	0	-2.4299e-05	9952
ODIN	0	1.33238	1.92792	0	-0.9861	0.00581785	2.84349e-06	3.11143	-2.17635	-3.94737e-07	-0.00291633	0.00194423	180	0	0.00189566	256.34	1.46087e-05	1555.71	200.462	0	-1088.17	180	0	-0.000389864	123.001	0	-2.16025	235.999	0	-7.48589e-06	9983
ODIN	0	1.33238	1.92792	0	-0.9861	0.00581785	2.66309e-06	3.11144	-2.17635	-4.0511e-07	-0.00291421	0.0019428	180	0	0.00177539	256.34	3.22468e-06	1555.72	200.462	0	-1088.18	180	0	-0.000400108	123.001	0	-2.15867	235.999	0	7.07054e-06	10027
ODIN	0	1.33238	1.92792	0	-0.9861	0.00581785	2.89079e-06	3.11144	-2.17636	-2.76234e-07	-0.00291269	0.00194177	180	0	0.0019272	256.34	-4.62046e-06	1555.72	200.462	0	-1088.18	180	0	-0.000272824	123.001	0	-2.15753	235.999	0	1.34746e-05	10069
ODIN	0	1.33238	1.92792	0	-0.9861	0.00581785	3.28008e-06	3.11144	-2.17636	-1.14516e-07	-0.00291219	0.00194144	180	0	0.00218672	256.34	-6.87256e-06	1555.72	200.462	0	-1088.18	180	0	-0.000113102	123.001	0	-2.15717	235.999	0	1.15189e-05	10111
ODIN	0	1.33238	1.92792	0	-0.9861	0.00581785	3.59468e-06	3.11144	-2.17636	-5.3495e-09	-0.00291252	0.00194167	180	0	0.00239645	256.34	-4.80748e-06	1555.72	200.462	0	-1088.18	180	0	-5.28346e-06	123.001	0	-2.15742	235.999	0	4.99149e-06	10150
ODIN	0	1.33238	1.92792	0	-0.9861	0.00581785	3.59468e-06	3.11144	-2.17636	-5.3495e-09	-0.00291252	0.00194167	180	0	0.00239645	256.34	-4.80748e-06	1555.72	200.462	0	-1088.18	180	0	-5.28346e-06	123.001	0	-2.15742	235.999	0	4.99149e-06	10187
ODIN	0	1.33238	1.92792	0	-0.9861	0.00581785	3.71493e-06	3.11144	-2.17636	1.99984e-08	-0.0029132	0.00194214	180	0	0.00247662	256.34	-1.10403e-06	1555.72	200.462	0	-1088.18	180	0	1.97515e-05	123.001	0	-2.15793	235.999	0	-1.43671e-06	10224
ODIN	0	1.33238	1.92792	0	-0.9861	0.00581785	3.65295e-06	3.11144	-2.17635	-2.07277e-08	-0.00291378	0.00194253	180	0	0.0024353	256.34	1.89334e-06	1555.72	200.462	0	-1088.18	180	0	-2.04718e-05	123.001	0	-2.15836	235.999	0	-5.07397e-06	10264
ODIN	0	1.33238	1.92792	0	-0.9861	0.00581785	3.50165e-06	3.11144	-2.17635	-8.33084e-08	-0.00291404	0.0019427	180	0	0.00233443	256.34	3.17051e-06	1555.72	200.462	0	-1088.18	180	0	-8.22799e-05	123.001	0	-2.15855	235.999	0	-4.96136e-06	10305
ODIN	0	1.33238	1.92792	0	-0.9861	0.00581785	3.37303e-06	3.11144	-2.17635	-1.27984e-07	-0.00291402	0.00194268	180	0	0.00224869	256.34	2.97585e-06	1555.72	200.462	0	-1088.18	180	0	-0.000126404	123.001	0	-2.15853	235.999	0	-3.03904e-06	10344
ODIN	0	1.33238	1.92792	0	-0.9861	0.00581785	3.35673e-06	3.11144	-2.17635	-1.33861e-07	-0.00291399	0.00194267	180	0	0.00223782	256.34	2.82493e-06	1555.72	200.462	0	-1088.18	180	0	-0.000132209	123.001	0	-2.15852	235.999	0	-2.72378e-06	10383
ODIN	0	1.33238	1.92792	0	-0.9861	0.00581785	3.27713e-06	3.11144	-2.17635	-1.54734e-07	-0.00291379	0.00194253	180	0	0.00218475	256.34	1.67269e-06	1555.72	200.462	0	-1088.18	180	0	-0.000152824	123.001	0	-2.15836	235.999	0	-1.62489e-07	10417
ODIN	0	1.33238	1.92792	0	-0.9861	0.00581785	3.27726e-06	3.11144	-2.17636	-1.44136e-07	-0.00291358	0.00194238	180	0	0.00218484	256.34	5.67218e-07	1555.72	200.462	0	-1088.18	180	0	-0.000142357	123.001	0	-2.15821	235.999	0	1.8102e-06	10453
ODIN	0	1.33238	1.92792	0	-0.9861	0.00581785	3.3238e-06	3.11144	-2.17636	-1.2078e-07	-0.00291347	0.00194231	180	0	0.00221587	256.34	-3.67765e-09	1555.72	200.462	0	-1088.18	180	0	-0.000119289	123.001	0	-2.15812	235.999	0	2.1064e-06	10491
ODIN	0	1.33238	1.92792	0	-0.9861	0.00581785	3.3238e-06	3.11144	-2.17636	-1.2078e-07	-0.00291347	0.00194231	180	0	0.00221587	256.34	-3.67765e-09	1555.72	200.462	0	-1088.18	180	0	-0.000119289	123.001	0	-2.15812	235.999	0	2.1064e-06	10527
ODIN	0	1.33238	1.92792	0	-0.9861	0.00581785	3.37878e-06	3.11144	-2.17636	-9.7805e-08	-0.00291346	0.0019423	180	0	0.00225252	256.34	-1.18748e-08	1555.72	200.462	0	-1088.18	180	0	-9.65976e-05	123.001	0	-2.15811	235.999	0	1.58046e-06	10568
ODIN	0	1.33238	1.92792	0	-0.9861	0.00581785	3.41018e-06	3.11144	-2.17636	-8.77615e-08	-0.00291351	0.00194234	180	0	0.00227345	256.34	3.05489e-07	1555.72	200.462	0	-1088.18	180	0	-8.6678e-05	123.001	0	-2.15816	235.999	0	3.93367e-07	10607
ODIN	0	1.33238	1.92792	0	-0.9861	0.00581785	3.41192e-06	3.11144	-2.17636	-8.89202e-08	-0.00291358	0.00194239	180	0	0.00227461	256.34	6.47923e-07	1555.72	200.462	0	-1088.18	180	0	-8.78225e-05	123.001	0	-2.15821	235.999	0	-3.9004e-07	10653
ODIN	0	1.33238	1.92792	0	-0.9861	0.00581785	3.39211e-06	3.11144	-2.17635	-9.72484e-08	-0.00291363	0.00194242	180	0	0.00226141	256.34	9.32792e-07	1555.72	200.462	0	-1088.18	180	0	-9.60478e-05	123.001	0	-2.15825	235.999	0	-6.9459e-07	10694
ODIN	0	1.33238	1.92792	0	-0.9861	0.00581785	3.39211e-06	3.11144	-2.17635	-9.72484e-08	-0.00291363	0.00194242	180	0	0.00226141	256.34	9.32792e-07	1555.72	200.462	0	-1088.18	180	0	-9.60478e-05	123.001	0	-2.15825	235.999	0	-6.9459e-07	10727
ODIN	0	1.33238	1.92792	0	-0.9861	0.00581785	3.3649e-06	3.11144	-2.17635	-1.07215e-07	-0.00291364	0.00194243	180	0	0.00224327	256.34	9.81082e-07	1555.72	200.462	0	-1088.18	180	0	-0.000105892	123.001	0	-2.15825	235.999	0	-6.56104e-07	10769
ODIN	0	1.33238	1.92792	0	-0.9861	0.00581785	3.34532e-06	3.11144	-2.17635	-1.12212e-07	-0.00291363	0.00194242	180	0	0.00223021	256.34	9.08559e-07	1555.72	200.462	0	-1088.18	180	0	-0.000110826	123.001	0	-2.15824	235.999	0	-1.93588e-07	10807
ODIN	0	1.33238	1.92792	0	-0.9861	0.00581785	3.33611e-06	3.11144	-2.17636	-1.13512e-07	-0.0029136	0.0019424	180	0	0.00222407	256.34	7.65363e-07	1555.72	200.462	0	-1088.18	180	0	-0.000112111	123.001	0	-2.15823	235.999	0	8.51597e-08	10843
ODIN	0	1.33238	1.92792	0	-0.9861	0.00581785	3.33611e-06	3.11144	-2.17636	-1.13512e-07	-0.0029136	0.0019424	180	0	0.00222407	256.34	7.65363e-07	1555.72	200.462	0	-1088.18	180	0	-0.000112111	123.001	0	-2.15823	235.999	0	8.51597e-08	10880
ODIN	0	1.33238	1.92792	0	-0.9861	0.00581785	3.33743e-06	3.11144	-2.17636	-1.10726e-07	-0.00291359	0.00194239	180	0	0.00222495	256.34	6.64037e-07	1555.72	200.462	0	-1088.18	180	0	-0.000109359	123.001	0	-2.15821	235.999	0	2.88889e-07	10921
ODIN	0	1.33238	1.92792	0	-0.9861	0.00581785	3.3427e-06	3.11144	-2.17636	-1.07125e-07	-0.00291358	0.00194239	180	0	0.00222847	256.34	6.3066e-07	1555.72	200.462	0	-1088.18	180	0	-0.000105802	123.001	0	-2.15821	235.999	0	3.14057e-07	10962
ODIN	0	1.33238	1.92792	0	-0.9861	0.00581785	3.34663e-06	3.11144	-2.17636	-1.04873e-07	-0.00291358	0.00194239	180	0	0.00223108	256.34	6.52021e-07	1555.72	200.462	0	-1088.18	180	0	-0.000103578	123.001	0	-2.15821	235.999	0	1.55865e-07	11001
ODIN	0	1.33238	1.92792	0	-0.9861	0.00581785	3.34664e-06	3.11144	-2.17636	-1.04416e-07	-0.00291359	0.00194239	180	0	0.00223109	256.34	6.87521e-07	1555.72	200.462	0	-1088.18	180	0	-0.000103127	123.001	0	-2.15821	235.999	0	-1.68016e-08	11044
ODIN	0	1.33238	1.92792	0	-0.9861	0.00581785	3.34664e-06	3.11144	-2.17636	-1.04416e-07	-0.00291359	0.00194239	180	0	0.00223109	256.34	6.87521e-07	1555.72	200.462	0	-1088.18	180	0	-0.000103127	123.001	0	-2.15821	235.999	0	-1.68016e-08	11076
ODIN	0	1.33238	1.92792	0	-0.9861	0.00581785	3.34313e-06	3.11144	-2.17636	-1.05035e-07	-0.0029136	0.0019424	180	0	0.00222875	256.34	7.24536e-07	1555.72	200.462	0	-1088.18	180	0	-0.000103738	123.001	0	-2.15822	235.999	0	-6.01033e-08	11108
ODIN	0	1.33238	1.92792	0	-0.9861	0.00581785	3.33768e-06	3.11144	-2.17636	-1.06407e-07	-0.0029136	0.0019424	180	0	0.00222512	256.34	7.36162e-07	1555.72	200.462	0	-1088.18	180	0	-0.000105094	123.001	0	-2.15822	235.999	0	-9.81448e-08	11153
ODIN	0	1.33238	1.92792	0	-0.9861	0.00581785	3.33132e-06	3.11144	-2.17636	-1.07978e-07	-0.0029136	0.0019424	180	0	0.00222088	256.34	7.55275e-07	1555.72	200.462	0	-1088.18	180	0	-0.000106645	123.001	0	-2.15822	235.999	0	-5.20549e-08	11191
ODIN	0	1.33238	1.92792	0	-0.9861	0.00581785	3.32813e-06	3.11144	-2.17636	-1.0803e-07	-0.0029136	0.0019424	180	0	0.00221875	256.34	7.4208e-07	1555.72	200.462	0	-1088.18	180	0	-0.000106696	123.001	0	-2.15822	235.999	0	2.95625e-09	11236
ODIN	0	1.33238	1.92792	0	-0.9861	0.00581785	3.32813e-06	3.11144	-2.17636	-1.0803e-07	-0.0029136	0.0019424	180	0	0.00221875	256.34	7.4208e-07	1555.72	200.462	0	-1088.18	180	0	-0.000106696	123.001	0	-2.15822	235.999	0	2.95625e-09	11273
ODIN	0	1.33238	1.92792	0	-0.9861	0.00581785	3.32516e-06	3.11144	-2.17636	-1.08288e-07	-0.00291359	0.0019424	180	0	0.00221677	256.34	7.16399e-07	1555.72	200.462	0	-1088.18	180	0	-0.000106951	123.001	0	-2.15822	235.999	0	1.94093e-08	11316
ODIN	0	1.33238	1.92792	0	-0.9861	0.00581785	3.32456e-06	3.11144	-2.17636	-1.07044e-07	-0.00291359	0.0019424	180	0	0.00221637	256.34	7.0576e-07	1555.72	200.462	0	-1088.18	180	0	-0.000105722	123.001	0	-2.15822	235.999	0	1.77079e-07	11353
ODIN	0	1.33238	1.92792	0	-0.9861	0.00581785	3.32248e-06	3.11144	-2.17636	-1.07505e-07	-0.00291359	0.0019424	180	0	0.00221499	256.34	7.14572e-07	1555.72	200.462	0	-1088.18	180	0	-0.000106177	123.001	0	-2.15822	235.999	0	5.66849e-08	11393
ODIN	0	1.33238	1.92792	0	-0.9861	0.00581785	3.32248e-06	3.11144	-2.17636	-1.07505e-07	-0.00291359	0.0019424	180	0	0.00221499	256.34	7.14572e-07	1555.72	200.462	0	-1088.18	180	0	-0.000106177	123.001	0	-2.15822	235.999	0	5.66849e-08	11430
ODIN	0	1.33238	1.92792	0	-0.9861	0.00581785	3.32171e-06	3.11144	-2.17636	-1.06769e-07	-0.00291359	0.0019424	180	0	0.00221447	256.34	7.05606e-07	1555.72	200.462	0	-1088.18	180	0	-0.000105451	123.001	0	-2.15822	235.999	0	1.18891e-07	11469
ODIN	0	1.33238	1.92792	0	-0.9861	0.00581785	3.3193e-06	3.11144	-2.17636	-1.07368e-07	-0.00291359	0.0019424	180	0	0.00221287	256.34	7.1811e-07	1555.72	200.462	0	-1088.18	180	0	-0.000106043	123.001	0	-2.15822	235.999	0	1.65433e-08	11515
ODIN	0	1.33238	1.92792	0	-0.9861	0.00581785	3.31667e-06	3.11144	-2.17636	-1.07722e-07	-0.00291359	0.0019424	180	0	0.00221112	256.34	7.14669e-07	1555.72	200.462	0	-1088.18	180	0	-0.000106392	123.001	0	-2.15822	235.999	0	2.59796e-08	11555
ODIN	0	1.33238	1.92792	0	-0.9861	0.00581785	3.31455e-06	3.11144	-2.17636	-1.07971e-07	-0.0029136	0.0019424	180	0	0.0022097	256.34	7.30219e-07	1555.72	200.462	0	-1088.18	180	0	-0.000106638	123.001	0	-2.15822	235.999	0	-7.89483e-09	11594
ODIN	0	1.33238	1.92792	0	-0.9861	0.00581785	3.31455e-06	3.11144	-2.17636	-1.07971e-07	-0.0029136	0.0019424	180	0	0.0022097	256.34	7.30219e-07	1555.72	200.462	0	-1088.18	180	0	-0.000106638	123.001	0	-2.15822	235.999	0	-7.89483e-09	11634
ODIN	0	1.33238	1.92792	0	-0.9861	0.00581785	3.31247e-06	3.11144	-2.17636	-1.08027e-07	-0.0029136	0.0019424	180	0	0.00220832	256.34	7.19373e-07	1555.72	200.462	0	-1088.18	180	0	-0.000106693	123.001	0	-2.15822	235.999	0	2.18809e-08	11664
ODIN	0	1.33238	1.92792	0	-0.9861	0.00581785	3.30941e-06	3.11144	-2.17636	-1.09234e-07	-0.00291359	0.0019424	180	0	0.00220627	256.34	7.15686e-07	1555.72	200.462	0	-1088.18	180	0	-0.000107886	123.001	0	-2.15822	235.999	0	-1.39044e-07	11704
ODIN	0	1.33238	1.92792	0	-0.9861	0.00581785	3.30776e-06	3.11144	-2.17636	-1.09365e-07	-0.00291359	0.0019424	180	0	0.00220517	256.34	7.15646e-07	1555.72	200.462	0	-1088.18	180	0	-0.000108015	123.001	0	-2.15822	235.999	0	-1.64838e-07	11741
ODIN	0	1.33238	1.92792	0	-0.9861	0.00581785	3.30744e-06	3.11144	-2.17636	-1.08396e-07	-0.0029136	0.0019424	180	0	0.00220496	256.34	7.29297e-07	1555.72	200.462	0	-1088.18	180	0	-0.000107057	123.001	0	-2.15822	235.999	0	-3.92862e-08	11785
ODIN	0	1.33238	1.92792	0	-0.9861	0.00581785	3.30744e-06	3.11144	-2.17636	-1.08396e-07	-0.0029136	0.0019424	180	0	0.00220496	256.34	7.29297e-07	1555.72	200.462	0	-1088.18	180	0	-0.000107057	123.001	0	-2.15822	235.999	0	-3.92862e-08	11822
ODIN	0	1.33238	1.92792	0	-0.9861	0.00581785	3.30542e-06	3.11144	-2.17636	-1.08577e-07	-0.00291359	0.0019424	180	0	0.00220362	256.34	7.10555e-07	1555.72	200.462	0	-1088.18	180	0	-0.000107236	123.001	0	-2.15822	235.999	0	-8.72771e-09	11864
ODIN	0	1.33238	1.92792	0	-0.9861	0.00581785	3.30374e-06	3.11144	-2.17636	-1.0873e-07	-0.00291359	0.0019424	180	0	0.00220249	256.34	7.20094e-07	1555.72	200.462	0	-1088.18	180	0	-0.000107388	123.001	0	-2.15822	235.999	0	-9.03695e-09	11906
ODIN	0	1.33238	1.92792	0	-0.9861	0.00581785	3.30254e-06	3.11144	-2.17636	-1.0887e-07	-0.0029136	0.0019424	180	0	0.00220169	256.34	7.22362e-07	1555.72	200.462	0	-1088.18	180	0	-0.000107526	123.001	0	-2.15822	235.999	0	-7.4166e-08	11936
ODIN	0	1.33238	1.92792	0	-0.9861	0.00581785	3.30079e-06	3.11144	-2.17636	-1.09216e-07	-0.00291359	0.0019424	180	0	0.00220052	256.34	7.20821e-07	1555.72	200.462	0	-1088.18	180	0	-0.000107867	123.001	0	-2.15822	235.999	0	-1.07731e-07	11975
ODIN	0	1.33238	1.92792	0	-0.9861	0.00581785	3.30079e-06	3.11144	-2.17636	-1.09216e-07	-0.00291359	0.0019424	180	0	0.00220052	256.34	7.20821e-07	1555.72	200.462	0	-1088.18	180	0	-0.000107867	123.001	0	-2.15822	235.999	0	-1.07731e-07	12013
ODIN	0	1.33238	1.92792	0	-0.9861	0.00581785	3.29868e-06	3.11144	-2.17636	-1.09927e-07	-0.00291359	0.0019424	180	0	0.00219912	256.34	7.18862e-07	1555.72	200.462	0	-1088.18	180	0	-0.00010857	123.001	0	-2.15822	235.999	0	-1.88642e-07	12052
ODIN	0	1.33238	1.92792	0	-0.9861	0.00581785	3.29822e-06	3.11144	-2.17636	-1.08716e-07	-0.0029136	0.0019424	180	0	0.00219881	256.34	7.2476e-07	1555.72	200.462	0	-1088.18	180	0	-0.000107374	123.001	0	-2.15822	235.999	0	7.61092e-08	12098
ODIN	0	1.33238	1.92792	0	-0.9861	0.00581785	3.29672e-06	3.11144	-2.17636	-1.09184e-07	-0.00291359	0.0019424	180	0	0.00219781	256.34	7.10837e-07	1555.72	200.462	0	-1088.18	180	0	-0.000107836	123.001	0	-2.15822	235.999	0	-1.09301e-08	12131
ODIN	0	1.33238	1.92792	0	-0.9861	0.00581785	3.29607e-06	3.11144	-2.17636	-1.0854e-07	-0.0029136	0.0019424	180	0	0.00219738	256.34	7.26494e-07	1555.72	200.462	0	-1088.18	180	0	-0.0001072	123.001	0	-2.15822	235.999	0	1.25089e-07	12170
ODIN	0	1.33238	1.92792	0	-0.9861	0.00581785	3.29607e-06	3.11144	-2.17636	-1.0854e-07	-0.0029136	0.0019424	180	0	0.00219738	256.34	7.26494e-07	1555.72	200.462	0	-1088.18	180	0	-0.0001072	123.001	0	-2.15822	235.999	0	1.25089e-07	12206
ODIN	0	1.33238	1.92792	0	-0.9861	0.00581785	3.29405e-06	3.11144	-2.17636	-1.09782e-07	-0.00291359	0.0019424	180	0	0.00219604	256.34	7.19749e-07	1555.72	200.462	0	-1088.18	180	0	-0.000108427	123.001	0	-2.15822	235.999	0	-1.14222e-07	12245
ODIN	0	1.33238	1.92792	0	-0.9861	0.00581785	3.29302e-06	3.11144	-2.17636	-1.09577e-07	-0.00291359	0.0019424	180	0	0.00219535	256.34	7.19881e-07	1555.72	200.462	0	-1088.18	180	0	-0.000108225	123.001	0	-2.15822	235.999	0	-4.4198e-08	12281
ODIN	0	1.33238	1.92792	0	-0.9861	0.00581785	3.2928e-06	3.11144	-2.17636	-1.0869e-07	-0.00291359	0.0019424	180	0	0.0021952	256.34	7.19e-07	1555.72	200.462	0	-1088.18	180	0	-0.000107348	123.001	0	-2.15822	235.999	0	1.23809e-07	12317
ODIN	0	1.33238	1.92792	0	-0.9861	0.00581785	3.29077e-06	3.11144	-2.17636	-1.09687e-07	-0.0029136	0.0019424	180	0	0.00219385	256.34	7.22135e-07	1555.72	200.462	0	-1088.18	180	0	-0.000108333	123.001	0	-2.15822	235.999	0	-1.44202e-08	12359
ODIN	0	1.33238	1.92792	0	-0.9861	0.00581785	3.29077e-06	3.11144	-2.17636	-1.09687e-07	-0.0029136	0.0019424	180	0	0.00219385	256.34	7.22135e-07	1555.72	200.462	0	-1088.18	180	0	-0.000108333	123.001	0	-2.15822	235.999	0	-1.44202e-08	12400
ODIN	0	1.33238	1.92792	0	-0.9861	0.00581785	3.29058e-06	3.11144	-2.17636	-1.08967e-07	-0.00291359	0.0019424	180	0	0.00219372	256.34	7.19471e-07	1555.72	200.462	0	-1088.18	180	0	-0.000107622	123.001	0	-2.15822	235.999	0	1.06597e-07	12425
ODIN	0	1.33238	1.92792	0	-0.9861	0.00581785	3.28949e-06	3.11144	-2.17635	-1.09189e-07	-0.00291362	0.00194241	180	0	0.00219299	256.34	-3.88962e-07	1555.72	200.462	0	-1088.18	180	0	-0.000107841	123.001	0	-2.15824	235.999	0	7.82783e-08	12467
ODIN	0	1.33238	1.92792	0	-0.9861	0.00581785	3.28879e-06	3.11141	-2.17636	-1.08952e-07	-0.00291359	0.0019424	180	0	0.00219253	256.34	1.0153e-07	1555.7	200.462	0	-1088.18	180	0	-0.000107606	123.001	0	-2.15822	235.999	0	1.35726e-07	12506
ODIN	0	1.33238	1.92792	0	-0.9861	0.00581785	3.28879e-06	3.11141	-2.17636	-1.08952e-07	-0.00291359	0.0019424	180	0	0.00219253	256.34	1.0153e-07	1555.7	200.462	0	-1088.18	180	0	-0.000107606	123.001	0	-2.15822	235.999	0	1.35726e-07	12545
ODIN	0	1.33238	1.92792	0	-0.9861	0.00581785	3.28722e-06	3.11144	-2.17636	-1.09686e-07	-0.00291359	0.00194239	180	0	0.00219148	256.34	-1.19366e-06	1555.72	200.462	0	-1088.18	180	0	-0.000108332	123.001	0	-2.15821	235.999	0	6.7226e-09	12585
ODIN	0	1.33238	1.92792	0	-0.9861	0.00581785	3.28602e-06	3.11144	-2.17636	-1.09923e-07	-0.00291359	0.0019424	180	0	0.00219068	256.34	7.18137e-07	1555.72	200.462	0	-1088.18	180	0	-0.000108566	123.001	0	-2.15822	235.999	0	2.31168e-08	12625
ODIN	0	1.33238	1.92792	0	-0.9861	0.00581785	3.28512e-06	3.11144	-2.17635	-1.101e-07	-0.00291361	0.00194241	180	0	0.00219008	256.34	-1.13671e-07	1555.72	200.462	0	-1088.18	180	0	-0.000108741	123.001	0	-2.15823	235.999	0	2.25678e-09	12663
ODIN	0	1.33238	1.92792	0	-0.9861	0.00581785	3.28436e-06	3.11144	-2.17636	-1.1032e-07	-0.00291358	0.00194238	180	0	0.00218957	256.34	1.80503e-07	1555.72	200.462	0	-1088.18	180	0	-0.000108958	123.001	0	-2.1582	235.999	0	-5.5062e-08	12705
ODIN	0	1.33238	1.92792	0	-0.9861	0.00581785	3.28436e-06	3.11144	-2.17636	-1.1032e-07	-0.00291358	0.00194238	180	0	0.00218957	256.34	1.80503e-07	1555.72	200.462	0	-1088.18	180	0	-0.000108958	123.001	0	-2.1582	235.999	0	-5.5062e-08	12739
ODIN	0	1.33238	1.92792	0	-0.9861	0.00581785	3.28306e-06	3.1114	-2.17636	-1.11016e-07	-0.00291356	0.00194238	180	0	0.0021887	256.34	5.63794e-07	1555.7	200.462	0	-1088.18	180	0	-0.000109645	123.001	0	-2.15819	235.999	0	-1.64477e-07	12778
ODIN	0	1.33238	1.92792	0	-0.9861	0.00581785	3.28266e-06	3.11141	-2.17635	-1.10574e-07	-0.00291361	0.00194241	180	0	0.00218844	256.34	-2.82901e-07	1555.7	200.462	0	-1088.18	180	0	-0.000109209	123.001	0	-2.15823	235.999	0	-5.34528e-08	12819
ODIN	0	1.33238	1.92792	0	-0.9861	0.00581785	3.28268e-06	3.11144	-2.17636	-1.09952e-07	-0.00291359	0.0019424	180	0	0.00218845	256.34	-9.28628e-09	1555.72	200.462	0	-1088.18	180	0	-0.000108595	123.001	0	-2.15822	235.999	0	5.02473e-08	12858
ODIN	0	1.33238	1.92792	0	-0.9861	0.00581785	3.2826e-06	3.11144	-2.17636	-1.10048e-07	-0.00291359	0.00194239	180	0	0.0021884	256.34	1.06405e-07	1555.72	200.462	0	-1088.18	180	0	-0.000108689	123.001	0	-2.15821	235.999	0	2.8087e-08	12896
ODIN	0	1.33238	1.92792	0	-0.9861	0.00581785	3.28167e-06	3.11144	-2.17635	-1.10356e-07	-0.00291361	0.0019424	180	0	0.00218778	256.34	-1.59479e-07	1555.72	200.462	0	-1088.18	180	0	-0.000108994	123.001	0	-2.15823	235.999	0	-6.02726e-09	12938
ODIN	0	1.33238	1.92792	0	-0.9861	0.00581785	3.28072e-06	3.11144	-2.17635	-1.10704e-07	-0.00291362	0.00194241	180	0	0.00218715	256.34	-2.90472e-07	1555.72	200.462	0	-1088.18	180	0	-0.000109337	123.001	0	-2.15823	235.999	0	-5.30962e-08	12976
ODIN	0	1.33238	1.92792	0	-0.9861	0.00581785	3.27986e-06	3.11144	-2.17636	-1.11012e-07	-0.00291359	0.00194239	180	0	0.00218657	256.34	7.00662e-08	1555.72	200.462	0	-1088.18	180	0	-0.000109642	123.001	0	-2.15822	235.999	0	-9.52493e-08	13018
ODIN	0	1.33238	1.92792	0	-0.9861	0.00581785	3.27935e-06	3.11144	-2.17636	-1.10762e-07	-0.00291358	0.00194239	180	0	0.00218623	256.34	1.56997e-07	1555.72	200.462	0	-1088.18	180	0	-0.000109395	123.001	0	-2.15821	235.999	0	-1.30162e-08	13060
ODIN	0	1.33238	1.92792	0	-0.9861	0.00581785	3.27935e-06	3.11144	-2.17636	-1.10762e-07	-0.00291358	0.00194239	180	0	0.00218623	256.34	1.56997e-07	1555.72	200.462	0	-1088.18	180	0	-0.000109395	123.001	0	-2.15821	235.999	0	-1.30162e-08	13100
ODIN	0	1.33238	1.92792	0	-0.9861	0.00581785	3.27869e-06	3.11144	-2.17636	-1.10911e-07	-0.00291358	0.00194239	180	0	0.0021858	256.34	1.81078e-07	1555.72	200.462	0	-1088.18	180	0	-0.000109542	123.001	0	-2.15821	235.999	0	-2.94678e-08	13141
ODIN	0	1.33238	1.92792	0	-0.9861	0.00581785	3.27859e-06	3.11144	-2.17636	-1.10764e-07	-0.0029136	0.0019424	180	0	0.00218573	256.34	-2.05771e-07	1555.72	200.462	0	-1088.18	180	0	-0.000109397	123.001	0	-2.15822	235.999	0	-2.99666e-08	13181
ODIN	0	1.33238	1.92792	0	-0.9861	0.00581785	3.27692e-06	3.11141	-2.17636	-1.11797e-07	-0.00291358	0.00194239	180	0	0.00218461	256.34	1.90451e-07	1555.7	200.462	0	-1088.18	180	0	-0.000110417	123.001	0	-2.15821	235.999	0	-1.5638e-07	13218
ODIN	0	1.33238	1.92792	0	-0.9861	0.00581785	3.277e-06	3.11144	-2.17636	-1.11235e-07	-0.00291359	0.00194239	180	0	0.00218467	256.34	6.15422e-08	1555.72	200.462	0	-1088.18	180	0	-0.000109862	123.001	0	-2.15821	235.999	0	-5.47548e-08	13259
ODIN	0	1.33238	1.92792	0	-0.9861	0.00581785	3.277e-06	3.11144	-2.17636	-1.11235e-07	-0.00291359	0.00194239	180	0	0.00218467	256.34	6.15422e-08	1555.72	200.462	0	-1088.18	180	0	-0.000109862	123.001	0	-2.15821	235.999	0	-5.47548e-08	13290
ODIN	0	1.33238	1.92792	0	-0.9861	0.00581785	3.27648e-06	3.11141	-2.17635	-1.11352e-07	-0.00291361	0.0019424	180	0	0.00218432	256.34	-1.72134e-07	1555.7	200.462	0	-1088.18	180	0	-0.000109977	123.001	0	-2.15823	235.999	0	-6.85997e-08	13332
ODIN	0	1.33238	1.92792	0	-0.9861	0.00581785	3.27612e-06	3.11141	-2.17636	-1.11253e-07	-0.00291359	0.00194239	180	0	0.00218408	256.34	1.33102e-07	1555.7	200.462	0	-1088.18	180	0	-0.000109879	123.001	0	-2.15821	235.999	0	-4.30914e-08	13366
ODIN	0	1.33238	1.92792	0	-0.9861	0.00581785	3.27597e-06	3.11144	-2.17636	-1.11131e-07	-0.00291358	0.00194238	180	0	0.00218398	256.34	2.00839e-08	1555.72	200.462	0	-1088.18	180	0	-0.000109759	123.001	0	-2.1582	235.999	0	-2.97424e-08	13399
ODIN	0	1.33238	1.92792	0	-0.9861	0.00581785	3.27527e-06	3.11144	-2.17636	-1.1118e-07	-0.00291358	0.00194239	180	0	0.00218352	256.34	1.42366e-07	1555.72	200.462	0	-1088.18	180	0	-0.000109808	123.001	0	-2.15821	235.999	0	1.05149e-08	13437
ODIN	0	1.33238	1.92792	0	-0.9861	0.00581785	3.27527e-06	3.11144	-2.17636	-1.1118e-07	-0.00291358	0.00194239	180	0	0.00218352	256.34	1.42366e-07	1555.72	200.462	0	-1088.18	180	0	-0.000109808	123.001	0	-2.15821	235.999	0	1.05149e-08	13481
ODIN	0	1.33238	1.92792	0	-0.9861	0.00581785	3.27415e-06	3.11144	-2.17636	-1.12066e-07	-0.0029136	0.0019424	180	0	0.00218277	256.34	-9.66999e-08	1555.72	200.462	0	-1088.18	180	0	-0.000110682	123.001	0	-2.15822	235.999	0	-1.39085e-07	13517
ODIN	0	1.33238	1.92792	0	-0.9861	0.00581785	3.27443e-06	3.11144	-2.17636	-1.11298e-07	-0.00291359	0.00194239	180	0	0.00218295	256.34	5.55477e-08	1555.72	200.462	0	-1088.18	180	0	-0.000109924	123.001	0	-2.15822	235.999	0	1.16671e-08	13554
ODIN	0	1.33238	1.92792	0	-0.9861	0.00581785	3.27418e-06	3.11144	-2.17635	-1.11111e-07	-0.00291361	0.0019424	180	0	0.00218279	256.34	-2.00495e-07	1555.72	200.462	0	-1088.18	180	0	-0.000109739	123.001	0	-2.15823	235.999	0	6.96441e-08	13596
ODIN	0	1.33238	1.92792	0	-0.9861	0.00581785	3.27368e-06	3.11144	-2.17635	-1.11533e-07	-0.00291361	0.0019424	180	0	0.00218245	256.34	-1.55979e-07	1555.72	200.462	0	-1088.18	180	0	-0.000110156	123.001	0	-2.15823	235.999	0	-2.87787e-08	13639
ODIN	0	1.33238	1.92792	0	-0.9861	0.00581785	3.27368e-06	3.11144	-2.17635	-1.11533e-07	-0.00291361	0.0019424	180	0	0.00218245	256.34	-1.55979e-07	1555.72	200.462	0	-1088.18	180	0	-0.000110156	123.001	0	-2.15823	235.999	0	-2.87787e-08	13677
ODIN	0	1.33238	1.92792	0	-0.9861	0.00581785	3.27287e-06	3.1114	-2.17636	-1.11899e-07	-0.00291357	0.00194238	180	0	0.00218192	256.34	4.42949e-07	1555.7	200.462	0	-1088.18	180	0	-0.000110518	123.001	0	-2.1582	235.999	0	-5.35082e-08	13714
ODIN	0	1.33238	1.92792	0	-0.9861	0.00581785	3.27293e-06	3.11141	-2.17636	-1.11538e-07	-0.00291358	0.00194239	180	0	0.00218195	256.34	2.52818e-07	1555.7	200.462	0	-1088.18	180	0	-0.000110161	123.001	0	-2.15821	235.999	0	1.25717e-08	13752
ODIN	0	1.33238	1.92792	0	-0.9861	0.00581785	3.27269e-06	3.11141	-2.17636	-1.11759e-07	-0.00291359	0.00194239	180	0	0.0021818	256.34	1.37727e-07	1555.7	200.462	0	-1088.18	180	0	-0.000110379	123.001	0	-2.15821	235.999	0	-5.5037e-08	13792
ODIN	0	1.33238	1.92792	0	-0.9861	0.00581785	3.27269e-06	3.11141	-2.17636	-1.11759e-07	-0.00291359	0.00194239	180	0	0.0021818	256.34	1.37727e-07	1555.7	200.462	0	-1088.18	180	0	-0.000110379	123.001	0	-2.15821	235.999	0	-5.5037e-08	13834
ODIN	0	1.33238	1.92792	0	-0.9861	0.00581785	3.27203e-06	3.11144	-2.17635	-1.1188e-07	-0.00291361	0.0019424	180	0	0.00218135	256.34	-1.95486e-07	1555.72	200.462	0	-1088.18	180	0	-0.000110499	123.001	0	-2.15823	235.999	0	-2.01194e-08	13875
ODIN	0	1.33238	1.92792	0	-0.9861	0.00581785	3.27088e-06	3.11141	-2.17636	-1.12847e-07	-0.00291357	0.00194238	180	0	0.00218059	256.34	4.13697e-07	1555.7	200.462	0	-1088.18	180	0	-0.000111454	123.001	0	-2.1582	235.999	0	-1.75621e-07	13914
ODIN	0	1.33238	1.92792	0	-0.9861	0.00581785	3.27125e-06	3.11144	-2.17636	-1.12036e-07	-0.00291359	0.0019424	180	0	0.00218083	256.34	-7.27639e-08	1555.72	200.462	0	-1088.18	180	0	-0.000110653	123.001	0	-2.15822	235.999	0	-9.09809e-09	13954
ODIN	0	1.33238	1.92792	0	-0.9861	0.00581785	3.2714e-06	3.11141	-2.17636	-1.1154e-07	-0.00291358	0.00194239	180	0	0.00218093	256.34	2.79899e-07	1555.7	200.462	0	-1088.18	180	0	-0.000110163	123.001	0	-2.15821	235.999	0	9.70311e-08	13990
ODIN	0	1.33238	1.92792	0	-0.9861	0.00581785	3.2714e-06	3.11141	-2.17636	-1.1154e-07	-0.00291358	0.00194239	180	0	0.00218093	256.34	2.79899e-07	1555.7	200.462	0	-1088.18	180	0	-0.000110163	123.001	0	-2.15821	235.999	0	9.70311e-08	14027
ODIN	0	1.33238	1.92792	0	-0.9861	0.00581785	3.27097e-06	3.11144	-2.17636	-1.12183e-07	-0.00291356	0.00194237	180	0	0.00218065	256.34	3.96969e-07	1555.72	200.462	0	-1088.18	180	0	-0.000110798	123.001	0	-2.15819	235.999	0	-6.14741e-08	14069
ODIN	0	1.33238	1.92792	0	-0.9861	0.00581785	3.2708e-06	3.11141	-2.17635	-1.12029e-07	-0.00291361	0.00194241	180	0	0.00218053	256.34	-2.48391e-07	1555.7	200.462	0	-1088.18	180	0	-0.000110646	123.001	0	-2.15823	235.999	0	-1.25453e-08	14104
ODIN	0	1.33238	1.92792	0	-0.9861	0.00581785	3.27028e-06	3.11141	-2.17636	-1.12281e-07	-0.00291358	0.00194239	180	0	0.00218018	256.34	1.92306e-07	1555.7	200.462	0	-1088.18	180	0	-0.000110894	123.001	0	-2.15821	235.999	0	-2.62625e-08	14146
ODIN	0	1.33238	1.92792	0	-0.9861	0.00581785	3.27092e-06	3.11141	-2.17635	-1.11381e-07	-0.00291361	0.00194241	180	0	0.00218061	256.34	-2.7357e-07	1555.7	200.462	0	-1088.18	180	0	-0.000110006	123.001	0	-2.15823	235.999	0	1.29731e-07	14186
ODIN	0	1.33238	1.92792	0	-0.9861	0.00581785	3.27092e-06	3.11141	-2.17635	-1.11381e-07	-0.00291361	0.00194241	180	0	0.00218061	256.34	-2.7357e-07	1555.7	200.462	0	-1088.18	180	0	-0.000110006	123.001	0	-2.15823	235.999	0	1.29731e-07	14227
ODIN	0	1.33238	1.92792	0	-0.9861	0.00581785	3.26984e-06	3.11141	-2.17635	-1.12338e-07	-0.0029136	0.0019424	180	0	0.00217989	256.34	-1.17491e-07	1555.7	200.462	0	-1088.18	180	0	-0.000110951	123.001	0	-2.15823	235.999	0	-1.93336e-08	14266
ODIN	0	1.33238	1.92792	0	-0.9861	0.00581785	3.26914e-06	3.11144	-2.17636	-1.12861e-07	-0.00291358	0.00194239	180	0	0.00217943	256.34	1.42972e-07	1555.72	200.462	0	-1088.18	180	0	-0.000111468	123.001	0	-2.15821	235.999	0	-9.59476e-08	14303
ODIN	0	1.33238	1.92792	0	-0.9861	0.00581785	3.26955e-06	3.11144	-2.17636	-1.12097e-07	-0.00291359	0.0019424	180	0	0.0021797	256.34	2.81769e-08	1555.72	200.462	0	-1088.18	180	0	-0.000110713	123.001	0	-2.15822	235.999	0	6.76e-08	14346
ODIN	0	1.33238	1.92792	0	-0.9861	0.00581785	3.26807e-06	3.11144	-2.17636	-1.12753e-07	-0.00291357	0.00194238	180	0	0.00217872	256.34	4.31481e-07	1555.72	200.462	0	-1088.18	180	0	-0.000111361	123.001	0	-2.1582	235.999	0	8.09637e-08	14373
ODIN	0	1.33238	1.92792	0	-0.9861	0.00581785	3.26938e-06	3.11144	-2.17636	-1.12706e-07	-0.00291359	0.00194239	180	0	0.00217959	256.34	7.55585e-08	1555.72	200.462	0	-1088.18	180	0	-0.000111314	123.001	0	-2.15821	235.999	0	-1.11756e-07	14409
ODIN	0	1.33238	1.92792	0	-0.9861	0.00581785	3.2698e-06	3.11141	-2.17636	-1.11492e-07	-0.0029136	0.0019424	180	0	0.00217987	256.34	6.45233e-08	1555.7	200.462	0	-1088.18	180	0	-0.000110116	123.001	0	-2.15822	235.999	0	1.79904e-07	14451
ODIN	0	1.33238	1.92792	0	-0.9861	0.00581785	3.26946e-06	3.11141	-2.17635	-1.11912e-07	-0.00291361	0.00194241	180	0	0.00217964	256.34	-3.085e-07	1555.7	200.462	0	-1088.18	180	0	-0.00011053	123.001	0	-2.15823	235.999	0	9.29659e-08	14487
ODIN	0	1.33238	1.92792	0	-0.9861	0.00581785	3.26844e-06	3.11144	-2.17635	-1.12712e-07	-0.00291362	0.00194241	180	0	0.00217896	256.34	-4.90413e-07	1555.72	200.462	0	-1088.18	180	0	-0.00011132	123.001	0	-2.15824	235.999	0	-8.55303e-09	14529
ODIN	0	1.33238	1.92792	0	-0.9861	0.00581785	3.26875e-06	3.11144	-2.17636	-1.12117e-07	-0.00291359	0.00194239	180	0	0.00217917	256.34	2.80254e-08	1555.72	200.462	0	-1088.18	180	0	-0.000110733	123.001	0	-2.15822	235.999	0	1.16945e-07	14571
ODIN	0	1.33238	1.92792	0	-0.9861	0.00581785	3.26875e-06	3.11144	-2.17636	-1.12117e-07	-0.00291359	0.00194239	180	0	0.00217917	256.34	2.80254e-08	1555.72	200.462	0	-1088.18	180	0	-0.000110733	123.001	0	-2.15822	235.999	0	1.16945e-07	14606
ODIN	0	1.33238	1.92792	0	-0.9861	0.00581785	3.26874e-06	3.11141	-2.17636	-1.11928e-07	-0.0029136	0.0019424	180	0	0.00217916	256.34	3.16999e-08	1555.7	200.462	0	-1088.18	180	0	-0.000110547	123.001	0	-2.15822	235.999	0	1.6571e-07	14645
ODIN	0	1.33238	1.92792	0	-0.9861	0.00581785	3.26795e-06	3.11141	-2.17636	-1.12736e-07	-0.00291358	0.00194238	180	0	0.00217863	256.34	3.34596e-07	1555.7	200.462	0	-1088.18	180	0	-0.000111344	123.001	0	-2.15821	235.999	0	3.08814e-08	14686
ODIN	0	1.33238	1.92792	0	-0.9861	0.00581785	3.26776e-06	3.11141	-2.17636	-1.12847e-07	-0.00291359	0.00194239	180	0	0.00217851	256.34	1.56893e-07	1555.7	200.462	0	-1088.18	180	0	-0.000111454	123.001	0	-2.15821	235.999	0	1.82453e-08	14732
ODIN	0	1.33238	1.92792	0	-0.9861	0.00581785	3.26776e-06	3.11141	-2.17636	-1.12847e-07	-0.00291359	0.00194239	180	0	0.00217851	256.34	1.56893e-07	1555.7	200.462	0	-1088.18	180	0	-0.000111454	123.001	0	-2.15821	235.999	0	1.82453e-08	14770
ODIN	0	1.33238	1.92792	0	-0.9861	0.00581785	3.26808e-06	3.11144	-2.17636	-1.125e-07	-0.00291358	0.00194239	180	0	0.00217872	256.34	2.33516e-07	1555.72	200.462	0	-1088.18	180	0	-0.000111111	123.001	0	-2.15821	235.999	0	6.94349e-08	14809
ODIN	0	1.33238	1.92792	0	-0.9861	0.00581785	3.2675e-06	3.11141	-2.17636	-1.12963e-07	-0.00291358	0.00194238	180	0	0.00217833	256.34	2.95265e-07	1555.7	200.462	0	-1088.18	180	0	-0.000111569	123.001	0	-2.15821	235.999	0	7.37152e-09	14843
ODIN	0	1.33238	1.92792	0	-0.9861	0.00581785	3.26694e-06	3.11144	-2.17635	-1.13394e-07	-0.00291361	0.0019424	180	0	0.00217796	256.34	-1.91838e-07	1555.72	200.462	0	-1088.18	180	0	-0.000111994	123.001	0	-2.15823	235.999	0	-4.48466e-08	14880
ODIN	0	1.33238	1.92792	0	-0.9861	0.00581785	3.26732e-06	3.11144	-2.17636	-1.13287e-07	-0.00291357	0.00194238	180	0	0.00217821	256.34	4.06587e-07	1555.72	200.462	0	-1088.18	180	0	-0.000111888	123.001	0	-2.1582	235.999	0	-6.86369e-08	14921
ODIN	0	1.33238	1.92792	0	-0.9861	0.00581785	3.26732e-06	3.11144	-2.17636	-1.13287e-07	-0.00291357	0.00194238	180	0	0.00217821	256.34	4.06587e-07	1555.72	200.462	0	-1088.18	180	0	-0.000111888	123.001	0	-2.1582	235.999	0	-6.86369e-08	14965
ODIN	0	1.33238	1.92792	0	-0.9861	0.00581785	3.26665e-06	3.11141	-2.17636	-1.13742e-07	-0.00291358	0.00194238	180	0	0.00217776	256.34	3.41593e-07	1555.7	200.462	0	-1088.18	180	0	-0.000112337	123.001	0	-2.1582	235.999	0	-1.18897e-07	15007
ODIN	0	1.33238	1.92792	0	-0.9861	0.00581785	3.26629e-06	3.11141	-2.17635	-1.13845e-07	-0.00291361	0.0019424	180	0	0.00217753	256.34	-7.2659e-08	1555.7	200.462	0	-1088.18	180	0	-0.00011244	123.001	0	-2.15823	235.999	0	-1.00695e-07	15040
ODIN	0	1.33238	1.92792	0	-0.9861	0.00581785	3.26692e-06	3.11144	-2.17635	-1.13167e-07	-0.00291361	0.00194241	180	0	0.00217795	256.34	-3.18257e-07	1555.72	200.462	0	-1088.18	180	0	-0.00011177	123.001	0	-2.15823	235.999	0	1.24453e-08	15085
ODIN	0	1.33238	1.92792	0	-0.9861	0.00581785	3.2676e-06	3.11141	-2.17636	-1.12444e-07	-0.00291358	0.00194238	180	0	0.0021784	256.34	4.0165e-07	1555.7	200.462	0	-1088.18	180	0	-0.000111055	123.001	0	-2.1582	235.999	0	1.40778e-07	15122
ODIN	0	1.33238	1.92792	0	-0.9861	0.00581785	3.2676e-06	3.11141	-2.17636	-1.12444e-07	-0.00291358	0.00194238	180	0	0.0021784	256.34	4.0165e-07	1555.7	200.462	0	-1088.18	180	0	-0.000111055	123.001	0	-2.1582	235.999	0	1.40778e-07	15161
ODIN	0	1.33238	1.92792	0	-0.9861	0.00581785	3.2663e-06	3.11141	-2.17636	-1.13458e-07	-0.0029136	0.0019424	180	0	0.00217753	256.34	-1.06294e-07	1555.7	200.462	0	-1088.18	180	0	-0.000112057	123.001	0	-2.15822	235.999	0	1.72977e-08	15192
ODIN	0	1.33238	1.92792	0	-0.9861	0.00581785	3.26527e-06	3.11141	-2.17636	-1.14555e-07	-0.0029136	0.0019424	180	0	0.00217685	256.34	-1.1498e-07	1555.7	200.462	0	-1088.18	180	0	-0.00011314	123.001	0	-2.15822	235.999	0	-1.66518e-07	15228
ODIN	0	1.33238	1.92792	0	-0.9861	0.00581785	3.26724e-06	3.11144	-2.17636	-1.12356e-07	-0.00291358	0.00194238	180	0	0.00217816	256.34	2.15302e-08	1555.72	200.462	0	-1088.18	180	0	-0.000110969	123.001	0	-2.1582	235.999	0	2.10306e-07	15267
ODIN	0	1.33238	1.92792	0	-0.9861	0.00581785	3.26652e-06	3.11141	-2.17635	-1.12963e-07	-0.00291361	0.00194241	180	0	0.00217768	256.34	-1.38123e-07	1555.7	200.462	0	-1088.18	180	0	-0.000111569	123.001	0	-2.15823	235.999	0	1.34214e-07	15308
ODIN	0	1.33238	1.92792	0	-0.9861	0.00581785	3.26652e-06	3.11141	-2.17635	-1.12963e-07	-0.00291361	0.00194241	180	0	0.00217768	256.34	-1.38123e-07	1555.7	200.462	0	-1088.18	180	0	-0.000111569	123.001	0	-2.15823	235.999	0	1.34214e-07	15345
ODIN	0	1.33238	1.92792	0	-0.9861	0.00581785	3.26622e-06	3.11144	-2.17635	-1.13298e-07	-0.00291362	0.00194241	180	0	0.00217748	256.34	-3.88668e-07	1555.72	200.462	0	-1088.18	180	0	-0.000111899	123.001	0	-2.15823	235.999	0	7.83791e-08	15386
ODIN	0	1.33238	1.92792	0	-0.9861	0.00581785	3.2655e-06	3.11144	-2.17635	-1.14229e-07	-0.00291361	0.00194241	180	0	0.002177	256.34	-2.8852e-07	1555.72	200.462	0	-1088.18	180	0	-0.000112819	123.001	0	-2.15823	235.999	0	-1.03224e-07	15424
ODIN	0	1.33238	1.92792	0	-0.9861	0.00581785	3.26552e-06	3.11141	-2.17636	-1.14121e-07	-0.00291359	0.00194239	180	0	0.00217701	256.34	1.28616e-07	1555.7	200.462	0	-1088.18	180	0	-0.000112713	123.001	0	-2.15821	235.999	0	-6.93398e-08	15469
ODIN	0	1.33238	1.92792	0	-0.9861	0.00581785	3.26552e-06	3.11141	-2.17636	-1.14121e-07	-0.00291359	0.00194239	180	0	0.00217701	256.34	1.28616e-07	1555.7	200.462	0	-1088.18	180	0	-0.000112713	123.001	0	-2.15821	235.999	0	-6.93398e-08	15504
ODIN	0	1.33238	1.92792	0	-0.9861	0.00581785	3.26589e-06	3.11144	-2.17635	-1.1361e-07	-0.00291361	0.0019424	180	0	0.00217726	256.34	-2.07867e-07	1555.72	200.462	0	-1088.18	180	0	-0.000112208	123.001	0	-2.15823	235.999	0	3.67866e-08	15543
ODIN	0	1.33238	1.92792	0	-0.9861	0.00581785	3.26553e-06	3.11141	-2.17636	-1.13856e-07	-0.0029136	0.0019424	180	0	0.00217702	256.34	-1.04291e-07	1555.7	200.462	0	-1088.18	180	0	-0.00011245	123.001	0	-2.15822	235.999	0	1.92293e-08	15585
ODIN	0	1.33238	1.92792	0	-0.9861	0.00581785	3.26541e-06	3.11144	-2.17635	-1.14287e-07	-0.00291361	0.00194241	180	0	0.00217694	256.34	-4.09021e-07	1555.72	200.462	0	-1088.18	180	0	-0.000112876	123.001	0	-2.15823	235.999	0	-9.39236e-08	15623
ODIN	0	1.33238	1.92792	0	-0.9861	0.00581785	3.26536e-06	3.11144	-2.17635	-1.14055e-07	-0.00291361	0.00194241	180	0	0.00217691	256.34	-2.59698e-07	1555.72	200.462	0	-1088.18	180	0	-0.000112646	123.001	0	-2.15823	235.999	0	-8.42847e-09	15662
ODIN	0	1.33238	1.92792	0	-0.9861	0.00581785	3.26532e-06	3.11145	-2.17635	-1.1401e-07	-0.00291363	0.00194242	180	0	0.00217688	256.34	-5.06794e-07	1555.73	200.462	0	-1088.18	180	0	-0.000112602	123.001	0	-2.15824	235.999	0	1.58455e-08	15703
ODIN	0	1.33238	1.92792	0	-0.9861	0.00581785	3.26555e-06	3.11141	-2.17635	-1.13897e-07	-0.00291361	0.0019424	180	0	0.00217703	256.34	-1.89034e-07	1555.7	200.462	0	-1088.18	180	0	-0.000112491	123.001	0	-2.15823	235.999	0	1.3802e-08	15743
ODIN	0	1.33238	1.92792	0	-0.9861	0.00581785	3.26571e-06	3.11141	-2.17636	-1.13705e-07	-0.0029136	0.0019424	180	0	0.00217714	256.34	-9.70219e-08	1555.7	200.462	0	-1088.18	180	0	-0.000112301	123.001	0	-2.15822	235.999	0	5.2269e-08	15783
ODIN	0	1.33238	1.92792	0	-0.9861	0.00581785	3.26519e-06	3.11144	-2.17636	-1.1411e-07	-0.0029136	0.0019424	180	0	0.00217679	256.34	-1.55465e-07	1555.72	200.462	0	-1088.18	180	0	-0.000112701	123.001	0	-2.15822	235.999	0	1.12667e-08	15821
ODIN	0	1.33238	1.92792	0	-0.9861	0.00581785	3.26506e-06	3.11141	-2.17636	-1.1435e-07	-0.00291359	0.00194239	180	0	0.00217671	256.34	1.75167e-07	1555.7	200.462	0	-1088.18	180	0	-0.000112938	123.001	0	-2.15821	235.999	0	-3.90538e-08	15863
ODIN	0	1.33238	1.92792	0	-0.9861	0.00581785	3.26519e-06	3.11144	-2.17635	-1.14013e-07	-0.00291361	0.0019424	180	0	0.0021768	256.34	-1.79278e-07	1555.72	200.462	0	-1088.18	180	0	-0.000112605	123.001	0	-2.15823	235.999	0	5.42998e-08	15900
ODIN	0	1.33238	1.92792	0	-0.9861	0.00581785	3.26519e-06	3.11144	-2.17635	-1.14013e-07	-0.00291361	0.0019424	180	0	0.0021768	256.34	-1.79278e-07	1555.72	200.462	0	-1088.18	180	0	-0.000112605	123.001	0	-2.15823	235.999	0	5.42998e-08	15936
ODIN	0	1.33238	1.92792	0	-0.9861	0.00581785	3.2646e-06	3.11144	-2.17636	-1.14904e-07	-0.00291358	0.00194239	180	0	0.0021764	256.34	1.75444e-07	1555.72	200.462	0	-1088.18	180	0	-0.000113485	123.001	0	-2.15821	235.999	0	-1.31501e-07	15976
ODIN	0	1.33238	1.92792	0	-0.9861	0.00581785	3.26421e-06	3.11141	-2.17636	-1.15205e-07	-0.0029136	0.0019424	180	0	0.00217614	256.34	3.71277e-09	1555.7	200.462	0	-1088.18	180	0	-0.000113783	123.001	0	-2.15822	235.999	0	-1.55992e-07	16014
ODIN	0	1.33238	1.92792	0	-0.9861	0.00581785	3.26489e-06	3.11144	-2.17636	-1.14415e-07	-0.00291359	0.00194239	180	0	0.00217659	256.34	8.09753e-08	1555.72	200.462	0	-1088.18	180	0	-0.000113003	123.001	0	-2.15821	235.999	0	-8.10528e-09	16057
ODIN	0	1.33238	1.92792	0	-0.9861	0.00581785	3.26489e-06	3.11144	-2.17636	-1.14415e-07	-0.00291359	0.00194239	180	0	0.00217659	256.34	8.09753e-08	1555.72	200.462	0	-1088.18	180	0	-0.000113003	123.001	0	-2.15821	235.999	0	-8.10528e-09	16093
ODIN	0	1.33238	1.92792	0	-0.9861	0.00581785	3.26505e-06	3.11144	-2.17635	-1.14155e-07	-0.00291361	0.00194241	180	0	0.0021767	256.34	-3.54078e-07	1555.72	200.462	0	-1088.18	180	0	-0.000112745	123.001	0	-2.15823	235.999	0	5.52457e-08	16134
ODIN	0	1.33238	1.92792	0	-0.9861	0.00581785	3.26509e-06	3.11144	-2.17636	-1.14104e-07	-0.00291358	0.00194239	180	0	0.00217673	256.34	6.48326e-08	1555.72	200.462	0	-1088.18	180	0	-0.000112696	123.001	0	-2.15821	235.999	0	7.16128e-08	16172
ODIN	0	1.33238	1.92792	0	-0.9861	0.00581785	3.2642e-06	3.11141	-2.17636	-1.15152e-07	-0.0029136	0.0019424	180	0	0.00217613	256.34	-1.32743e-07	1555.7	200.462	0	-1088.18	180	0	-0.00011373	123.001	0	-2.15822	235.999	0	-1.1387e-07	16217
ODIN	0	1.33238	1.92792	0	-0.9861	0.00581785	3.26521e-06	3.11139	-2.17636	-1.14107e-07	-0.00291357	0.00194238	180	0	0.0021768	256.34	1.93117e-07	1555.7	200.462	0	-1088.18	180	0	-0.000112698	123.001	0	-2.1582	235.999	0	6.74664e-08	16255
ODIN	0	1.33238	1.92792	0	-0.9861	0.00581785	3.26507e-06	3.11141	-2.17636	-1.14233e-07	-0.00291358	0.00194239	180	0	0.00217671	256.34	1.93117e-07	1555.7	200.462	0	-1088.18	180	0	-0.000112823	123.001	0	-2.15821	235.999	0	4.89572e-08	16282
ODIN	0	1.33238	1.92792	0	-0.9861	0.00581785	3.26508e-06	3.11141	-2.17636	-1.14072e-07	-0.00291359	0.00194239	180	0	0.00217672	256.34	1.60852e-07	1555.7	200.462	0	-1088.18	180	0	-0.000112664	123.001	0	-2.15821	235.999	0	1.01857e-07	16321
ODIN	0	1.33238	1.92792	0	-0.9861	0.00581785	3.26503e-06	3.11144	-2.17636	-1.14144e-07	-0.00291358	0.00194239	180	0	0.00217669	256.34	1.74829e-07	1555.72	200.462	0	-1088.18	180	0	-0.000112735	123.001	0	-2.15821	235.999	0	9.64875e-08	16359
ODIN	0	1.33238	1.92792	0	-0.9861	0.00581785	3.26468e-06	3.11144	-2.17636	-1.14702e-07	-0.00291359	0.00194239	180	0	0.00217646	256.34	1.08713e-07	1555.72	200.462	0	-1088.18	180	0	-0.000113286	123.001	0	-2.15821	235.999	0	-1.64213e-08	16401
ODIN	0	1.33238	1.92792	0	-0.9861	0.00581785	3.26468e-06	3.11144	-2.17636	-1.14702e-07	-0.00291359	0.00194239	180	0	0.00217646	256.34	1.08713e-07	1555.72	200.462	0	-1088.18	180	0	-0.000113286	123.001	0	-2.15821	235.999	0	-1.64213e-08	16438
ODIN	0	1.33238	1.92792	0	-0.9861	0.00581785	3.26466e-06	3.11144	-2.17636	-1.14758e-07	-0.00291357	0.00194238	180	0	0.00217644	256.34	2.87876e-07	1555.72	200.462	0	-1088.18	180	0	-0.000113341	123.001	0	-2.1582	235.999	0	-2.21259e-08	16483
ODIN	0	1.33238	1.92792	0	-0.9861	0.00581785	3.26364e-06	3.1114	-2.17636	-1.1577e-07	-0.00291357	0.00194238	180	0	0.00217576	256.34	5.6286e-07	1555.7	200.462	0	-1088.18	180	0	-0.000114341	123.001	0	-2.1582	235.999	0	-1.69547e-07	16516
ODIN	0	1.33238	1.92792	0	-0.9861	0.00581785	3.26466e-06	3.11144	-2.17636	-1.14534e-07	-0.00291358	0.00194239	180	0	0.00217644	256.34	2.06196e-07	1555.72	200.462	0	-1088.18	180	0	-0.00011312	123.001	0	-2.15821	235.999	0	6.40416e-08	16561
ODIN	0	1.33238	1.92792	0	-0.9861	0.00581785	3.26528e-06	3.11141	-2.17636	-1.13996e-07	-0.00291358	0.00194238	180	0	0.00217685	256.34	2.97636e-07	1555.7	200.462	0	-1088.18	180	0	-0.000112589	123.001	0	-2.15821	235.999	0	1.42935e-07	16598
ODIN	0	1.33238	1.92792	0	-0.9861	0.00581785	3.26528e-06	3.11141	-2.17636	-1.13996e-07	-0.00291358	0.00194238	180	0	0.00217685	256.34	2.97636e-07	1555.7	200.462	0	-1088.18	180	0	-0.000112589	123.001	0	-2.15821	235.999	0	1.42935e-07	16637
ODIN	0	1.33238	1.92792	0	-0.9861	0.00581785	3.26528e-06	3.11144	-2.17636	-1.13839e-07	-0.00291359	0.00194239	180	0	0.00217685	256.34	1.14476e-07	1555.72	200.462	0	-1088.18	180	0	-0.000112434	123.001	0	-2.15821	235.999	0	1.94041e-07	16675
ODIN	0	1.33238	1.92792	0	-0.9861	0.00581785	3.26374e-06	3.11141	-2.17636	-1.15704e-07	-0.00291358	0.00194239	180	0	0.00217583	256.34	2.41069e-07	1555.7	200.462	0	-1088.18	180	0	-0.000114275	123.001	0	-2.15821	235.999	0	-1.35647e-07	16716
ODIN	0	1.33238	1.92792	0	-0.9861	0.00581785	3.2645e-06	3.11144	-2.17636	-1.14872e-07	-0.00291359	0.00194239	180	0	0.00217633	256.34	5.17236e-08	1555.72	200.462	0	-1088.18	180	0	-0.000113454	123.001	0	-2.15821	235.999	0	1.52112e-08	16757
ODIN	0	1.33238	1.92792	0	-0.9861	0.00581785	3.26491e-06	3.11144	-2.17636	-1.14322e-07	-0.0029136	0.0019424	180	0	0.00217661	256.34	-1.55422e-07	1555.72	200.462	0	-1088.18	180	0	-0.000112911	123.001	0	-2.15822	235.999	0	1.32848e-07	16793
ODIN	0	1.33238	1.92792	0	-0.9861	0.00581785	3.26491e-06	3.11144	-2.17636	-1.14322e-07	-0.0029136	0.0019424	180	0	0.00217661	256.34	-1.55422e-07	1555.72	200.462	0	-1088.18	180	0	-0.000112911	123.001	0	-2.15822	235.999	0	1.32848e-07	16830
ODIN	0	1.33238	1.92792	0	-0.9861	0.00581785	3.26257e-06	3.1114	-2.17636	-1.15891e-07	-0.00291357	0.00194238	180	0	0.00217504	256.34	6.60565e-07	1555.7	200.462	0	-1088.18	180	0	-0.00011446	123.001	0	-2.1582	235.999	0	5.19909e-09	16866
ODIN	0	1.33238	1.92792	0	-0.9861	0.00581785	3.26438e-06	3.11144	-2.17636	-1.15492e-07	-0.00291359	0.00194239	180	0	0.00217625	256.34	7.6842e-08	1555.72	200.462	0	-1088.18	180	0	-0.000114066	123.001	0	-2.15822	235.999	0	-1.14131e-07	16897
ODIN	0	1.33238	1.92792	0	-0.9861	0.00581785	3.26404e-06	3.11141	-2.17636	-1.1534e-07	-0.00291357	0.00194238	180	0	0.00217603	256.34	3.31273e-07	1555.7	200.462	0	-1088.18	180	0	-0.000113916	123.001	0	-2.1582	235.999	0	-2.64193e-08	16942
ODIN	0	1.33238	1.92792	0	-0.9861	0.00581785	3.26447e-06	3.11141	-2.17635	-1.14894e-07	-0.00291361	0.00194241	180	0	0.00217631	256.34	-1.98479e-07	1555.7	200.462	0	-1088.18	180	0	-0.000113475	123.001	0	-2.15823	235.999	0	5.67311e-08	16974
ODIN	0	1.33238	1.92792	0	-0.9861	0.00581785	3.26447e-06	3.11141	-2.17635	-1.14894e-07	-0.00291361	0.00194241	180	0	0.00217631	256.34	-1.98479e-07	1555.7	200.462	0	-1088.18	180	0	-0.000113475	123.001	0	-2.15823	235.999	0	5.67311e-08	17012
ODIN	0	1.33238	1.92792	0	-0.9861	0.00581785	3.2646e-06	3.11144	-2.17636	-1.14597e-07	-0.00291359	0.0019424	180	0	0.0021764	256.34	-5.8249e-09	1555.72	200.462	0	-1088.18	180	0	-0.000113182	123.001	0	-2.15822	235.999	0	1.38521e-07	17048
ODIN	0	1.33238	1.92792	0	-0.9861	0.00581785	3.26439e-06	3.11144	-2.17636	-1.15166e-07	-0.00291359	0.00194239	180	0	0.00217626	256.34	-2.17535e-08	1555.72	200.462	0	-1088.18	180	0	-0.000113744	123.001	0	-2.15822	235.999	0	4.68048e-09	17091
ODIN	0	1.33238	1.92792	0	-0.9861	0.00581785	3.26337e-06	3.11144	-2.17636	-1.16146e-07	-0.0029136	0.0019424	180	0	0.00217558	256.34	-1.10078e-07	1555.72	200.462	0	-1088.18	180	0	-0.000114712	123.001	0	-2.15822	235.999	0	-1.33172e-07	17129
ODIN	0	1.33238	1.92792	0	-0.9861	0.00581785	3.26337e-06	3.11144	-2.17636	-1.16146e-07	-0.0029136	0.0019424	180	0	0.00217558	256.34	-1.10078e-07	1555.72	200.462	0	-1088.18	180	0	-0.000114712	123.001	0	-2.15822	235.999	0	-1.33172e-07	17172
ODIN	0	1.33238	1.92792	0	-0.9861	0.00581785	3.26478e-06	3.11141	-2.17636	-1.14649e-07	-0.00291357	0.00194238	180	0	0.00217652	256.34	3.70937e-07	1555.7	200.462	0	-1088.18	180	0	-0.000113234	123.001	0	-2.1582	235.999	0	1.23897e-07	17212
ODIN	0	1.33238	1.92792	0	-0.9861	0.00581785	3.26381e-06	3.11144	-2.17635	-1.15699e-07	-0.00291361	0.0019424	180	0	0.00217588	256.34	-2.24577e-07	1555.72	200.462	0	-1088.18	180	0	-0.000114271	123.001	0	-2.15823	235.999	0	-4.67166e-08	17253
ODIN	0	1.33238	1.92792	0	-0.9861	0.00581785	3.26396e-06	3.11141	-2.17636	-1.15562e-07	-0.00291358	0.00194239	180	0	0.00217597	256.34	2.26014e-07	1555.7	200.462	0	-1088.18	180	0	-0.000114135	123.001	0	-2.15821	235.999	0	-1.5756e-08	17294
ODIN	0	1.33238	1.92792	0	-0.9861	0.00581785	3.26437e-06	3.11144	-2.17636	-1.15145e-07	-0.00291359	0.0019424	180	0	0.00217625	256.34	-2.30774e-08	1555.72	200.462	0	-1088.18	180	0	-0.000113724	123.001	0	-2.15822	235.999	0	5.99238e-08	17332
ODIN	0	1.33238	1.92792	0	-0.9861	0.00581785	3.26437e-06	3.11144	-2.17636	-1.15145e-07	-0.00291359	0.0019424	180	0	0.00217625	256.34	-2.30774e-08	1555.72	200.462	0	-1088.18	180	0	-0.000113724	123.001	0	-2.15822	235.999	0	5.99238e-08	17370
ODIN	0	1.33238	1.92792	0	-0.9861	0.00581785	3.26387e-06	3.11141	-2.17636	-1.15919e-07	-0.00291359	0.00194239	180	0	0.00217591	256.34	1.41847e-07	1555.7	200.462	0	-1088.18	180	0	-0.000114488	123.001	0	-2.15821	235.999	0	-9.4955e-08	17411
ODIN	0	1.33238	1.92792	0	-0.9861	0.00581785	3.2638e-06	3.11141	-2.17635	-1.152e-07	-0.00291361	0.00194241	180	0	0.00217586	256.34	-2.51005e-07	1555.7	200.462	0	-1088.18	180	0	-0.000113778	123.001	0	-2.15823	235.999	0	1.49682e-07	17449
ODIN	0	1.33238	1.92792	0	-0.9861	0.00581785	3.26435e-06	3.11141	-2.17635	-1.15397e-07	-0.00291361	0.00194241	180	0	0.00217623	256.34	-1.52359e-07	1555.7	200.462	0	-1088.18	180	0	-0.000113972	123.001	0	-2.15823	235.999	0	1.38671e-08	17488
ODIN	0	1.33238	1.92792	0	-0.9861	0.00581785	3.26449e-06	3.11141	-2.17636	-1.1504e-07	-0.00291359	0.00194239	180	0	0.00217633	256.34	5.38643e-08	1555.7	200.462	0	-1088.18	180	0	-0.000113619	123.001	0	-2.15822	235.999	0	1.11078e-07	17526
ODIN	0	1.33238	1.92792	0	-0.9861	0.00581785	3.26449e-06	3.11141	-2.17636	-1.1504e-07	-0.00291359	0.00194239	180	0	0.00217633	256.34	5.38643e-08	1555.7	200.462	0	-1088.18	180	0	-0.000113619	123.001	0	-2.15822	235.999	0	1.11078e-07	17566
ODIN	0	1.33238	1.92792	0	-0.9861	0.00581785	3.26341e-06	3.11144	-2.17636	-1.16475e-07	-0.00291359	0.00194239	180	0	0.00217561	256.34	1.35792e-07	1555.72	200.462	0	-1088.18	180	0	-0.000115037	123.001	0	-2.15821	235.999	0	-1.57501e-07	17609
ODIN	0	1.33238	1.92792	0	-0.9861	0.00581785	3.26417e-06	3.11144	-2.17636	-1.15571e-07	-0.0029136	0.0019424	180	0	0.00217612	256.34	-1.58264e-07	1555.72	200.462	0	-1088.18	180	0	-0.000114144	123.001	0	-2.15823	235.999	0	1.64841e-08	17642
ODIN	0	1.33238	1.92792	0	-0.9861	0.00581785	3.26365e-06	3.11144	-2.17636	-1.16127e-07	-0.00291359	0.00194239	180	0	0.00217577	256.34	5.23115e-08	1555.72	200.462	0	-1088.18	180	0	-0.000114694	123.001	0	-2.15822	235.999	0	-6.89558e-08	17686
ODIN	0	1.33238	1.92792	0	-0.9861	0.00581785	3.26394e-06	3.1114	-2.17636	-1.15948e-07	-0.00291357	0.00194238	180	0	0.00217596	256.34	4.92017e-07	1555.7	200.462	0	-1088.18	180	0	-0.000114516	123.001	0	-2.1582	235.999	0	-4.9284e-08	17724
ODIN	0	1.33238	1.92792	0	-0.9861	0.00581785	3.26394e-06	3.1114	-2.17636	-1.15948e-07	-0.00291357	0.00194238	180	0	0.00217596	256.34	4.92017e-07	1555.7	200.462	0	-1088.18	180	0	-0.000114516	123.001	0	-2.1582	235.999	0	-4.9284e-08	17757
ODIN	0	1.33238	1.92792	0	-0.9861	0.00581785	3.26355e-06	3.11141	-2.17636	-1.16371e-07	-0.0029136	0.0019424	180	0	0.0021757	256.34	4.89693e-08	1555.7	200.462	0	-1088.18	180	0	-0.000114934	123.001	0	-2.15822	235.999	0	-1.06917e-07	17791
ODIN	0	1.33238	1.92792	0	-0.9861	0.00581785	3.26356e-06	3.11144	-2.17636	-1.15795e-07	-0.00291359	0.00194239	180	0	0.00217571	256.34	-1.45907e-07	1555.72	200.462	0	-1088.18	180	0	-0.000114366	123.001	0	-2.15822	235.999	0	7.81959e-08	17830
ODIN	0	1.33238	1.92792	0	-0.9861	0.00581785	3.2642e-06	3.11141	-2.17635	-1.1528e-07	-0.00291363	0.00194242	180	0	0.00217613	256.34	-4.7864e-07	1555.7	200.462	0	-1088.18	180	0	-0.000113857	123.001	0	-2.15824	235.999	0	1.50859e-07	17865
ODIN	0	1.33238	1.92792	0	-0.9861	0.00581785	3.2642e-06	3.11141	-2.17635	-1.1528e-07	-0.00291363	0.00194242	180	0	0.00217613	256.34	-4.7864e-07	1555.7	200.462	0	-1088.18	180	0	-0.000113857	123.001	0	-2.15824	235.999	0	1.50859e-07	17906
ODIN	0	1.33238	1.92792	0	-0.9861	0.00581785	3.26494e-06	3.11144	-2.17636	-1.14987e-07	-0.00291357	0.00194238	180	0	0.00217662	256.34	4.64538e-07	1555.72	200.462	0	-1088.18	180	0	-0.000113567	123.001	0	-2.1582	235.999	0	1.37449e-07	17950
ODIN	0	1.33238	1.92792	0	-0.9861	0.00581785	3.26466e-06	3.11144	-2.17636	-1.15381e-07	-0.0029136	0.0019424	180	0	0.00217644	256.34	-7.33428e-08	1555.72	200.462	0	-1088.18	180	0	-0.000113957	123.001	0	-2.15822	235.999	0	6.5264e-08	17988
ODIN	0	1.33238	1.92792	0	-0.9861	0.00581785	3.26415e-06	3.11144	-2.17636	-1.15476e-07	-0.00291359	0.00194239	180	0	0.0021761	256.34	1.09622e-07	1555.72	200.462	0	-1088.18	180	0	-0.00011405	123.001	0	-2.15821	235.999	0	1.26986e-07	18031
ODIN	0	1.33238	1.92792	0	-0.9861	0.00581785	3.26447e-06	3.11144	-2.17635	-1.15333e-07	-0.00291363	0.00194242	180	0	0.00217631	256.34	-7.88215e-07	1555.72	200.462	0	-1088.18	180	0	-0.000113909	123.001	0	-2.15825	235.999	0	1.31475e-07	18070
ODIN	0	1.33238	1.92792	0	-0.9861	0.00581785	3.26325e-06	3.11144	-2.17636	-1.16663e-07	-0.00291355	0.00194237	180	0	0.0021755	256.34	1.81584e-07	1555.72	200.462	0	-1088.18	180	0	-0.000115222	123.001	0	-2.15819	235.999	0	-8.65752e-08	18110
ODIN	0	1.33238	1.92792	0	-0.9861	0.00581785	3.26306e-06	3.11144	-2.17636	-1.16797e-07	-0.00291357	0.00194238	180	0	0.00217537	256.34	2.59844e-07	1555.72	200.462	0	-1088.18	180	0	-0.000115355	123.001	0	-2.1582	235.999	0	-1.00125e-07	18146
ODIN	0	1.33238	1.92792	0	-0.9861	0.00581785	3.26428e-06	3.11144	-2.17636	-1.15572e-07	-0.0029136	0.0019424	180	0	0.00217619	256.34	-1.06425e-07	1555.72	200.462	0	-1088.18	180	0	-0.000114145	123.001	0	-2.15822	235.999	0	1.06883e-07	18188
ODIN	0	1.33238	1.92792	0	-0.9861	0.00581785	3.26401e-06	3.11141	-2.17636	-1.15876e-07	-0.00291357	0.00194238	180	0	0.002176	256.34	3.41018e-07	1555.7	200.462	0	-1088.18	180	0	-0.000114445	123.001	0	-2.1582	235.999	0	6.49694e-08	18226
ODIN	0	1.33238	1.92792	0	-0.9861	0.00581785	3.26444e-06	3.11144	-2.17636	-1.15578e-07	-0.0029136	0.0019424	180	0	0.00217629	256.34	-1.19085e-07	1555.72	200.462	0	-1088.18	180	0	-0.000114151	123.001	0	-2.15822	235.999	0	9.97596e-08	18255
ODIN	0	1.33238	1.92792	0	-0.9861	0.00581785	3.26444e-06	3.11144	-2.17636	-1.15578e-07	-0.0029136	0.0019424	180	0	0.00217629	256.34	-1.19085e-07	1555.72	200.462	0	-1088.18	180	0	-0.000114151	123.001	0	-2.15822	235.999	0	9.97596e-08	18295
ODIN	0	1.33238	1.92792	0	-0.9861	0.00581785	3.26387e-06	3.11144	-2.17635	-1.16194e-07	-0.00291361	0.0019424	180	0	0.00217591	256.34	-2.06245e-07	1555.72	200.462	0	-1088.18	180	0	-0.000114759	123.001	0	-2.15823	235.999	0	5.58042e-09	18336
ODIN	0	1.33238	1.92792	0	-0.9861	0.00581785	3.26429e-06	3.11144	-2.17635	-1.15819e-07	-0.00291362	0.00194242	180	0	0.00217619	256.34	-4.53842e-07	1555.72	200.462	0	-1088.18	180	0	-0.000114389	123.001	0	-2.15824	235.999	0	6.41159e-08	18376
ODIN	0	1.33238	1.92792	0	-0.9861	0.00581785	3.26422e-06	3.11144	-2.17636	-1.15938e-07	-0.0029136	0.0019424	180	0	0.00217615	256.34	-1.66834e-07	1555.72	200.462	0	-1088.18	180	0	-0.000114507	123.001	0	-2.15822	235.999	0	4.75628e-08	18413
ODIN	0	1.33238	1.92792	0	-0.9861	0.00581785	3.26399e-06	3.11144	-2.17635	-1.1614e-07	-0.00291362	0.00194241	180	0	0.00217599	256.34	-4.77503e-07	1555.72	200.462	0	-1088.18	180	0	-0.000114706	123.001	0	-2.15824	235.999	0	3.17635e-08	18456
ODIN	0	1.33238	1.92792	0	-0.9861	0.00581785	3.26399e-06	3.11144	-2.17635	-1.1614e-07	-0.00291362	0.00194241	180	0	0.00217599	256.34	-4.77503e-07	1555.72	200.462	0	-1088.18	180	0	-0.000114706	123.001	0	-2.15824	235.999	0	3.17635e-08	18496
ODIN	0	1.33238	1.92792	0	-0.9861	0.00581785	3.26374e-06	3.11144	-2.17635	-1.1647e-07	-0.00291361	0.00194241	180	0	0.00217583	256.34	-2.60904e-07	1555.72	200.462	0	-1088.18	180	0	-0.000115032	123.001	0	-2.15823	235.999	0	-2.15014e-08	18534
ODIN	0	1.33238	1.92792	0	-0.9861	0.00581785	3.26303e-06	3.11141	-2.17636	-1.17174e-07	-0.00291359	0.00194239	180	0	0.00217535	256.34	2.08799e-07	1555.7	200.462	0	-1088.18	180	0	-0.000115728	123.001	0	-2.15821	235.999	0	-1.2008e-07	18572
ODIN	0	1.33238	1.92792	0	-0.9861	0.00581785	3.26333e-06	3.11144	-2.17636	-1.17018e-07	-0.0029136	0.0019424	180	0	0.00217555	256.34	-1.70476e-07	1555.72	200.462	0	-1088.18	180	0	-0.000115573	123.001	0	-2.15822	235.999	0	-1.11039e-07	18619
ODIN	0	1.33238	1.92792	0	-0.9861	0.00581785	3.26237e-06	3.11144	-2.17636	-1.17776e-07	-0.00291357	0.00194238	180	0	0.00217492	256.34	1.7286e-07	1555.72	200.462	0	-1088.18	180	0	-0.000116322	123.001	0	-2.1582	235.999	0	-1.87113e-07	18654
ODIN	0	1.33238	1.92792	0	-0.9861	0.00581785	3.26259e-06	3.11144	-2.17636	-1.17633e-07	-0.00291358	0.00194239	180	0	0.00217506	256.34	1.7286e-07	1555.72	200.462	0	-1088.18	180	0	-0.000116181	123.001	0	-2.15821	235.999	0	-1.77879e-07	18685
ODIN	0	1.33238	1.92792	0	-0.9861	0.00581785	3.26336e-06	3.11144	-2.17636	-1.17052e-07	-0.00291359	0.00194239	180	0	0.00217557	256.34	5.6337e-08	1555.72	200.462	0	-1088.18	180	0	-0.000115607	123.001	0	-2.15822	235.999	0	-1.06972e-07	18714
ODIN	0	1.33238	1.92792	0	-0.9861	0.00581785	3.26435e-06	3.11144	-2.17635	-1.16084e-07	-0.00291362	0.00194241	180	0	0.00217624	256.34	-4.28876e-07	1555.72	200.462	0	-1088.18	180	0	-0.000114651	123.001	0	-2.15824	235.999	0	5.12791e-08	18754
ODIN	0	1.33238	1.92792	0	-0.9861	0.00581785	3.26394e-06	3.11144	-2.17635	-1.16422e-07	-0.00291361	0.00194241	180	0	0.00217596	256.34	-3.65731e-07	1555.72	200.462	0	-1088.18	180	0	-0.000114984	123.001	0	-2.15823	235.999	0	2.06964e-08	18799
ODIN	0	1.33238	1.92792	0	-0.9861	0.00581785	3.26516e-06	3.11144	-2.17635	-1.15307e-07	-0.00291363	0.00194242	180	0	0.00217678	256.34	-6.55466e-07	1555.72	200.462	0	-1088.18	180	0	-0.000113883	123.001	0	-2.15824	235.999	0	1.93301e-07	18837
ODIN	0	1.33238	1.92792	0	-0.9861	0.00581785	3.26516e-06	3.11144	-2.17635	-1.15307e-07	-0.00291363	0.00194242	180	0	0.00217678	256.34	-6.55466e-07	1555.72	200.462	0	-1088.18	180	0	-0.000113883	123.001	0	-2.15824	235.999	0	1.93301e-07	18874
ODIN	0	1.33238	1.92792	0	-0.9861	0.00581785	3.26333e-06	3.11144	-2.17636	-1.17032e-07	-0.00291359	0.00194239	180	0	0.00217555	256.34	4.79054e-08	1555.72	200.462	0	-1088.18	180	0	-0.000115587	123.001	0	-2.15822	235.999	0	-5.69652e-08	18914
ODIN	0	1.33238	1.92792	0	-0.9861	0.00581785	3.26456e-06	3.11144	-2.17636	-1.15791e-07	-0.00291358	0.00194238	180	0	0.00217637	256.34	3.20713e-07	1555.72	200.462	0	-1088.18	180	0	-0.000114361	123.001	0	-2.1582	235.999	0	1.50242e-07	18953
ODIN	0	1.33238	1.92792	0	-0.9861	0.00581785	3.26449e-06	3.11144	-2.17636	-1.15861e-07	-0.00291358	0.00194238	180	0	0.00217633	256.34	2.92779e-07	1555.72	200.462	0	-1088.18	180	0	-0.000114431	123.001	0	-2.1582	235.999	0	1.46874e-07	18990
ODIN	0	1.33238	1.92792	0	-0.9861	0.00581785	3.26373e-06	3.11141	-2.17636	-1.16765e-07	-0.0029136	0.0019424	180	0	0.00217582	256.34	-2.86521e-08	1555.7	200.462	0	-1088.18	180	0	-0.000115323	123.001	0	-2.15822	235.999	0	-7.02824e-09	19030
ODIN	0	1.33238	1.92792	0	-0.9861	0.00581785	3.26373e-06	3.11141	-2.17636	-1.16765e-07	-0.0029136	0.0019424	180	0	0.00217582	256.34	-2.86521e-08	1555.7	200.462	0	-1088.18	180	0	-0.000115323	123.001	0	-2.15822	235.999	0	-7.02824e-09	19069
ODIN	0	1.33238	1.92792	0	-0.9861	0.00581785	3.26287e-06	3.11144	-2.17635	-1.17662e-07	-0.00291362	0.00194241	180	0	0.00217524	256.34	-4.21459e-07	1555.72	200.462	0	-1088.18	180	0	-0.00011621	123.001	0	-2.15824	235.999	0	-1.46324e-07	19103
ODIN	0	1.33238	1.92792	0	-0.9861	0.00581785	3.26339e-06	3.11144	-2.17636	-1.17144e-07	-0.00291359	0.00194239	180	0	0.00217559	256.34	1.38977e-07	1555.72	200.462	0	-1088.18	180	0	-0.000115697	123.001	0	-2.15821	235.999	0	-5.36761e-08	19147
ODIN	0	1.33238	1.92792	0	-0.9861	0.00581785	3.26334e-06	3.11141	-2.17635	-1.17314e-07	-0.00291362	0.00194241	180	0	0.00217556	256.34	-2.17212e-07	1555.7	200.462	0	-1088.18	180	0	-0.000115866	123.001	0	-2.15823	235.999	0	-8.65274e-08	19180
ODIN	0	1.33238	1.92792	0	-0.9861	0.00581785	3.26403e-06	3.11141	-2.17635	-1.16601e-07	-0.00291361	0.0019424	180	0	0.00217602	256.34	-1.74561e-07	1555.7	200.462	0	-1088.18	180	0	-0.000115162	123.001	0	-2.15823	235.999	0	3.38604e-08	19220
ODIN	0	1.33238	1.92792	0	-0.9861	0.00581785	3.26403e-06	3.11141	-2.17635	-1.16601e-07	-0.00291361	0.0019424	180	0	0.00217602	256.34	-1.74561e-07	1555.7	200.462	0	-1088.18	180	0	-0.000115162	123.001	0	-2.15823	235.999	0	3.38604e-08	19251
ODIN	0	1.33238	1.92792	0	-0.9861	0.00581785	3.26389e-06	3.11144	-2.17636	-1.16668e-07	-0.00291359	0.00194239	180	0	0.00217593	256.34	-1.91031e-08	1555.72	200.462	0	-1088.18	180	0	-0.000115228	123.001	0	-2.15822	235.999	0	4.09123e-08	19290
ODIN	0	1.33238	1.92792	0	-0.9861	0.00581785	3.26262e-06	3.11144	-2.17636	-1.17917e-07	-0.0029137	0.00194247	180	0	0.00217508	256.34	-3.52622e-07	1555.72	200.462	0	-1088.18	180	0	-0.000116462	123.001	0	-2.1583	235.999	0	-1.4583e-07	19326
ODIN	0	1.33238	1.92792	0	-0.9861	0.00581785	3.26372e-06	3.11141	-2.17636	-1.16934e-07	-0.00291358	0.00194238	180	0	0.00217581	256.34	1.44342e-07	1555.7	200.462	0	-1088.18	180	0	-0.000115491	123.001	0	-2.1582	235.999	0	3.49689e-09	19370
ODIN	0	1.33238	1.92792	0	-0.9861	0.00581785	3.26372e-06	3.11141	-2.17636	-1.16934e-07	-0.00291358	0.00194238	180	0	0.00217581	256.34	1.44342e-07	1555.7	200.462	0	-1088.18	180	0	-0.000115491	123.001	0	-2.1582	235.999	0	3.49689e-09	19409
ODIN	0	1.33238	1.92792	0	-0.9861	0.00581785	3.2641e-06	3.11144	-2.17632	-1.16533e-07	-0.00291358	0.00194239	180	0	0.00217607	256.34	1.22945e-07	1555.72	200.462	0	-1088.16	180	0	-0.000115094	123.001	0	-2.15821	235.999	0	8.12516e-08	19453
ODIN	0	1.33238	1.92792	0	-0.9861	0.00581785	3.26419e-06	3.11144	-2.17636	-1.16456e-07	-0.0029136	0.0019424	180	0	0.00217613	256.34	-3.97141e-07	1555.72	200.462	0	-1088.18	180	0	-0.000115018	123.001	0	-2.15822	235.999	0	9.71305e-08	19493
ODIN	0	1.33238	1.92792	0	-0.9861	0.00581785	3.26372e-06	3.11141	-2.17636	-1.16922e-07	-0.00291357	0.00194238	180	0	0.00217582	256.34	1.65235e-07	1555.7	200.462	0	-1088.18	180	0	-0.000115479	123.001	0	-2.1582	235.999	0	3.0134e-08	19529
ODIN	0	1.33238	1.92792	0	-0.9861	0.00581785	3.26372e-06	3.11141	-2.17636	-1.16922e-07	-0.00291357	0.00194238	180	0	0.00217582	256.34	1.65235e-07	1555.7	200.462	0	-1088.18	180	0	-0.000115479	123.001	0	-2.1582	235.999	0	3.0134e-08	19568
ODIN	0	1.33238	1.92792	0	-0.9861	0.00581785	3.2636e-06	3.11141	-2.17636	-1.17212e-07	-0.00291358	0.00194238	180	0	0.00217573	256.34	1.78667e-07	1555.7	200.462	0	-1088.18	180	0	-0.000115765	123.001	0	-2.1582	235.999	0	-2.85439e-08	19613
ODIN	0	1.33238	1.92792	0	-0.9861	0.00581785	3.26352e-06	3.11144	-2.17636	-1.17378e-07	-0.00291357	0.00194238	180	0	0.00217568	256.34	2.06507e-07	1555.72	200.462	0	-1088.18	180	0	-0.000115929	123.001	0	-2.1582	235.999	0	-5.97408e-08	19652
ODIN	0	1.33238	1.92792	0	-0.9861	0.00581785	3.26414e-06	3.11144	-2.17636	-1.1729e-07	-0.00291361	0.00194241	180	0	0.0021761	256.34	-1.2414e-07	1555.72	200.462	0	-1088.18	180	0	-0.000115842	123.001	0	-2.15823	235.999	0	-1.12502e-07	19692
ODIN	0	1.33238	1.92792	0	-0.9861	0.00581785	3.26417e-06	3.11144	-2.17636	-1.16856e-07	-0.00291356	0.00194237	180	0	0.00217612	256.34	4.07492e-07	1555.72	200.462	0	-1088.18	180	0	-0.000115414	123.001	0	-2.15819	235.999	0	1.80834e-08	19731
ODIN	0	1.33238	1.92792	0	-0.9861	0.00581785	3.26403e-06	3.11141	-2.17632	-1.16746e-07	-0.00291365	0.00194243	180	0	0.00217602	256.34	-9.12045e-08	1555.7	200.462	0	-1088.16	180	0	-0.000115304	123.001	0	-2.15826	235.999	0	8.59625e-08	19771
ODIN	0	1.33238	1.92792	0	-0.9861	0.00581785	3.26403e-06	3.11141	-2.17632	-1.16746e-07	-0.00291365	0.00194243	180	0	0.00217602	256.34	-9.12045e-08	1555.7	200.462	0	-1088.16	180	0	-0.000115304	123.001	0	-2.15826	235.999	0	8.59625e-08	19811
ODIN	0	1.33238	1.92792	0	-0.9861	0.00581785	3.26408e-06	3.11144	-2.17636	-1.16988e-07	-0.00291357	0.00194238	180	0	0.00217606	256.34	2.98688e-07	1555.72	200.462	0	-1088.18	180	0	-0.000115544	123.001	0	-2.1582	235.999	0	6.97403e-09	19853
ODIN	0	1.33238	1.92792	0	-0.9861	0.00581785	3.26326e-06	3.11141	-2.17636	-1.17925e-07	-0.00291359	0.0019424	180	0	0.0021755	256.34	-1.54867e-07	1555.7	200.462	0	-1088.18	180	0	-0.000116469	123.001	0	-2.15822	235.999	0	-1.45861e-07	19891
ODIN	0	1.33238	1.92792	0	-0.9861	0.00581785	3.26394e-06	3.11144	-2.17636	-1.17035e-07	-0.00291358	0.00194239	180	0	0.00217596	256.34	5.5644e-08	1555.72	200.462	0	-1088.18	180	0	-0.00011559	123.001	0	-2.15821	235.999	0	3.35859e-08	19931
ODIN	0	1.33238	1.92792	0	-0.9861	0.00581785	3.26382e-06	3.11144	-2.17636	-1.17241e-07	-0.00291361	0.00194241	180	0	0.00217588	256.34	1.61315e-07	1555.72	200.462	0	-1088.18	180	0	-0.000115793	123.001	0	-2.15823	235.999	0	-2.02864e-09	19976
ODIN	0	1.33238	1.92792	0	-0.9861	0.00581785	3.26382e-06	3.11144	-2.17636	-1.17241e-07	-0.00291361	0.00194241	180	0	0.00217588	256.34	1.61315e-07	1555.72	200.462	0	-1088.18	180	0	-0.000115793	123.001	0	-2.15823	235.999	0	-2.02864e-09	20012
ODIN	0	1.33238	1.92792	0	-0.9861	0.00581785	3.26452e-06	3.11144	-2.17632	-1.16422e-07	-0.00291361	0.00194241	180	0	0.00217635	256.34	-4.91311e-07	1555.72	200.462	0	-1088.16	180	0	-0.000114985	123.001	0	-2.15823	235.999	0	1.57074e-07	20052
ODIN	0	1.33238	1.92792	0	-0.9861	0.00581785	3.26383e-06	3.11141	-2.17636	-1.17314e-07	-0.00291367	0.00194244	180	0	0.00217589	256.34	2.58545e-07	1555.7	200.462	0	-1088.18	180	0	-0.000115865	123.001	0	-2.15827	235.999	0	-1.10468e-08	20094
ODIN	0	1.33238	1.92792	0	-0.9861	0.00581785	3.26368e-06	3.11144	-2.17636	-1.17358e-07	-0.00291359	0.0019424	180	0	0.00217579	256.34	-8.81554e-08	1555.72	200.462	0	-1088.18	180	0	-0.000115909	123.001	0	-2.15822	235.999	0	6.85557e-09	20130
ODIN	0	1.33238	1.92792	0	-0.9861	0.00581785	3.26364e-06	3.11144	-2.17632	-1.17465e-07	-0.00291358	0.00194239	180	0	0.00217576	256.34	-3.28596e-08	1555.72	200.462	0	-1088.16	180	0	-0.000116015	123.001	0	-2.15821	235.999	0	-1.1516e-08	20169
ODIN	0	1.33238	1.92792	0	-0.9861	0.00581785	3.26364e-06	3.11144	-2.17632	-1.17465e-07	-0.00291358	0.00194239	180	0	0.00217576	256.34	-3.28596e-08	1555.72	200.462	0	-1088.16	180	0	-0.000116015	123.001	0	-2.15821	235.999	0	-1.1516e-08	20206
ODIN	0	1.33238	1.92792	0	-0.9861	0.00581785	3.26335e-06	3.11144	-2.17636	-1.17819e-07	-0.00291359	0.00194239	180	0	0.00217557	256.34	-1.34789e-07	1555.72	200.462	0	-1088.18	180	0	-0.000116365	123.001	0	-2.15821	235.999	0	-7.17873e-08	20242
ODIN	0	1.33238	1.92792	0	-0.9861	0.00581785	3.2637e-06	3.11144	-2.17636	-1.17435e-07	-0.00291358	0.00194239	180	0	0.0021758	256.34	8.80242e-08	1555.72	200.462	0	-1088.18	180	0	-0.000115985	123.001	0	-2.15821	235.999	0	4.68214e-09	20278
ODIN	0	1.33238	1.92792	0	-0.9861	0.00581785	3.26429e-06	3.11141	-2.17636	-1.16777e-07	-0.0029136	0.0019424	180	0	0.00217619	256.34	-9.64622e-08	1555.7	200.462	0	-1088.18	180	0	-0.000115335	123.001	0	-2.15822	235.999	0	1.29333e-07	20312
ODIN	0	1.33238	1.92792	0	-0.9861	0.00581785	3.26429e-06	3.11141	-2.17636	-1.16777e-07	-0.0029136	0.0019424	180	0	0.00217619	256.34	-9.64622e-08	1555.7	200.462	0	-1088.18	180	0	-0.000115335	123.001	0	-2.15822	235.999	0	1.29333e-07	20347
ODIN	0	1.33238	1.92792	0	-0.9861	0.00581785	3.26344e-06	3.11141	-2.17636	-1.17446e-07	-0.0029136	0.0019424	180	0	0.00217563	256.34	-1.50541e-07	1555.7	200.462	0	-1088.18	180	0	-0.000115996	123.001	0	-2.15822	235.999	0	5.30874e-08	20394
ODIN	0	1.33238	1.92792	0	-0.9861	0.00581785	3.26277e-06	3.11141	-2.17632	-1.18858e-07	-0.00291363	0.00194242	180	0	0.00217518	256.34	-6.78342e-07	1555.7	200.462	0	-1088.16	180	0	-0.000117391	123.001	0	-2.15824	235.999	0	-2.73002e-07	20431
ODIN	0	1.33238	1.92792	0	-0.9861	0.00581785	3.26401e-06	3.11144	-2.17636	-1.16992e-07	-0.0029136	0.0019424	180	0	0.00217601	256.34	-2.1558e-07	1555.72	200.462	0	-1088.18	180	0	-0.000115548	123.001	0	-2.15822	235.999	0	1.25299e-07	20475
ODIN	0	1.33238	1.92792	0	-0.9861	0.00581785	3.26352e-06	3.11144	-2.17636	-1.17615e-07	-0.0029136	0.0019424	180	0	0.00217568	256.34	-3.3146e-07	1555.72	200.462	0	-1088.18	180	0	-0.000116163	123.001	0	-2.15822	235.999	0	1.5389e-08	20512
ODIN	0	1.33238	1.92792	0	-0.9861	0.00581785	3.26352e-06	3.11144	-2.17636	-1.17615e-07	-0.0029136	0.0019424	180	0	0.00217568	256.34	-3.3146e-07	1555.72	200.462	0	-1088.18	180	0	-0.000116163	123.001	0	-2.15822	235.999	0	1.5389e-08	20553
ODIN	0	1.33238	1.92792	0	-0.9861	0.00581785	3.26366e-06	3.11144	-2.17632	-1.1774e-07	-0.00291365	0.00194243	180	0	0.00217578	256.34	-2.81605e-07	1555.72	200.462	0	-1088.16	180	0	-0.000116286	123.001	0	-2.15826	235.999	0	-3.27816e-08	20588
ODIN	0	1.33238	1.92792	0	-0.9861	0.00581785	3.26376e-06	3.11141	-2.17636	-1.17715e-07	-0.00291356	0.00194237	180	0	0.00217584	256.34	3.5298e-07	1555.7	200.462	0	-1088.18	180	0	-0.000116262	123.001	0	-2.15819	235.999	0	-3.76914e-08	20629
ODIN	0	1.33238	1.92792	0	-0.9861	0.00581785	3.26483e-06	3.11141	-2.17636	-1.16626e-07	-0.00291362	0.00194241	180	0	0.00217655	256.34	-3.05233e-07	1555.7	200.462	0	-1088.18	180	0	-0.000115186	123.001	0	-2.15823	235.999	0	1.45628e-07	20671
ODIN	0	1.33238	1.92792	0	-0.9861	0.00581785	3.26389e-06	3.11141	-2.17636	-1.17532e-07	-0.00291357	0.00194238	180	0	0.00217592	256.34	2.30627e-07	1555.7	200.462	0	-1088.18	180	0	-0.000116081	123.001	0	-2.1582	235.999	0	1.7156e-08	20710
ODIN	0	1.33238	1.92792	0	-0.9861	0.00581785	3.26389e-06	3.11141	-2.17636	-1.17532e-07	-0.00291357	0.00194238	180	0	0.00217592	256.34	2.30627e-07	1555.7	200.462	0	-1088.18	180	0	-0.000116081	123.001	0	-2.1582	235.999	0	1.7156e-08	20750
ODIN	0	1.33238	1.92792	0	-0.9861	0.00581785	3.26383e-06	3.11144	-2.17636	-1.1765e-07	-0.00291359	0.00194239	180	0	0.00217589	256.34	8.14571e-08	1555.72	200.462	0	-1088.18	180	0	-0.000116198	123.001	0	-2.15821	235.999	0	-3.20139e-09	20788
ODIN	0	1.33238	1.92792	0	-0.9861	0.00581785	3.26343e-06	3.11144	-2.17636	-1.18236e-07	-0.00291365	0.00194243	180	0	0.00217562	256.34	2.27445e-07	1555.72	200.462	0	-1088.18	180	0	-0.000116776	123.001	0	-2.15826	235.999	0	-1.17152e-07	20824
ODIN	0	1.33238	1.92792	0	-0.9861	0.00581785	3.26371e-06	3.11144	-2.17636	-1.17575e-07	-0.00291361	0.00194241	180	0	0.00217581	256.34	-9.74207e-08	1555.72	200.462	0	-1088.18	180	0	-0.000116123	123.001	0	-2.15823	235.999	0	5.38241e-08	20860
ODIN	0	1.33238	1.92792	0	-0.9861	0.00581785	3.26351e-06	3.11141	-2.17636	-1.18066e-07	-0.00291363	0.00194242	180	0	0.00217567	256.34	3.74489e-09	1555.7	200.462	0	-1088.18	180	0	-0.000116608	123.001	0	-2.15825	235.999	0	-6.60585e-08	20900
ODIN	0	1.33238	1.92792	0	-0.9861	0.00581785	3.2637e-06	3.11141	-2.17636	-1.178e-07	-0.00291356	0.00194238	180	0	0.0021758	256.34	3.55618e-07	1555.7	200.462	0	-1088.18	180	0	-0.000116346	123.001	0	-2.1582	235.999	0	-8.35748e-09	20938
ODIN	0	1.33238	1.92792	0	-0.9861	0.00581785	3.26318e-06	3.11144	-2.17636	-1.18363e-07	-0.00291359	0.00194239	180	0	0.00217546	256.34	-1.60222e-07	1555.72	200.462	0	-1088.18	180	0	-0.000116901	123.001	0	-2.15821	235.999	0	-9.57226e-08	20981
ODIN	4.50074e-05	1.33238	1.92793	1.99737e-06	-0.986102	0.00581404	-0.0238979	3.11521	-2.18027	-0.000916078	-0.00387558	-0.000521092	180.003	0	-15.9319	256.339	-0.00493099	1557.61	200.462	0	-1090.14	180	0	-0.904768	123.001	0	-1.1459	236	0	1.7249	21019
ODIN	4.98011e-05	1.33237	1.92793	2.19711e-06	-0.986102	0.0058135	-0.0159037	3.11407	-2.17921	-0.000695666	-0.00346803	0.00021251	180.003	0	-10.6025	256.339	-0.00215093	1557.03	200.462	0	-1089.6	180	0	-0.687078	123.001	0	-1.40252	236	0	1.16639	21056
ODIN	4.92685e-05	1.33237	1.92793	2.39684e-06	-0.986102	0.00581341	-0.0109735	3.11229	-2.1774	-0.000597847	-0.00360107	0.000950962	180.003	0	-7.31568	256.339	0.00137969	1556.15	200.462	0	-1088.7	180	0	-0.590466	123.001	0	-1.86204	236	0	0.805417	21092
ODIN	4.31432e-05	1.33238	1.92793	2.59658e-06	-0.986101	0.00581381	-0.00718886	3.10973	-2.17472	-0.000526053	-0.00418919	0.00182009	180.002	0	-4.79257	256.34	0.00467712	1554.86	200.462	0	-1087.36	180	0	-0.519559	123.001	0	-2.56272	236	0	0.540391	21131
ODIN	3.59527e-05	1.33238	1.92792	2.59658e-06	-0.9861	0.00581439	-0.00553255	3.10901	-2.17385	-0.000446322	-0.0043658	0.00211372	180.002	0	-3.68837	256.34	0.00402749	1554.5	200.462	0	-1086.93	180	0	-0.440812	123.001	0	-2.79125	236	0	0.442675	21166
ODIN	2.92948e-05	1.33238	1.92792	2.39684e-06	-0.986099	0.00581488	-0.00419768	3.10966	-2.17452	-0.000346514	-0.00407097	0.00203787	180.002	0	-2.79845	256.34	0.0014976	1554.83	200.462	0	-1087.26	180	0	-0.342236	123.001	0	-2.63992	236	0	0.375618	21211
ODIN	2.37021e-05	1.33238	1.92792	1.99737e-06	-0.986099	0.00581532	-0.00311747	3.11083	-2.1757	-0.000285857	-0.00358127	0.00181586	180.001	0	-2.07831	256.34	-0.000811226	1555.42	200.462	0	-1087.85	180	0	-0.282328	123.001	0	-2.33521	236	0	0.317588	21252
ODIN	2.37021e-05	1.33238	1.92792	1.99737e-06	-0.986099	0.00581532	-0.00311747	3.11083	-2.1757	-0.000285857	-0.00358127	0.00181586	180.001	0	-2.07831	256.34	-0.000811226	1555.42	200.462	0	-1087.85	180	0	-0.282328	123.001	0	-2.33521	236	0	0.317588	21289
ODIN	1.86421e-05	1.33238	1.92792	1.79763e-06	-0.986099	0.00581568	-0.00218791	3.11174	-2.17666	-0.000220824	-0.00317248	0.00163134	180.001	0	-1.4586	256.34	-0.0018613	1555.87	200.462	0	-1088.33	180	0	-0.218098	123.001	0	-2.08129	236	0	0.268696	21326
ODIN	1.41148e-05	1.33238	1.92792	1.5979e-06	-0.9861	0.00581603	-0.00129278	3.11205	-2.17702	-0.000171614	-0.00296819	0.00158616	180.001	0	-0.861852	256.34	-0.00165751	1556.02	200.462	0	-1088.51	180	0	-0.169496	123.001	0	-1.98053	236	0	0.218129	21355
ODIN	1.03863e-05	1.33238	1.92792	1.19842e-06	-0.9861	0.00581634	-0.000576149	3.11013	-2.17515	-0.000115094	-0.00357412	0.00205873	180.001	0	-0.3841	256.34	0.0018865	1555.06	200.462	0	-1087.57	180	0	-0.113673	123.001	0	-2.46749	235.999	0	0.180007	21398
ODIN	6.92422e-06	1.33238	1.92792	9.98685e-07	-0.986099	0.00581661	-2.00436e-05	3.10986	-2.17473	-0.000105004	-0.00367463	0.0021939	180	0	-0.0133624	256.34	0.00154547	1554.93	200.462	0	-1087.36	180	0	-0.103707	123.001	0	-2.57981	235.999	0	0.142145	21441
ODIN	6.92422e-06	1.33238	1.92792	9.98685e-07	-0.986099	0.00581661	-2.00436e-05	3.10986	-2.17473	-0.000105004	-0.00367463	0.0021939	180	0	-0.0133624	256.34	0.00154547	1554.93	200.462	0	-1087.36	180	0	-0.103707	123.001	0	-2.57981	235.999	0	0.142145	21470
ODIN	4.26106e-06	1.33238	1.92792	7.98948e-07	-0.986099	0.00581683	0.00042246	3.11078	-2.17563	-0.000118764	-0.00332527	0.00202338	180	0	0.28164	256.34	-0.000456901	1555.39	200.462	0	-1087.82	180	0	-0.117298	123.001	0	-2.35568	235.999	0	0.10748	21503
ODIN	1.86421e-06	1.33238	1.92792	7.98948e-07	-0.9861	0.00581701	0.000739418	3.11221	-2.17711	-0.000143722	-0.00276498	0.00170102	180	0	0.492945	256.34	-0.00252285	1556.11	200.462	0	-1088.56	180	0	-0.141948	123.001	0	-1.96908	235.999	0	0.0790591	21543
ODIN	0	1.33238	1.92792	7.98948e-07	-0.9861	0.00581723	0.00087854	3.11318	-2.17814	-0.000177062	-0.00236885	0.00148554	180	0	0.585693	256.34	-0.003015	1556.59	200.462	0	-1089.07	180	0	-0.174876	123.001	0	-1.70265	235.999	0	0.0520518	21584
ODIN	0	1.33238	1.92792	7.98948e-07	-0.9861	0.00581723	0.00087854	3.11318	-2.17814	-0.000177062	-0.00236885	0.00148554	180	0	0.585693	256.34	-0.003015	1556.59	200.462	0	-1089.07	180	0	-0.174876	123.001	0	-1.70265	235.999	0	0.0520518	21622
ODIN	2.66316e-07	1.33238	1.92793	9.98685e-07	-0.986101	0.00581723	-0.000871692	3.11319	-2.17816	-0.000258408	-0.00246779	0.00139728	180	0	-0.581128	256.34	-0.0019247	1556.59	200.462	0	-1089.08	180	0	-0.255217	123.001	0	-1.69027	235.999	0	0.137729	21660
ODIN	1.86421e-06	1.33238	1.92793	9.98685e-07	-0.986102	0.0058171	-0.00141702	3.11202	-2.17707	-0.00017957	-0.00292399	0.00158928	180	0	-0.944678	256.34	0.000599953	1556.01	200.462	0	-1088.53	180	0	-0.177353	123.001	0	-1.96589	236	0	0.200025	21700
ODIN	2.66316e-06	1.33238	1.92792	7.98948e-07	-0.986101	0.00581701	-0.000857951	3.11016	-2.17515	-5.83232e-05	-0.00357408	0.00203942	180	0	-0.571968	256.34	0.00323658	1555.08	200.462	0	-1087.57	180	0	-0.0576031	123.001	0	-2.45674	235.999	0	0.190723	21738
ODIN	2.66316e-06	1.33238	1.92792	7.98948e-07	-0.986101	0.00581701	-0.000857951	3.11016	-2.17515	-5.83232e-05	-0.00357408	0.00203942	180	0	-0.571968	256.34	0.00323658	1555.08	200.462	0	-1087.57	180	0	-0.0576031	123.001	0	-2.45674	235.999	0	0.190723	21781
ODIN	2.39684e-06	1.33238	1.92792	5.99211e-07	-0.9861	0.00581697	-8.74498e-05	3.10907	-2.17395	2.01023e-06	-0.0039371	0.0023552	180	0	-0.0582998	256.34	0.00366259	1554.53	200.462	0	-1086.97	180	0	0.00198542	123.001	0	-2.76663	235.999	0	0.149739	21818
ODIN	1.33158e-06	1.33238	1.92792	3.99474e-07	-0.986099	0.00581705	0.00049272	3.10936	-2.17419	-1.27884e-05	-0.00382138	0.00235749	180	0	0.32848	256.34	0.00187431	1554.68	200.462	0	-1087.1	180	0	-0.0126305	123.001	0	-2.72504	235.999	0	0.10561	21857
ODIN	0	1.33238	1.92792	3.99474e-07	-0.986099	0.00581723	0.000883157	3.11056	-2.1754	-6.5626e-05	-0.00334341	0.00210956	180	0	0.588771	256.34	-0.000667157	1555.28	200.462	0	-1087.7	180	0	-0.0648158	123.001	0	-2.41028	235.999	0	0.0663253	21900
ODIN	0	1.33238	1.92792	3.99474e-07	-0.986099	0.00581723	0.000883157	3.11056	-2.1754	-6.5626e-05	-0.00334341	0.00210956	180	0	0.588771	256.34	-0.000667157	1555.28	200.462	0	-1087.7	180	0	-0.0648158	123.001	0	-2.41028	235.999	0	0.0663253	21936
ODIN	-1.27832e-05	1.33238	1.92792	-1.99737e-07	-0.986099	0.0058183	0.0201522	3.11175	-2.17668	0.000585944	-0.00119643	0.00296981	179.999	0	13.4348	256.34	-0.0022581	1555.88	200.462	0	-1088.34	180	0	0.578711	123.001	0	-2.09301	235.999	0	-1.20677	21971
ODIN	-4.55401e-05	1.33238	1.92792	-1.5979e-06	-0.9861	0.00582132	0.0323504	3.11248	-2.1774	0.00112575	0.000317774	0.00362688	179.997	0	21.5669	256.34	-0.00247328	1556.24	200.462	0	-1088.7	180	0	1.11185	123	0	-1.89724	235.999	0	-2.13263	22005
ODIN	-7.37696e-05	1.33238	1.92792	-3.19579e-06	-0.986101	0.00582424	0.0334908	3.11274	-2.17771	0.00126627	0.000670545	0.00371298	179.996	0	22.3272	256.34	-0.0020604	1556.37	200.462	0	-1088.86	180	0	1.25064	123	0	-1.81442	235.999	0	-2.31112	22047
ODIN	-8.57538e-05	1.33238	1.92793	-3.99474e-06	-0.986101	0.00582562	0.0253331	3.11308	-2.17805	0.00103532	0.000169038	0.00319782	179.995	0	16.8887	256.34	-0.00165483	1556.54	200.462	0	-1089.02	180	0	1.02254	123	0	-1.71396	235.999	0	-1.83917	22081
ODIN	-8.60201e-05	1.33238	1.92793	-4.39422e-06	-0.986101	0.00582593	0.0223406	3.11251	-2.17747	0.000993211	-0.000266445	0.00316086	179.995	0	14.8937	256.34	-0.000269707	1556.26	200.462	0	-1088.73	180	0	0.98095	123	0	-1.85472	235.999	0	-1.65735	22111
ODIN	-8.54875e-05	1.33238	1.92793	-4.39422e-06	-0.986101	0.00582593	0.0216041	3.11225	-2.17723	0.000992694	-0.000415914	0.00318737	179.995	0	14.4027	256.34	0.000225478	1556.13	200.462	0	-1088.61	180	0	0.980438	123	0	-1.9248	235.999	0	-1.61672	22155
ODIN	-8.20254e-05	1.33238	1.92793	-4.59395e-06	-0.986101	0.0058258	0.0198021	3.11146	-2.17639	0.00100014	-0.000827143	0.00331043	179.995	0	13.2014	256.34	0.00131312	1555.73	200.462	0	-1088.19	180	0	0.987795	123	0	-2.14548	235.999	0	-1.53278	22193
ODIN	-7.40359e-05	1.33238	1.92792	-4.59395e-06	-0.986101	0.0058254	0.00769286	3.11114	-2.17602	0.000600099	-0.00191637	0.00274794	179.996	0	5.12857	256.34	0.00130095	1555.57	200.462	0	-1088.01	180	0	0.592691	123	0	-2.2364	235.999	0	-0.816863	22236
ODIN	-5.19316e-05	1.33238	1.92792	-3.59527e-06	-0.986101	0.00582353	0.00139165	3.11128	-2.17616	0.000345315	-0.00251058	0.00229183	179.997	0	0.927764	256.34	0.000604136	1555.64	200.462	0	-1088.08	180	0	0.341052	123	0	-2.20308	235.999	0	-0.343398	22273
ODIN	-3.16916e-05	1.33238	1.92792	-2.79632e-06	-0.9861	0.00582185	-0.00305761	3.11152	-2.17639	0.00014463	-0.00282762	0.00197031	179.998	0	-2.03841	256.34	2.06396e-05	1555.76	200.462	0	-1088.2	180	0	0.142844	123	0	-2.14188	235.999	0	-0.047348	22311
ODIN	-3.16916e-05	1.33238	1.92792	-2.79632e-06	-0.9861	0.00582185	-0.00305761	3.11152	-2.17639	0.00014463	-0.00282762	0.00197031	179.998	0	-2.03841	256.34	2.06396e-05	1555.76	200.462	0	-1088.2	180	0	0.142844	123	0	-2.14188	235.999	0	-0.047348	22353
ODIN	-1.30495e-05	1.33238	1.92792	-1.79763e-06	-0.9861	0.00582021	-0.00735438	3.11169	-2.17657	-7.50691e-05	-0.00315675	0.00166104	179.999	0	-4.90292	256.34	-0.000229929	1555.84	200.462	0	-1088.29	180	0	-0.0741423	123	0	-2.09196	235.999	0	0.246368	22392
ODIN	3.46211e-06	1.33238	1.92792	-7.98948e-07	-0.9861	0.0058187	-0.0101773	3.11169	-2.17661	-0.000233607	-0.00342809	0.00146915	180	0	-6.78486	256.34	-0.000169811	1555.84	200.462	0	-1088.31	180	0	-0.230723	123.001	0	-2.08586	235.999	0	0.453467	22431
ODIN	3.46211e-06	1.33238	1.92792	-7.98948e-07	-0.9861	0.0058187	-0.0101773	3.11169	-2.17661	-0.000233607	-0.00342809	0.00146915	180	0	-6.78486	256.34	-0.000169811	1555.84	200.462	0	-1088.31	180	0	-0.230723	123.001	0	-2.08586	235.999	0	0.453467	22465
ODIN	2.6099e-05	1.33238	1.92792	5.99211e-07	-0.9861	0.00581652	-0.0116769	3.11145	-2.17634	-0.000357324	-0.0037435	0.00140037	180.001	0	-7.78458	256.34	0.000271588	1555.73	200.462	0	-1088.17	180	0	-0.352913	123.001	0	-2.16446	235.999	0	0.608496	22509
ODIN	2.63653e-05	1.33238	1.92792	5.99211e-07	-0.9861	0.00581652	-0.0116458	3.11142	-2.17634	-0.000356711	-0.00373538	0.00139678	180.002	0	-7.76388	256.34	0.000278484	1555.71	200.462	0	-1088.17	180	0	-0.352307	123.001	0	-2.15946	235.999	0	0.607487	22546
ODIN	3.22242e-05	1.33238	1.92792	9.98685e-07	-0.9861	0.0058159	-0.0109946	3.11131	-2.17622	-0.000348343	-0.00375176	0.00143268	180.002	0	-7.32975	256.34	0.000371173	1555.65	200.462	0	-1088.11	180	0	-0.344042	123.001	0	-2.18548	236	0	0.593607	22588
ODIN	3.43548e-05	1.33238	1.92792	1.39816e-06	-0.9861	0.00581554	-0.0096593	3.11123	-2.17614	-0.000308465	-0.00369283	0.00150806	180.002	0	-6.43953	256.34	0.000336974	1555.61	200.462	0	-1088.07	180	0	-0.304657	123.001	0	-2.20553	236	0	0.529904	22628
ODIN	3.35558e-05	1.33238	1.92792	1.39816e-06	-0.9861	0.00581546	-0.00785666	3.11088	-2.1758	-0.000228843	-0.00368605	0.00167476	180.002	0	-5.23778	256.34	0.000751895	1555.44	200.462	0	-1087.9	180	0	-0.226018	123.001	0	-2.29563	236	0	0.43478	22668
ODIN	3.35558e-05	1.33238	1.92792	1.39816e-06	-0.9861	0.00581546	-0.00785666	3.11088	-2.1758	-0.000228843	-0.00368605	0.00167476	180.002	0	-5.23778	256.34	0.000751895	1555.44	200.462	0	-1087.9	180	0	-0.226018	123.001	0	-2.29563	236	0	0.43478	22704
ODIN	3.06264e-05	1.33238	1.92792	1.19842e-06	-0.9861	0.00581563	-0.00593702	3.11102	-2.17591	-0.000175052	-0.00349702	0.00175591	180.002	0	-3.95802	256.34	0.000251298	1555.51	200.462	0	-1087.96	180	0	-0.17289	123.001	0	-2.2707	236	0	0.319685	22749
ODIN	2.15716e-05	1.33238	1.92792	7.98948e-07	-0.9861	0.00581634	0.000747537	3.11134	-2.17622	6.16294e-05	-0.00278214	0.00208836	180.001	0	0.498358	256.34	-0.00031112	1555.67	200.462	0	-1088.11	180	0	0.0608686	123.001	0	-2.19062	235.999	0	-0.129776	22782
ODIN	1.43811e-05	1.33238	1.92792	5.99211e-07	-0.9861	0.00581697	-0.00107449	3.11157	-2.1765	-4.49629e-06	-0.00285262	0.00192844	180.001	0	-0.716327	256.34	-0.000567499	1555.79	200.462	0	-1088.25	180	0	-0.00444078	123.001	0	-2.12788	235.999	0	-0.0148259	22823
ODIN	1.43811e-05	1.33238	1.92792	5.99211e-07	-0.9861	0.00581697	-0.00107449	3.11157	-2.1765	-4.49629e-06	-0.00285262	0.00192844	180.001	0	-0.716327	256.34	-0.000567499	1555.79	200.462	0	-1088.25	180	0	-0.00444078	123.001	0	-2.12788	235.999	0	-0.0148259	22859
ODIN	1.0919e-05	1.33238	1.92792	3.99474e-07	-0.9861	0.00581728	-0.00129261	3.11165	-2.17659	-6.47147e-06	-0.00284868	0.00188463	180.001	0	-0.861737	256.34	-0.000475958	1555.83	200.462	0	-1088.29	180	0	-0.00639158	123.001	0	-2.10208	235.999	0	0.00805155	22901
ODIN	8.52212e-06	1.33238	1.92792	1.99737e-07	-0.9861	0.0058175	-0.00103534	3.11161	-2.17651	1.27309e-05	-0.0028495	0.00190627	180	0	-0.690229	256.34	-0.000209962	1555.81	200.462	0	-1088.25	180	0	0.0125737	123.001	0	-2.11441	235.999	0	-0.00366968	22934
ODIN	6.6579e-06	1.33238	1.92792	1.99737e-07	-0.9861	0.00581768	-0.000806076	3.11148	-2.1764	2.71914e-05	-0.00286444	0.00193875	180	0	-0.537384	256.34	3.82455e-05	1555.74	200.462	0	-1088.2	180	0	0.0268557	123.001	0	-2.13799	235.999	0	-0.016184	22975
ODIN	5.32632e-06	1.33238	1.92792	0	-0.9861	0.00581772	-0.000631526	3.11138	-2.1763	3.38126e-05	-0.00289253	0.00197532	180	0	-0.421017	256.34	0.000166672	1555.69	200.462	0	-1088.15	180	0	0.0333951	123.001	0	-2.16871	235.999	0	-0.0260929	23017
ODIN	4.26106e-06	1.33238	1.92792	0	-0.9861	0.00581785	-0.000596948	3.11135	-2.17626	3.18814e-05	-0.00290734	0.00198847	180	0	-0.397965	256.34	0.000163982	1555.68	200.462	0	-1088.13	180	0	0.0314878	123.001	0	-2.1815	235.999	0	-0.0279105	23056
ODIN	4.26106e-06	1.33238	1.92792	0	-0.9861	0.00581785	-0.000596948	3.11135	-2.17626	3.18814e-05	-0.00290734	0.00198847	180	0	-0.397965	256.34	0.000163982	1555.68	200.462	0	-1088.13	180	0	0.0314878	123.001	0	-2.1815	235.999	0	-0.0279105	23095
ODIN	3.46211e-06	1.33238	1.92792	0	-0.9861	0.00581785	-0.000638963	3.11136	-2.17627	2.6236e-05	-0.00289829	0.00197646	180	0	-0.425975	256.34	8.73827e-05	1555.68	200.462	0	-1088.14	180	0	0.0259121	123.001	0	-2.17147	235.999	0	-0.0245909	23132
ODIN	3.19579e-06	1.33238	1.92792	0	-0.9861	0.00581794	-0.000733538	3.1114	-2.17632	1.9642e-05	-0.00290767	0.0019693	180	0	-0.489025	256.34	1.33701e-06	1555.7	200.462	0	-1088.16	180	0	0.0193995	123.001	0	-2.17097	235.999	0	-0.0171422	23170
ODIN	3.19579e-06	1.33238	1.92792	0	-0.9861	0.00581794	-0.00122972	3.11143	-2.17635	7.9926e-07	-0.0029414	0.00193238	180	0	-0.819815	256.34	-5.38945e-05	1555.72	200.462	0	-1088.18	180	0	0.000789393	123.001	0	-2.16295	235.999	0	0.0158642	23207
ODIN	4.26106e-06	1.33238	1.92792	0	-0.9861	0.00581785	-0.00153143	3.11147	-2.17636	-1.42663e-05	-0.00295924	0.00189576	180	0	-1.02095	256.34	-6.50354e-05	1555.74	200.462	0	-1088.18	180	0	-0.0140902	123.001	0	-2.14921	235.999	0	0.0428156	23244
ODIN	4.26106e-06	1.33238	1.92792	0	-0.9861	0.00581785	-0.00153143	3.11147	-2.17636	-1.42663e-05	-0.00295924	0.00189576	180	0	-1.02095	256.34	-6.50354e-05	1555.74	200.462	0	-1088.18	180	0	-0.0140902	123.001	0	-2.14921	235.999	0	0.0428156	23285
ODIN	4.52737e-06	1.33238	1.92792	0	-0.9861	0.00581768	-0.00132233	3.11146	-2.17638	-8.71802e-06	-0.00294957	0.00190814	180	0	-0.881556	256.34	-3.90813e-05	1555.73	200.462	0	-1088.19	180	0	-0.00861039	123.001	0	-2.15251	235.999	0	0.0323561	23329
ODIN	4.52737e-06	1.33238	1.92792	0	-0.9861	0.00581768	-0.00118812	3.11144	-2.17636	-5.963e-06	-0.00294728	0.00191828	180	0	-0.792077	256.34	-4.78675e-06	1555.72	200.462	0	-1088.18	180	0	-0.00588938	123.001	0	-2.15729	235.999	0	0.0258765	23365
ODIN	4.52737e-06	1.33238	1.92792	0	-0.9861	0.00581768	-0.00111181	3.11143	-2.17635	-5.30093e-06	-0.00294811	0.00192368	180	0	-0.741206	256.34	1.79684e-05	1555.71	200.462	0	-1088.17	180	0	-0.00523549	123.001	0	-2.1606	235.999	0	0.0231802	23402
ODIN	4.26106e-06	1.33238	1.92792	0	-0.9861	0.00581768	-0.00105681	3.11142	-2.17634	-5.08009e-06	-0.00294761	0.0019257	180	0	-0.704538	256.34	2.35319e-05	1555.71	200.462	0	-1088.17	180	0	-0.00501737	123.001	0	-2.16154	235.999	0	0.021877	23447
ODIN	4.26106e-06	1.33238	1.92792	0	-0.9861	0.00581768	-0.00105681	3.11142	-2.17634	-5.08009e-06	-0.00294761	0.0019257	180	0	-0.704538	256.34	2.35319e-05	1555.71	200.462	0	-1088.17	180	0	-0.00501737	123.001	0	-2.16154	235.999	0	0.021877	23484
ODIN	4.26106e-06	1.33238	1.92792	0	-0.9861	0.00581768	-0.00101241	3.11143	-2.17631	-4.8734e-06	-0.00294573	0.0019254	180	0	-0.674942	256.34	1.65601e-05	1555.71	200.462	0	-1088.16	180	0	-0.00481323	123.001	0	-2.16068	235.999	0	0.0213435	23516
ODIN	3.99474e-06	1.33238	1.92792	0	-0.9861	0.00581768	-0.000968654	3.11144	-2.17632	-4.48815e-06	-0.00294268	0.00192449	180	0	-0.645769	256.34	4.71829e-06	1555.72	200.462	0	-1088.16	180	0	-0.00443274	123.001	0	-2.15904	235.999	0	0.0207215	23560
ODIN	3.99474e-06	1.33238	1.92792	0	-0.9861	0.00581768	-0.000928407	3.11144	-2.17633	-4.18149e-06	-0.0029404	0.00192366	180	0	-0.618938	256.34	-4.34198e-06	1555.72	200.462	0	-1088.16	180	0	-0.00412987	123.001	0	-2.15774	235.999	0	0.0203373	23602
ODIN	3.99474e-06	1.33238	1.92792	0	-0.9861	0.00581768	-0.000928407	3.11144	-2.17633	-4.18149e-06	-0.0029404	0.00192366	180	0	-0.618938	256.34	-4.34198e-06	1555.72	200.462	0	-1088.16	180	0	-0.00412987	123.001	0	-2.15774	235.999	0	0.0203373	23637
ODIN	3.72843e-06	1.33238	1.92792	0	-0.9861	0.00581768	-0.000889608	3.11144	-2.17633	-4.00397e-06	-0.00293903	0.0019236	180	0	-0.593072	256.34	-7.80339e-06	1555.72	200.462	0	-1088.16	180	0	-0.00395454	123.001	0	-2.1572	235.999	0	0.0198601	23676
ODIN	3.46211e-06	1.33238	1.92792	0	-0.9861	0.00581768	-0.000853137	3.11144	-2.17633	-3.97943e-06	-0.00293864	0.00192415	180	0	-0.568758	256.34	-6.36705e-06	1555.72	200.462	0	-1088.16	180	0	-0.0039303	123.001	0	-2.15736	235.999	0	0.0194109	23716
ODIN	3.46211e-06	1.33238	1.92792	0	-0.9861	0.00581768	-0.000818794	3.11144	-2.17636	-4.08138e-06	-0.00293886	0.00192487	180	0	-0.545863	256.34	-2.79732e-06	1555.72	200.462	0	-1088.18	180	0	-0.00403099	123.001	0	-2.15784	235.999	0	0.0190973	23755
ODIN	3.19579e-06	1.33238	1.92792	0	-0.9861	0.00581768	-0.000785286	3.11144	-2.17635	-4.19589e-06	-0.00293895	0.00192571	180	0	-0.523524	256.34	7.17827e-07	1555.72	200.462	0	-1088.18	180	0	-0.00414409	123.001	0	-2.15834	235.999	0	0.0186628	23796
ODIN	3.19579e-06	1.33238	1.92792	0	-0.9861	0.00581768	-0.000760045	3.11144	-2.17635	-4.23576e-06	-0.00293878	0.00192621	180	0	-0.506696	256.34	2.09879e-06	1555.72	200.462	0	-1088.18	180	0	-0.00418346	123.001	0	-2.15856	235.999	0	0.0183195	23838
ODIN	3.19579e-06	1.33238	1.92792	0	-0.9861	0.00581768	-0.000752212	3.11144	-2.17632	-4.25486e-06	-0.00293883	0.00192633	180	0	-0.501475	256.34	2.63262e-06	1555.72	200.462	0	-1088.16	180	0	-0.00420233	123.001	0	-2.15864	235.999	0	0.018276	23875
ODIN	2.92948e-06	1.33238	1.92792	0	-0.9861	0.00581768	-0.000720844	3.11144	-2.17632	-4.28105e-06	-0.00293822	0.00192669	180	0	-0.480563	256.34	2.41088e-06	1555.72	200.462	0	-1088.16	180	0	-0.0042282	123.001	0	-2.15861	235.999	0	0.0178451	23915
ODIN	2.92948e-06	1.33238	1.92792	0	-0.9861	0.00581768	-0.000690199	3.11144	-2.17632	-4.26032e-06	-0.00293752	0.00192687	180	0	-0.460133	256.34	1.25182e-06	1555.72	200.462	0	-1088.16	180	0	-0.00420773	123.001	0	-2.15846	235.999	0	0.0174856	23960
ODIN	2.66316e-06	1.33238	1.92792	0	-0.9861	0.00581768	-0.000660623	3.11144	-2.17632	-4.21593e-06	-0.0029368	0.00192705	180	0	-0.440415	256.34	4.02371e-08	1555.72	200.462	0	-1088.16	180	0	-0.00416388	123.001	0	-2.15829	235.999	0	0.0171208	23997
ODIN	2.66316e-06	1.33238	1.92792	0	-0.9861	0.00581768	-0.000660623	3.11144	-2.17632	-4.21593e-06	-0.0029368	0.00192705	180	0	-0.440415	256.34	4.02371e-08	1555.72	200.462	0	-1088.16	180	0	-0.00416388	123.001	0	-2.15829	235.999	0	0.0171208	24037
ODIN	2.66316e-06	1.33238	1.92792	0	-0.9861	0.00581768	-0.000632441	3.11144	-2.17632	-4.18432e-06	-0.00293618	0.00192726	180	0	-0.421627	256.34	-7.05175e-07	1555.72	200.462	0	-1088.16	180	0	-0.00413266	123.001	0	-2.15818	235.999	0	0.016774	24067
ODIN	2.66316e-06	1.33238	1.92792	0	-0.9861	0.00581768	-0.000605518	3.11144	-2.17636	-4.18069e-06	-0.00293566	0.00192751	180	0	-0.403679	256.34	-9.99771e-07	1555.72	200.462	0	-1088.18	180	0	-0.00412908	123.001	0	-2.15812	235.999	0	0.016443	24102
ODIN	2.39684e-06	1.33238	1.92792	0	-0.9861	0.00581768	-0.000578685	3.11144	-2.17636	-4.15919e-06	-0.00293524	0.00192794	180	0	-0.38579	256.34	-4.87678e-07	1555.72	200.462	0	-1088.18	180	0	-0.00410784	123.001	0	-2.1582	235.999	0	0.0160496	24141
ODIN	2.39684e-06	1.33238	1.92792	0	-0.9861	0.00581768	-0.000554168	3.11144	-2.17632	-4.19222e-06	-0.00293501	0.00192818	180	0	-0.369445	256.34	-1.01367e-07	1555.72	200.462	0	-1088.16	180	0	-0.00414046	123.001	0	-2.15825	235.999	0	0.0158291	24180
ODIN	2.39684e-06	1.33238	1.92792	0	-0.9861	0.00581768	-0.000554168	3.11144	-2.17632	-4.19222e-06	-0.00293501	0.00192818	180	0	-0.369445	256.34	-1.01367e-07	1555.72	200.462	0	-1088.16	180	0	-0.00414046	123.001	0	-2.15825	235.999	0	0.0158291	24220
ODIN	2.13053e-06	1.33238	1.92792	0	-0.9861	0.00581768	-0.000529379	3.11144	-2.17632	-4.19388e-06	-0.00293454	0.00192854	180	0	-0.352919	256.34	1.24111e-07	1555.72	200.462	0	-1088.16	180	0	-0.0041421	123.001	0	-2.15828	235.999	0	0.0154554	24262
ODIN	2.13053e-06	1.33238	1.92792	0	-0.9861	0.00581781	-0.000505751	3.11144	-2.17632	-4.19619e-06	-0.00293408	0.00192889	180	0	-0.337167	256.34	2.7378e-07	1555.72	200.462	0	-1088.16	180	0	-0.00414438	123.001	0	-2.15831	235.999	0	0.0150893	24299
ODIN	2.13053e-06	1.33238	1.92792	0	-0.9861	0.00581781	-0.00048313	3.11144	-2.17632	-4.19919e-06	-0.00293375	0.00192914	180	0	-0.322086	256.34	3.29607e-07	1555.72	200.462	0	-1088.16	180	0	-0.00414735	123.001	0	-2.15832	235.999	0	0.0148286	24335
ODIN	2.13053e-06	1.33238	1.92792	0	-0.9861	0.00581781	-0.00048313	3.11144	-2.17632	-4.19919e-06	-0.00293375	0.00192914	180	0	-0.322086	256.34	3.29607e-07	1555.72	200.462	0	-1088.16	180	0	-0.00414735	123.001	0	-2.15832	235.999	0	0.0148286	24371
ODIN	1.86421e-06	1.33238	1.92792	0	-0.9861	0.00581781	-0.000462402	3.11144	-2.17632	-4.23345e-06	-0.00293329	0.00192936	180	0	-0.308268	256.34	3.31135e-08	1555.72	200.462	0	-1088.16	180	0	-0.00418119	123.001	0	-2.15827	235.999	0	0.0145372	24414
ODIN	1.86421e-06	1.33238	1.92792	0	-0.9861	0.00581781	-0.000440303	3.11144	-2.17632	-4.19352e-06	-0.00293288	0.00192967	180	0	-0.293535	256.34	7.72607e-08	1555.72	200.462	0	-1088.16	180	0	-0.00414175	123.001	0	-2.15829	235.999	0	0.0142135	24451
ODIN	1.86421e-06	1.33238	1.92792	0	-0.9861	0.00581781	-0.000420271	3.11144	-2.17632	-4.19997e-06	-0.00293249	0.00192985	180	0	-0.280181	256.34	-1.36609e-07	1555.72	200.462	0	-1088.16	180	0	-0.00414812	123.001	0	-2.15825	235.999	0	0.0139663	24491
ODIN	1.86421e-06	1.33238	1.92792	0	-0.9861	0.00581781	-0.000400614	3.11144	-2.17636	-4.19459e-06	-0.00293205	0.00193021	180	0	-0.267076	256.34	4.46778e-08	1555.72	200.462	0	-1088.18	180	0	-0.0041428	123.001	0	-2.15828	235.999	0	0.0136025	24528
ODIN	1.86421e-06	1.33238	1.92792	0	-0.9861	0.00581781	-0.000400614	3.11144	-2.17636	-4.19459e-06	-0.00293205	0.00193021	180	0	-0.267076	256.34	4.46778e-08	1555.72	200.462	0	-1088.18	180	0	-0.0041428	123.001	0	-2.15828	235.999	0	0.0136025	24570
ODIN	1.5979e-06	1.33238	1.92792	0	-0.9861	0.00581781	-0.00038188	3.11144	-2.17632	-4.19805e-06	-0.00293165	0.00193041	180	0	-0.254587	256.34	-1.26074e-07	1555.72	200.462	0	-1088.16	180	0	-0.00414622	123.001	0	-2.15825	235.999	0	0.0133449	24610
ODIN	1.5979e-06	1.33238	1.92792	0	-0.9861	0.00581781	-0.000363675	3.11144	-2.17632	-4.19875e-06	-0.0029313	0.00193066	180	0	-0.24245	256.34	-6.82161e-08	1555.72	200.462	0	-1088.16	180	0	-0.00414692	123.001	0	-2.15826	235.999	0	0.0130741	24651
ODIN	1.5979e-06	1.33238	1.92792	0	-0.9861	0.00581781	-0.000346347	3.11144	-2.17632	-4.20726e-06	-0.00293095	0.00193089	180	0	-0.230898	256.34	-6.67205e-08	1555.72	200.462	0	-1088.16	180	0	-0.00415531	123.001	0	-2.15825	235.999	0	0.0128199	24678
ODIN	1.33158e-06	1.33238	1.92792	0	-0.9861	0.00581781	-0.00032924	3.11144	-2.17632	-4.20393e-06	-0.00293058	0.00193115	180	0	-0.219494	256.34	-3.43213e-08	1555.72	200.462	0	-1088.16	180	0	-0.00415203	123.001	0	-2.15826	235.999	0	0.0125422	24718
ODIN	1.33158e-06	1.33238	1.92792	0	-0.9861	0.00581781	-0.00032924	3.11144	-2.17632	-4.20393e-06	-0.00293058	0.00193115	180	0	-0.219494	256.34	-3.43213e-08	1555.72	200.462	0	-1088.16	180	0	-0.00415203	123.001	0	-2.15826	235.999	0	0.0125422	24756
ODIN	1.33158e-06	1.33238	1.92792	0	-0.9861	0.00581781	-0.000312913	3.11144	-2.17636	-4.19883e-06	-0.00293025	0.00193141	180	0	-0.208609	256.34	7.46627e-08	1555.72	200.462	0	-1088.18	180	0	-0.00414699	123.001	0	-2.15828	235.999	0	0.0122721	24794
ODIN	1.33158e-06	1.33238	1.92792	0	-0.9861	0.00581781	-0.000297238	3.11144	-2.17636	-4.20229e-06	-0.00292987	0.00193163	180	0	-0.198159	256.34	-1.318e-08	1555.72	200.462	0	-1088.18	180	0	-0.00415041	123.001	0	-2.15827	235.999	0	0.01201	24831
ODIN	1.33158e-06	1.33238	1.92792	0	-0.9861	0.00581781	-0.000282077	3.11144	-2.17636	-4.20126e-06	-0.00292952	0.00193188	180	0	-0.188051	256.34	2.63131e-08	1555.72	200.462	0	-1088.18	180	0	-0.00414939	123.001	0	-2.15828	235.999	0	0.0117387	24865
ODIN	1.33158e-06	1.33238	1.92792	0	-0.9861	0.00581781	-0.00026783	3.11144	-2.17636	-4.21457e-06	-0.00292935	0.00193205	180	0	-0.178553	256.34	1.60755e-07	1555.72	200.462	0	-1088.18	180	0	-0.00416253	123.001	0	-2.1583	235.999	0	0.011584	24907
ODIN	1.33158e-06	1.33238	1.92792	0	-0.9861	0.00581781	-0.00026783	3.11144	-2.17636	-4.21457e-06	-0.00292935	0.00193205	180	0	-0.178553	256.34	1.60755e-07	1555.72	200.462	0	-1088.18	180	0	-0.00416253	123.001	0	-2.1583	235.999	0	0.011584	24950
ODIN	1.06526e-06	1.33238	1.92792	0	-0.9861	0.00581781	-0.000253652	3.11144	-2.17632	-4.20876e-06	-0.00292896	0.00193228	180	0	-0.169101	256.34	1.07097e-07	1555.72	200.462	0	-1088.16	180	0	-0.0041568	123.001	0	-2.15829	235.999	0	0.0113093	24988
ODIN	1.06526e-06	1.33238	1.92792	0	-0.9861	0.00581781	-0.000240054	3.11144	-2.17632	-4.21013e-06	-0.00292858	0.00193251	180	0	-0.160036	256.34	3.10005e-08	1555.72	200.462	0	-1088.16	180	0	-0.00415816	123.001	0	-2.15828	235.999	0	0.0110404	25030
ODIN	1.06526e-06	1.33238	1.92792	0	-0.9861	0.00581781	-0.00022696	3.11144	-2.17632	-4.20958e-06	-0.00292833	0.00193267	180	0	-0.151307	256.34	1.31102e-08	1555.72	200.462	0	-1088.16	180	0	-0.00415761	123.001	0	-2.15827	235.999	0	0.0108624	25066
ODIN	1.06526e-06	1.33238	1.92792	0	-0.9861	0.00581781	-0.000215313	3.11144	-2.17632	-4.24291e-06	-0.00292798	0.00193282	180	0	-0.143542	256.34	-2.27941e-07	1555.72	200.462	0	-1088.16	180	0	-0.00419053	123.001	0	-2.15822	235.999	0	0.0106473	25108
ODIN	1.06526e-06	1.33238	1.92792	0	-0.9861	0.00581781	-0.000215313	3.11144	-2.17632	-4.24291e-06	-0.00292798	0.00193282	180	0	-0.143542	256.34	-2.27941e-07	1555.72	200.462	0	-1088.16	180	0	-0.00419053	123.001	0	-2.15822	235.999	0	0.0106473	25148
ODIN	1.06526e-06	1.33238	1.92792	0	-0.9861	0.00581781	-0.000202364	3.11144	-2.17632	-4.21418e-06	-0.00292774	0.00193307	180	0	-0.134909	256.34	2.16938e-08	1555.72	200.462	0	-1088.16	180	0	-0.00416215	123.001	0	-2.15827	235.999	0	0.0104241	25188
ODIN	7.98948e-07	1.33238	1.92792	0	-0.9861	0.00581781	-0.000190701	3.11144	-2.17632	-4.21794e-06	-0.00292739	0.00193331	180	0	-0.127134	256.34	4.95495e-08	1555.72	200.462	0	-1088.16	180	0	-0.00416586	123.001	0	-2.15828	235.999	0	0.0101596	25223
ODIN	7.98948e-07	1.33238	1.92792	0	-0.9861	0.00581781	-0.000179386	3.11144	-2.17632	-4.21957e-06	-0.00292716	0.00193348	180	0	-0.119591	256.34	8.47238e-08	1555.72	200.462	0	-1088.16	180	0	-0.00416747	123.001	0	-2.15829	235.999	0	0.00998082	25263
ODIN	7.98948e-07	1.33238	1.92792	0	-0.9861	0.00581781	-0.000179386	3.11144	-2.17632	-4.21957e-06	-0.00292716	0.00193348	180	0	-0.119591	256.34	8.47238e-08	1555.72	200.462	0	-1088.16	180	0	-0.00416747	123.001	0	-2.15829	235.999	0	0.00998082	25305
ODIN	7.98948e-07	1.33238	1.92792	0	-0.9861	0.00581781	-0.000168471	3.11144	-2.17632	-4.21816e-06	-0.00292692	0.00193364	180	0	-0.112314	256.34	9.0651e-08	1555.72	200.462	0	-1088.16	180	0	-0.00416609	123.001	0	-2.15829	235.999	0	0.0098002	25344
ODIN	7.98948e-07	1.33238	1.92792	0	-0.9861	0.00581781	-0.000158111	3.11144	-2.17636	-4.22334e-06	-0.00292657	0.00193388	180	0	-0.105407	256.34	1.1178e-07	1555.72	200.462	0	-1088.18	180	0	-0.0041712	123.001	0	-2.15829	235.999	0	0.00953874	25377
ODIN	7.98948e-07	1.33238	1.92792	0	-0.9861	0.00581781	-0.000148078	3.11144	-2.17635	-4.22794e-06	-0.00292626	0.00193398	180	0	-0.0987185	256.34	-1.89325e-07	1555.72	200.462	0	-1088.18	180	0	-0.00417574	123.001	0	-2.15823	235.999	0	0.00936525	25415
ODIN	7.98948e-07	1.33238	1.92792	0	-0.9861	0.00581781	-0.000138247	3.11144	-2.17632	-4.22582e-06	-0.00292609	0.0019342	180	0	-0.0921648	256.34	9.92894e-08	1555.72	200.462	0	-1088.16	180	0	-0.00417365	123.001	0	-2.15829	235.999	0	0.00918336	25453
ODIN	7.98948e-07	1.33238	1.92792	0	-0.9861	0.00581781	-0.000138247	3.11144	-2.17632	-4.22582e-06	-0.00292609	0.0019342	180	0	-0.0921648	256.34	9.92894e-08	1555.72	200.462	0	-1088.16	180	0	-0.00417365	123.001	0	-2.15829	235.999	0	0.00918336	25493
ODIN	5.32632e-07	1.33238	1.92792	0	-0.9861	0.00581781	-0.000128895	3.11144	-2.17632	-4.22894e-06	-0.00292584	0.00193434	180	0	-0.0859303	256.34	5.16972e-08	1555.72	200.462	0	-1088.16	180	0	-0.00417673	123.001	0	-2.15828	235.999	0	0.00900766	25540
ODIN	5.32632e-07	1.33238	1.92792	0	-0.9861	0.00581781	-0.000120086	3.11144	-2.17636	-4.23787e-06	-0.00292562	0.0019345	180	0	-0.0800571	256.34	6.69502e-08	1555.72	200.462	0	-1088.18	180	0	-0.00418555	123.001	0	-2.15828	235.999	0	0.00884237	25574
ODIN	5.32632e-07	1.33238	1.92792	0	-0.9861	0.00581781	-0.000111265	3.11144	-2.17636	-4.23593e-06	-0.00292537	0.00193466	180	0	-0.0741763	256.34	4.33052e-08	1555.72	200.462	0	-1088.18	180	0	-0.00418363	123.001	0	-2.15828	235.999	0	0.00865964	25613
ODIN	5.32632e-07	1.33238	1.92792	0	-0.9861	0.00581781	-0.000102937	3.11144	-2.17632	-4.2408e-06	-0.00292516	0.00193483	180	0	-0.0686244	256.34	1.58457e-07	1555.72	200.462	0	-1088.16	180	0	-0.00418844	123.001	0	-2.1583	235.999	0	0.0084851	25658
ODIN	5.32632e-07	1.33238	1.92792	0	-0.9861	0.00581781	-0.000102937	3.11144	-2.17632	-4.2408e-06	-0.00292516	0.00193483	180	0	-0.0686244	256.34	1.58457e-07	1555.72	200.462	0	-1088.16	180	0	-0.00418844	123.001	0	-2.1583	235.999	0	0.0084851	25691
ODIN	5.32632e-07	1.33238	1.92792	0	-0.9861	0.00581781	-9.48032e-05	3.11144	-2.17632	-4.24173e-06	-0.00292484	0.00193494	180	0	-0.0632021	256.34	-1.51085e-07	1555.72	200.462	0	-1088.16	180	0	-0.00418937	123.001	0	-2.15824	235.999	0	0.00830644	25730
ODIN	5.32632e-07	1.33238	1.92792	0	-0.9861	0.00581781	-8.70794e-05	3.11144	-2.17636	-4.24599e-06	-0.00292466	0.00193513	180	0	-0.0580529	256.34	5.47735e-08	1555.72	200.462	0	-1088.18	180	0	-0.00419357	123.001	0	-2.15828	235.999	0	0.00813308	25759
ODIN	5.32632e-07	1.33238	1.92792	0	-0.9861	0.00581781	-8.03023e-05	3.11144	-2.17632	-4.27853e-06	-0.00292439	0.00193519	180	0	-0.0535348	256.34	-2.789e-07	1555.72	200.462	0	-1088.16	180	0	-0.00422571	123.001	0	-2.15821	235.999	0	0.00800168	25797
ODIN	5.32632e-07	1.33238	1.92792	0	-0.9861	0.00581785	-7.2114e-05	3.11144	-2.17636	-4.24359e-06	-0.00292413	0.00193544	180	0	-0.048076	256.34	-7.4235e-08	1555.72	200.462	0	-1088.18	180	0	-0.0041912	123.001	0	-2.15825	235.999	0	0.00776588	25838
ODIN	5.32632e-07	1.33238	1.92792	0	-0.9861	0.00581785	-7.2114e-05	3.11144	-2.17636	-4.24359e-06	-0.00292413	0.00193544	180	0	-0.048076	256.34	-7.4235e-08	1555.72	200.462	0	-1088.18	180	0	-0.0041912	123.001	0	-2.15825	235.999	0	0.00776588	25875
ODIN	2.66316e-07	1.33238	1.92792	0	-0.9861	0.00581785	-6.53268e-05	3.11144	-2.17632	-4.2529e-06	-0.0029239	0.00193558	180	0	-0.0435512	256.34	-9.41735e-08	1555.72	200.462	0	-1088.16	180	0	-0.00420039	123.001	0	-2.15825	235.999	0	0.0076013	25921
ODIN	2.66316e-07	1.33238	1.92792	0	-0.9861	0.00581785	-5.86697e-05	3.11144	-2.17632	-4.25675e-06	-0.00292365	0.00193573	180	0	-0.0391131	256.34	-1.59772e-07	1555.72	200.462	0	-1088.16	180	0	-0.00420419	123.001	0	-2.15824	235.999	0	0.00742654	25961
ODIN	2.66316e-07	1.33238	1.92792	0	-0.9861	0.00581785	-5.21618e-05	3.11144	-2.17632	-4.25945e-06	-0.00292355	0.00193582	180	0	-0.0347745	256.34	-8.38744e-08	1555.72	200.462	0	-1088.16	180	0	-0.00420686	123.001	0	-2.15825	235.999	0	0.00733916	25999
ODIN	2.66316e-07	1.33238	1.92792	0	-0.9861	0.00581785	-5.21618e-05	3.11144	-2.17632	-4.25945e-06	-0.00292355	0.00193582	180	0	-0.0347745	256.34	-8.38744e-08	1555.72	200.462	0	-1088.16	180	0	-0.00420686	123.001	0	-2.15825	235.999	0	0.00733916	26033
ODIN	2.66316e-07	1.33238	1.92792	0	-0.9861	0.00581785	-4.58961e-05	3.11144	-2.17636	-4.26117e-06	-0.00292333	0.001936	180	0	-0.0305974	256.34	-6.55361e-09	1555.72	200.462	0	-1088.18	180	0	-0.00420856	123.001	0	-2.15827	235.999	0	0.0071605	26071
ODIN	2.66316e-07	1.33238	1.92792	0	-0.9861	0.00581785	-3.98706e-05	3.11144	-2.17636	-4.26384e-06	-0.00292309	0.00193616	180	0	-0.0265804	256.34	1.49682e-08	1555.72	200.462	0	-1088.18	180	0	-0.0042112	123.001	0	-2.15827	235.999	0	0.00698122	26107
ODIN	2.66316e-07	1.33238	1.92792	0	-0.9861	0.00581785	-3.40693e-05	3.11144	-2.17636	-4.26632e-06	-0.00292301	0.00193626	180	0	-0.0227129	256.34	1.31751e-07	1555.72	200.462	0	-1088.18	180	0	-0.00421365	123.001	0	-2.1583	235.999	0	0.00689509	26148
ODIN	2.66316e-07	1.33238	1.92792	0	-0.9861	0.00581785	-2.8482e-05	3.11144	-2.17636	-4.26944e-06	-0.00292276	0.00193641	180	0	-0.018988	256.34	8.00236e-08	1555.72	200.462	0	-1088.18	180	0	-0.00421673	123.001	0	-2.15829	235.999	0	0.00671801	26185
ODIN	2.66316e-07	1.33238	1.92792	0	-0.9861	0.00581785	-2.31554e-05	3.11144	-2.17636	-4.27514e-06	-0.0029226	0.00193646	180	0	-0.015437	256.34	-6.25108e-08	1555.72	200.462	0	-1088.18	180	0	-0.00422236	123.001	0	-2.15826	235.999	0	0.0066339	26227
ODIN	2.66316e-07	1.33238	1.92792	0	-0.9861	0.00581785	-2.31554e-05	3.11144	-2.17636	-4.27514e-06	-0.0029226	0.00193646	180	0	-0.015437	256.34	-6.25108e-08	1555.72	200.462	0	-1088.18	180	0	-0.00422236	123.001	0	-2.15826	235.999	0	0.0066339	26266
ODIN	2.66316e-07	1.33238	1.92792	0	-0.9861	0.00581785	-1.79198e-05	3.11144	-2.17632	-4.27616e-06	-0.00292236	0.00193662	180	0	-0.0119465	256.34	-5.60933e-08	1555.72	200.462	0	-1088.16	180	0	-0.00422337	123.001	0	-2.15826	235.999	0	0.00645435	26303
ODIN	2.66316e-07	1.33238	1.92792	0	-0.9861	0.00581785	-1.28594e-05	3.11144	-2.17636	-4.27703e-06	-0.00292227	0.00193672	180	0	-0.00857293	256.34	4.98675e-08	1555.72	200.462	0	-1088.18	180	0	-0.00422423	123.001	0	-2.15828	235.999	0	0.00636389	26346
ODIN	2.66316e-07	1.33238	1.92792	0	-0.9861	0.00581785	-8.06385e-06	3.11144	-2.17632	-4.28163e-06	-0.00292204	0.00193689	180	0	-0.0053759	256.34	8.57415e-08	1555.72	200.462	0	-1088.16	180	0	-0.00422877	123.001	0	-2.15829	235.999	0	0.00618771	26383
ODIN	2.66316e-07	1.33238	1.92792	0	-0.9861	0.00581785	-8.06385e-06	3.11144	-2.17632	-4.28163e-06	-0.00292204	0.00193689	180	0	-0.0053759	256.34	8.57415e-08	1555.72	200.462	0	-1088.16	180	0	-0.00422877	123.001	0	-2.15829	235.999	0	0.00618771	26420
ODIN	2.66316e-07	1.33238	1.92792	0	-0.9861	0.00581785	-3.57031e-06	3.11144	-2.17632	-4.28967e-06	-0.00292187	0.00193692	180	0	-0.00238021	256.34	-1.538e-07	1555.72	200.462	0	-1088.16	180	0	-0.00423671	123.001	0	-2.15824	235.999	0	0.00611029	26458
ODIN	0	1.33238	1.92792	0	-0.9861	0.00581785	1.08553e-06	3.11144	-2.17636	-4.28626e-06	-0.00292164	0.0019371	180	0	0.000723688	256.34	-6.9191e-08	1555.72	200.462	0	-1088.18	180	0	-0.00423334	123.001	0	-2.15826	235.999	0	0.00592123	26496
ODIN	0	1.33238	1.92792	0	-0.9861	0.00581785	5.42496e-06	3.11144	-2.17632	-4.28867e-06	-0.00292155	0.0019372	180	0	0.00361664	256.34	4.27013e-08	1555.72	200.462	0	-1088.16	180	0	-0.00423572	123.001	0	-2.15828	235.999	0	0.00583344	26536
ODIN	0	1.33238	1.92792	0	-0.9861	0.00581785	9.60215e-06	3.11144	-2.17632	-4.29136e-06	-0.00292133	0.00193738	180	0	0.00640144	256.34	1.14351e-07	1555.72	200.462	0	-1088.16	180	0	-0.00423838	123.001	0	-2.15829	235.999	0	0.00565227	26574
ODIN	0	1.33238	1.92792	0	-0.9861	0.00581785	9.60215e-06	3.11144	-2.17632	-4.29136e-06	-0.00292133	0.00193738	180	0	0.00640144	256.34	1.14351e-07	1555.72	200.462	0	-1088.16	180	0	-0.00423838	123.001	0	-2.15829	235.999	0	0.00565227	26614
ODIN	0	1.33238	1.92792	0	-0.9861	0.00581785	1.35846e-05	3.11144	-2.17632	-4.29579e-06	-0.00292118	0.00193743	180	0	0.00905641	256.34	-2.60687e-08	1555.72	200.462	0	-1088.16	180	0	-0.00424275	123.001	0	-2.15827	235.999	0	0.00556919	26656
ODIN	0	1.33238	1.92792	0	-0.9861	0.00581785	1.74721e-05	3.11144	-2.17636	-4.29724e-06	-0.00292108	0.00193752	180	0	0.0116481	256.34	6.09459e-08	1555.72	200.462	0	-1088.18	180	0	-0.00424419	123.001	0	-2.15828	235.999	0	0.00548014	26694
ODIN	0	1.33238	1.92792	0	-0.9861	0.00581785	2.12359e-05	3.11144	-2.17636	-4.29953e-06	-0.00292096	0.00193761	180	0	0.0141573	256.34	8.78042e-08	1555.72	200.462	0	-1088.18	180	0	-0.00424645	123.001	0	-2.15829	235.999	0	0.00539052	26732
ODIN	0	1.33238	1.92792	0	-0.9861	0.00581785	2.48276e-05	3.11144	-2.17632	-4.30236e-06	-0.00292067	0.00193773	180	0	0.0165517	256.34	-1.23591e-07	1555.72	200.462	0	-1088.16	180	0	-0.00424924	123.001	0	-2.15825	235.999	0	0.00521138	26772
ODIN	0	1.33238	1.92792	0	-0.9861	0.00581785	2.48276e-05	3.11144	-2.17632	-4.30236e-06	-0.00292067	0.00193773	180	0	0.0165517	256.34	-1.23591e-07	1555.72	200.462	0	-1088.16	180	0	-0.00424924	123.001	0	-2.15825	235.999	0	0.00521138	26816
ODIN	0	1.33238	1.92792	0	-0.9861	0.00581785	2.82283e-05	3.11144	-2.17632	-4.30794e-06	-0.00292061	0.00193784	180	0	0.0188188	256.34	8.24947e-08	1555.72	200.462	0	-1088.16	180	0	-0.00425475	123.001	0	-2.15829	235.999	0	0.00512828	26852
ODIN	0	1.33238	1.92792	0	-0.9861	0.00581785	3.15821e-05	3.11144	-2.17632	-4.31022e-06	-0.00292045	0.00193789	180	0	0.0210548	256.34	-7.26816e-08	1555.72	200.462	0	-1088.16	180	0	-0.00425701	123.001	0	-2.15826	235.999	0	0.00503952	26882
ODIN	0	1.33238	1.92792	0	-0.9861	0.00581785	3.4749e-05	3.11144	-2.17636	-4.31478e-06	-0.00292039	0.00193801	180	0	0.023166	256.34	1.21477e-07	1555.72	200.462	0	-1088.18	180	0	-0.00426152	123.001	0	-2.15829	235.999	0	0.0049542	26921
ODIN	0	1.33238	1.92792	0	-0.9861	0.00581785	3.79039e-05	3.11144	-2.17636	-4.3151e-06	-0.00292021	0.00193805	180	0	0.0252693	256.34	-7.89135e-08	1555.72	200.462	0	-1088.18	180	0	-0.00426183	123.001	0	-2.15825	235.999	0	0.00486323	26960
ODIN	0	1.33238	1.92792	0	-0.9861	0.00581785	3.79039e-05	3.11144	-2.17636	-4.3151e-06	-0.00292021	0.00193805	180	0	0.0252693	256.34	-7.89135e-08	1555.72	200.462	0	-1088.18	180	0	-0.00426183	123.001	0	-2.15825	235.999	0	0.00486323	27003
ODIN	0	1.33238	1.92792	0	-0.9861	0.00581785	4.0921e-05	3.11144	-2.17632	-4.31744e-06	-0.00292013	0.00193816	180	0	0.0272806	256.34	6.48109e-08	1555.72	200.462	0	-1088.16	180	0	-0.00426413	123.001	0	-2.15828	235.999	0	0.00477343	27041
ODIN	0	1.33238	1.92792	0	-0.9861	0.00581785	4.37529e-05	3.11144	-2.17632	-4.32302e-06	-0.00291991	0.00193833	180	0	0.0291686	256.34	1.52491e-07	1555.72	200.462	0	-1088.16	180	0	-0.00426965	123.001	0	-2.1583	235.999	0	0.00459636	27081
ODIN	0	1.33238	1.92792	0	-0.9861	0.00581785	4.66446e-05	3.11144	-2.17636	-4.32196e-06	-0.00291979	0.00193842	180	0	0.0310964	256.34	1.75594e-07	1555.72	200.462	0	-1088.18	180	0	-0.0042686	123.001	0	-2.1583	235.999	0	0.00450132	27121
ODIN	0	1.33238	1.92792	0	-0.9861	0.00581785	4.92149e-05	3.11144	-2.17636	-4.32814e-06	-0.00291967	0.00193849	180	0	0.0328099	256.34	1.35319e-07	1555.72	200.462	0	-1088.18	180	0	-0.0042747	123.001	0	-2.1583	235.999	0	0.00442082	27161
ODIN	0	1.33238	1.92792	0	-0.9861	0.00581785	4.92149e-05	3.11144	-2.17636	-4.32814e-06	-0.00291967	0.00193849	180	0	0.0328099	256.34	1.35319e-07	1555.72	200.462	0	-1088.18	180	0	-0.0042747	123.001	0	-2.1583	235.999	0	0.00442082	27199
ODIN	0	1.33238	1.92792	0	-0.9861	0.00581785	5.18252e-05	3.11144	-2.17635	-4.33004e-06	-0.00291946	0.00193851	180	0	0.0345501	256.34	-1.99339e-07	1555.72	200.462	0	-1088.18	180	0	-0.00427659	123.001	0	-2.15823	235.999	0	0.00433141	27240
ODIN	0	1.33238	1.92792	0	-0.9861	0.00581785	5.43259e-05	3.11144	-2.17632	-4.3319e-06	-0.00291936	0.00193861	180	0	0.0362172	256.34	-1.05109e-07	1555.72	200.462	0	-1088.16	180	0	-0.00427842	123.001	0	-2.15825	235.999	0	0.00424246	27279
ODIN	0	1.33238	1.92792	0	-0.9861	0.00581785	5.66774e-05	3.11144	-2.17631	-4.33399e-06	-0.00291916	0.00193863	180	0	0.0377849	256.34	-1.70785e-07	1555.72	200.462	0	-1088.15	180	0	-0.00428048	123.001	0	-2.15819	235.999	0	0.00415319	27308
ODIN	0	1.33238	1.92792	0	-0.9861	0.00581785	5.90388e-05	3.11144	-2.17636	-4.33878e-06	-0.00291912	0.00193876	180	0	0.0393592	256.34	-1.14267e-07	1555.72	200.462	0	-1088.18	180	0	-0.00428521	123.001	0	-2.15825	235.999	0	0.00406421	27350
ODIN	0	1.33238	1.92792	0	-0.9861	0.00581785	5.90388e-05	3.11144	-2.17636	-4.33878e-06	-0.00291912	0.00193876	180	0	0.0393592	256.34	-1.14267e-07	1555.72	200.462	0	-1088.18	180	0	-0.00428521	123.001	0	-2.15825	235.999	0	0.00406421	27388
ODIN	0	1.33238	1.92792	0	-0.9861	0.00581785	6.12574e-05	3.11144	-2.17636	-4.34154e-06	-0.00291902	0.00193885	180	0	0.0408382	256.34	-6.18281e-08	1555.72	200.462	0	-1088.18	180	0	-0.00428795	123.001	0	-2.15826	235.999	0	0.0039761	27434
ODIN	0	1.33238	1.92792	0	-0.9861	0.00581785	6.3404e-05	3.11144	-2.17632	-4.34462e-06	-0.00291893	0.00193896	180	0	0.0422693	256.34	6.39881e-08	1555.72	200.462	0	-1088.16	180	0	-0.00429098	123.001	0	-2.15828	235.999	0	0.00388703	27471
ODIN	-2.66316e-07	1.33238	1.92792	0	-0.9861	0.00581785	6.54996e-05	3.11144	-2.17636	-4.34665e-06	-0.00291894	0.00193896	180	0	0.0436664	256.34	9.82715e-08	1555.72	200.462	0	-1088.18	180	0	-0.00429299	123.001	0	-2.15829	235.999	0	0.00388887	27509
ODIN	-2.66316e-07	1.33238	1.92792	0	-0.9861	0.00581785	6.74555e-05	3.11144	-2.17632	-4.35098e-06	-0.00291878	0.00193901	180	0	0.0449703	256.34	-7.52469e-08	1555.72	200.462	0	-1088.16	180	0	-0.00429727	123.001	0	-2.15826	235.999	0	0.0038025	27551
ODIN	-2.66316e-07	1.33238	1.92792	0	-0.9861	0.00581785	6.74555e-05	3.11144	-2.17632	-4.35098e-06	-0.00291878	0.00193901	180	0	0.0449703	256.34	-7.52469e-08	1555.72	200.462	0	-1088.16	180	0	-0.00429727	123.001	0	-2.15826	235.999	0	0.0038025	27595
ODIN	-2.66316e-07	1.33238	1.92792	0	-0.9861	0.00581785	6.93712e-05	3.11144	-2.17635	-4.35349e-06	-0.00291864	0.00193907	180	0	0.0462474	256.34	-1.50634e-07	1555.72	200.462	0	-1088.18	180	0	-0.00429974	123.001	0	-2.15824	235.999	0	0.00371475	27629
ODIN	-2.66316e-07	1.33238	1.92792	0	-0.9861	0.00581785	7.12325e-05	3.11144	-2.17632	-4.35655e-06	-0.00291855	0.00193917	180	0	0.0474883	256.34	-3.40864e-08	1555.72	200.462	0	-1088.16	180	0	-0.00430276	123.001	0	-2.15826	235.999	0	0.00362542	27658
ODIN	-2.66316e-07	1.33238	1.92792	0	-0.9861	0.00581785	7.30073e-05	3.11144	-2.17636	-4.35989e-06	-0.00291844	0.00193926	180	0	0.0486715	256.34	-1.05735e-08	1555.72	200.462	0	-1088.18	180	0	-0.00430606	123.001	0	-2.15827	235.999	0	0.00353766	27701
ODIN	-2.66316e-07	1.33238	1.92792	0	-0.9861	0.00581785	7.42813e-05	3.11144	-2.17631	-4.35993e-06	-0.00291839	0.00193923	180	0	0.0495209	256.34	-1.60947e-07	1555.72	200.462	0	-1088.15	180	0	-0.0043061	123.001	0	-2.15824	235.999	0	0.00353558	27744
ODIN	-2.66316e-07	1.33238	1.92792	0	-0.9861	0.00581785	7.47704e-05	3.11144	-2.17636	-4.36149e-06	-0.00291836	0.00193937	180	0	0.049847	256.34	1.61085e-07	1555.72	200.462	0	-1088.18	180	0	-0.00430764	123.001	0	-2.1583	235.999	0	0.00344539	27784
ODIN	-2.66316e-07	1.33238	1.92792	0	-0.9861	0.00581785	7.64233e-05	3.11144	-2.17632	-4.36426e-06	-0.00291815	0.0019394	180	0	0.0509489	256.34	-1.58371e-07	1555.72	200.462	0	-1088.16	180	0	-0.00431038	123.001	0	-2.15824	235.999	0	0.00335495	27821
ODIN	-2.66316e-07	1.33238	1.92792	0	-0.9861	0.00581785	7.79914e-05	3.11144	-2.17632	-4.36872e-06	-0.00291819	0.00193941	180	0	0.0519942	256.34	-5.94183e-08	1555.72	200.462	0	-1088.16	180	0	-0.00431479	123.001	0	-2.15826	235.999	0	0.00336087	27862
ODIN	-2.66316e-07	1.33238	1.92792	0	-0.9861	0.00581785	7.95566e-05	3.11144	-2.17632	-4.37008e-06	-0.00291806	0.00193949	180	0	0.0530377	256.34	-7.3675e-08	1555.72	200.462	0	-1088.16	180	0	-0.00431613	123.001	0	-2.15826	235.999	0	0.00327102	27906
ODIN	-2.66316e-07	1.33238	1.92792	0	-0.9861	0.00581785	7.95566e-05	3.11144	-2.17632	-4.37008e-06	-0.00291806	0.00193949	180	0	0.0530377	256.34	-7.3675e-08	1555.72	200.462	0	-1088.16	180	0	-0.00431613	123.001	0	-2.15826	235.999	0	0.00327102	27943
ODIN	-2.66316e-07	1.33238	1.92792	0	-0.9861	0.00581785	8.10471e-05	3.11144	-2.17636	-4.37207e-06	-0.002918	0.0019396	180	0	0.0540314	256.34	1.45447e-07	1555.72	200.462	0	-1088.18	180	0	-0.00431809	123.001	0	-2.1583	235.999	0	0.0031826	27983
ODIN	-2.66316e-07	1.33238	1.92792	0	-0.9861	0.00581785	8.24594e-05	3.11144	-2.17632	-4.37621e-06	-0.00291788	0.00193968	180	0	0.0549729	256.34	1.34935e-07	1555.72	200.462	0	-1088.16	180	0	-0.00432218	123.001	0	-2.1583	235.999	0	0.00309233	28021
ODIN	-2.66316e-07	1.33238	1.92792	0	-0.9861	0.00581785	8.38517e-05	3.11144	-2.17636	-4.37848e-06	-0.00291785	0.00193966	180	0	0.0559011	256.34	1.38819e-08	1555.72	200.462	0	-1088.18	180	0	-0.00432442	123.001	0	-2.15827	235.999	0	0.00309467	28059
ODIN	-2.66316e-07	1.33238	1.92792	0	-0.9861	0.00581785	8.38517e-05	3.11144	-2.17636	-4.37848e-06	-0.00291785	0.00193966	180	0	0.0559011	256.34	1.38819e-08	1555.72	200.462	0	-1088.18	180	0	-0.00432442	123.001	0	-2.15827	235.999	0	0.00309467	28099
ODIN	-2.66316e-07	1.33238	1.92792	0	-0.9861	0.00581785	8.51678e-05	3.11144	-2.17632	-4.38192e-06	-0.00291774	0.00193975	180	0	0.0567785	256.34	4.98772e-08	1555.72	200.462	0	-1088.16	180	0	-0.00432782	123.001	0	-2.15828	235.999	0	0.00300685	28144
ODIN	-2.66316e-07	1.33238	1.92792	0	-0.9861	0.00581785	8.64744e-05	3.11144	-2.17636	-4.3834e-06	-0.00291759	0.00193981	180	0	0.0576496	256.34	-4.15503e-08	1555.72	200.462	0	-1088.18	180	0	-0.00432929	123.001	0	-2.15826	235.999	0	0.00291637	28177
ODIN	-2.66316e-07	1.33238	1.92792	0	-0.9861	0.00581785	8.77157e-05	3.11144	-2.17632	-4.3863e-06	-0.00291761	0.00193982	180	0	0.0584772	256.34	3.44707e-08	1555.72	200.462	0	-1088.16	180	0	-0.00433214	123.001	0	-2.15828	235.999	0	0.00291709	28209
ODIN	-2.66316e-07	1.33238	1.92792	0	-0.9861	0.00581785	8.8896e-05	3.11144	-2.17635	-4.39038e-06	-0.00291742	0.00193985	180	0	0.059264	256.34	-2.46733e-07	1555.72	200.462	0	-1088.18	180	0	-0.00433618	123.001	0	-2.15822	235.999	0	0.00282901	28255
ODIN	-2.66316e-07	1.33238	1.92792	0	-0.9861	0.00581785	9.00202e-05	3.11144	-2.17636	-4.39328e-06	-0.0029174	0.00194	180	0	0.0600134	256.34	1.43821e-07	1555.72	200.462	0	-1088.18	180	0	-0.00433904	123.001	0	-2.1583	235.999	0	0.0027416	28290
ODIN	-2.66316e-07	1.33238	1.92792	0	-0.9861	0.00581785	9.00202e-05	3.11144	-2.17636	-4.39328e-06	-0.0029174	0.00194	180	0	0.0600134	256.34	1.43821e-07	1555.72	200.462	0	-1088.18	180	0	-0.00433904	123.001	0	-2.1583	235.999	0	0.0027416	28323
ODIN	-2.66316e-07	1.33238	1.92792	0	-0.9861	0.00581785	9.11562e-05	3.11144	-2.17632	-4.39521e-06	-0.00291734	0.00193996	180	0	0.0607708	256.34	-9.14354e-08	1555.72	200.462	0	-1088.16	180	0	-0.00434095	123.001	0	-2.15825	235.999	0	0.00274048	28357
ODIN	-2.66316e-07	1.33238	1.92792	0	-0.9861	0.00581785	9.22101e-05	3.11144	-2.17632	-4.39825e-06	-0.00291722	0.00194004	180	0	0.0614734	256.34	-1.08516e-07	1555.72	200.462	0	-1088.16	180	0	-0.00434396	123.001	0	-2.15825	235.999	0	0.00265282	28389
ODIN	-2.66316e-07	1.33238	1.92792	0	-0.9861	0.00581785	9.32476e-05	3.11144	-2.17636	-4.4007e-06	-0.00291712	0.00194014	180	0	0.0621651	256.34	-9.22015e-09	1555.72	200.462	0	-1088.18	180	0	-0.00434637	123.001	0	-2.15827	235.999	0	0.00256168	28432
ODIN	-2.66316e-07	1.33238	1.92792	0	-0.9861	0.00581785	9.418e-05	3.11144	-2.17636	-4.40472e-06	-0.00291717	0.00194016	180	0	0.0627867	256.34	1.45805e-07	1555.72	200.462	0	-1088.18	180	0	-0.00435034	123.001	0	-2.1583	235.999	0	0.00256759	28473
ODIN	-2.66316e-07	1.33238	1.92792	0	-0.9861	0.00581785	9.418e-05	3.11144	-2.17636	-4.40472e-06	-0.00291717	0.00194016	180	0	0.0627867	256.34	1.45805e-07	1555.72	200.462	0	-1088.18	180	0	-0.00435034	123.001	0	-2.1583	235.999	0	0.00256759	28506
ODIN	-2.66316e-07	1.33238	1.92792	0	-0.9861	0.00581785	9.5198e-05	3.11144	-2.17635	-4.40588e-06	-0.00291697	0.00194019	180	0	0.0634653	256.34	-1.3126e-07	1555.72	200.462	0	-1088.18	180	0	-0.00435149	123.001	0	-2.15824	235.999	0	0.00247479	28544
ODIN	-2.66316e-07	1.33238	1.92792	0	-0.9861	0.00581785	9.61232e-05	3.11144	-2.17632	-4.40892e-06	-0.00291704	0.00194024	180	0	0.0640821	256.34	1.22948e-07	1555.72	200.462	0	-1088.16	180	0	-0.00435449	123.001	0	-2.1583	235.999	0	0.00247488	28587
ODIN	-2.66316e-07	1.33238	1.92792	0	-0.9861	0.00581785	9.69945e-05	3.11144	-2.17636	-4.41115e-06	-0.00291685	0.00194027	180	0	0.064663	256.34	-1.2793e-07	1555.72	200.462	0	-1088.18	180	0	-0.00435669	123.001	0	-2.15824	235.999	0	0.00238761	28626
ODIN	-2.66316e-07	1.33238	1.92792	0	-0.9861	0.00581785	9.78653e-05	3.11144	-2.17632	-4.41394e-06	-0.00291691	0.00194031	180	0	0.0652435	256.34	7.33358e-08	1555.72	200.462	0	-1088.16	180	0	-0.00435944	123.001	0	-2.15828	235.999	0	0.00238673	28668
ODIN	-2.66316e-07	1.33238	1.92792	0	-0.9861	0.00581785	9.78653e-05	3.11144	-2.17632	-4.41394e-06	-0.00291691	0.00194031	180	0	0.0652435	256.34	7.33358e-08	1555.72	200.462	0	-1088.16	180	0	-0.00435944	123.001	0	-2.15828	235.999	0	0.00238673	28707
ODIN	-2.66316e-07	1.33238	1.92792	0	-0.9861	0.00581785	9.8682e-05	3.11144	-2.17632	-4.41698e-06	-0.00291675	0.00194037	180	0	0.065788	256.34	-5.12312e-08	1555.72	200.462	0	-1088.16	180	0	-0.00436245	123.001	0	-2.15826	235.999	0	0.00229856	28743
ODIN	-2.66316e-07	1.33238	1.92792	0	-0.9861	0.00581785	9.94697e-05	3.11144	-2.17632	-4.41931e-06	-0.00291664	0.00194046	180	0	0.0663132	256.34	-1.18139e-09	1555.72	200.462	0	-1088.16	180	0	-0.00436475	123.001	0	-2.15827	235.999	0	0.0022066	28783
ODIN	-2.66316e-07	1.33238	1.92792	0	-0.9861	0.00581785	0.000100228	3.11144	-2.17635	-4.42371e-06	-0.00291659	0.00194041	180	0	0.0668185	256.34	-2.37701e-07	1555.72	200.462	0	-1088.18	180	0	-0.00436909	123.001	0	-2.15822	235.999	0	0.0022104	28825
ODIN	-2.66316e-07	1.33238	1.92792	0	-0.9861	0.00581785	0.000100228	3.11144	-2.17635	-4.42371e-06	-0.00291659	0.00194041	180	0	0.0668185	256.34	-2.37701e-07	1555.72	200.462	0	-1088.18	180	0	-0.00436909	123.001	0	-2.15822	235.999	0	0.0022104	28865
ODIN	-2.66316e-07	1.33238	1.92792	0	-0.9861	0.00581785	0.000100986	3.11144	-2.17636	-4.42358e-06	-0.00291652	0.00194053	180	0	0.0673237	256.34	-3.42293e-08	1555.72	200.462	0	-1088.18	180	0	-0.00436897	123.001	0	-2.15826	235.999	0	0.00211882	28903
ODIN	-2.66316e-07	1.33238	1.92792	0	-0.9861	0.00581785	0.000101665	3.11144	-2.17632	-4.42851e-06	-0.00291649	0.0019405	180	0	0.0677767	256.34	-1.57352e-07	1555.72	200.462	0	-1088.16	180	0	-0.00437384	123.001	0	-2.15824	235.999	0	0.00212347	28947
ODIN	-2.66316e-07	1.33238	1.92792	0	-0.9861	0.00581785	0.000102389	3.11144	-2.17636	-4.42988e-06	-0.00291639	0.0019406	180	0	0.0682596	256.34	-7.11325e-08	1555.72	200.462	0	-1088.18	180	0	-0.00437519	123.001	0	-2.15826	235.999	0	0.00202966	28981
ODIN	-2.66316e-07	1.33238	1.92792	0	-0.9861	0.00581785	0.000103032	3.11144	-2.17636	-4.43281e-06	-0.00291639	0.0019406	180	0	0.0686881	256.34	-6.12561e-08	1555.72	200.462	0	-1088.18	180	0	-0.00437808	123.001	0	-2.15826	235.999	0	0.00203388	29024
ODIN	-2.66316e-07	1.33238	1.92792	0	-0.9861	0.00581785	0.000103032	3.11144	-2.17636	-4.43281e-06	-0.00291639	0.0019406	180	0	0.0686881	256.34	-6.12561e-08	1555.72	200.462	0	-1088.18	180	0	-0.00437808	123.001	0	-2.15826	235.999	0	0.00203388	29067
ODIN	-2.66316e-07	1.33238	1.92792	0	-0.9861	0.00581785	0.000103661	3.11144	-2.17632	-4.4349e-06	-0.00291643	0.00194063	180	0	0.0691073	256.34	8.43737e-08	1555.72	200.462	0	-1088.16	180	0	-0.00438015	123.001	0	-2.15829	235.999	0	0.00203456	29100
ODIN	-2.66316e-07	1.33238	1.92792	0	-0.9861	0.00581785	0.000104298	3.11144	-2.17632	-4.43716e-06	-0.0029163	0.0019407	180	0	0.0695322	256.34	2.70121e-08	1555.72	200.462	0	-1088.16	180	0	-0.00438238	123.001	0	-2.15828	235.999	0	0.00194454	29140
ODIN	-2.66316e-07	1.33238	1.92792	0	-0.9861	0.00581785	0.000104881	3.11144	-2.17632	-4.4406e-06	-0.00291629	0.00194069	180	0	0.0699206	256.34	-9.14511e-09	1555.72	200.462	0	-1088.16	180	0	-0.00438578	123.001	0	-2.15827	235.999	0	0.00194498	29178
ODIN	-2.66316e-07	1.33238	1.92792	0	-0.9861	0.00581785	0.000105448	3.11144	-2.17632	-4.44215e-06	-0.00291613	0.00194075	180	0	0.0702985	256.34	-1.40681e-07	1555.72	200.462	0	-1088.16	180	0	-0.00438731	123.001	0	-2.15824	235.999	0	0.00185702	29221
ODIN	-2.66316e-07	1.33238	1.92792	0	-0.9861	0.00581785	0.000105448	3.11144	-2.17632	-4.44215e-06	-0.00291613	0.00194075	180	0	0.0702985	256.34	-1.40681e-07	1555.72	200.462	0	-1088.16	180	0	-0.00438731	123.001	0	-2.15824	235.999	0	0.00185702	29262
ODIN	-2.66316e-07	1.33238	1.92792	0	-0.9861	0.00581785	0.000105998	3.11144	-2.17636	-4.44473e-06	-0.00291619	0.00194078	180	0	0.0706653	256.34	7.27061e-08	1555.72	200.462	0	-1088.18	180	0	-0.00438986	123.001	0	-2.15828	235.999	0	0.001857	29301
ODIN	-2.66316e-07	1.33238	1.92792	0	-0.9861	0.00581785	0.000106529	3.11144	-2.17636	-4.44741e-06	-0.00291607	0.00194086	180	0	0.0710194	256.34	6.49287e-08	1555.72	200.462	0	-1088.18	180	0	-0.0043925	123.001	0	-2.15828	235.999	0	0.00176805	29338
ODIN	-2.66316e-07	1.33238	1.92792	0	-0.9861	0.00581785	0.000107048	3.11144	-2.17632	-4.44986e-06	-0.00291608	0.00194087	180	0	0.0713653	256.34	9.42943e-08	1555.72	200.462	0	-1088.16	180	0	-0.00439493	123.001	0	-2.15829	235.999	0	0.00176793	29377
ODIN	-2.66316e-07	1.33238	1.92792	0	-0.9861	0.00581785	0.000107512	3.11144	-2.17635	-4.45252e-06	-0.00291594	0.00194077	180	0	0.0716749	256.34	-2.15368e-07	1555.72	200.462	0	-1088.18	180	0	-0.00439755	123.001	0	-2.15818	235.999	0	0.00176863	29420
ODIN	-2.66316e-07	1.33238	1.92792	0	-0.9861	0.00581785	0.000107524	3.11144	-2.17635	-4.45244e-06	-0.00291586	0.00194089	180	0	0.0716828	256.34	-2.59692e-07	1555.72	200.462	0	-1088.18	180	0	-0.00439747	123.001	0	-2.15822	235.999	0	0.00167632	29461
ODIN	-2.66316e-07	1.33238	1.92792	0	-0.9861	0.00581785	0.000108013	3.11144	-2.17632	-4.45359e-06	-0.00291594	0.00194093	180	0	0.0720088	256.34	1.48027e-08	1555.72	200.462	0	-1088.16	180	0	-0.00439861	123.001	0	-2.15827	235.999	0	0.00167985	29498
ODIN	-2.66316e-07	1.33238	1.92792	0	-0.9861	0.00581785	0.000108457	3.11144	-2.17632	-4.45683e-06	-0.00291598	0.00194096	180	0	0.0723049	256.34	1.78941e-07	1555.72	200.462	0	-1088.16	180	0	-0.0044018	123.001	0	-2.15831	235.999	0	0.00168049	29536
ODIN	-2.66316e-07	1.33238	1.92792	0	-0.9861	0.00581785	0.000108887	3.11144	-2.17636	-4.4614e-06	-0.0029158	0.001941	180	0	0.0725912	256.34	-3.23261e-08	1555.72	200.462	0	-1088.18	180	0	-0.00440632	123.001	0	-2.15826	235.999	0	0.00159224	29582
ODIN	-2.66316e-07	1.33238	1.92792	0	-0.9861	0.00581785	0.00010933	3.11144	-2.17635	-4.46201e-06	-0.00291577	0.00194098	180	0	0.0728869	256.34	-1.52103e-07	1555.72	200.462	0	-1088.18	180	0	-0.00440692	123.001	0	-2.15824	235.999	0	0.00159133	29618
ODIN	-2.66316e-07	1.33238	1.92792	0	-0.9861	0.00581785	0.000109331	3.11144	-2.17632	-4.46211e-06	-0.00291577	0.00194098	180	0	0.0728873	256.34	-1.63369e-07	1555.72	200.462	0	-1088.16	180	0	-0.00440703	123.001	0	-2.15824	235.999	0	0.00159146	29657
ODIN	-2.66316e-07	1.33238	1.92792	0	-0.9861	0.00581785	0.000109737	3.11144	-2.17636	-4.46328e-06	-0.00291585	0.00194104	180	0	0.0731577	256.34	1.54106e-07	1555.72	200.462	0	-1088.18	180	0	-0.00440817	123.001	0	-2.1583	235.999	0	0.00159203	29694
ODIN	-2.66316e-07	1.33238	1.92792	0	-0.9861	0.00581785	0.000110136	3.11144	-2.17636	-4.46618e-06	-0.00291573	0.00194112	180	0	0.0734239	256.34	1.49935e-07	1555.72	200.462	0	-1088.18	180	0	-0.00441104	123.001	0	-2.1583	235.999	0	0.00150307	29731
ODIN	-2.66316e-07	1.33238	1.92792	0	-0.9861	0.00581785	0.000110509	3.11144	-2.17632	-4.46917e-06	-0.0029157	0.00194109	180	0	0.0736728	256.34	8.64627e-09	1555.72	200.462	0	-1088.16	180	0	-0.00441399	123.001	0	-2.15827	235.999	0	0.00150343	29775
ODIN	-2.66316e-07	1.33238	1.92792	0	-0.9861	0.00581785	0.000110509	3.11144	-2.17632	-4.46917e-06	-0.0029157	0.00194109	180	0	0.0736728	256.34	8.64627e-09	1555.72	200.462	0	-1088.16	180	0	-0.00441399	123.001	0	-2.15827	235.999	0	0.00150343	29804
ODIN	-2.66316e-07	1.33238	1.92792	0	-0.9861	0.00581785	0.000110889	3.11144	-2.17636	-4.47068e-06	-0.00291573	0.00194112	180	0	0.0739258	256.34	1.52316e-07	1555.72	200.462	0	-1088.18	180	0	-0.00441549	123.001	0	-2.1583	235.999	0	0.00150279	29846
ODIN	-2.66316e-07	1.33238	1.92792	0	-0.9861	0.00581785	0.000111228	3.11144	-2.17636	-4.47339e-06	-0.00291556	0.00194116	180	0	0.0741519	256.34	-5.2666e-08	1555.72	200.462	0	-1088.18	180	0	-0.00441816	123.001	0	-2.15826	235.999	0	0.00141514	29884
ODIN	-2.66316e-07	1.33238	1.92792	0	-0.9861	0.00581785	0.000111576	3.11144	-2.17632	-4.47558e-06	-0.00291555	0.00194115	180	0	0.0743841	256.34	-1.00687e-07	1555.72	200.462	0	-1088.16	180	0	-0.00442033	123.001	0	-2.15825	235.999	0	0.00141474	29925
ODIN	-2.66316e-07	1.33238	1.92792	0	-0.9861	0.00581785	0.000111902	3.11144	-2.17636	-4.47769e-06	-0.00291557	0.00194117	180	0	0.0746014	256.34	-1.01831e-08	1555.72	200.462	0	-1088.18	180	0	-0.00442241	123.001	0	-2.15827	235.999	0	0.00141492	29962
ODIN	-2.66316e-07	1.33238	1.92792	0	-0.9861	0.00581785	0.000111902	3.11144	-2.17636	-4.47769e-06	-0.00291557	0.00194117	180	0	0.0746014	256.34	-1.01831e-08	1555.72	200.462	0	-1088.18	180	0	-0.00442241	123.001	0	-2.15827	235.999	0	0.00141492	30003
ODIN	-2.66316e-07	1.33238	1.92792	0	-0.9861	0.00581785	0.000112215	3.11144	-2.17636	-4.48072e-06	-0.00291548	0.00194127	180	0	0.0748098	256.34	1.02038e-07	1555.72	200.462	0	-1088.18	180	0	-0.0044254	123.001	0	-2.15829	235.999	0	0.00132655	30043
ODIN	-2.66316e-07	1.33238	1.92792	0	-0.9861	0.00581785	0.000112521	3.11144	-2.17632	-4.48246e-06	-0.00291546	0.00194125	180	0	0.0750138	256.34	1.08909e-08	1555.72	200.462	0	-1088.16	180	0	-0.00442712	123.001	0	-2.15827	235.999	0	0.00132658	30085
ODIN	-2.66316e-07	1.33238	1.92792	0	-0.9861	0.00581785	0.00011282	3.11144	-2.17636	-4.48547e-06	-0.00291551	0.00194129	180	0	0.0752136	256.34	2.05489e-07	1555.72	200.462	0	-1088.18	180	0	-0.00443009	123.001	0	-2.15831	235.999	0	0.00132609	30126
ODIN	-2.66316e-07	1.33238	1.92792	0	-0.9861	0.00581785	0.000113105	3.11144	-2.17632	-4.48686e-06	-0.0029153	0.00194131	180	0	0.0754035	256.34	-1.19867e-07	1555.72	200.462	0	-1088.16	180	0	-0.00443146	123.001	0	-2.15825	235.999	0	0.00123759	30162
ODIN	-2.66316e-07	1.33238	1.92792	0	-0.9861	0.00581785	0.000113105	3.11144	-2.17632	-4.48686e-06	-0.0029153	0.00194131	180	0	0.0754035	256.34	-1.19867e-07	1555.72	200.462	0	-1088.16	180	0	-0.00443146	123.001	0	-2.15825	235.999	0	0.00123759	30201
ODIN	-2.66316e-07	1.33238	1.92792	0	-0.9861	0.00581785	0.000113374	3.11144	-2.17636	-4.48937e-06	-0.00291536	0.00194135	180	0	0.0755824	256.34	9.65639e-08	1555.72	200.462	0	-1088.18	180	0	-0.00443394	123.001	0	-2.15829	235.999	0	0.00123793	30237
ODIN	-2.66316e-07	1.33238	1.92792	0	-0.9861	0.00581785	0.000113639	3.11144	-2.17636	-4.49112e-06	-0.00291531	0.00194131	180	0	0.075759	256.34	-8.71258e-08	1555.72	200.462	0	-1088.18	180	0	-0.00443567	123.001	0	-2.15825	235.999	0	0.00123791	30281
ODIN	-2.66316e-07	1.33238	1.92792	0	-0.9861	0.00581785	0.000113893	3.11144	-2.17632	-4.49396e-06	-0.00291521	0.00194141	180	0	0.0759286	256.34	-3.91831e-09	1555.72	200.462	0	-1088.16	180	0	-0.00443848	123.001	0	-2.15827	235.999	0	0.00114685	30319
ODIN	-2.66316e-07	1.33238	1.92792	0	-0.9861	0.00581785	0.000114134	3.11144	-2.17636	-4.49615e-06	-0.00291525	0.00194143	180	0	0.0760893	256.34	1.25278e-07	1555.72	200.462	0	-1088.18	180	0	-0.00444064	123.001	0	-2.1583	235.999	0	0.00114948	30359
ODIN	-2.66316e-07	1.33238	1.92792	0	-0.9861	0.00581785	0.000114134	3.11144	-2.17636	-4.49615e-06	-0.00291525	0.00194143	180	0	0.0760893	256.34	1.25278e-07	1555.72	200.462	0	-1088.18	180	0	-0.00444064	123.001	0	-2.1583	235.999	0	0.00114948	30399
ODIN	-2.66316e-07	1.33238	1.92792	0	-0.9861	0.00581785	0.000114367	3.11144	-2.17636	-4.49816e-06	-0.00291523	0.00194142	180	0	0.0762445	256.34	4.737e-08	1555.72	200.462	0	-1088.18	180	0	-0.00444263	123.001	0	-2.15828	235.999	0	0.00114971	30441
ODIN	-2.66316e-07	1.33238	1.92792	0	-0.9861	0.00581781	0.000114596	3.11144	-2.17636	-4.49998e-06	-0.00293107	0.00195198	180	0	0.0763974	256.34	1.70786e-07	1555.72	200.462	0	-1088.18	180	0	-0.00444442	123.001	0	-2.17001	235.999	0	0.0011497	30478
ODIN	-2.66316e-07	1.33238	1.92792	0	-0.9861	0.00581781	0.000114596	3.11144	-2.17636	-4.49998e-06	-0.00293107	0.00195198	180	0	0.0763974	256.34	1.70786e-07	1555.72	200.462	0	-1088.18	180	0	-0.00444442	123.001	0	-2.17001	235.999	0	0.0011497	30513
ODIN	-2.66316e-07	1.33238	1.92792	0	-0.9861	0.00581781	0.000115027	3.11144	-2.17636	-4.50504e-06	-0.00293748	0.00195641	180	0	0.0766849	256.34	-4.12815e-08	1555.72	200.462	0	-1088.18	180	0	-0.00444943	123.001	0	-2.17485	235.999	0	0.00106142	30557
ODIN	-2.66316e-07	1.33238	1.92792	0	-0.9861	0.00581781	0.000115024	3.11144	-2.17636	-4.50495e-06	-0.00293108	0.00195215	180	0	0.0766826	256.34	-4.12815e-08	1555.72	200.462	0	-1088.18	180	0	-0.00444933	123.001	0	-2.17011	235.999	0	0.00106124	30598
ODIN	-2.66316e-07	1.33238	1.92792	0	-0.9861	0.00581785	0.000115227	3.11144	-2.17636	-4.50658e-06	-0.00291492	0.00194137	180	0	0.076818	256.34	-2.74315e-08	1555.72	200.462	0	-1088.18	180	0	-0.00445094	123.001	0	-2.15814	235.999	0	0.00106132	30636
ODIN	-2.66316e-07	1.33238	1.92792	0	-0.9861	0.00581781	0.000115423	3.11144	-2.17636	-4.50814e-06	-0.00293095	0.00195206	180	0	0.0769485	256.34	3.26842e-08	1555.72	200.462	0	-1088.18	180	0	-0.00445249	123.001	0	-2.17001	235.999	0	0.0010615	30678
ODIN	-2.66316e-07	1.33238	1.92792	0	-0.9861	0.00581781	0.000115423	3.11144	-2.17636	-4.50814e-06	-0.00293095	0.00195206	180	0	0.0769485	256.34	3.26842e-08	1555.72	200.462	0	-1088.18	180	0	-0.00445249	123.001	0	-2.17001	235.999	0	0.0010615	30709
ODIN	-2.66316e-07	1.33238	1.92792	0	-0.9861	0.00581781	0.000115618	3.11144	-2.17632	-4.51111e-06	-0.00293093	0.0019522	180	0	0.0770787	256.34	-1.42846e-07	1555.72	200.462	0	-1088.16	180	0	-0.00445542	123.001	0	-2.17009	235.999	0	0.000971726	30749
ODIN	-2.66316e-07	1.33238	1.92792	0	-0.9861	0.00581785	0.000115792	3.11144	-2.17636	-4.51357e-06	-0.00291493	0.00194153	180	0	0.0771948	256.34	7.7684e-08	1555.72	200.462	0	-1088.18	180	0	-0.00445785	123.001	0	-2.15823	235.999	0	0.000972794	30786
ODIN	-2.66316e-07	1.33238	1.92792	0	-0.9861	0.00581781	0.000115977	3.11144	-2.17632	-4.51464e-06	-0.00293096	0.00195222	180	0	0.0773178	256.34	3.27552e-08	1555.72	200.462	0	-1088.16	180	0	-0.0044589	123.001	0	-2.17011	235.999	0	0.000972454	30824
ODIN	-2.66316e-07	1.33238	1.92792	0	-0.9861	0.00581781	0.000116147	3.11144	-2.17632	-4.5165e-06	-0.00293094	0.00195221	180	0	0.0774313	256.34	-4.48891e-09	1555.72	200.462	0	-1088.16	180	0	-0.00446074	123.001	0	-2.17009	235.999	0	0.000972429	30861
ODIN	-2.66316e-07	1.33238	1.92792	0	-0.9861	0.00581785	0.000116302	3.11144	-2.17636	-4.51967e-06	-0.0029149	0.00194152	180	0	0.0775344	256.34	-3.13093e-08	1555.72	200.462	0	-1088.18	180	0	-0.00446387	123.001	0	-2.15821	235.999	0	0.000972761	30900
ODIN	-2.66316e-07	1.33238	1.92792	0	-0.9861	0.00581785	0.000116302	3.11144	-2.17636	-4.51967e-06	-0.0029149	0.00194152	180	0	0.0775344	256.34	-3.13093e-08	1555.72	200.462	0	-1088.18	180	0	-0.00446387	123.001	0	-2.15821	235.999	0	0.000972761	30935
ODIN	-2.66316e-07	1.33238	1.92792	0	-0.9861	0.00581785	0.000116465	3.11144	-2.17636	-4.52087e-06	-0.0029148	0.00194161	180	0	0.0776432	256.34	1.18516e-07	1555.72	200.462	0	-1088.18	180	0	-0.00446505	123.001	0	-2.15823	235.999	0	0.000884048	30976
ODIN	-2.66316e-07	1.33238	1.92792	0	-0.9861	0.00581781	0.000116608	3.11144	-2.17636	-4.52345e-06	-0.00293078	0.00195226	180	0	0.0777386	256.34	-1.16176e-07	1555.72	200.462	0	-1088.18	180	0	-0.0044676	123.001	0	-2.17006	235.999	0	0.000884499	31016
ODIN	-2.66316e-07	1.33238	1.92792	0	-0.9861	0.00581781	0.000116763	3.11144	-2.17632	-4.5244e-06	-0.00293081	0.00195228	180	0	0.0778417	256.34	4.50881e-08	1555.72	200.462	0	-1088.16	180	0	-0.00446855	123.001	0	-2.17009	235.999	0	0.000884173	31055
ODIN	-2.66316e-07	1.33238	1.92792	0	-0.9861	0.00581785	0.000116903	3.11144	-2.17635	-4.5265e-06	-0.00291476	0.00194158	180	0	0.0779354	256.34	-1.51014e-07	1555.72	200.462	0	-1088.18	180	0	-0.00447062	123.001	0	-2.1582	235.999	0	0.000884095	31095
ODIN	-2.66316e-07	1.33238	1.92792	0	-0.9861	0.00581785	0.000116903	3.11144	-2.17635	-4.5265e-06	-0.00291476	0.00194158	180	0	0.0779354	256.34	-1.51014e-07	1555.72	200.462	0	-1088.18	180	0	-0.00447062	123.001	0	-2.1582	235.999	0	0.000884095	31136
ODIN	-2.66316e-07	1.33238	1.92792	0	-0.9861	0.00581785	0.000117036	3.11144	-2.17636	-4.52906e-06	-0.00291456	0.00194161	180	0	0.0780238	256.34	-3.93539e-09	1555.72	200.462	0	-1088.18	180	0	-0.00447315	123.001	0	-2.15814	235.999	0	0.000792663	31177
ODIN	-2.66316e-07	1.33238	1.92792	0	-0.9861	0.00581785	0.00011717	3.11144	-2.17632	-4.53037e-06	-0.00291472	0.00194171	180	0	0.0781133	256.34	-9.96232e-09	1555.72	200.462	0	-1088.16	180	0	-0.00447444	123.001	0	-2.15826	235.999	0	0.000795623	31216
ODIN	-2.66316e-07	1.33238	1.92792	0	-0.9861	0.00581785	0.000117294	3.11144	-2.17632	-4.53214e-06	-0.00291451	0.00194157	180	0	0.0781961	256.34	-6.66603e-09	1555.72	200.462	0	-1088.16	180	0	-0.00447619	123.001	0	-2.1581	235.999	0	0.000795816	31257
ODIN	-2.66316e-07	1.33238	1.92792	0	-0.9861	0.00581781	0.000117412	3.11144	-2.17636	-4.53467e-06	-0.00293073	0.00195238	180	0	0.0782743	256.34	-1.01664e-08	1555.72	200.462	0	-1088.18	180	0	-0.00447869	123.001	0	-2.17011	235.999	0	0.000795882	31299
ODIN	-2.66316e-07	1.33238	1.92792	0	-0.9861	0.00581781	0.000117412	3.11144	-2.17636	-4.53467e-06	-0.00293073	0.00195238	180	0	0.0782743	256.34	-1.01664e-08	1555.72	200.462	0	-1088.18	180	0	-0.00447869	123.001	0	-2.17011	235.999	0	0.000795882	31331
ODIN	-2.66316e-07	1.33238	1.92792	0	-0.9861	0.00581785	0.000117531	3.11144	-2.17632	-4.53695e-06	-0.00291468	0.00194169	180	0	0.078354	256.34	1.81525e-08	1555.72	200.462	0	-1088.16	180	0	-0.00448093	123.001	0	-2.15822	235.999	0	0.000795667	31373
ODIN	-2.66316e-07	1.33238	1.92792	0	-0.9861	0.00581785	0.000117645	3.11144	-2.17632	-4.5379e-06	-0.00291462	0.00194164	180	0	0.0784299	256.34	-9.01088e-08	1555.72	200.462	0	-1088.16	180	0	-0.00448188	123.001	0	-2.15818	235.999	0	0.000795799	31406
ODIN	-2.66316e-07	1.33238	1.92792	0	-0.9861	0.00581785	0.000117746	3.11144	-2.17636	-4.54068e-06	-0.00291456	0.00194177	180	0	0.0784974	256.34	4.41178e-08	1555.72	200.462	0	-1088.18	180	0	-0.00448462	123.001	0	-2.15823	235.999	0	0.000707467	31447
ODIN	-2.66316e-07	1.33238	1.92792	0	-0.9861	0.00581781	0.000117846	3.11144	-2.17632	-4.54229e-06	-0.00293052	0.0019524	180	0	0.0785641	256.34	1.40201e-07	1555.72	200.462	0	-1088.16	180	0	-0.00448621	123.001	0	-2.17005	235.999	0	0.000707999	31490
ODIN	-2.66316e-07	1.33238	1.92792	0	-0.9861	0.00581781	0.000117846	3.11144	-2.17632	-4.54229e-06	-0.00293052	0.0019524	180	0	0.0785641	256.34	1.40201e-07	1555.72	200.462	0	-1088.16	180	0	-0.00448621	123.001	0	-2.17005	235.999	0	0.000707999	31526
ODIN	-2.66316e-07	1.33238	1.92792	0	-0.9861	0.00581781	0.000117961	3.11144	-2.17636	-4.54362e-06	-0.00293058	0.00195245	180	0	0.0786407	256.34	8.90219e-08	1555.72	200.462	0	-1088.18	180	0	-0.00448753	123.001	0	-2.1701	235.999	0	0.000707219	31564
ODIN	-2.66316e-07	1.33238	1.92792	0	-0.9861	0.00581785	0.000118046	3.11144	-2.17636	-4.54583e-06	-0.00291449	0.00194172	180	0	0.0786972	256.34	-1.14119e-07	1555.72	200.462	0	-1088.18	180	0	-0.00448971	123.001	0	-2.15817	235.999	0	0.000707929	31603
ODIN	-2.66316e-07	1.33238	1.92792	0	-0.9861	0.00581785	0.000118143	3.11144	-2.17632	-4.54815e-06	-0.00291458	0.00194178	180	0	0.0787617	256.34	8.10076e-09	1555.72	200.462	0	-1088.16	180	0	-0.004492	123.001	0	-2.15824	235.999	0	0.000707651	31645
ODIN	-2.66316e-07	1.33238	1.92792	0	-0.9861	0.00581785	0.000118143	3.11144	-2.17632	-4.54815e-06	-0.00291458	0.00194178	180	0	0.0787617	256.34	8.10076e-09	1555.72	200.462	0	-1088.16	180	0	-0.004492	123.001	0	-2.15824	235.999	0	0.000707651	31683
ODIN	-2.66316e-07	1.33238	1.92792	0	-0.9861	0.00581781	0.00011824	3.11144	-2.17632	-4.54965e-06	-0.00293048	0.00195238	180	0	0.0788269	256.34	7.94888e-08	1555.72	200.462	0	-1088.16	180	0	-0.00449348	123.001	0	-2.17002	235.999	0	0.000707217	31722
ODIN	-2.66316e-07	1.33238	1.92792	0	-0.9861	0.00581785	0.000118327	3.11144	-2.17636	-4.55128e-06	-0.00291433	0.00194177	180	0	0.0788849	256.34	7.06954e-08	1555.72	200.462	0	-1088.18	180	0	-0.00449509	123.001	0	-2.15814	235.999	0	0.000618583	31766
ODIN	-2.66316e-07	1.33238	1.92792	0	-0.9861	0.00581781	0.000118407	3.11144	-2.17636	-4.5535e-06	-0.00293049	0.00195255	180	0	0.0789383	256.34	1.03825e-07	1555.72	200.462	0	-1088.18	180	0	-0.00449729	123.001	0	-2.17012	235.999	0	0.000618974	31803
ODIN	-4.6339e-05	1.33239	1.92791	-2.59658e-06	-0.986097	0.00582149	0.0250424	3.10376	-2.16837	0.00133519	-0.00337456	0.00534818	179.997	0	16.695	256.34	0.00993547	1551.88	200.461	0	-1084.19	180	0	1.31871	123	0	-4.22105	235.999	0	-1.72138	31846
ODIN	-4.6339e-05	1.33239	1.92791	-2.59658e-06	-0.986097	0.00582149	0.0250424	3.10376	-2.16837	0.00133519	-0.00337456	0.00534818	179.997	0	16.695	256.34	0.00993547	1551.88	200.461	0	-1084.19	180	0	1.31871	123	0	-4.22105	235.999	0	-1.72138	31885
ODIN	-5.11327e-05	1.33239	1.92791	-3.19579e-06	-0.986096	0.0058222	0.0114596	3.10956	-2.17405	0.000594003	-0.00263384	0.00326904	179.997	0	7.63971	256.34	-0.00261459	1554.78	200.461	0	-1087.02	180	0	0.586669	123	0	-2.79163	235.999	0	-0.840638	31919
ODIN	-4.42085e-05	1.33239	1.92792	-2.59658e-06	-0.986098	0.00582185	0.00694078	3.11457	-2.17934	0.000250871	-0.00114411	0.0017923	179.997	0	4.62719	256.34	-0.00918661	1557.29	200.461	0	-1089.67	180	0	0.247773	123	0	-1.41947	235.999	0	-0.57198	31950
ODIN	-3.59527e-05	1.33238	1.92792	-1.99737e-06	-0.986101	0.00582132	0.00495469	3.11617	-2.18116	0.000133171	-0.000628049	0.0012371	179.998	0	3.30312	256.34	-0.00812427	1558.09	200.462	0	-1090.58	180	0	0.131526	123	0	-0.919887	235.999	0	-0.454665	31991
ODIN	-2.87621e-05	1.33237	1.92793	-1.39816e-06	-0.986102	0.00582087	0.004215	3.11494	-2.17999	0.000158388	-0.0010989	0.00145483	179.998	0	2.81	256.339	-0.00318362	1557.47	200.462	0	-1090	180	0	0.156433	123	0	-1.21524	235.999	0	-0.401237	32033
ODIN	-2.87621e-05	1.33237	1.92793	-1.39816e-06	-0.986102	0.00582087	0.004215	3.11494	-2.17999	0.000158388	-0.0010989	0.00145483	179.998	0	2.81	256.339	-0.00318362	1557.47	200.462	0	-1090	180	0	0.156433	123	0	-1.21524	235.999	0	-0.401237	32063
ODIN	-2.26369e-05	1.33237	1.92793	-1.19842e-06	-0.986103	0.00582034	0.00289918	3.11283	-2.17779	0.000182752	-0.00197271	0.00187407	179.999	0	1.93279	256.339	0.00121694	1556.41	200.462	0	-1088.89	180	0	0.180496	123	0	-1.77179	235.999	0	-0.310518	32103
ODIN	-1.78432e-05	1.33237	1.92793	-1.19842e-06	-0.986102	0.00581998	0.00223212	3.11106	-2.17592	0.000208268	-0.0026917	0.00226971	179.999	0	1.48808	256.339	0.0034266	1555.53	200.462	0	-1087.96	180	0	0.205696	123	0	-2.25787	235.999	0	-0.264027	32146
ODIN	-1.38484e-05	1.33238	1.92792	-9.98685e-07	-0.986101	0.00581963	0.00150048	3.11035	-2.17512	0.000190695	-0.00302384	0.00241104	179.999	0	1.00032	256.34	0.00319062	1555.17	200.462	0	-1087.56	180	0	0.188341	123	0	-2.45941	235.999	0	-0.219525	32182
ODIN	-1.03863e-05	1.33238	1.92792	-9.98685e-07	-0.9861	0.00581936	0.0008058	3.11062	-2.17534	0.000150464	-0.00301911	0.00233653	179.999	0	0.5372	256.34	0.00163099	1555.31	200.462	0	-1087.67	180	0	0.148607	123	0	-2.41626	235.999	0	-0.179887	32224
ODIN	-1.03863e-05	1.33238	1.92792	-9.98685e-07	-0.9861	0.00581936	0.0008058	3.11062	-2.17534	0.000150464	-0.00301911	0.00233653	179.999	0	0.5372	256.34	0.00163099	1555.31	200.462	0	-1087.67	180	0	0.148607	123	0	-2.41626	235.999	0	-0.179887	32262
ODIN	-7.19053e-06	1.33238	1.92792	-7.98948e-07	-0.9861	0.0058191	0.000209937	3.11127	-2.17604	0.000110681	-0.002822	0.00214285	180	0	0.139958	256.34	1.66225e-05	1555.63	200.462	0	-1088.02	180	0	0.109315	123.001	0	-2.23566	235.999	0	-0.14529	32300
ODIN	-4.52737e-06	1.33238	1.92792	-5.99211e-07	-0.9861	0.00581892	-0.000291754	3.11187	-2.17665	8.39908e-05	-0.00265057	0.00197194	180	0	-0.194503	256.34	-0.000892223	1555.94	200.462	0	-1088.33	180	0	0.0829539	123.001	0	-2.07721	235.999	0	-0.113829	32338
ODIN	-2.13053e-06	1.33238	1.92792	-5.99211e-07	-0.9861	0.00581865	-0.000691636	3.11214	-2.17694	7.23256e-05	-0.00258199	0.00187593	180	0	-0.461091	256.34	-0.000978746	1556.07	200.462	0	-1088.47	180	0	0.0714327	123.001	0	-1.99848	235.999	0	-0.0858924	32372
ODIN	-2.66316e-07	1.33238	1.92792	-3.99474e-07	-0.986101	0.00581856	-0.00089754	3.11216	-2.17695	9.99898e-05	-0.00261789	0.00184995	180	0	-0.59836	256.34	-0.000631647	1556.08	200.462	0	-1088.48	180	0	0.0987553	123.001	0	-1.99734	235.999	0	-0.0581598	32411
ODIN	-2.66316e-07	1.33238	1.92792	-3.99474e-07	-0.986101	0.00581847	-0.000835781	3.11215	-2.17695	0.000122608	-0.0026249	0.00184775	180	0	-0.557187	256.34	-0.000620304	1556.07	200.462	0	-1088.47	180	0	0.121094	123.001	0	-1.99871	235.999	0	-0.0543445	32451
ODIN	-2.66316e-07	1.33238	1.92792	-5.99211e-07	-0.986101	0.00581839	0.000904206	3.11202	-2.17685	0.000262457	-0.00255082	0.00193716	180	0	0.602804	256.34	-0.000184386	1556.01	200.462	0	-1088.42	180	0	0.259217	123.001	0	-2.02095	235.999	0	-0.131452	32485
ODIN	-1.86421e-06	1.33238	1.92792	-7.98948e-07	-0.986101	0.00581852	0.00143372	3.11168	-2.1765	0.000149184	-0.00258954	0.00208158	180	0	0.955816	256.34	0.000404242	1555.84	200.462	0	-1088.25	180	0	0.147343	123.001	0	-2.11552	235.999	0	-0.197346	32525
ODIN	-2.92948e-06	1.33238	1.92792	-5.99211e-07	-0.9861	0.00581865	0.0010133	3.1108	-2.17559	5.03033e-05	-0.00289535	0.00227161	180	0	0.675533	256.34	0.00165559	1555.4	200.462	0	-1087.8	180	0	0.0496822	123.001	0	-2.33436	235.999	0	-0.189651	32570
ODIN	-2.66316e-06	1.33238	1.92792	-3.99474e-07	-0.9861	0.00581865	0.000491228	3.11177	-2.17642	4.20921e-06	-0.00265761	0.00206442	180	0	0.327485	256.34	-0.000519881	1555.89	200.462	0	-1088.21	180	0	0.00415724	123.001	0	-2.1312	235.999	0	-0.162601	32605
ODIN	-2.66316e-06	1.33238	1.92792	-3.99474e-07	-0.9861	0.00581865	0.000491228	3.11177	-2.17642	4.20921e-06	-0.00265761	0.00206442	180	0	0.327485	256.34	-0.000519881	1555.89	200.462	0	-1088.21	180	0	0.00415724	123.001	0	-2.1312	235.999	0	-0.162601	32643
ODIN	-2.13053e-06	1.33238	1.92792	-3.99474e-07	-0.986101	0.00581861	-8.01312e-06	3.11306	-2.17777	6.33724e-05	-0.00225597	0.00171734	180	0	-0.00534208	256.34	-0.00223065	1556.53	200.462	0	-1088.88	180	0	0.06259	123.001	0	-1.78962	235.999	0	-0.118532	32685
ODIN	-7.98948e-07	1.33238	1.92793	-3.99474e-07	-0.986101	0.00581847	-0.000447906	3.11336	-2.1781	9.48427e-05	-0.00217848	0.00159821	180	0	-0.298604	256.34	-0.00189579	1556.68	200.462	0	-1089.05	180	0	0.0936718	123.001	0	-1.69474	235.999	0	-0.0810469	32726
ODIN	1.19842e-05	1.33237	1.92793	1.99737e-07	-0.986103	0.00581732	-0.0192576	3.11654	-2.18152	-0.000615256	-0.00266966	-0.000309804	180.001	0	-12.8384	256.339	-0.00550339	1558.27	200.462	0	-1090.76	180	0	-0.60766	123.001	0	-0.816649	236	0	1.16088	32764
ODIN	1.19842e-05	1.33237	1.92793	1.99737e-07	-0.986103	0.00581732	-0.0192576	3.11654	-2.18152	-0.000615256	-0.00266966	-0.000309804	180.001	0	-12.8384	256.339	-0.00550339	1558.27	200.462	0	-1090.76	180	0	-0.60766	123.001	0	-0.816649	236	0	1.16088	32802
ODIN	4.34095e-05	1.33237	1.92793	1.79763e-06	-0.986103	0.00581444	-0.0297074	3.11272	-2.17773	-0.00105478	-0.00508426	-0.000195562	180.002	0	-19.8049	256.339	0.00233884	1556.36	200.462	0	-1088.86	180	0	-1.04176	123.001	0	-1.77441	236	0	1.9917	32839
ODIN	6.81769e-05	1.33237	1.92793	2.99606e-06	-0.986102	0.00581186	-0.029722	3.10994	-2.17478	-0.00104024	-0.00624846	0.000389257	180.004	0	-19.8147	256.339	0.00563446	1554.97	200.462	0	-1087.39	180	0	-1.0274	123.001	0	-2.5305	236	0	2.09799	32876
ODIN	8.09601e-05	1.33238	1.92792	3.795e-06	-0.9861	0.00581035	-0.0262891	3.10908	-2.17379	-0.000962146	-0.00637709	0.000774267	180.005	0	-17.5261	256.34	0.00480763	1554.54	200.462	0	-1086.9	180	0	-0.950267	123.001	0	-2.79204	236	0	1.93174	32914
ODIN	8.33569e-05	1.33238	1.92792	4.19448e-06	-0.986099	0.00580991	-0.0217581	3.10969	-2.1744	-0.000929047	-0.00581134	0.000899827	180.005	0	-14.5054	256.34	0.00211382	1554.84	200.462	0	-1087.2	180	0	-0.917577	123.001	0	-2.65225	236	0	1.65244	32953
ODIN	8.33569e-05	1.33238	1.92792	4.19448e-06	-0.986099	0.00580991	-0.0217581	3.10969	-2.1744	-0.000929047	-0.00581134	0.000899827	180.005	0	-14.5054	256.34	0.00211382	1554.84	200.462	0	-1087.2	180	0	-0.917577	123.001	0	-2.65225	236	0	1.65244	32990
ODIN	7.88296e-05	1.33238	1.92792	4.19448e-06	-0.986099	0.00581004	-0.0167404	3.11083	-2.17558	-0.000896715	-0.00498126	0.000923541	180.005	0	-11.1603	256.34	-0.000372296	1555.41	200.462	0	-1087.79	180	0	-0.885645	123.001	0	-2.35799	236	0	1.33183	33027
ODIN	6.89759e-05	1.33238	1.92792	4.19448e-06	-0.986099	0.00581075	-0.0114084	3.11172	-2.17653	-0.000791349	-0.00416801	0.0010083	180.004	0	-7.60562	256.34	-0.00158656	1555.86	200.462	0	-1088.27	180	0	-0.781579	123.001	0	-2.10388	236	0	0.983542	33063
ODIN	4.95348e-05	1.33238	1.92792	3.795e-06	-0.9861	0.00581244	-0.00221206	3.11208	-2.17695	-0.000520521	-0.00317039	0.0014736	180.003	0	-1.47471	256.34	-0.00153362	1556.04	200.462	0	-1088.48	180	0	-0.514095	123.001	0	-1.99289	236	0	0.355552	33101
ODIN	4.39422e-05	1.33238	1.92792	3.59527e-06	-0.9861	0.00581293	-0.00154671	3.11205	-2.17696	-0.000468132	-0.00312818	0.00151878	180.003	0	-1.03114	256.34	-0.00130188	1556.03	200.462	0	-1088.48	180	0	-0.462353	123.001	0	-2.00235	236	0	0.314819	33138
ODIN	3.24906e-05	1.33238	1.92792	3.19579e-06	-0.9861	0.00581395	0.000909116	3.11189	-2.17683	-0.000308985	-0.00296835	0.00168384	180.002	0	0.606077	256.34	-0.000688635	1555.95	200.462	0	-1088.41	180	0	-0.305171	123.001	0	-2.03486	236	0	0.16392	33177
ODIN	1.73105e-05	1.33238	1.92792	2.39684e-06	-0.9861	0.00581528	0.00416538	3.11153	-2.17647	-8.57682e-05	-0.00281114	0.00195635	180.001	0	2.77692	256.34	0.000135063	1555.76	200.462	0	-1088.23	180	0	-0.0847093	123.001	0	-2.12802	236	0	-0.0457003	33215
ODIN	3.46211e-06	1.33238	1.92792	1.5979e-06	-0.9861	0.00581643	0.0068734	3.11121	-2.17613	8.49534e-05	-0.00267643	0.00220141	180	0	4.58227	256.34	0.000551423	1555.61	200.462	0	-1088.07	180	0	0.0839046	123.001	0	-2.21427	235.999	0	-0.231732	33252
ODIN	-8.2558e-06	1.33238	1.92792	7.98948e-07	-0.9861	0.00581745	0.00859294	3.11109	-2.176	0.000180167	-0.00253221	0.0023441	180	0	5.72863	256.34	0.000538697	1555.55	200.462	0	-1088	180	0	0.177942	123.001	0	-2.24014	235.999	0	-0.364422	33293
ODIN	-1.75769e-05	1.33238	1.92792	1.99737e-07	-0.9861	0.00581839	0.00977444	3.11113	-2.17607	0.000243114	-0.00240123	0.00243559	179.999	0	6.51629	256.34	0.000287881	1555.56	200.462	0	-1088.03	180	0	0.240112	123.001	0	-2.24245	235.999	0	-0.463759	33334
ODIN	-1.75769e-05	1.33238	1.92792	1.99737e-07	-0.9861	0.00581839	0.00977444	3.11113	-2.17607	0.000243114	-0.00240123	0.00243559	179.999	0	6.51629	256.34	0.000287881	1555.56	200.462	0	-1088.03	180	0	0.240112	123.001	0	-2.24245	235.999	0	-0.463759	33372
ODIN	-2.45011e-05	1.33238	1.92792	-3.99474e-07	-0.9861	0.0058191	0.0101131	3.11104	-2.17602	0.000268076	-0.00233977	0.00247857	179.999	0	6.74205	256.34	0.000395954	1555.52	200.462	0	-1088.01	180	0	0.264766	123.001	0	-2.24357	235.999	0	-0.510401	33409
ODIN	-2.90285e-05	1.33238	1.92792	-5.99211e-07	-0.9861	0.00581954	0.00974346	3.11009	-2.17503	0.000262222	-0.00268912	0.00270946	179.998	0	6.49564	256.34	0.0015282	1555.05	200.462	0	-1087.52	180	0	0.258985	123.001	0	-2.50122	235.999	0	-0.509284	33446
ODIN	-3.08927e-05	1.33238	1.92792	-7.98948e-07	-0.986099	0.00581981	0.00897637	3.11042	-2.17533	0.00024665	-0.00263721	0.00261901	179.998	0	5.98425	256.34	0.00047194	1555.21	200.462	0	-1087.66	180	0	0.243605	123.001	0	-2.43175	235.999	0	-0.478264	33487
ODIN	-3.1159e-05	1.33238	1.92792	-9.98685e-07	-0.986099	0.00581989	0.00790388	3.11091	-2.17588	0.000225191	-0.00253335	0.00245079	179.998	0	5.26925	256.34	-0.000406442	1555.46	200.462	0	-1087.94	180	0	0.222411	123	0	-2.29983	235.999	0	-0.423273	33530
ODIN	-3.08927e-05	1.33238	1.92792	-9.98685e-07	-0.986099	0.00581989	0.00789337	3.1109	-2.17588	0.000224864	-0.00253264	0.00244891	179.998	0	5.26225	256.34	-0.000455766	1555.45	200.462	0	-1087.94	180	0	0.222088	123	0	-2.29852	235.999	0	-0.422493	33568
ODIN	-2.92948e-05	1.33238	1.92792	-9.98685e-07	-0.986099	0.00581989	0.00648003	3.11102	-2.17602	0.000189757	-0.00258507	0.00233861	179.998	0	4.32002	256.34	-0.000439691	1555.51	200.462	0	-1088.01	180	0	0.187414	123	0	-2.25666	235.999	0	-0.341796	33602
ODIN	-2.45011e-05	1.33238	1.92792	-7.98948e-07	-0.9861	0.0058195	0.000741417	3.11098	-2.17599	8.14201e-06	-0.00308177	0.00202016	179.999	0	0.494278	256.34	-0.000228894	1555.49	200.462	0	-1088	180	0	0.00804149	123.001	0	-2.26371	235.999	0	0.0190875	33647
ODIN	-1.57127e-05	1.33238	1.92792	-3.99474e-07	-0.9861	0.00581879	0.000664201	3.11102	-2.17603	-2.00882e-05	-0.00311709	0.00198978	179.999	0	0.442801	256.34	-0.000187214	1555.51	200.462	0	-1088.01	180	0	-0.0198402	123.001	0	-2.25991	235.999	0	0.0490431	33684
ODIN	-1.57127e-05	1.33238	1.92792	-3.99474e-07	-0.9861	0.00581879	0.000664201	3.11102	-2.17603	-2.00882e-05	-0.00311709	0.00198978	179.999	0	0.442801	256.34	-0.000187214	1555.51	200.462	0	-1088.01	180	0	-0.0198402	123.001	0	-2.25991	235.999	0	0.0490431	33724
ODIN	-1.14516e-05	1.33238	1.92792	-1.99737e-07	-0.9861	0.00581839	0.00136745	3.11113	-2.17616	-1.40459e-05	-0.00298207	0.00200486	179.999	0	0.911636	256.34	-0.000335945	1555.57	200.462	0	-1088.08	180	0	-0.0138725	123.001	0	-2.21828	235.999	0	-0.00933685	33767
ODIN	-9.05475e-06	1.33238	1.92792	0	-0.9861	0.00581821	0.00123653	3.1113	-2.17633	-3.51047e-05	-0.00292593	0.0019655	179.999	0	0.824356	256.34	-0.000470826	1555.65	200.462	0	-1088.16	180	0	-0.0346713	123.001	0	-2.17562	235.999	0	-0.00826484	33800
ODIN	-7.19053e-06	1.33238	1.92792	0	-0.9861	0.00581812	0.000995867	3.11143	-2.17646	-4.88487e-05	-0.00290768	0.00193042	180	0	0.663911	256.34	-0.000481714	1555.72	200.462	0	-1088.23	180	0	-0.0482456	123.001	0	-2.14937	235.999	0	0.00446474	33835
ODIN	-7.19053e-06	1.33238	1.92792	0	-0.9861	0.00581812	0.000995867	3.11143	-2.17646	-4.88487e-05	-0.00290768	0.00193042	180	0	0.663911	256.34	-0.000481714	1555.72	200.462	0	-1088.23	180	0	-0.0482456	123.001	0	-2.14937	235.999	0	0.00446474	33873
ODIN	-5.85895e-06	1.33238	1.92792	1.99737e-07	-0.9861	0.00581794	0.000848975	3.11147	-2.1765	-4.94795e-05	-0.00289193	0.00190307	180	0	0.565983	256.34	-0.000373407	1555.74	200.462	0	-1088.25	180	0	-0.0488687	123.001	0	-2.12835	235.999	0	0.0138216	33911
ODIN	-4.79369e-06	1.33238	1.92792	1.99737e-07	-0.9861	0.00581794	0.000790511	3.11145	-2.1765	-4.29643e-05	-0.00291228	0.0019092	180	0	0.527007	256.34	-0.000208452	1555.73	200.462	0	-1088.25	180	0	-0.0424338	123.001	0	-2.13929	235.999	0	0.0179595	33950
ODIN	-3.99474e-06	1.33238	1.92792	1.99737e-07	-0.9861	0.00581785	0.000803238	3.1114	-2.17645	-3.53687e-05	-0.00292373	0.00191849	180	0	0.535492	256.34	-5.92183e-05	1555.7	200.462	0	-1088.23	180	0	-0.034932	123.001	0	-2.14869	235.999	0	0.0170341	33988
ODIN	-3.72843e-06	1.33238	1.92792	1.99737e-07	-0.9861	0.00581785	0.000864178	3.11136	-2.17641	-2.98363e-05	-0.0029328	0.00193385	180	0	0.576118	256.34	1.71383e-05	1555.68	200.462	0	-1088.2	180	0	-0.029468	123.001	0	-2.16058	235.999	0	0.0118602	34033
ODIN	-3.72843e-06	1.33238	1.92792	1.99737e-07	-0.9861	0.00581785	0.000864178	3.11136	-2.17641	-2.98363e-05	-0.0029328	0.00193385	180	0	0.576118	256.34	1.71383e-05	1555.68	200.462	0	-1088.2	180	0	-0.029468	123.001	0	-2.16058	235.999	0	0.0118602	34070
ODIN	-3.46211e-06	1.33238	1.92792	1.99737e-07	-0.9861	0.00581785	0.00103239	3.11137	-2.17638	-2.38886e-05	-0.00291532	0.00194464	180	0	0.688263	256.34	1.07851e-05	1555.68	200.462	0	-1088.19	180	0	-0.0235937	123.001	0	-2.1601	235.999	0	-0.000606105	34111
ODIN	-4.26106e-06	1.33238	1.92792	1.99737e-07	-0.9861	0.0058179	0.00156616	3.11024	-2.17532	-4.65684e-06	-0.00321608	0.00221861	180	0	1.04411	256.34	0.00198867	1555.12	200.462	0	-1087.66	180	0	-0.00459935	123.001	0	-2.4237	235.999	0	-0.0414189	34153
ODIN	-4.52737e-06	1.33238	1.92792	1.99737e-07	-0.986099	0.00581794	0.00137978	3.10887	-2.17383	-1.77432e-05	-0.00376429	0.00257159	180	0	0.919853	256.34	0.00317934	1554.44	200.462	0	-1086.92	180	0	-0.0175242	123.001	0	-2.82284	235.999	0	-0.0344817	34189
ODIN	-4.52737e-06	1.33238	1.92792	1.99737e-07	-0.986098	0.0058179	0.00122941	3.10959	-2.17447	-2.64141e-05	-0.00356407	0.00242593	180	0	0.819607	256.34	0.000893276	1554.79	200.462	0	-1087.23	180	0	-0.026088	123.001	0	-2.66777	235.999	0	-0.0277143	34230
ODIN	-4.52737e-06	1.33238	1.92792	1.99737e-07	-0.986098	0.0058179	0.00122941	3.10959	-2.17447	-2.64141e-05	-0.00356407	0.00242593	180	0	0.819607	256.34	0.000893276	1554.79	200.462	0	-1087.23	180	0	-0.026088	123.001	0	-2.66777	235.999	0	-0.0277143	34274
ODIN	-4.52737e-06	1.33238	1.92792	1.99737e-07	-0.986099	0.00581794	0.00115665	3.11092	-2.17583	-2.43892e-05	-0.00308254	0.00209886	180	0	0.7711	256.34	-0.0014791	1555.46	200.462	0	-1087.92	180	0	-0.0240881	123.001	0	-2.30771	235.999	0	-0.0243526	34314
ODIN	-4.26106e-06	1.33238	1.92792	1.99737e-07	-0.986099	0.00581803	0.00112461	3.11206	-2.17702	-1.49992e-05	-0.0026703	0.00182073	180	0	0.749739	256.34	-0.00265524	1556.03	200.462	0	-1088.51	180	0	-0.014814	123.001	0	-2.00052	235.999	0	-0.0225189	34356
ODIN	-4.26106e-06	1.33238	1.92792	1.99737e-07	-0.9861	0.00581794	0.0011076	3.11264	-2.17763	-4.43364e-06	-0.00245275	0.00167424	180	0	0.738402	256.34	-0.00254549	1556.32	200.462	0	-1088.81	180	0	-0.00437891	123.001	0	-1.83856	235.999	0	-0.0217102	34396
ODIN	-4.26106e-06	1.33238	1.92792	1.99737e-07	-0.986101	0.00581794	0.00108647	3.11268	-2.1777	1.96364e-06	-0.00242805	0.00165724	180	0	0.724315	256.34	-0.00170522	1556.34	200.462	0	-1088.85	180	0	0.0019394	123.001	0	-1.81997	235.999	0	-0.0214134	34433
ODIN	-4.26106e-06	1.33238	1.92792	1.99737e-07	-0.986101	0.00581794	0.00108647	3.11268	-2.1777	1.96364e-06	-0.00242805	0.00165724	180	0	0.724315	256.34	-0.00170522	1556.34	200.462	0	-1088.85	180	0	0.0019394	123.001	0	-1.81997	235.999	0	-0.0214134	34468
ODIN	-3.99474e-06	1.33238	1.92793	0	-0.986101	0.00581794	0.00105345	3.11314	-2.17804	2.83192e-06	-0.00231555	0.00158189	180	0	0.702301	256.34	-0.00189446	1556.57	200.462	0	-1089.02	180	0	0.00279695	123.001	0	-1.73644	235.999	0	-0.0212159	34509
ODIN	-3.99474e-06	1.33238	1.92793	0	-0.986102	0.0058179	0.00101364	3.11289	-2.1779	1.62203e-06	-0.00235887	0.0016102	180	0	0.675758	256.34	-0.000740469	1556.44	200.462	0	-1088.95	180	0	0.00160201	123.001	0	-1.76821	235.999	0	-0.0208996	34542
ODIN	-3.72843e-06	1.33238	1.92793	0	-0.986102	0.0058179	0.000968231	3.11208	-2.17706	-3.45611e-06	-0.00264249	0.00179919	180	0	0.645487	256.34	0.000737051	1556.04	200.462	0	-1088.53	180	0	-0.00341344	123.001	0	-1.97825	235.999	0	-0.020853	34579
ODIN	-3.72843e-06	1.33238	1.92793	0	-0.986101	0.00581794	0.000918919	3.11153	-2.17648	-9.93852e-06	-0.00283951	0.00193023	180	0	0.612613	256.34	0.00129877	1555.77	200.462	0	-1088.24	180	0	-0.00981582	123.001	0	-2.12402	235.999	0	-0.0206807	34619
ODIN	-3.72843e-06	1.33238	1.92793	0	-0.986101	0.00581794	0.000918919	3.11153	-2.17648	-9.93852e-06	-0.00283951	0.00193023	180	0	0.612613	256.34	0.00129877	1555.77	200.462	0	-1088.24	180	0	-0.00981582	123.001	0	-2.12402	235.999	0	-0.0206807	34657
ODIN	-3.46211e-06	1.33238	1.92792	1.99737e-07	-0.986101	0.00581794	0.000871752	3.11135	-2.17625	-1.47444e-05	-0.00292207	0.00198434	180	0	0.581168	256.34	0.00109739	1555.67	200.462	0	-1088.13	180	0	-0.0145623	123.001	0	-2.18466	235.999	0	-0.0201658	34696
ODIN	-3.46211e-06	1.33238	1.92792	1.99737e-07	-0.986101	0.00581794	0.000833239	3.11143	-2.17635	-1.60631e-05	-0.00289014	0.00196169	180	0	0.555493	256.34	0.000571554	1555.71	200.462	0	-1088.17	180	0	-0.0158648	123.001	0	-2.16025	235.999	0	-0.0194087	34733
ODIN	-3.19579e-06	1.33238	1.92792	1.99737e-07	-0.986101	0.0058179	0.000805132	3.11156	-2.17649	-1.41728e-05	-0.00283934	0.00192676	180	0	0.536755	256.34	0.000141231	1555.78	200.462	0	-1088.25	180	0	-0.0139978	123.001	0	-2.12203	235.999	0	-0.0188164	34774
ODIN	-3.19579e-06	1.33238	1.92792	1.99737e-07	-0.9861	0.00581794	0.000782687	3.11164	-2.17656	-1.09278e-05	-0.00282018	0.00191298	180	0	0.521791	256.34	-2.19428e-05	1555.82	200.462	0	-1088.28	180	0	-0.0107929	123.001	0	-2.10728	235.999	0	-0.0182554	34817
ODIN	-3.19579e-06	1.33238	1.92792	1.99737e-07	-0.9861	0.00581794	0.000783334	3.11164	-2.17656	-1.09433e-05	-0.0028208	0.0019135	180	0	0.522223	256.34	-2.16825e-05	1555.82	200.462	0	-1088.28	180	0	-0.0108082	123.001	0	-2.1078	235.999	0	-0.0183148	34856
ODIN	-2.92948e-06	1.33238	1.92792	1.99737e-07	-0.986101	0.0058179	0.000760604	3.11162	-2.17657	-8.46695e-06	-0.00281182	0.00190684	180	0	0.507069	256.34	2.49854e-05	1555.81	200.462	0	-1088.29	180	0	-0.00836242	123.001	0	-2.10077	235.999	0	-0.0179395	34898
ODIN	-2.92948e-06	1.33238	1.92792	1.99737e-07	-0.9861	0.00581794	0.000736137	3.11149	-2.17644	-7.79057e-06	-0.00286171	0.0019396	180	0	0.490758	256.34	0.000211336	1555.74	200.462	0	-1088.22	180	0	-0.00769439	123.001	0	-2.13745	235.999	0	-0.0176646	34937
ODIN	-2.66316e-06	1.33238	1.92792	1.99737e-07	-0.9861	0.00581794	0.000708024	3.11134	-2.17629	-8.90433e-06	-0.00290925	0.00197086	180	0	0.472016	256.34	0.000372824	1555.67	200.462	0	-1088.14	180	0	-0.0087944	123.001	0	-2.17242	235.999	0	-0.0174238	34978
ODIN	-2.66316e-06	1.33238	1.92792	1.99737e-07	-0.9861	0.00581794	0.000708024	3.11134	-2.17629	-8.90433e-06	-0.00290925	0.00197086	180	0	0.472016	256.34	0.000372824	1555.67	200.462	0	-1088.14	180	0	-0.0087944	123.001	0	-2.17242	235.999	0	-0.0174238	35011
ODIN	-2.66316e-06	1.33238	1.92792	1.99737e-07	-0.9861	0.00581794	0.000678568	3.11121	-2.17616	-1.08565e-05	-0.0029691	0.00201038	180	0	0.452378	256.34	0.000426569	1555.61	200.462	0	-1088.08	180	0	-0.0107224	123.001	0	-2.21654	235.999	0	-0.0172133	35053
ODIN	-2.66316e-06	1.33238	1.92792	1.99737e-07	-0.9861	0.00581794	0.00064936	3.11114	-2.17609	-1.25811e-05	-0.00299485	0.00202681	180	0	0.432907	256.34	0.000387943	1555.57	200.462	0	-1088.04	180	0	-0.0124258	123.001	0	-2.23521	235.999	0	-0.0168021	35095
ODIN	-2.39684e-06	1.33238	1.92792	1.99737e-07	-0.9861	0.00581794	0.000619401	3.1105	-2.17543	-1.51556e-05	-0.00322395	0.0021791	180	0	0.412934	256.34	0.00118131	1555.25	200.462	0	-1087.72	180	0	-0.0149685	123.001	0	-2.40466	235.999	0	-0.016553	35133
ODIN	-2.39684e-06	1.33238	1.92792	1.99737e-07	-0.9861	0.00581794	0.000593397	3.11087	-2.17576	-1.63275e-05	-0.00311327	0.00210464	180	0	0.395598	256.34	0.000164377	1555.43	200.462	0	-1087.88	180	0	-0.016126	123.001	0	-2.3223	235.999	0	-0.0161816	35177
ODIN	-2.39684e-06	1.33238	1.92792	1.99737e-07	-0.9861	0.00581794	0.000593397	3.11087	-2.17576	-1.63275e-05	-0.00311327	0.00210464	180	0	0.395598	256.34	0.000164377	1555.43	200.462	0	-1087.88	180	0	-0.016126	123.001	0	-2.3223	235.999	0	-0.0161816	35209
ODIN	-2.13053e-06	1.33238	1.92792	1.99737e-07	-0.9861	0.00581794	0.000574391	3.11142	-2.17633	-1.41963e-05	-0.00290303	0.00196329	180	0	0.382927	256.34	-0.000758847	1555.71	200.462	0	-1088.17	180	0	-0.014021	123.001	0	-2.16591	235.999	0	-0.0155166	35247
ODIN	-2.13053e-06	1.33238	1.92792	1.99737e-07	-0.9861	0.0058179	0.000562063	3.11176	-2.17674	-1.01061e-05	-0.00277037	0.00187391	180	0	0.374709	256.34	-0.000993888	1555.88	200.462	0	-1088.37	180	0	-0.00998136	123.001	0	-2.06713	235.999	0	-0.0149981	35284
ODIN	-2.13053e-06	1.33238	1.92792	1.99737e-07	-0.9861	0.00581794	0.000551453	3.11183	-2.17677	-6.58548e-06	-0.00275867	0.00186573	180	0	0.367636	256.34	-0.000687725	1555.92	200.462	0	-1088.39	180	0	-0.00650418	123.001	0	-2.05824	235.999	0	-0.0147865	35321
ODIN	-2.13053e-06	1.33238	1.92792	1.99737e-07	-0.9861	0.00581794	0.000536317	3.11167	-2.17664	-5.44463e-06	-0.00280242	0.00189461	180	0	0.357544	256.34	-0.000196126	1555.83	200.462	0	-1088.32	180	0	-0.00537742	123.001	0	-2.09049	235.999	0	-0.014625	35366
ODIN	-2.13053e-06	1.33238	1.92792	1.99737e-07	-0.9861	0.00581794	0.000536317	3.11167	-2.17664	-5.44463e-06	-0.00280242	0.00189461	180	0	0.357544	256.34	-0.000196126	1555.83	200.462	0	-1088.32	180	0	-0.00537742	123.001	0	-2.09049	235.999	0	-0.014625	35402
ODIN	-1.86421e-06	1.33238	1.92792	1.99737e-07	-0.9861	0.00581794	0.000515645	3.11147	-2.17642	-6.76319e-06	-0.00287611	0.00194352	180	0	0.343763	256.34	0.000183072	1555.74	200.462	0	-1088.21	180	0	-0.00667969	123.001	0	-2.14496	235.999	0	-0.0145063	35434
ODIN	-1.86421e-06	1.33238	1.92792	1.99737e-07	-0.9861	0.0058179	0.000491146	3.11133	-2.17628	-9.30126e-06	-0.00292234	0.00197402	180	0	0.327431	256.34	0.000324877	1555.67	200.462	0	-1088.14	180	0	-0.00918643	123.001	0	-2.17903	235.999	0	-0.0143291	35479
ODIN	-1.86421e-06	1.33238	1.92792	1.99737e-07	-0.9861	0.00581785	0.00046815	3.11127	-2.17621	-1.14493e-05	-0.00294526	0.00198873	180	0	0.3121	256.34	0.000262554	1555.63	200.462	0	-1088.1	180	0	-0.0113079	123.001	0	-2.19569	235.999	0	-0.0140125	35517
ODIN	-1.86421e-06	1.33238	1.92792	1.99737e-07	-0.9861	0.00581785	0.00046815	3.11127	-2.17621	-1.14493e-05	-0.00294526	0.00198873	180	0	0.3121	256.34	0.000262554	1555.63	200.462	0	-1088.1	180	0	-0.0113079	123.001	0	-2.19569	235.999	0	-0.0140125	35550
ODIN	-1.86421e-06	1.33238	1.92792	1.99737e-07	-0.9861	0.00581794	0.000447525	3.11132	-2.17626	-1.22896e-05	-0.00293334	0.00198005	180	0	0.29835	256.34	0.000107215	1555.66	200.462	0	-1088.13	180	0	-0.0121379	123.001	0	-2.18645	235.999	0	-0.0136033	35595
ODIN	-1.5979e-06	1.33238	1.92792	1.99737e-07	-0.9861	0.00581794	0.000431486	3.11139	-2.17634	-1.17242e-05	-0.00290707	0.0019619	180	0	0.287657	256.34	-3.22059e-05	1555.7	200.462	0	-1088.17	180	0	-0.0115795	123.001	0	-2.16664	235.999	0	-0.0132535	35633
ODIN	-1.5979e-06	1.33238	1.92792	1.99737e-07	-0.9861	0.00581794	0.000418413	3.11143	-2.17638	-1.04204e-05	-0.00289371	0.0019523	180	0	0.278942	256.34	-0.000100699	1555.71	200.462	0	-1088.19	180	0	-0.0102917	123.001	0	-2.15636	235.999	0	-0.0128699	35671
ODIN	-1.5979e-06	1.33238	1.92792	1.99737e-07	-0.9861	0.00581785	0.000403015	3.11146	-2.17641	-9.28074e-06	-0.00287863	0.00194144	180	0	0.268677	256.34	-9.49386e-05	1555.73	200.462	0	-1088.2	180	0	-0.00916616	123.001	0	-2.14474	235.999	0	-0.0124202	35712
ODIN	-1.5979e-06	1.33238	1.92792	1.99737e-07	-0.9861	0.00581785	0.000403015	3.11146	-2.17641	-9.28074e-06	-0.00287863	0.00194144	180	0	0.268677	256.34	-9.49386e-05	1555.73	200.462	0	-1088.2	180	0	-0.00916616	123.001	0	-2.14474	235.999	0	-0.0124202	35752
ODIN	-1.5979e-06	1.33238	1.92792	1.99737e-07	-0.9861	0.00581785	0.000394045	3.11146	-2.17638	-8.50826e-06	-0.00288666	0.00194687	180	0	0.262697	256.34	-4.87225e-05	1555.73	200.462	0	-1088.19	180	0	-0.00840322	123.001	0	-2.15073	235.999	0	-0.0124625	35794
ODIN	-1.33158e-06	1.33238	1.92792	1.99737e-07	-0.9861	0.00581785	0.000380144	3.11144	-2.17639	-8.52907e-06	-0.00289622	0.00195284	180	0	0.25343	256.34	4.39545e-07	1555.72	200.462	0	-1088.19	180	0	-0.00842377	123.001	0	-2.15758	235.999	0	-0.0122362	35835
ODIN	-1.33158e-06	1.33238	1.92792	1.99737e-07	-0.9861	0.00581785	0.000365427	3.11142	-2.17637	-8.96819e-06	-0.00290242	0.00195649	180	0	0.243618	256.34	2.98758e-05	1555.71	200.462	0	-1088.19	180	0	-0.00885747	123.001	0	-2.16191	235.999	0	-0.0119703	35868
ODIN	-1.33158e-06	1.33238	1.92792	1.99737e-07	-0.9861	0.00581785	0.000351307	3.11139	-2.17634	-9.43775e-06	-0.00290388	0.00195717	180	0	0.234204	256.34	3.34649e-05	1555.69	200.462	0	-1088.17	180	0	-0.00932123	123.001	0	-2.16282	235.999	0	-0.0118044	35907
ODIN	-1.33158e-06	1.33238	1.92792	1.99737e-07	-0.9861	0.00581785	0.000351307	3.11139	-2.17634	-9.43775e-06	-0.00290388	0.00195717	180	0	0.234204	256.34	3.34649e-05	1555.69	200.462	0	-1088.17	180	0	-0.00932123	123.001	0	-2.16282	235.999	0	-0.0118044	35942
ODIN	-1.33158e-06	1.33238	1.92792	1.99737e-07	-0.9861	0.00581785	0.000337349	3.11139	-2.17634	-9.70895e-06	-0.00290215	0.00195545	180	0	0.224899	256.34	2.06296e-05	1555.7	200.462	0	-1088.17	180	0	-0.00958908	123.001	0	-2.16123	235.999	0	-0.0114884	35974
ODIN	-1.33158e-06	1.33238	1.92792	1.99737e-07	-0.9861	0.00581785	0.000325249	3.1114	-2.17635	-9.66225e-06	-0.00289927	0.00195321	180	0	0.216832	256.34	3.99161e-06	1555.7	200.462	0	-1088.18	180	0	-0.00954296	123.001	0	-2.15892	235.999	0	-0.0113122	36014
ODIN	-1.06526e-06	1.33238	1.92792	1.99737e-07	-0.9861	0.00581785	0.000313686	3.11141	-2.17636	-9.42405e-06	-0.00289737	0.00195143	180	0	0.209124	256.34	-7.7079e-06	1555.7	200.462	0	-1088.18	180	0	-0.0093077	123.001	0	-2.15723	235.999	0	-0.0110263	36046
ODIN	-1.06526e-06	1.33238	1.92792	1.99737e-07	-0.9861	0.00581785	0.000302941	3.11141	-2.17636	-9.12445e-06	-0.00289694	0.00195066	180	0	0.201961	256.34	-1.13657e-05	1555.71	200.462	0	-1088.18	180	0	-0.0090118	123.001	0	-2.15664	235.999	0	-0.0107608	36091
ODIN	-1.06526e-06	1.33238	1.92792	1.99737e-07	-0.9861	0.00581785	0.000302941	3.11141	-2.17636	-9.12445e-06	-0.00289694	0.00195066	180	0	0.201961	256.34	-1.13657e-05	1555.71	200.462	0	-1088.18	180	0	-0.0090118	123.001	0	-2.15664	235.999	0	-0.0107608	36124
ODIN	-1.06526e-06	1.33238	1.92792	1.99737e-07	-0.9861	0.00581785	0.000292566	3.11141	-2.17636	-8.90144e-06	-0.00289763	0.00195083	180	0	0.195044	256.34	-8.51187e-06	1555.7	200.462	0	-1088.18	180	0	-0.00879154	123.001	0	-2.15699	235.999	0	-0.0105953	36163
ODIN	-1.06526e-06	1.33238	1.92792	1.99737e-07	-0.9861	0.00581785	0.00028232	3.11141	-2.17636	-8.7923e-06	-0.00289896	0.00195125	180	0	0.188214	256.34	-3.19421e-06	1555.7	200.462	0	-1088.18	180	0	-0.00868376	123.001	0	-2.15772	235.999	0	-0.0103406	36206
ODIN	-1.06526e-06	1.33238	1.92792	1.99737e-07	-0.9861	0.00581785	0.000272047	3.1114	-2.17635	-8.78468e-06	-0.00290005	0.00195166	180	0	0.181365	256.34	1.25165e-06	1555.7	200.462	0	-1088.18	180	0	-0.00867622	123.001	0	-2.15835	235.999	0	-0.0101642	36246
ODIN	-1.06526e-06	1.33238	1.92792	1.99737e-07	-0.9861	0.00581785	0.00026215	3.1114	-2.17635	-8.81023e-06	-0.0029008	0.00195169	180	0	0.174767	256.34	3.15545e-06	1555.7	200.462	0	-1088.18	180	0	-0.00870147	123.001	0	-2.15864	235.999	0	-0.00989878	36282
ODIN	-1.06526e-06	1.33238	1.92792	1.99737e-07	-0.9861	0.00581785	0.00026215	3.1114	-2.17635	-8.81023e-06	-0.0029008	0.00195169	180	0	0.174767	256.34	3.15545e-06	1555.7	200.462	0	-1088.18	180	0	-0.00870147	123.001	0	-2.15864	235.999	0	-0.00989878	36322
ODIN	-7.98948e-07	1.33238	1.92792	1.99737e-07	-0.9861	0.00581785	0.000252609	3.1114	-2.17635	-8.81961e-06	-0.00290099	0.00195149	180	0	0.168406	256.34	2.72342e-06	1555.7	200.462	0	-1088.18	180	0	-0.00871073	123.001	0	-2.1586	235.999	0	-0.00972345	36361
ODIN	-7.98948e-07	1.33238	1.92792	1.99737e-07	-0.9861	0.00581785	0.00024368	3.1114	-2.17635	-8.77904e-06	-0.00290091	0.00195114	180	0	0.162454	256.34	1.04682e-06	1555.7	200.462	0	-1088.18	180	0	-0.00867066	123.001	0	-2.15838	235.999	0	-0.00955573	36400
ODIN	-7.98948e-07	1.33238	1.92792	1.99737e-07	-0.9861	0.00581785	0.000234825	3.11141	-2.17636	-8.70961e-06	-0.00290086	0.00195077	180	0	0.15655	256.34	-5.17786e-07	1555.7	200.462	0	-1088.18	180	0	-0.00860208	123.001	0	-2.15816	235.999	0	-0.00936928	36437
ODIN	-7.98948e-07	1.33238	1.92792	1.99737e-07	-0.9861	0.00581785	0.000234825	3.11141	-2.17636	-8.70961e-06	-0.00290086	0.00195077	180	0	0.15655	256.34	-5.17786e-07	1555.7	200.462	0	-1088.18	180	0	-0.00860208	123.001	0	-2.15816	235.999	0	-0.00936928	36473
ODIN	-7.98948e-07	1.33238	1.92792	1.99737e-07	-0.9861	0.00581785	0.000226282	3.11141	-2.17636	-8.61883e-06	-0.00290095	0.00195049	180	0	0.150855	256.34	-1.33584e-06	1555.7	200.462	0	-1088.18	180	0	-0.00851242	123.001	0	-2.15803	235.999	0	-0.00918011	36516
ODIN	-7.98948e-07	1.33238	1.92792	1.99737e-07	-0.9861	0.00581785	0.000218663	3.11141	-2.17636	-8.514e-06	-0.00290125	0.00195025	180	0	0.145775	256.34	-1.46717e-06	1555.7	200.462	0	-1088.18	180	0	-0.00840889	123.001	0	-2.15801	235.999	0	-0.00893538	36553
ODIN	-7.98948e-07	1.33238	1.92792	1.99737e-07	-0.9861	0.00581785	0.000210676	3.11141	-2.17636	-8.44222e-06	-0.00290158	0.00195014	180	0	0.140451	256.34	-1.00322e-06	1555.7	200.462	0	-1088.18	180	0	-0.008338	123.001	0	-2.15807	235.999	0	-0.00874833	36592
ODIN	-7.98948e-07	1.33238	1.92792	1.99737e-07	-0.9861	0.00581785	0.000203052	3.11141	-2.17636	-8.38643e-06	-0.00290194	0.00195004	180	0	0.135368	256.34	-3.93986e-07	1555.7	200.462	0	-1088.18	180	0	-0.0082829	123.001	0	-2.15815	235.999	0	-0.00856587	36637
ODIN	-7.98948e-07	1.33238	1.92792	1.99737e-07	-0.9861	0.00581785	0.000203052	3.11141	-2.17636	-8.38643e-06	-0.00290194	0.00195004	180	0	0.135368	256.34	-3.93986e-07	1555.7	200.462	0	-1088.18	180	0	-0.0082829	123.001	0	-2.15815	235.999	0	-0.00856587	36672
ODIN	-7.98948e-07	1.33238	1.92792	1.99737e-07	-0.9861	0.00581785	0.000195677	3.11141	-2.17636	-8.34048e-06	-0.00290227	0.00194993	180	0	0.130451	256.34	2.0018e-08	1555.7	200.462	0	-1088.18	180	0	-0.00823751	123.001	0	-2.15821	235.999	0	-0.00838163	36713
ODIN	-7.98948e-07	1.33238	1.92792	1.99737e-07	-0.9861	0.00581785	0.00018877	3.11141	-2.17636	-8.29006e-06	-0.00290251	0.00194979	180	0	0.125847	256.34	7.89578e-08	1555.7	200.462	0	-1088.18	180	0	-0.00818772	123.001	0	-2.15822	235.999	0	-0.0082128	36749
ODIN	-5.32632e-07	1.33238	1.92792	1.99737e-07	-0.9861	0.00581785	0.000182021	3.11141	-2.17636	-8.2377e-06	-0.0029026	0.0019497	180	0	0.121347	256.34	-8.79498e-08	1555.7	200.462	0	-1088.18	180	0	-0.008136	123.001	0	-2.1582	235.999	0	-0.00812948	36787
ODIN	-5.32632e-07	1.33238	1.92792	1.99737e-07	-0.9861	0.00581785	0.00017566	3.11141	-2.17636	-8.17536e-06	-0.00290279	0.00194952	180	0	0.117107	256.34	-2.87657e-07	1555.7	200.462	0	-1088.18	180	0	-0.00807443	123.001	0	-2.15818	235.999	0	-0.00795978	36828
ODIN	-5.32632e-07	1.33238	1.92792	1.99737e-07	-0.9861	0.00581785	0.00017566	3.11141	-2.17636	-8.17536e-06	-0.00290279	0.00194952	180	0	0.117107	256.34	-2.87657e-07	1555.7	200.462	0	-1088.18	180	0	-0.00807443	123.001	0	-2.15818	235.999	0	-0.00795978	36874
ODIN	-5.32632e-07	1.33238	1.92792	1.99737e-07	-0.9861	0.00581785	0.000169416	3.11141	-2.17636	-8.1119e-06	-0.002903	0.00194934	180	0	0.112944	256.34	-4.52448e-07	1555.7	200.462	0	-1088.18	180	0	-0.00801175	123.001	0	-2.15815	235.999	0	-0.00778217	36911
ODIN	-5.32632e-07	1.33238	1.92792	1.99737e-07	-0.9861	0.00581785	0.000163386	3.11141	-2.17636	-8.04849e-06	-0.00290323	0.00194917	180	0	0.108924	256.34	-4.8335e-07	1555.7	200.462	0	-1088.18	180	0	-0.00794913	123.001	0	-2.15815	235.999	0	-0.00760472	36951
ODIN	-5.32632e-07	1.33238	1.92792	1.99737e-07	-0.9861	0.00581785	0.000157432	3.11141	-2.17636	-7.99158e-06	-0.00290349	0.00194902	180	0	0.104955	256.34	-4.1846e-07	1555.7	200.462	0	-1088.18	180	0	-0.00789292	123.001	0	-2.15816	235.999	0	-0.00741974	36992
ODIN	-5.32632e-07	1.33238	1.92792	1.99737e-07	-0.9861	0.00581785	0.000151812	3.11141	-2.17636	-7.93317e-06	-0.00290362	0.00194895	180	0	0.101208	256.34	-3.57097e-07	1555.7	200.462	0	-1088.18	180	0	-0.00783523	123.001	0	-2.15816	235.999	0	-0.00733285	37032
ODIN	-5.32632e-07	1.33238	1.92792	1.99737e-07	-0.9861	0.00581785	0.000151812	3.11141	-2.17636	-7.93317e-06	-0.00290362	0.00194895	180	0	0.101208	256.34	-3.57097e-07	1555.7	200.462	0	-1088.18	180	0	-0.00783523	123.001	0	-2.15816	235.999	0	-0.00733285	37074
ODIN	-5.32632e-07	1.33238	1.92792	1.99737e-07	-0.9861	0.00581785	0.000146433	3.11141	-2.17636	-7.87661e-06	-0.00290386	0.00194879	180	0	0.0976223	256.34	-3.26646e-07	1555.7	200.462	0	-1088.18	180	0	-0.00777937	123.001	0	-2.15817	235.999	0	-0.0071575	37115
ODIN	-5.32632e-07	1.33238	1.92792	1.99737e-07	-0.9861	0.00581785	0.000141394	3.11141	-2.17636	-7.81632e-06	-0.00290409	0.00194864	180	0	0.0942628	256.34	-3.61896e-07	1555.7	200.462	0	-1088.18	180	0	-0.00771983	123.001	0	-2.15817	235.999	0	-0.00698913	37151
ODIN	-5.32632e-07	1.33238	1.92792	1.99737e-07	-0.9861	0.00581785	0.000136172	3.11141	-2.17636	-7.76667e-06	-0.00290423	0.00194856	180	0	0.0907813	256.34	-2.82921e-07	1555.7	200.462	0	-1088.18	180	0	-0.00767078	123.001	0	-2.15817	235.999	0	-0.00689043	37190
ODIN	-5.32632e-07	1.33238	1.92792	1.99737e-07	-0.9861	0.00581785	0.00013136	3.11141	-2.17636	-7.70982e-06	-0.00290446	0.0019484	180	0	0.0875733	256.34	-3.21716e-07	1555.7	200.462	0	-1088.18	180	0	-0.00761464	123.001	0	-2.15817	235.999	0	-0.00671582	37225
ODIN	-5.32632e-07	1.33238	1.92792	1.99737e-07	-0.9861	0.00581785	0.00013136	3.11141	-2.17636	-7.70982e-06	-0.00290446	0.0019484	180	0	0.0875733	256.34	-3.21716e-07	1555.7	200.462	0	-1088.18	180	0	-0.00761464	123.001	0	-2.15817	235.999	0	-0.00671582	37266
ODIN	-5.32632e-07	1.33238	1.92792	1.99737e-07	-0.9861	0.00581785	0.000126688	3.11141	-2.17636	-7.6554e-06	-0.0029047	0.00194823	180	0	0.0844584	256.34	-3.48003e-07	1555.7	200.462	0	-1088.18	180	0	-0.00756089	123.001	0	-2.15817	235.999	0	-0.00653474	37300
ODIN	-5.32632e-07	1.33238	1.92792	1.99737e-07	-0.9861	0.00581785	0.000122127	3.11141	-2.17636	-7.60084e-06	-0.00290483	0.00194815	180	0	0.0814181	256.34	-3.23357e-07	1555.7	200.462	0	-1088.18	180	0	-0.007507	123.001	0	-2.15817	235.999	0	-0.00644591	37339
ODIN	-2.66316e-07	1.33238	1.92792	1.99737e-07	-0.9861	0.00581785	0.000117855	3.11141	-2.17636	-7.54319e-06	-0.00290506	0.00194799	180	0	0.0785698	256.34	-3.3188e-07	1555.7	200.462	0	-1088.18	180	0	-0.00745006	123.001	0	-2.15817	235.999	0	-0.00627005	37372
ODIN	-2.66316e-07	1.33238	1.92792	1.99737e-07	-0.9861	0.00581785	0.000117855	3.11141	-2.17636	-7.54319e-06	-0.00290506	0.00194799	180	0	0.0785698	256.34	-3.3188e-07	1555.7	200.462	0	-1088.18	180	0	-0.00745006	123.001	0	-2.15817	235.999	0	-0.00627005	37411
ODIN	-2.66316e-07	1.33238	1.92792	1.99737e-07	-0.9861	0.00581785	0.000113832	3.11141	-2.17636	-7.48374e-06	-0.00290515	0.00194792	180	0	0.0758882	256.34	-4.1019e-07	1555.7	200.462	0	-1088.18	180	0	-0.00739135	123.001	0	-2.15816	235.999	0	-0.00619404	37452
ODIN	-2.66316e-07	1.33238	1.92792	1.99737e-07	-0.9861	0.00581785	0.000109739	3.11141	-2.17636	-7.43143e-06	-0.00290529	0.00194784	180	0	0.0731595	256.34	-3.53585e-07	1555.7	200.462	0	-1088.18	180	0	-0.00733968	123.001	0	-2.15817	235.999	0	-0.00610182	37491
ODIN	-2.66316e-07	1.33238	1.92792	1.99737e-07	-0.9861	0.00581785	0.000105753	3.11141	-2.17636	-7.38032e-06	-0.00290554	0.00194768	180	0	0.0705019	256.34	-3.30245e-07	1555.7	200.462	0	-1088.18	180	0	-0.00728921	123.001	0	-2.15817	235.999	0	-0.00591921	37534
ODIN	-2.66316e-07	1.33238	1.92792	1.99737e-07	-0.9861	0.00581785	0.000102122	3.11141	-2.17636	-7.324e-06	-0.00290564	0.0019476	180	0	0.0680814	256.34	-3.72086e-07	1555.7	200.462	0	-1088.18	180	0	-0.00723358	123.001	0	-2.15816	235.999	0	-0.00583813	37573
ODIN	-2.66316e-07	1.33238	1.92792	1.99737e-07	-0.9861	0.00581785	0.000102122	3.11141	-2.17636	-7.324e-06	-0.00290564	0.0019476	180	0	0.0680814	256.34	-3.72086e-07	1555.7	200.462	0	-1088.18	180	0	-0.00723358	123.001	0	-2.15816	235.999	0	-0.00583813	37613
ODIN	-2.66316e-07	1.33238	1.92792	1.99737e-07	-0.9861	0.00581785	9.85141e-05	3.11141	-2.17636	-7.27088e-06	-0.00290588	0.00194744	180	0	0.0656761	256.34	-3.86502e-07	1555.7	200.462	0	-1088.18	180	0	-0.00718112	123.001	0	-2.15816	235.999	0	-0.00565707	37651
ODIN	-2.66316e-07	1.33238	1.92792	1.99737e-07	-0.9861	0.00581785	9.49314e-05	3.11141	-2.17636	-7.22126e-06	-0.00290601	0.00194736	180	0	0.0632876	256.34	-3.26386e-07	1555.7	200.462	0	-1088.18	180	0	-0.00713211	123.001	0	-2.15817	235.999	0	-0.00556605	37693
ODIN	-2.66316e-07	1.33238	1.92792	1.99737e-07	-0.9861	0.00581785	9.15771e-05	3.11141	-2.17636	-7.16806e-06	-0.00290613	0.00194728	180	0	0.0610514	256.34	-3.2595e-07	1555.7	200.462	0	-1088.18	180	0	-0.00707956	123.001	0	-2.15817	235.999	0	-0.00547823	37729
ODIN	-2.66316e-07	1.33238	1.92792	1.99737e-07	-0.9861	0.00581785	8.84281e-05	3.11141	-2.17636	-7.11473e-06	-0.00290624	0.0019472	180	0	0.0589521	256.34	-3.62939e-07	1555.7	200.462	0	-1088.18	180	0	-0.00702689	123.001	0	-2.15816	235.999	0	-0.00539509	37772
ODIN	-2.66316e-07	1.33238	1.92792	1.99737e-07	-0.9861	0.00581785	8.84281e-05	3.11141	-2.17636	-7.11473e-06	-0.00290624	0.0019472	180	0	0.0589521	256.34	-3.62939e-07	1555.7	200.462	0	-1088.18	180	0	-0.00702689	123.001	0	-2.15816	235.999	0	-0.00539509	37799
ODIN	-2.66316e-07	1.33238	1.92792	1.99737e-07	-0.9861	0.00581785	8.52832e-05	3.11141	-2.17636	-7.06405e-06	-0.00290648	0.00194704	180	0	0.0568555	256.34	-3.59934e-07	1555.7	200.462	0	-1088.18	180	0	-0.00697684	123.001	0	-2.15816	235.999	0	-0.00521406	37838
ODIN	-2.66316e-07	1.33238	1.92792	1.99737e-07	-0.9861	0.00581785	8.22787e-05	3.11141	-2.17636	-7.01252e-06	-0.00290661	0.00194696	180	0	0.0548524	256.34	-3.34869e-07	1555.7	200.462	0	-1088.18	180	0	-0.00692595	123.001	0	-2.15817	235.999	0	-0.00512617	37884
ODIN	-2.66316e-07	1.33238	1.92792	1.99737e-07	-0.9861	0.00581785	7.93486e-05	3.11141	-2.17636	-6.96264e-06	-0.00290673	0.00194688	180	0	0.0528991	256.34	-3.3271e-07	1555.7	200.462	0	-1088.18	180	0	-0.00687669	123.001	0	-2.15817	235.999	0	-0.00503708	37921
LOKI	-2.66316e-07	1.33238	1.92792	0	-0.9861	0.00581785	6.66269e-05	3.11137	-2.17639	-1.42318e-06	-0.0028975	0.00193166	180	0	0.0444179	256.34	-2.86339e-07	1555.69	200.462	0	-1088.19	180	0	-0.00140561	123.001	0	-2.14629	235.999	0	-4.64027e-08	21
LOKI	-2.66316e-07	1.33238	1.92792	0	-0.9861	0.00581785	6.66282e-05	3.11141	-2.17639	-1.43154e-06	-0.00291346	0.0019423	180	0	0.0444188	256.34	-1.3656e-07	1555.7	200.462	0	-1088.19	180	0	-0.00141387	123.001	0	-2.15812	235.999	0	2.85431e-07	65
LOKI	-2.66316e-07	1.33238	1.92792	0	-0.9861	0.00581785	6.66329e-05	3.11141	-2.17639	-1.44144e-06	-0.00289764	0.00193176	180	0	0.0444219	256.34	2.37593e-07	1555.7	200.462	0	-1088.19	180	0	-0.00142364	123.001	0	-2.1464	235.999	0	-4.89356e-08	104
LOKI	-2.66316e-07	1.33238	1.92792	0	-0.9861	0.00581785	6.6633e-05	3.11137	-2.17639	-1.45092e-06	-0.00289756	0.00193171	180	0	0.044422	256.34	4.23993e-07	1555.69	200.462	0	-1088.19	180	0	-0.00143301	123.001	0	-2.14634	235.999	0	4.09269e-08	145
LOKI	-2.66316e-07	1.33238	1.92792	0	-0.9861	0.00581785	6.6633e-05	3.11137	-2.17639	-1.45092e-06	-0.00289756	0.00193171	180	0	0.044422	256.34	4.23993e-07	1555.69	200.462	0	-1088.19	180	0	-0.00143301	123.001	0	-2.14634	235.999	0	4.09269e-08	182
LOKI	-2.66316e-07	1.33238	1.92792	0	-0.9861	0.00581785	6.66356e-05	3.11137	-2.17639	-1.46074e-06	-0.00291369	0.00194246	180	0	0.0444237	256.34	-2.89303e-08	1555.69	200.462	0	-1088.19	180	0	-0.00144271	123.001	0	-2.15829	235.999	0	-1.99492e-07	225
LOKI	-2.66316e-07	1.33238	1.92792	0	-0.9861	0.00581785	6.66392e-05	3.11141	-2.17639	-1.46984e-06	-0.00291349	0.00194233	180	0	0.0444262	256.34	-5.91129e-07	1555.7	200.462	0	-1088.19	180	0	-0.00145169	123.001	0	-2.15814	235.999	0	-2.89669e-07	257
LOKI	-2.66316e-07	1.33238	1.92792	0	-0.9861	0.00581785	6.66431e-05	3.11137	-2.17639	-1.47666e-06	-0.00291344	0.00194229	180	0	0.0444287	256.34	-1.42281e-08	1555.69	200.462	0	-1088.19	180	0	-0.00145843	123.001	0	-2.1581	235.999	0	8.79721e-08	296
LOKI	-2.66316e-07	1.33238	1.92792	0	-0.9861	0.00581785	6.66431e-05	3.11137	-2.17639	-1.47666e-06	-0.00291344	0.00194229	180	0	0.0444287	256.34	-1.42281e-08	1555.69	200.462	0	-1088.19	180	0	-0.00145843	123.001	0	-2.1581	235.999	0	8.79721e-08	335
LOKI	-2.66316e-07	1.33238	1.92792	0	-0.9861	0.00581785	6.66443e-05	3.11137	-2.17639	-1.48573e-06	-0.00291349	0.00194233	180	0	0.0444295	256.34	5.59744e-08	1555.69	200.462	0	-1088.19	180	0	-0.00146739	123.001	0	-2.15814	235.999	0	9.61411e-08	367
LOKI	-2.66316e-07	1.33238	1.92792	0	-0.9861	0.00581785	6.66476e-05	3.11137	-2.17639	-1.49389e-06	-0.00291356	0.00194237	180	0	0.0444317	256.34	-2.07096e-07	1555.69	200.462	0	-1088.19	180	0	-0.00147544	123.001	0	-2.15819	235.999	0	1.38109e-07	407
LOKI	-2.66316e-07	1.33238	1.92792	0	-0.9861	0.00581785	6.66456e-05	3.11141	-2.17639	-1.50571e-06	-0.00291365	0.00194244	180	0	0.0444304	256.34	-1.48829e-07	1555.7	200.462	0	-1088.19	180	0	-0.00148713	123.001	0	-2.15826	235.999	0	-3.43073e-07	444
LOKI	-2.66316e-07	1.33238	1.92792	0	-0.9861	0.00581785	6.66535e-05	3.11137	-2.17639	-1.51054e-06	-0.00291364	0.00194243	180	0	0.0444357	256.34	-1.44601e-07	1555.69	200.462	0	-1088.19	180	0	-0.00149189	123.001	0	-2.15825	235.999	0	1.08681e-07	485
LOKI	-2.66316e-07	1.33238	1.92792	0	-0.9861	0.00581785	6.66535e-05	3.11137	-2.17639	-1.51054e-06	-0.00291364	0.00194243	180	0	0.0444357	256.34	-1.44601e-07	1555.69	200.462	0	-1088.19	180	0	-0.00149189	123.001	0	-2.15825	235.999	0	1.08681e-07	524
LOKI	-2.66316e-07	1.33238	1.92792	0	-0.9861	0.00581785	6.6654e-05	3.11137	-2.17639	-1.51985e-06	-0.00291354	0.00194236	180	0	0.044436	256.34	-1.26061e-07	1555.69	200.462	0	-1088.19	180	0	-0.00150108	123.001	0	-2.15818	235.999	0	6.84584e-08	563
LOKI	-2.66316e-07	1.33238	1.92792	0	-0.9861	0.00581785	6.66557e-05	3.11137	-2.17639	-1.5289e-06	-0.00291362	0.00194241	180	0	0.0444371	256.34	1.78878e-07	1555.69	200.462	0	-1088.19	180	0	-0.00151002	123.001	0	-2.15824	235.999	0	-7.92649e-08	598
LOKI	-2.66316e-07	1.33238	1.92792	0	-0.9861	0.00581785	6.66572e-05	3.11141	-2.17639	-1.53619e-06	-0.00291352	0.00194235	180	0	0.0444381	256.34	-2.22427e-07	1555.7	200.462	0	-1088.19	180	0	-0.00151722	123.001	0	-2.15816	235.999	0	2.28379e-07	631
LOKI	-2.66316e-07	1.33238	1.92792	0	-0.9861	0.00581785	6.66598e-05	3.11137	-2.17639	-1.54516e-06	-0.00291349	0.00194233	180	0	0.0444399	256.34	-2.04627e-08	1555.69	200.462	0	-1088.19	180	0	-0.00152609	123.001	0	-2.15814	235.999	0	-3.32815e-09	669
LOKI	-2.66316e-07	1.33238	1.92792	0	-0.9861	0.00581785	6.66598e-05	3.11137	-2.17639	-1.54516e-06	-0.00291349	0.00194233	180	0	0.0444399	256.34	-2.04627e-08	1555.69	200.462	0	-1088.19	180	0	-0.00152609	123.001	0	-2.15814	235.999	0	-3.32815e-09	705
LOKI	-2.66316e-07	1.33238	1.92792	0	-0.9861	0.00581785	6.66611e-05	3.11137	-2.17639	-1.55426e-06	-0.00291345	0.0019423	180	0	0.0444407	256.34	3.82869e-07	1555.69	200.462	0	-1088.19	180	0	-0.00153507	123.001	0	-2.15811	235.999	0	-1.63233e-07	746
LOKI	-2.66316e-07	1.33238	1.92792	0	-0.9861	0.00581785	6.66632e-05	3.11137	-2.17639	-1.56111e-06	-0.00291361	0.00194241	180	0	0.0444421	256.34	2.01284e-07	1555.69	200.462	0	-1088.19	180	0	-0.00154183	123.001	0	-2.15823	235.999	0	1.4162e-07	793
LOKI	-2.66316e-07	1.33238	1.92792	0	-0.9861	0.00581785	6.66648e-05	3.11137	-2.17639	-1.57022e-06	-0.00289754	0.0019317	180	0	0.0444432	256.34	3.56609e-07	1555.69	200.462	0	-1088.19	180	0	-0.00155083	123.001	0	-2.14633	235.999	0	-1.43647e-07	827
LOKI	-2.66316e-07	1.33238	1.92792	0	-0.9861	0.00581785	6.66648e-05	3.11137	-2.17639	-1.57022e-06	-0.00289754	0.0019317	180	0	0.0444432	256.34	3.56609e-07	1555.69	200.462	0	-1088.19	180	0	-0.00155083	123.001	0	-2.14633	235.999	0	-1.43647e-07	867
LOKI	-2.66316e-07	1.33238	1.92792	0	-0.9861	0.00581785	6.66689e-05	3.11141	-2.17639	-1.57661e-06	-0.00291348	0.00194232	180	0	0.0444459	256.34	2.39991e-07	1555.7	200.462	0	-1088.19	180	0	-0.00155714	123.001	0	-2.15813	235.999	0	7.62605e-08	908
LOKI	-2.66316e-07	1.33238	1.92792	0	-0.9861	0.00581785	6.66686e-05	3.11137	-2.17639	-1.58589e-06	-0.00291363	0.00194242	180	0	0.0444457	256.34	2.69511e-07	1555.69	200.462	0	-1088.19	180	0	-0.00156631	123.001	0	-2.15825	235.999	0	-6.93129e-08	944
LOKI	-2.66316e-07	1.33238	1.92792	0	-0.9861	0.00581785	6.66708e-05	3.11141	-2.17639	-1.59276e-06	-0.00291352	0.00194235	180	0	0.0444472	256.34	3.054e-08	1555.7	200.462	0	-1088.19	180	0	-0.00157309	123.001	0	-2.15816	235.999	0	1.247e-07	977
LOKI	-2.66316e-07	1.33238	1.92792	0	-0.9861	0.00581785	6.66726e-05	3.11137	-2.17639	-1.60129e-06	-0.0029137	0.00194247	180	0	0.0444484	256.34	-6.50753e-08	1555.69	200.462	0	-1088.19	180	0	-0.00158152	123.001	0	-2.1583	235.999	0	-4.48261e-08	1012
LOKI	-2.66316e-07	1.33238	1.92792	0	-0.9861	0.00581785	6.6672e-05	3.11137	-2.17639	-1.60979e-06	-0.00291356	0.00194237	180	0	0.044448	256.34	1.32744e-07	1555.69	200.462	0	-1088.19	180	0	-0.00158992	123.001	0	-2.15819	235.999	0	-7.31283e-08	1051
LOKI	-2.66316e-07	1.33238	1.92792	0	-0.9861	0.00581785	6.6672e-05	3.11137	-2.17639	-1.60979e-06	-0.00291356	0.00194237	180	0	0.044448	256.34	1.32744e-07	1555.69	200.462	0	-1088.19	180	0	-0.00158992	123.001	0	-2.15819	235.999	0	-7.31283e-08	1088
LOKI	-2.66316e-07	1.33238	1.92792	0	-0.9861	0.00581785	6.66756e-05	3.11141	-2.17639	-1.61646e-06	-0.00291349	0.00194233	180	0	0.0444504	256.34	7.19285e-08	1555.7	200.462	0	-1088.19	180	0	-0.00159651	123.001	0	-2.15814	235.999	0	2.49976e-08	1134
LOKI	-2.66316e-07	1.33238	1.92792	0	-0.9861	0.00581785	6.6677e-05	3.11141	-2.17639	-1.62386e-06	-0.00289759	0.00193173	180	0	0.0444513	256.34	1.90799e-07	1555.7	200.462	0	-1088.19	180	0	-0.00160381	123.001	0	-2.14636	235.999	0	1.072e-07	1174
LOKI	-2.66316e-07	1.33238	1.92792	0	-0.9861	0.00581785	6.66787e-05	3.11141	-2.17639	-1.63145e-06	-0.00289744	0.00193163	180	0	0.0444525	256.34	4.33712e-08	1555.7	200.462	0	-1088.19	180	0	-0.0016113	123.001	0	-2.14625	235.999	0	8.54224e-08	1212
LOKI	-2.66316e-07	1.33238	1.92792	0	-0.9861	0.00581785	6.66797e-05	3.11137	-2.17639	-1.63928e-06	-0.0028975	0.00193166	180	0	0.0444531	256.34	-6.44941e-08	1555.69	200.462	0	-1088.19	180	0	-0.00161904	123.001	0	-2.14629	235.999	0	4.34289e-08	1254
LOKI	-2.66316e-07	1.33238	1.92792	0	-0.9861	0.00581785	6.66797e-05	3.11137	-2.17639	-1.63928e-06	-0.0028975	0.00193166	180	0	0.0444531	256.34	-6.44941e-08	1555.69	200.462	0	-1088.19	180	0	-0.00161904	123.001	0	-2.14629	235.999	0	4.34289e-08	1295
LOKI	-2.66316e-07	1.33238	1.92792	0	-0.9861	0.00581785	6.6681e-05	3.11137	-2.17639	-1.64708e-06	-0.00291345	0.0019423	180	0	0.044454	256.34	-8.60952e-08	1555.69	200.462	0	-1088.19	180	0	-0.00162674	123.001	0	-2.15811	235.999	0	-1.4241e-08	1332
LOKI	-2.66316e-07	1.33238	1.92792	0	-0.9861	0.00581785	6.66829e-05	3.11141	-2.17639	-1.65382e-06	-0.00291355	0.00194237	180	0	0.0444553	256.34	-2.11414e-07	1555.7	200.462	0	-1088.19	180	0	-0.00163341	123.001	0	-2.15818	235.999	0	7.36588e-08	1374
LOKI	-2.66316e-07	1.33238	1.92792	0	-0.9861	0.00581785	6.66826e-05	3.11137	-2.17639	-1.66164e-06	-0.00291361	0.00194241	180	0	0.0444551	256.34	2.87314e-07	1555.69	200.462	0	-1088.19	180	0	-0.00164113	123.001	0	-2.15823	235.999	0	7.16934e-08	1411
LOKI	-2.66316e-07	1.33238	1.92792	0	-0.9861	0.00581785	6.66851e-05	3.11141	-2.17639	-1.66825e-06	-0.0029135	0.00194233	180	0	0.0444567	256.34	1.15611e-07	1555.7	200.462	0	-1088.19	180	0	-0.00164766	123.001	0	-2.15814	235.999	0	1.77284e-07	1455
LOKI	-2.66316e-07	1.33238	1.92792	0	-0.9861	0.00581785	6.66851e-05	3.11141	-2.17639	-1.66825e-06	-0.0029135	0.00194233	180	0	0.0444567	256.34	1.15611e-07	1555.7	200.462	0	-1088.19	180	0	-0.00164766	123.001	0	-2.15814	235.999	0	1.77284e-07	1494
LOKI	-2.66316e-07	1.33238	1.92792	0	-0.9861	0.00581785	6.66853e-05	3.11141	-2.17639	-1.67626e-06	-0.0029136	0.0019424	180	0	0.0444568	256.34	-2.11701e-07	1555.7	200.462	0	-1088.19	180	0	-0.00165557	123.001	0	-2.15822	235.999	0	5.22354e-08	1534
LOKI	-2.66316e-07	1.33238	1.92792	0	-0.9861	0.00581785	6.66865e-05	3.11137	-2.17639	-1.68348e-06	-0.00289747	0.00193165	180	0	0.0444577	256.34	3.3226e-07	1555.69	200.462	0	-1088.19	180	0	-0.0016627	123.001	0	-2.14628	235.999	0	7.27142e-08	1564
LOKI	-2.66316e-07	1.33238	1.92792	0	-0.9861	0.00581785	6.66868e-05	3.11137	-2.17639	-1.69172e-06	-0.00289742	0.00193161	180	0	0.0444578	256.34	5.21077e-07	1555.69	200.462	0	-1088.19	180	0	-0.00167083	123.001	0	-2.14623	235.999	0	-1.52944e-07	1604
LOKI	-2.66316e-07	1.33238	1.92792	0	-0.9861	0.00581785	6.66868e-05	3.11137	-2.17639	-1.69172e-06	-0.00289742	0.00193161	180	0	0.0444578	256.34	5.21077e-07	1555.69	200.462	0	-1088.19	180	0	-0.00167083	123.001	0	-2.14623	235.999	0	-1.52944e-07	1635
LOKI	-2.66316e-07	1.33238	1.92792	0	-0.9861	0.00581785	6.66878e-05	3.11137	-2.17639	-1.69815e-06	-0.00289757	0.00193171	180	0	0.0444585	256.34	-3.55402e-07	1555.69	200.462	0	-1088.19	180	0	-0.00167719	123.001	0	-2.14635	235.999	0	-2.55115e-08	1678
LOKI	-2.66316e-07	1.33238	1.92792	0	-0.9861	0.00581785	6.66896e-05	3.11137	-2.17639	-1.70488e-06	-0.00291345	0.0019423	180	0	0.0444597	256.34	3.83717e-07	1555.69	200.462	0	-1088.19	180	0	-0.00168383	123.001	0	-2.15811	235.999	0	1.67856e-08	1711
LOKI	-2.66316e-07	1.33238	1.92792	0	-0.9861	0.00581785	6.66909e-05	3.11141	-2.17639	-1.71194e-06	-0.00291358	0.00194239	180	0	0.0444606	256.34	7.35774e-08	1555.7	200.462	0	-1088.19	180	0	-0.0016908	123.001	0	-2.15821	235.999	0	-7.23938e-09	1754
LOKI	-2.66316e-07	1.33238	1.92792	0	-0.9861	0.00581785	6.66918e-05	3.11141	-2.17639	-1.71903e-06	-0.00291384	0.00194256	180	0	0.0444612	256.34	-6.20056e-07	1555.7	200.462	0	-1088.19	180	0	-0.00169781	123.001	0	-2.1584	235.999	0	-6.27927e-08	1796
LOKI	-2.66316e-07	1.33238	1.92792	0	-0.9861	0.00581785	6.66918e-05	3.11141	-2.17639	-1.71903e-06	-0.00291384	0.00194256	180	0	0.0444612	256.34	-6.20056e-07	1555.7	200.462	0	-1088.19	180	0	-0.00169781	123.001	0	-2.1584	235.999	0	-6.27927e-08	1833
LOKI	-2.66316e-07	1.33238	1.92792	0	-0.9861	0.00581785	6.66927e-05	3.11141	-2.17639	-1.72515e-06	-0.00291353	0.00194236	180	0	0.0444618	256.34	-1.57131e-07	1555.7	200.462	0	-1088.19	180	0	-0.00170385	123.001	0	-2.15817	235.999	0	1.48028e-07	1875
LOKI	-2.66316e-07	1.33238	1.92792	0	-0.9861	0.00581785	6.6693e-05	3.11137	-2.17639	-1.73353e-06	-0.00291362	0.00194241	180	0	0.044462	256.34	-1.74909e-07	1555.69	200.462	0	-1088.19	180	0	-0.00171213	123.001	0	-2.15824	235.999	0	-1.73657e-07	1916
LOKI	-2.66316e-07	1.33238	1.92792	0	-0.9861	0.00581785	6.66942e-05	3.11141	-2.17639	-1.73934e-06	-0.00289744	0.00193163	180	0	0.0444628	256.34	-1.54675e-07	1555.7	200.462	0	-1088.19	180	0	-0.00171787	123.001	0	-2.14625	235.999	0	4.49169e-08	1954
LOKI	-2.66316e-07	1.33238	1.92792	0	-0.9861	0.00581785	6.66942e-05	3.11141	-2.17639	-1.73934e-06	-0.00289744	0.00193163	180	0	0.0444628	256.34	-1.54675e-07	1555.7	200.462	0	-1088.19	180	0	-0.00171787	123.001	0	-2.14625	235.999	0	4.49169e-08	1989
LOKI	-2.66316e-07	1.33238	1.92792	0	-0.9861	0.00581785	6.66949e-05	3.11141	-2.17639	-1.74649e-06	-0.00291354	0.00194236	180	0	0.0444632	256.34	-4.66524e-08	1555.7	200.462	0	-1088.19	180	0	-0.00172493	123.001	0	-2.15818	235.999	0	-3.0828e-08	2019
LOKI	-2.66316e-07	1.33238	1.92792	0	-0.9861	0.00581785	6.66959e-05	3.11137	-2.17639	-1.75281e-06	-0.00291369	0.00194246	180	0	0.0444639	256.34	-2.11333e-08	1555.69	200.462	0	-1088.19	180	0	-0.00173117	123.001	0	-2.15829	235.999	0	2.46439e-08	2062
LOKI	-2.66316e-07	1.33238	1.92792	0	-0.9861	0.00581785	6.66959e-05	3.11137	-2.17639	-1.76022e-06	-0.00289745	0.00193163	180	0	0.0444639	256.34	3.88522e-07	1555.69	200.462	0	-1088.19	180	0	-0.00173849	123.001	0	-2.14626	235.999	0	-6.98743e-08	2103
LOKI	-2.66316e-07	1.33238	1.92792	0	-0.9861	0.00581785	6.66979e-05	3.11141	-2.17639	-1.76572e-06	-0.00291348	0.00194232	180	0	0.0444653	256.34	4.24588e-08	1555.7	200.462	0	-1088.19	180	0	-0.00174392	123.001	0	-2.15813	235.999	0	4.36476e-08	2137
LOKI	-2.66316e-07	1.33238	1.92792	0	-0.9861	0.00581785	6.66979e-05	3.11141	-2.17639	-1.76572e-06	-0.00291348	0.00194232	180	0	0.0444653	256.34	4.24588e-08	1555.7	200.462	0	-1088.19	180	0	-0.00174392	123.001	0	-2.15813	235.999	0	4.36476e-08	2181
LOKI	-2.66316e-07	1.33238	1.92792	0	-0.9861	0.00581785	6.66977e-05	3.11137	-2.17639	-1.77317e-06	-0.00291346	0.00194231	180	0	0.0444651	256.34	6.93093e-08	1555.69	200.462	0	-1088.19	180	0	-0.00175127	123.001	0	-2.15812	235.999	0	-6.19247e-08	2222
LOKI	-2.66316e-07	1.33238	1.92792	0	-0.9861	0.00581785	6.66995e-05	3.11141	-2.17639	-1.77843e-06	-0.00289757	0.00193171	180	0	0.0444663	256.34	-3.18385e-08	1555.7	200.462	0	-1088.19	180	0	-0.00175648	123.001	0	-2.14635	235.999	0	1.51519e-07	2258
LOKI	-2.66316e-07	1.33238	1.92792	0	-0.9861	0.00581785	6.66995e-05	3.11141	-2.17639	-1.78543e-06	-0.00291351	0.00194234	180	0	0.0444663	256.34	-1.86457e-07	1555.7	200.462	0	-1088.19	180	0	-0.00176339	123.001	0	-2.15816	235.999	0	6.28911e-08	2300
LOKI	-2.66316e-07	1.33238	1.92792	0	-0.9861	0.00581785	6.66983e-05	3.11137	-2.17639	-1.79335e-06	-0.00291338	0.00194225	180	0	0.0444655	256.34	7.3023e-07	1555.69	200.462	0	-1088.19	180	0	-0.00177121	123.001	0	-2.15806	235.999	0	-1.31095e-07	2332
LOKI	-2.66316e-07	1.33238	1.92792	0	-0.9861	0.00581785	6.66983e-05	3.11137	-2.17639	-1.79335e-06	-0.00291338	0.00194225	180	0	0.0444655	256.34	7.3023e-07	1555.69	200.462	0	-1088.19	180	0	-0.00177121	123.001	0	-2.15806	235.999	0	-1.31095e-07	2373
LOKI	-2.66316e-07	1.33238	1.92792	0	-0.9861	0.00581785	6.67017e-05	3.11141	-2.17639	-1.79809e-06	-0.00291351	0.00194234	180	0	0.0444678	256.34	3.6412e-07	1555.7	200.462	0	-1088.19	180	0	-0.00177589	123.001	0	-2.15815	235.999	0	1.10849e-08	2405
LOKI	-2.66316e-07	1.33238	1.92792	0	-0.9861	0.00581785	6.67021e-05	3.11141	-2.17639	-1.80401e-06	-0.00291358	0.00194238	180	0	0.044468	256.34	-2.47482e-07	1555.7	200.462	0	-1088.19	180	0	-0.00178174	123.001	0	-2.15821	235.999	0	1.28454e-07	2440
LOKI	-2.66316e-07	1.33238	1.92792	0	-0.9861	0.00581785	6.67018e-05	3.11137	-2.17639	-1.81087e-06	-0.00291359	0.00194239	180	0	0.0444679	256.34	1.63643e-07	1555.69	200.462	0	-1088.19	180	0	-0.00178851	123.001	0	-2.15821	235.999	0	3.62802e-08	2484
LOKI	-2.66316e-07	1.33238	1.92792	0	-0.9861	0.00581785	6.6702e-05	3.11137	-2.17639	-1.81765e-06	-0.00289757	0.00193171	180	0	0.044468	256.34	4.06416e-07	1555.69	200.462	0	-1088.19	180	0	-0.00179521	123.001	0	-2.14635	235.999	0	-3.10371e-08	2515
LOKI	-2.66316e-07	1.33238	1.92792	0	-0.9861	0.00581785	6.6702e-05	3.11137	-2.17639	-1.81765e-06	-0.00289757	0.00193171	180	0	0.044468	256.34	4.06416e-07	1555.69	200.462	0	-1088.19	180	0	-0.00179521	123.001	0	-2.14635	235.999	0	-3.10371e-08	2548
LOKI	-2.66316e-07	1.33238	1.92792	0	-0.9861	0.00581785	6.67026e-05	3.11141	-2.17639	-1.8229e-06	-0.00291353	0.00194235	180	0	0.0444684	256.34	-1.58914e-07	1555.7	200.462	0	-1088.19	180	0	-0.00180039	123.001	0	-2.15817	235.999	0	1.93184e-07	2589
LOKI	-2.66316e-07	1.33238	1.92792	0	-0.9861	0.00581785	6.67036e-05	3.11137	-2.17639	-1.82944e-06	-0.00291362	0.00194241	180	0	0.0444691	256.34	3.78404e-08	1555.69	200.462	0	-1088.19	180	0	-0.00180686	123.001	0	-2.15824	235.999	0	3.61975e-08	2630
LOKI	-2.66316e-07	1.33238	1.92792	0	-0.9861	0.00581785	6.67043e-05	3.11137	-2.17639	-1.83546e-06	-0.00291349	0.00194233	180	0	0.0444695	256.34	1.46628e-07	1555.69	200.462	0	-1088.19	180	0	-0.0018128	123.001	0	-2.15814	235.999	0	2.79451e-08	2671
LOKI	-2.66316e-07	1.33238	1.92792	0	-0.9861	0.00581785	6.67043e-05	3.11137	-2.17639	-1.83546e-06	-0.00291349	0.00194233	180	0	0.0444695	256.34	1.46628e-07	1555.69	200.462	0	-1088.19	180	0	-0.0018128	123.001	0	-2.15814	235.999	0	2.79451e-08	2705
LOKI	-2.66316e-07	1.33238	1.92792	0	-0.9861	0.00581785	6.67049e-05	3.11137	-2.17639	-1.84184e-06	-0.00291344	0.00194229	180	0	0.0444699	256.34	-5.67392e-08	1555.69	200.462	0	-1088.19	180	0	-0.0018191	123.001	0	-2.1581	235.999	0	-8.11973e-08	2751
LOKI	-2.66316e-07	1.33238	1.92792	0	-0.9861	0.00581785	6.67057e-05	3.11137	-2.17639	-1.84729e-06	-0.00289761	0.00193174	180	0	0.0444705	256.34	6.86666e-07	1555.69	200.462	0	-1088.19	180	0	-0.00182448	123.001	0	-2.14637	235.999	0	3.7467e-08	2790
LOKI	-2.66316e-07	1.33238	1.92792	0	-0.9861	0.00581785	6.67062e-05	3.11141	-2.17639	-1.85379e-06	-0.00291353	0.00194235	180	0	0.0444708	256.34	1.04441e-07	1555.7	200.462	0	-1088.19	180	0	-0.00183091	123.001	0	-2.15817	235.999	0	-1.03759e-07	2821
LOKI	-2.66316e-07	1.33238	1.92792	0	-0.9861	0.00581785	6.6706e-05	3.11137	-2.17639	-1.85968e-06	-0.00291369	0.00194246	180	0	0.0444707	256.34	-2.15204e-07	1555.69	200.462	0	-1088.19	180	0	-0.00183672	123.001	0	-2.15829	235.999	0	-4.1779e-08	2858
LOKI	-2.66316e-07	1.33238	1.92792	0	-0.9861	0.00581785	6.6706e-05	3.11137	-2.17639	-1.85968e-06	-0.00291369	0.00194246	180	0	0.0444707	256.34	-2.15204e-07	1555.69	200.462	0	-1088.19	180	0	-0.00183672	123.001	0	-2.15829	235.999	0	-4.1779e-08	2898
LOKI	-2.66316e-07	1.33238	1.92792	0	-0.9861	0.00581785	6.6707e-05	3.11137	-2.17639	-1.86521e-06	-0.00291348	0.00194232	180	0	0.0444713	256.34	2.57532e-08	1555.69	200.462	0	-1088.19	180	0	-0.00184219	123.001	0	-2.15814	235.999	0	-3.52205e-09	2941
LOKI	-2.66316e-07	1.33238	1.92792	0	-0.9861	0.00581785	6.67061e-05	3.11137	-2.17639	-1.87214e-06	-0.00291367	0.00194245	180	0	0.0444708	256.34	-9.45117e-08	1555.69	200.462	0	-1088.19	180	0	-0.00184903	123.001	0	-2.15828	235.999	0	-1.83572e-07	2968
LOKI	-2.66316e-07	1.33238	1.92792	0	-0.9861	0.00581785	6.67073e-05	3.11137	-2.17639	-1.87709e-06	-0.00291373	0.00194248	180	0	0.0444716	256.34	-2.89082e-07	1555.69	200.462	0	-1088.19	180	0	-0.00185391	123.001	0	-2.15832	235.999	0	-2.36476e-08	2997
LOKI	-2.66316e-07	1.33238	1.92792	0	-0.9861	0.00581785	6.67082e-05	3.11137	-2.17639	-1.88277e-06	-0.00291352	0.00194235	180	0	0.0444722	256.34	1.50458e-07	1555.69	200.462	0	-1088.19	180	0	-0.00185952	123.001	0	-2.15816	235.999	0	-6.61647e-08	3043
LOKI	-2.66316e-07	1.33238	1.92792	0	-0.9861	0.00581785	6.67087e-05	3.11137	-2.17639	-1.88805e-06	-0.00291353	0.00194235	180	0	0.0444724	256.34	-2.68485e-07	1555.69	200.462	0	-1088.19	180	0	-0.00186474	123.001	0	-2.15817	235.999	0	4.02143e-08	3085
LOKI	-2.66316e-07	1.33238	1.92792	0	-0.9861	0.00581785	6.67087e-05	3.11137	-2.17639	-1.88805e-06	-0.00291353	0.00194235	180	0	0.0444724	256.34	-2.68485e-07	1555.69	200.462	0	-1088.19	180	0	-0.00186474	123.001	0	-2.15817	235.999	0	4.02143e-08	3123
LOKI	-2.66316e-07	1.33238	1.92792	0	-0.9861	0.00581785	6.67087e-05	3.11141	-2.17639	-1.89429e-06	-0.00291357	0.00194238	180	0	0.0444724	256.34	1.66336e-07	1555.7	200.462	0	-1088.19	180	0	-0.00187091	123.001	0	-2.1582	235.999	0	-1.05645e-07	3160
LOKI	-2.66316e-07	1.33238	1.92792	0	-0.9861	0.00581785	6.67094e-05	3.11141	-2.17639	-1.89938e-06	-0.00291352	0.00194235	180	0	0.0444729	256.34	8.79003e-08	1555.7	200.462	0	-1088.19	180	0	-0.00187593	123.001	0	-2.15816	235.999	0	5.93168e-09	3199
LOKI	-2.66316e-07	1.33238	1.92792	0	-0.9861	0.00581785	6.67102e-05	3.11141	-2.17639	-1.90404e-06	-0.00291353	0.00194235	180	0	0.0444735	256.34	1.69938e-07	1555.7	200.462	0	-1088.19	180	0	-0.00188053	123.001	0	-2.15817	235.999	0	2.00116e-07	3225
LOKI	-2.66316e-07	1.33238	1.92792	0	-0.9861	0.00581785	6.67102e-05	3.11141	-2.17639	-1.90404e-06	-0.00291353	0.00194235	180	0	0.0444735	256.34	1.69938e-07	1555.7	200.462	0	-1088.19	180	0	-0.00188053	123.001	0	-2.15817	235.999	0	2.00116e-07	3265
LOKI	-2.66316e-07	1.33238	1.92792	0	-0.9861	0.00581785	6.6709e-05	3.11137	-2.17639	-1.91068e-06	-0.00289755	0.0019317	180	0	0.0444727	256.34	2.04796e-08	1555.69	200.462	0	-1088.19	180	0	-0.0018871	123.001	0	-2.14633	235.999	0	7.48866e-08	3299
LOKI	-2.66316e-07	1.33238	1.92792	0	-0.9861	0.00581785	6.67098e-05	3.11141	-2.17639	-1.91621e-06	-0.00291353	0.00194235	180	0	0.0444732	256.34	9.01126e-08	1555.7	200.462	0	-1088.19	180	0	-0.00189255	123.001	0	-2.15817	235.999	0	2.37895e-08	3337
LOKI	-2.66316e-07	1.33238	1.92792	0	-0.9861	0.00581785	6.67103e-05	3.11137	-2.17639	-1.92213e-06	-0.00289763	0.00193175	180	0	0.0444735	256.34	5.86282e-08	1555.69	200.462	0	-1088.19	180	0	-0.0018984	123.001	0	-2.14639	235.999	0	-1.34802e-07	3368
LOKI	-2.66316e-07	1.33238	1.92792	0	-0.9861	0.00581785	6.67103e-05	3.11137	-2.17639	-1.92213e-06	-0.00289763	0.00193175	180	0	0.0444735	256.34	5.86282e-08	1555.69	200.462	0	-1088.19	180	0	-0.0018984	123.001	0	-2.14639	235.999	0	-1.34802e-07	3403
LOKI	-2.66316e-07	1.33238	1.92792	0	-0.9861	0.00581785	6.67101e-05	3.11137	-2.17639	-1.92797e-06	-0.00291366	0.00194244	180	0	0.0444734	256.34	2.95643e-07	1555.69	200.462	0	-1088.19	180	0	-0.00190417	123.001	0	-2.15827	235.999	0	-2.0024e-07	3441
LOKI	-2.66316e-07	1.33238	1.92792	0	-0.9861	0.00581785	6.67109e-05	3.11137	-2.17639	-1.93269e-06	-0.00291357	0.00194238	180	0	0.044474	256.34	3.22438e-07	1555.69	200.462	0	-1088.19	180	0	-0.00190883	123.001	0	-2.1582	235.999	0	-9.11295e-08	3481
LOKI	-2.66316e-07	1.33238	1.92792	0	-0.9861	0.00581785	6.67117e-05	3.11137	-2.17639	-1.93679e-06	-0.00289749	0.00193166	180	0	0.0444745	256.34	-1.67655e-07	1555.69	200.462	0	-1088.19	180	0	-0.00191288	123.001	0	-2.14629	235.999	0	1.96537e-07	3521
LOKI	-2.66316e-07	1.33238	1.92792	0	-0.9861	0.00581785	6.67108e-05	3.11137	-2.17639	-1.94364e-06	-0.00291363	0.00194242	180	0	0.0444739	256.34	-4.84409e-08	1555.69	200.462	0	-1088.19	180	0	-0.00191964	123.001	0	-2.15824	235.999	0	-1.0492e-07	3554
LOKI	-2.66316e-07	1.33238	1.92792	0	-0.9861	0.00581785	6.67126e-05	3.11137	-2.17639	-1.94802e-06	-0.00289744	0.00193163	180	0	0.0444751	256.34	9.42293e-08	1555.69	200.462	0	-1088.19	180	0	-0.00192397	123.001	0	-2.14625	235.999	0	-4.29715e-08	3599
LOKI	-2.66316e-07	1.33238	1.92792	0	-0.9861	0.00581785	6.67126e-05	3.11137	-2.17639	-1.94802e-06	-0.00289744	0.00193163	180	0	0.0444751	256.34	9.42293e-08	1555.69	200.462	0	-1088.19	180	0	-0.00192397	123.001	0	-2.14625	235.999	0	-4.29715e-08	3639
LOKI	-2.66316e-07	1.33238	1.92792	0	-0.9861	0.00581785	6.6712e-05	3.11137	-2.17639	-1.95356e-06	-0.00291369	0.00194246	180	0	0.0444747	256.34	2.7528e-07	1555.69	200.462	0	-1088.19	180	0	-0.00192944	123.001	0	-2.15829	235.999	0	-6.59281e-08	3676
LOKI	-2.66316e-07	1.33238	1.92792	0	-0.9861	0.00581785	6.67117e-05	3.11141	-2.17639	-1.95853e-06	-0.00289747	0.00193165	180	0	0.0444745	256.34	-3.06068e-07	1555.7	200.462	0	-1088.19	180	0	-0.00193435	123.001	0	-2.14627	235.999	0	7.35409e-08	3719
LOKI	-2.66316e-07	1.33238	1.92792	0	-0.9861	0.00581785	6.67116e-05	3.11137	-2.17639	-1.96428e-06	-0.00289748	0.00193166	180	0	0.0444744	256.34	-2.12005e-07	1555.69	200.462	0	-1088.19	180	0	-0.00194003	123.001	0	-2.14628	235.999	0	-8.15129e-08	3751
LOKI	-2.66316e-07	1.33238	1.92792	0	-0.9861	0.00581785	6.67135e-05	3.11137	-2.17639	-1.96915e-06	-0.00289752	0.00193168	180	0	0.0444757	256.34	-1.27609e-07	1555.69	200.462	0	-1088.19	180	0	-0.00194484	123.001	0	-2.14631	235.999	0	-1.94542e-07	3795
LOKI	-2.66316e-07	1.33238	1.92792	0	-0.9861	0.00581785	6.67135e-05	3.11137	-2.17639	-1.96915e-06	-0.00289752	0.00193168	180	0	0.0444757	256.34	-1.27609e-07	1555.69	200.462	0	-1088.19	180	0	-0.00194484	123.001	0	-2.14631	235.999	0	-1.94542e-07	3835
LOKI	-2.66316e-07	1.33238	1.92792	0	-0.9861	0.00581785	6.67148e-05	3.11137	-2.17639	-1.97198e-06	-0.00291369	0.00194246	180	0	0.0444765	256.34	-4.06575e-07	1555.69	200.462	0	-1088.19	180	0	-0.00194763	123.001	0	-2.15829	235.999	0	3.02349e-07	3868
LOKI	-2.66316e-07	1.33238	1.92792	0	-0.9861	0.00581785	6.67127e-05	3.11141	-2.17639	-1.97939e-06	-0.00291352	0.00194234	180	0	0.0444751	256.34	-3.49741e-07	1555.7	200.462	0	-1088.19	180	0	-0.00195495	123.001	0	-2.15816	235.999	0	-8.35256e-08	3912
LOKI	-2.66316e-07	1.33238	1.92792	0	-0.9861	0.00581785	6.67134e-05	3.11137	-2.17639	-1.98413e-06	-0.00289756	0.00193171	180	0	0.0444756	256.34	1.4118e-07	1555.69	200.462	0	-1088.19	180	0	-0.00195963	123.001	0	-2.14634	235.999	0	-9.81355e-08	3952
LOKI	-2.66316e-07	1.33238	1.92792	0	-0.9861	0.00581785	6.67126e-05	3.11141	-2.17639	-1.9886e-06	-0.00291365	0.00194244	180	0	0.0444751	256.34	-2.76424e-07	1555.7	200.462	0	-1088.19	180	0	-0.00196405	123.001	0	-2.15826	235.999	0	1.74232e-07	3990
LOKI	-2.66316e-07	1.33238	1.92792	0	-0.9861	0.00581785	6.67126e-05	3.11141	-2.17639	-1.9886e-06	-0.00291365	0.00194244	180	0	0.0444751	256.34	-2.76424e-07	1555.7	200.462	0	-1088.19	180	0	-0.00196405	123.001	0	-2.15826	235.999	0	1.74232e-07	4035
LOKI	-2.66316e-07	1.33238	1.92792	0	-0.9861	0.00581785	6.67138e-05	3.11137	-2.17639	-1.99377e-06	-0.00289744	0.00193163	180	0	0.0444758	256.34	2.85117e-07	1555.69	200.462	0	-1088.19	180	0	-0.00196916	123.001	0	-2.14625	235.999	0	-1.26449e-08	4070
LOKI	-2.66316e-07	1.33238	1.92792	0	-0.9861	0.00581785	6.67142e-05	3.11141	-2.17639	-1.99827e-06	-0.00291371	0.00194247	180	0	0.0444761	256.34	-3.38976e-08	1555.7	200.462	0	-1088.19	180	0	-0.0019736	123.001	0	-2.1583	235.999	0	2.91253e-08	4109
LOKI	-2.66316e-07	1.33238	1.92792	0	-0.9861	0.00581785	6.67124e-05	3.11141	-2.17639	-2.00457e-06	-0.00291346	0.0019423	180	0	0.0444749	256.34	-2.66162e-08	1555.7	200.462	0	-1088.19	180	0	-0.00197982	123.001	0	-2.15812	235.999	0	-5.40025e-08	4147
LOKI	-2.66316e-07	1.33238	1.92792	0	-0.9861	0.00581785	6.67157e-05	3.11137	-2.17639	-2.00744e-06	-0.00292018	0.00194679	180	0	0.0444772	256.34	8.2133e-08	1555.69	200.462	0	-1088.19	180	0	-0.00198266	123.001	0	-2.1631	235.999	0	1.25819e-08	4193
LOKI	-2.66316e-07	1.33238	1.92792	0	-0.9861	0.00581785	6.6715e-05	3.11137	-2.17639	-2.00835e-06	-0.00291376	0.00194251	180	0	0.0444766	256.34	-7.06045e-08	1555.69	200.462	0	-1088.19	180	0	-0.00198356	123.001	0	-2.15834	235.999	0	-1.45751e-07	4229
LOKI	-2.66316e-07	1.33238	1.92792	0	-0.9861	0.00581785	6.67134e-05	3.11137	-2.17639	-2.01376e-06	-0.00291364	0.00194243	180	0	0.0444756	256.34	5.14647e-08	1555.69	200.462	0	-1088.19	180	0	-0.00198889	123.001	0	-2.15825	235.999	0	-1.01033e-07	4269
LOKI	-2.66316e-07	1.33238	1.92792	0	-0.9861	0.00581785	6.6715e-05	3.11141	-2.17639	-2.01761e-06	-0.0029136	0.0019424	180	0	0.0444767	256.34	-3.2011e-07	1555.7	200.462	0	-1088.19	180	0	-0.00199271	123.001	0	-2.15823	235.999	0	-2.38243e-08	4304
LOKI	-2.66316e-07	1.33238	1.92792	0	-0.9861	0.00581785	6.6714e-05	3.11141	-2.17639	-2.02216e-06	-0.00291348	0.00194232	180	0	0.044476	256.34	-6.4818e-07	1555.7	200.462	0	-1088.19	180	0	-0.0019972	123.001	0	-2.15813	235.999	0	1.63805e-07	4341
LOKI	-2.66316e-07	1.33238	1.92792	0	-0.9861	0.00581785	6.6714e-05	3.11141	-2.17639	-2.02216e-06	-0.00291348	0.00194232	180	0	0.044476	256.34	-6.4818e-07	1555.7	200.462	0	-1088.19	180	0	-0.0019972	123.001	0	-2.15813	235.999	0	1.63805e-07	4384
LOKI	-2.66316e-07	1.33238	1.92792	0	-0.9861	0.00581785	6.67157e-05	3.11141	-2.17639	-2.02676e-06	-0.00291345	0.0019423	180	0	0.0444771	256.34	1.52213e-07	1555.7	200.462	0	-1088.19	180	0	-0.00200174	123.001	0	-2.15811	235.999	0	-1.98116e-09	4425
LOKI	-2.66316e-07	1.33238	1.92792	0	-0.9861	0.00581785	6.67156e-05	3.11137	-2.17639	-2.03092e-06	-0.00291351	0.00194234	180	0	0.044477	256.34	-4.14236e-07	1555.69	200.462	0	-1088.19	180	0	-0.00200584	123.001	0	-2.15816	235.999	0	1.35438e-07	4464
LOKI	-2.66316e-07	1.33238	1.92792	0	-0.9861	0.00581785	6.67156e-05	3.11141	-2.17639	-2.03629e-06	-0.00291365	0.00194243	180	0	0.0444771	256.34	-1.79121e-07	1555.7	200.462	0	-1088.19	180	0	-0.00201116	123.001	0	-2.15826	235.999	0	-6.80922e-08	4499
LOKI	-2.66316e-07	1.33238	1.92792	0	-0.9861	0.00581785	6.67156e-05	3.11141	-2.17639	-2.03629e-06	-0.00291365	0.00194243	180	0	0.0444771	256.34	-1.79121e-07	1555.7	200.462	0	-1088.19	180	0	-0.00201116	123.001	0	-2.15826	235.999	0	-6.80922e-08	4539
LOKI	-2.66316e-07	1.33238	1.92792	0	-0.9861	0.00581785	6.67163e-05	3.11137	-2.17639	-2.03981e-06	-0.00291354	0.00194236	180	0	0.0444775	256.34	-4.84799e-08	1555.69	200.462	0	-1088.19	180	0	-0.00201462	123.001	0	-2.15817	235.999	0	1.42926e-07	4584
LOKI	-2.66316e-07	1.33238	1.92792	0	-0.9861	0.00581785	6.67167e-05	3.11137	-2.17639	-2.0444e-06	-0.00291351	0.00194234	180	0	0.0444778	256.34	1.88064e-08	1555.69	200.462	0	-1088.19	180	0	-0.00201916	123.001	0	-2.15816	235.999	0	1.00775e-07	4623
LOKI	-2.66316e-07	1.33238	1.92792	0	-0.9861	0.00581785	6.67164e-05	3.1114	-2.17639	-2.04861e-06	-0.00289751	0.00193167	180	0	0.0444776	256.34	4.34214e-07	1555.7	200.462	0	-1088.19	180	0	-0.00202332	123.001	0	-2.14631	235.999	0	2.37109e-07	4662
LOKI	-2.66316e-07	1.33238	1.92792	0	-0.9861	0.00581785	6.67168e-05	3.11141	-2.17639	-2.05388e-06	-0.00291367	0.00194245	180	0	0.0444779	256.34	6.02529e-09	1555.7	200.462	0	-1088.19	180	0	-0.00202852	123.001	0	-2.15827	235.999	0	-3.17994e-08	4698
LOKI	-2.66316e-07	1.33238	1.92792	0	-0.9861	0.00581785	6.67168e-05	3.11141	-2.17639	-2.05388e-06	-0.00291367	0.00194245	180	0	0.0444779	256.34	6.02529e-09	1555.7	200.462	0	-1088.19	180	0	-0.00202852	123.001	0	-2.15827	235.999	0	-3.17994e-08	4740
LOKI	-2.66316e-07	1.33238	1.92792	0	-0.9861	0.00581785	6.67148e-05	3.11141	-2.17639	-2.0592e-06	-0.00289751	0.00193168	180	0	0.0444765	256.34	-2.6265e-07	1555.7	200.462	0	-1088.19	180	0	-0.00203378	123.001	0	-2.14631	235.999	0	-2.5938e-08	4784
LOKI	-2.66316e-07	1.33238	1.92792	0	-0.9861	0.00581785	6.67168e-05	3.11141	-2.17639	-2.06288e-06	-0.00291354	0.00194236	180	0	0.0444778	256.34	-2.49648e-07	1555.7	200.462	0	-1088.19	180	0	-0.00203741	123.001	0	-2.15818	235.999	0	-5.23932e-08	4819
LOKI	-2.66316e-07	1.33238	1.92792	0	-0.9861	0.00581785	6.67154e-05	3.11141	-2.17639	-2.06742e-06	-0.0028975	0.00193167	180	0	0.0444769	256.34	-1.63867e-07	1555.7	200.462	0	-1088.19	180	0	-0.0020419	123.001	0	-2.1463	235.999	0	6.45592e-08	4859
LOKI	-2.66316e-07	1.33238	1.92792	0	-0.9861	0.00581785	6.67175e-05	3.11137	-2.17639	-2.07163e-06	-0.0029136	0.0019424	180	0	0.0444783	256.34	1.52363e-07	1555.69	200.462	0	-1088.19	180	0	-0.00204605	123.001	0	-2.15822	235.999	0	-1.53371e-07	4898
LOKI	-2.66316e-07	1.33238	1.92792	0	-0.9861	0.00581785	6.67175e-05	3.11137	-2.17639	-2.07163e-06	-0.0029136	0.0019424	180	0	0.0444783	256.34	1.52363e-07	1555.69	200.462	0	-1088.19	180	0	-0.00204605	123.001	0	-2.15822	235.999	0	-1.53371e-07	4940
LOKI	-2.66316e-07	1.33238	1.92792	0	-0.9861	0.00581785	6.6716e-05	3.11137	-2.17639	-2.07636e-06	-0.00291361	0.0019424	180	0	0.0444774	256.34	1.80315e-07	1555.69	200.462	0	-1088.19	180	0	-0.00205073	123.001	0	-2.15823	235.999	0	-7.51718e-08	4978
LOKI	-2.66316e-07	1.33238	1.92792	0	-0.9861	0.00581785	6.67179e-05	3.11137	-2.17639	-2.07918e-06	-0.00289754	0.00193169	180	0	0.0444786	256.34	-6.99136e-08	1555.69	200.462	0	-1088.19	180	0	-0.00205351	123.001	0	-2.14632	235.999	0	1.13117e-07	5015
LOKI	-2.66316e-07	1.33238	1.92792	0	-0.9861	0.00581785	6.67174e-05	3.11137	-2.17639	-2.08408e-06	-0.00289763	0.00193175	180	0	0.0444783	256.34	7.6423e-08	1555.69	200.462	0	-1088.19	180	0	-0.00205835	123.001	0	-2.14639	235.999	0	1.02129e-08	5054
LOKI	-2.66316e-07	1.33238	1.92792	0	-0.9861	0.00581785	6.67165e-05	3.11137	-2.17639	-2.08844e-06	-0.00291355	0.00194237	180	0	0.0444777	256.34	1.29778e-07	1555.69	200.462	0	-1088.19	180	0	-0.00206265	123.001	0	-2.15818	235.999	0	3.63401e-08	5095
LOKI	-2.66316e-07	1.33238	1.92792	0	-0.9861	0.00581785	6.67164e-05	3.11137	-2.17639	-2.08866e-06	-0.00291354	0.00194236	180	0	0.0444776	256.34	-1.45157e-07	1555.69	200.462	0	-1088.19	180	0	-0.00206287	123.001	0	-2.15818	235.999	0	1.17581e-08	5130
LOKI	-2.66316e-07	1.33238	1.92792	0	-0.9861	0.00581785	6.6719e-05	3.11141	-2.17639	-2.09166e-06	-0.00291354	0.00194236	180	0	0.0444794	256.34	-1.7712e-07	1555.7	200.462	0	-1088.19	180	0	-0.00206583	123.001	0	-2.15818	235.999	0	3.27451e-08	5168
LOKI	-2.66316e-07	1.33238	1.92792	0	-0.9861	0.00581785	6.6717e-05	3.11137	-2.17639	-2.09673e-06	-0.00289751	0.00193168	180	0	0.044478	256.34	-1.77283e-07	1555.69	200.462	0	-1088.19	180	0	-0.00207084	123.001	0	-2.14631	235.999	0	3.81245e-08	5207
LOKI	-2.66316e-07	1.33238	1.92792	0	-0.9861	0.00581785	6.67181e-05	3.11137	-2.17639	-2.10002e-06	-0.00291362	0.00194242	180	0	0.0444788	256.34	2.94137e-07	1555.69	200.462	0	-1088.19	180	0	-0.0020741	123.001	0	-2.15824	235.999	0	1.23106e-07	5251
LOKI	-2.66316e-07	1.33238	1.92792	0	-0.9861	0.00581785	6.67181e-05	3.11137	-2.17639	-2.10002e-06	-0.00291362	0.00194242	180	0	0.0444788	256.34	2.94137e-07	1555.69	200.462	0	-1088.19	180	0	-0.0020741	123.001	0	-2.15824	235.999	0	1.23106e-07	5290
LOKI	-2.66316e-07	1.33238	1.92792	0	-0.9861	0.00581785	6.67183e-05	3.11137	-2.17639	-2.1044e-06	-0.00291359	0.00194239	180	0	0.0444789	256.34	6.11327e-08	1555.69	200.462	0	-1088.19	180	0	-0.00207842	123.001	0	-2.15821	235.999	0	2.81751e-08	5328
LOKI	-2.66316e-07	1.33238	1.92792	0	-0.9861	0.00581785	6.67164e-05	3.11137	-2.17639	-2.10921e-06	-0.00291383	0.00194255	180	0	0.0444776	256.34	-3.69438e-07	1555.69	200.462	0	-1088.19	180	0	-0.00208317	123.001	0	-2.15839	235.999	0	3.55285e-08	5372
LOKI	-2.66316e-07	1.33238	1.92792	0	-0.9861	0.00581785	6.67187e-05	3.11141	-2.17639	-2.11181e-06	-0.00291347	0.00194231	180	0	0.0444791	256.34	1.21994e-07	1555.7	200.462	0	-1088.19	180	0	-0.00208574	123.001	0	-2.15813	235.999	0	1.87896e-07	5411
LOKI	-2.66316e-07	1.33238	1.92792	0	-0.9861	0.00581785	6.67187e-05	3.11141	-2.17639	-2.11181e-06	-0.00291347	0.00194231	180	0	0.0444791	256.34	1.21994e-07	1555.7	200.462	0	-1088.19	180	0	-0.00208574	123.001	0	-2.15813	235.999	0	1.87896e-07	5447
LOKI	-2.66316e-07	1.33238	1.92792	0	-0.9861	0.00581785	6.67184e-05	3.11141	-2.17639	-2.11674e-06	-0.00291352	0.00194235	180	0	0.0444789	256.34	-9.76632e-08	1555.7	200.462	0	-1088.19	180	0	-0.00209061	123.001	0	-2.15816	235.999	0	-2.62345e-08	5481
LOKI	-2.66316e-07	1.33238	1.92792	0	-0.9861	0.00581785	6.67181e-05	3.11141	-2.17639	-2.1206e-06	-0.00289769	0.00193179	180	0	0.0444787	256.34	2.00318e-07	1555.7	200.462	0	-1088.19	180	0	-0.00209442	123.001	0	-2.14644	235.999	0	3.10829e-08	5521
LOKI	-2.66316e-07	1.33238	1.92792	0	-0.9861	0.00581785	6.67199e-05	3.11137	-2.17639	-2.12297e-06	-0.00291346	0.00194231	180	0	0.0444799	256.34	4.06477e-07	1555.69	200.462	0	-1088.19	180	0	-0.00209676	123.001	0	-2.15812	235.999	0	2.50132e-07	5555
LOKI	-2.66316e-07	1.33238	1.92792	0	-0.9861	0.00581785	6.67179e-05	3.11137	-2.17639	-2.12912e-06	-0.00291348	0.00194232	180	0	0.0444786	256.34	1.02965e-07	1555.69	200.462	0	-1088.19	180	0	-0.00210284	123.001	0	-2.15813	235.999	0	-1.30258e-07	5594
LOKI	-2.66316e-07	1.33238	1.92792	0	-0.9861	0.00581785	6.67168e-05	3.11137	-2.17639	-2.13356e-06	-0.0028976	0.00193173	180	0	0.0444779	256.34	4.44297e-07	1555.69	200.462	0	-1088.19	180	0	-0.00210722	123.001	0	-2.14637	235.999	0	-1.50949e-07	5630
LOKI	-2.66316e-07	1.33238	1.92792	0	-0.9861	0.00581785	6.67168e-05	3.11137	-2.17639	-2.13356e-06	-0.0028976	0.00193173	180	0	0.0444779	256.34	4.44297e-07	1555.69	200.462	0	-1088.19	180	0	-0.00210722	123.001	0	-2.14637	235.999	0	-1.50949e-07	5663
LOKI	-2.66316e-07	1.33238	1.92792	0	-0.9861	0.00581785	6.6717e-05	3.11141	-2.17639	-2.13702e-06	-0.00289748	0.00193166	180	0	0.044478	256.34	-2.70888e-09	1555.7	200.462	0	-1088.19	180	0	-0.00211064	123.001	0	-2.14628	235.999	0	-6.82229e-08	5705
LOKI	-2.66316e-07	1.33238	1.92792	0	-0.9861	0.00581785	6.67191e-05	3.11137	-2.17639	-2.14016e-06	-0.00291343	0.00194229	180	0	0.0444794	256.34	1.9164e-07	1555.69	200.462	0	-1088.19	180	0	-0.00211374	123.001	0	-2.1581	235.999	0	-1.29811e-07	5739
LOKI	-2.66316e-07	1.33238	1.92792	0	-0.9861	0.00581785	6.67181e-05	3.11137	-2.17639	-2.14396e-06	-0.0029135	0.00194234	180	0	0.0444787	256.34	2.84152e-08	1555.69	200.462	0	-1088.19	180	0	-0.00211749	123.001	0	-2.15815	235.999	0	7.9693e-09	5782
LOKI	-2.66316e-07	1.33238	1.92792	0	-0.9861	0.00581785	6.6718e-05	3.11137	-2.17639	-2.1474e-06	-0.00289746	0.00193164	180	0	0.0444787	256.34	-5.54363e-08	1555.69	200.462	0	-1088.19	180	0	-0.00212088	123.001	0	-2.14627	235.999	0	9.67874e-08	5820
LOKI	-2.66316e-07	1.33238	1.92792	0	-0.9861	0.00581785	6.6718e-05	3.11137	-2.17639	-2.1474e-06	-0.00289746	0.00193164	180	0	0.0444787	256.34	-5.54363e-08	1555.69	200.462	0	-1088.19	180	0	-0.00212088	123.001	0	-2.14627	235.999	0	9.67874e-08	5862
LOKI	-2.66316e-07	1.33238	1.92792	0	-0.9861	0.00581785	6.67209e-05	3.11137	-2.17639	-2.14986e-06	-0.00289744	0.00193162	180	0	0.0444806	256.34	4.52527e-07	1555.69	200.462	0	-1088.19	180	0	-0.00212332	123.001	0	-2.14625	235.999	0	9.77688e-08	5901
LOKI	-2.66316e-07	1.33238	1.92792	0	-0.9861	0.00581785	6.67193e-05	3.11141	-2.17639	-2.15462e-06	-0.00291351	0.00194234	180	0	0.0444795	256.34	7.56505e-08	1555.7	200.462	0	-1088.19	180	0	-0.00212802	123.001	0	-2.15815	235.999	0	1.64304e-08	5941
LOKI	-2.66316e-07	1.33238	1.92792	0	-0.9861	0.00581785	6.67168e-05	3.11137	-2.17639	-2.15937e-06	-0.00291378	0.00194252	180	0	0.0444779	256.34	-2.83058e-07	1555.69	200.462	0	-1088.19	180	0	-0.00213271	123.001	0	-2.15835	235.999	0	2.58373e-08	5982
LOKI	-2.66316e-07	1.33238	1.92792	0	-0.9861	0.00581785	6.67168e-05	3.11137	-2.17639	-2.15937e-06	-0.00291378	0.00194252	180	0	0.0444779	256.34	-2.83058e-07	1555.69	200.462	0	-1088.19	180	0	-0.00213271	123.001	0	-2.15835	235.999	0	2.58373e-08	6019
LOKI	-2.66316e-07	1.33238	1.92792	0	-0.9861	0.00581785	6.67194e-05	3.11141	-2.17639	-2.16151e-06	-0.00291349	0.00194233	180	0	0.0444796	256.34	3.44931e-07	1555.7	200.462	0	-1088.19	180	0	-0.00213482	123.001	0	-2.15814	235.999	0	1.26222e-07	6055
LOKI	-2.66316e-07	1.33238	1.92792	0	-0.9861	0.00581785	6.67203e-05	3.11137	-2.17639	-2.16572e-06	-0.00291354	0.00194236	180	0	0.0444802	256.34	-5.74331e-09	1555.69	200.462	0	-1088.19	180	0	-0.00213898	123.001	0	-2.15818	235.999	0	-1.43715e-07	6094
LOKI	-2.66316e-07	1.33238	1.92792	0	-0.9861	0.00581785	6.67179e-05	3.11137	-2.17639	-2.17047e-06	-0.00291366	0.00194244	180	0	0.0444786	256.34	-8.33342e-08	1555.69	200.462	0	-1088.19	180	0	-0.00214367	123.001	0	-2.15827	235.999	0	-1.72256e-07	6136
LOKI	-2.66316e-07	1.33238	1.92792	0	-0.9861	0.00581785	6.6718e-05	3.11137	-2.17639	-2.17319e-06	-0.00291353	0.00194235	180	0	0.0444786	256.34	3.07743e-07	1555.69	200.462	0	-1088.19	180	0	-0.00214636	123.001	0	-2.15817	235.999	0	6.41804e-08	6176
LOKI	-2.66316e-07	1.33238	1.92792	0	-0.9861	0.00581785	6.6718e-05	3.11137	-2.17639	-2.17319e-06	-0.00291353	0.00194235	180	0	0.0444786	256.34	3.07743e-07	1555.69	200.462	0	-1088.19	180	0	-0.00214636	123.001	0	-2.15817	235.999	0	6.41804e-08	6212
LOKI	-2.66316e-07	1.33238	1.92792	0	-0.9861	0.00581785	6.67184e-05	3.11141	-2.17639	-2.17649e-06	-0.00291372	0.00194248	180	0	0.0444789	256.34	-2.97342e-07	1555.7	200.462	0	-1088.19	180	0	-0.00214962	123.001	0	-2.15831	235.999	0	7.69301e-08	6250
LOKI	-2.66316e-07	1.33238	1.92792	0	-0.9861	0.00581785	6.6721e-05	3.11141	-2.17639	-2.17916e-06	-0.00291348	0.00194232	180	0	0.0444807	256.34	-2.87359e-08	1555.7	200.462	0	-1088.19	180	0	-0.00215226	123.001	0	-2.15813	235.999	0	-5.29915e-09	6290
LOKI	-2.66316e-07	1.33238	1.92792	0	-0.9861	0.00581785	6.67191e-05	3.11137	-2.17639	-2.18351e-06	-0.0029136	0.0019424	180	0	0.0444794	256.34	1.27604e-07	1555.69	200.462	0	-1088.19	180	0	-0.00215655	123.001	0	-2.15822	235.999	0	-1.44542e-09	6333
LOKI	-2.66316e-07	1.33238	1.92792	0	-0.9861	0.00581785	6.67196e-05	3.11142	-2.17639	-2.18616e-06	-0.00292028	0.00194685	180	0	0.0444798	256.34	-7.06147e-07	1555.71	200.462	0	-1088.19	180	0	-0.00215917	123.001	0	-2.16317	235.999	0	9.62887e-08	6374
LOKI	-2.66316e-07	1.33238	1.92792	0	-0.9861	0.00581785	6.67182e-05	3.11141	-2.17639	-2.18775e-06	-0.00291358	0.00194238	180	0	0.0444788	256.34	4.68131e-08	1555.7	200.462	0	-1088.19	180	0	-0.00216074	123.001	0	-2.15821	235.999	0	-1.25123e-07	6412
LOKI	-2.66316e-07	1.33238	1.92792	0	-0.9861	0.00581785	6.67179e-05	3.11137	-2.17639	-2.19092e-06	-0.00289747	0.00193165	180	0	0.0444786	256.34	-1.14877e-07	1555.69	200.462	0	-1088.19	180	0	-0.00216387	123.001	0	-2.14627	235.999	0	-1.51076e-08	6447
LOKI	-2.66316e-07	1.33238	1.92792	0	-0.9861	0.00581785	6.67205e-05	3.11137	-2.17639	-2.19232e-06	-0.00291365	0.00194243	180	0	0.0444804	256.34	-3.58601e-07	1555.69	200.462	0	-1088.19	180	0	-0.00216525	123.001	0	-2.15826	235.999	0	2.4607e-07	6484
LOKI	-2.66316e-07	1.33238	1.92792	0	-0.9861	0.00581785	6.67201e-05	3.11137	-2.17639	-2.1974e-06	-0.00291361	0.00194241	180	0	0.04448	256.34	1.53269e-07	1555.69	200.462	0	-1088.19	180	0	-0.00217027	123.001	0	-2.15823	235.999	0	-1.76243e-07	6528
LOKI	-2.66316e-07	1.33238	1.92792	0	-0.9861	0.00581785	6.67201e-05	3.11137	-2.17639	-2.1974e-06	-0.00291361	0.00194241	180	0	0.04448	256.34	1.53269e-07	1555.69	200.462	0	-1088.19	180	0	-0.00217027	123.001	0	-2.15823	235.999	0	-1.76243e-07	6567
LOKI	-2.66316e-07	1.33238	1.92792	0	-0.9861	0.00581785	6.67189e-05	3.11137	-2.17639	-2.20045e-06	-0.00289745	0.00193163	180	0	0.0444793	256.34	1.04597e-07	1555.69	200.462	0	-1088.19	180	0	-0.00217329	123.001	0	-2.14626	235.999	0	4.71443e-08	6606
LOKI	-2.66316e-07	1.33238	1.92792	0	-0.9861	0.00581785	6.67184e-05	3.11137	-2.17639	-2.20354e-06	-0.00291349	0.00194233	180	0	0.044479	256.34	-4.6335e-07	1555.69	200.462	0	-1088.19	180	0	-0.00217633	123.001	0	-2.15814	235.999	0	1.85961e-07	6647
LOKI	-2.66316e-07	1.33238	1.92792	0	-0.9861	0.00581785	6.67185e-05	3.11141	-2.17639	-2.20792e-06	-0.00289752	0.00193168	180	0	0.044479	256.34	8.76636e-08	1555.7	200.462	0	-1088.19	180	0	-0.00218066	123.001	0	-2.14631	235.999	0	-1.27862e-07	6688
LOKI	-2.66316e-07	1.33238	1.92792	0	-0.9861	0.00581785	6.67214e-05	3.11137	-2.17639	-2.20851e-06	-0.00289746	0.00193164	180	0	0.0444809	256.34	-2.70416e-07	1555.69	200.462	0	-1088.19	180	0	-0.00218125	123.001	0	-2.14627	235.999	0	2.71982e-07	6725
LOKI	-2.66316e-07	1.33238	1.92792	0	-0.9861	0.00581785	6.67214e-05	3.11137	-2.17639	-2.20851e-06	-0.00289746	0.00193164	180	0	0.0444809	256.34	-2.70416e-07	1555.69	200.462	0	-1088.19	180	0	-0.00218125	123.001	0	-2.14627	235.999	0	2.71982e-07	6764
LOKI	-2.66316e-07	1.33238	1.92792	0	-0.9861	0.00581785	6.67209e-05	3.11141	-2.17639	-2.21306e-06	-0.00291373	0.00194249	180	0	0.0444806	256.34	-3.16879e-07	1555.7	200.462	0	-1088.19	180	0	-0.00218574	123.001	0	-2.15832	235.999	0	-6.50038e-09	6807
LOKI	-2.66316e-07	1.33238	1.92792	0	-0.9861	0.00581785	6.67192e-05	3.11141	-2.17639	-2.21664e-06	-0.00291349	0.00194233	180	0	0.0444795	256.34	2.64592e-07	1555.7	200.462	0	-1088.19	180	0	-0.00218927	123.001	0	-2.15814	235.999	0	9.46114e-08	6845
LOKI	-1.33158e-06	1.33238	1.92792	-7.98948e-07	-0.9861	0.00581776	0.00132545	3.11151	-2.1765	0.000575474	-0.00289688	0.00189677	180	0	0.88363	256.34	-0.00013653	1555.75	200.462	0	-1088.25	180	0	0.568369	123.001	0	-2.12668	235.999	0	0.0191594	6883
LOKI	-1.33158e-06	1.33238	1.92792	-7.98948e-07	-0.9861	0.00581776	0.00132545	3.11151	-2.1765	0.000575474	-0.00289688	0.00189677	180	0	0.88363	256.34	-0.00013653	1555.75	200.462	0	-1088.25	180	0	0.568369	123.001	0	-2.12668	235.999	0	0.0191594	6913
LOKI	-2.13053e-06	1.33238	1.92792	-1.19842e-06	-0.9861	0.00581785	0.000714516	3.11138	-2.1764	0.000161962	-0.00287479	0.00196996	180	0	0.476344	256.34	0.000109126	1555.69	200.462	0	-1088.2	180	0	0.159962	123.001	0	-2.15916	235.999	0	-0.0296884	6958
LOKI	-1.5979e-06	1.33238	1.92792	-5.99211e-07	-0.9861	0.00581785	-0.000308337	3.11128	-2.17629	-0.000228843	-0.00290689	0.00199365	180	0	-0.205558	256.34	0.000186592	1555.64	200.462	0	-1088.14	180	0	-0.226018	123.001	0	-2.18421	235.999	0	-0.0309575	6995
LOKI	0	1.33238	1.92792	1.99737e-07	-0.9861	0.00581785	-0.000833922	3.1113	-2.17631	-0.00036451	-0.00291054	0.00196644	180	0	-0.555948	256.34	7.77868e-05	1555.65	200.462	0	-1088.15	180	0	-0.36001	123.001	0	-2.17044	235.999	0	-0.0144911	7038
LOKI	1.06526e-06	1.33238	1.92792	7.98948e-07	-0.9861	0.00581785	-0.000769747	3.11137	-2.17639	-0.000280203	-0.00290544	0.00193409	180	0	-0.513165	256.34	-6.46839e-05	1555.69	200.462	0	-1088.19	180	0	-0.276743	123.001	0	-2.15059	235.999	0	0.00159258	7077
LOKI	1.06526e-06	1.33238	1.92792	7.98948e-07	-0.9861	0.00581785	-0.000769747	3.11137	-2.17639	-0.000280203	-0.00290544	0.00193409	180	0	-0.513165	256.34	-6.46839e-05	1555.69	200.462	0	-1088.19	180	0	-0.276743	123.001	0	-2.15059	235.999	0	0.00159258	7117
LOKI	1.5979e-06	1.33238	1.92792	7.98948e-07	-0.9861	0.00581785	-0.000387877	3.11144	-2.17645	-0.00010954	-0.00290259	0.00191906	180	0	-0.258584	256.34	-0.000123561	1555.72	200.462	0	-1088.23	180	0	-0.108187	123.001	0	-2.14117	235.999	0	0.00889062	7158
LOKI	1.33158e-06	1.33238	1.92792	5.99211e-07	-0.9861	0.00581785	-7.87274e-06	3.11145	-2.17647	2.90582e-05	-0.00289133	0.00191381	180	0	-0.00524849	256.34	-8.39013e-05	1555.72	200.462	0	-1088.23	180	0	0.0286994	123.001	0	-2.13409	235.999	0	0.00763565	7196
LOKI	5.32632e-07	1.33238	1.92792	1.99737e-07	-0.9861	0.00581785	0.000198019	3.11141	-2.17642	8.71465e-05	-0.00289916	0.00192878	180	0	0.132013	256.34	-2.13708e-06	1555.7	200.462	0	-1088.21	180	0	0.0860706	123.001	0	-2.14531	235.999	0	0.00221933	7240
LOKI	5.32632e-07	1.33238	1.92792	1.99737e-07	-0.9861	0.00581785	0.000198019	3.11141	-2.17642	8.71465e-05	-0.00289916	0.00192878	180	0	0.132013	256.34	-2.13708e-06	1555.7	200.462	0	-1088.21	180	0	0.0860706	123.001	0	-2.14531	235.999	0	0.00221933	7277
LOKI	2.66316e-07	1.33238	1.92792	0	-0.9861	0.00581785	0.000205527	3.11137	-2.17639	7.00013e-05	-0.00290389	0.0019419	180	0	0.137018	256.34	6.05e-05	1555.69	200.462	0	-1088.19	180	0	0.0691371	123.001	0	-2.15435	235.999	0	-0.00331985	7319
LOKI	0	1.33238	1.92792	0	-0.9861	0.00581785	9.42657e-05	3.11134	-2.17635	1.80881e-05	-0.00291891	0.00195722	180	0	0.0628438	256.34	7.26108e-05	1555.67	200.462	0	-1088.17	180	0	0.0178647	123.001	0	-2.16842	235.999	0	-0.00627003	7362
LOKI	0	1.33238	1.92792	0	-0.9861	0.00581785	-3.44458e-05	3.11135	-2.17636	-3.02582e-05	-0.00291289	0.0019534	180	0	-0.0229639	256.34	3.97156e-05	1555.68	200.462	0	-1088.18	180	0	-0.0298847	123.001	0	-2.16407	235.999	0	-0.00637359	7400
LOKI	0	1.33238	1.92792	0	-0.9861	0.00581785	1.09598e-05	3.11139	-2.1764	1.51717e-05	-0.00290802	0.00193991	180	0	0.00730653	256.34	-2.82623e-05	1555.69	200.462	0	-1088.2	180	0	0.0149844	123.001	0	-2.15477	235.999	0	-0.000680903	7437
LOKI	0	1.33238	1.92792	0	-0.9861	0.00581785	1.07989e-06	3.11139	-2.1764	-2.23032e-05	-0.00289378	0.00194805	180	0	0.000719929	256.34	-2.82235e-05	1555.69	200.462	0	-1088.2	180	0	-0.0220278	123.001	0	-2.15402	235.999	0	-0.0104754	7474
LOKI	0	1.33238	1.92792	1.99737e-07	-0.9861	0.00581785	-0.000151255	3.11137	-2.17639	-0.000115128	-0.00288634	0.00195868	180	0	-0.100837	256.34	-2.05701e-06	1555.69	200.462	0	-1088.2	180	0	-0.113706	123.001	0	-2.15717	235.999	0	-0.0191411	7503
LOKI	5.32632e-07	1.33238	1.92792	3.99474e-07	-0.9861	0.00581785	-0.000443144	3.11137	-2.17638	-0.00022114	-0.00289393	0.00195866	180	0	-0.295429	256.34	1.39495e-05	1555.68	200.462	0	-1088.19	180	0	-0.21841	123.001	0	-2.15997	235.999	0	-0.016315	7545
LOKI	1.06526e-06	1.33238	1.92792	7.98948e-07	-0.9861	0.00581785	-0.000463353	3.11138	-2.17639	-0.000199125	-0.00290133	0.00194712	180	0	-0.308902	256.34	-1.51088e-05	1555.69	200.462	0	-1088.2	180	0	-0.196666	123.001	0	-2.1563	235.999	0	-0.00716791	7582
LOKI	1.06526e-06	1.33238	1.92792	7.98948e-07	-0.9861	0.00581785	-0.000247653	3.1114	-2.17641	-9.78383e-05	-0.00290508	0.00193784	180	0	-0.165102	256.34	-4.14204e-05	1555.7	200.462	0	-1088.2	180	0	-0.0966304	123.001	0	-2.15253	235.999	0	-0.000624751	7625
LOKI	1.06526e-06	1.33238	1.92792	7.98948e-07	-0.9861	0.00581785	-0.000247653	3.1114	-2.17641	-9.78383e-05	-0.00290508	0.00193784	180	0	-0.165102	256.34	-4.14204e-05	1555.7	200.462	0	-1088.2	180	0	-0.0966304	123.001	0	-2.15253	235.999	0	-0.000624751	7665
LOKI	7.98948e-07	1.33238	1.92792	5.99211e-07	-0.9861	0.00581785	2.04009e-05	3.11142	-2.17641	3.42173e-06	-0.00289144	0.00192699	180	0	0.0136006	256.34	-3.41658e-05	1555.71	200.462	0	-1088.2	180	0	0.00337949	123.001	0	-2.14145	235.999	0	0.00035743	7704
LOKI	5.32632e-07	1.33238	1.92792	3.99474e-07	-0.9861	0.00581785	0.000199765	3.11141	-2.17642	5.84338e-05	-0.00289334	0.001933	180	0	0.133177	256.34	-4.32584e-06	1555.7	200.462	0	-1088.21	180	0	0.0577124	123.001	0	-2.1455	235.999	0	-0.00228203	7743
LOKI	0	1.33238	1.92792	1.99737e-07	-0.9861	0.00581785	0.000247239	3.11139	-2.17638	6.14213e-05	-0.00289417	0.00193978	180	0	0.164826	256.34	2.39888e-05	1555.7	200.462	0	-1088.19	180	0	0.060663	123.001	0	-2.14957	235.999	0	-0.00574208	7783
LOKI	-2.66316e-07	1.33238	1.92792	0	-0.9861	0.00581785	0.000193298	3.11136	-2.17637	2.97234e-05	-0.00290855	0.0019538	180	0	0.128865	256.34	3.17538e-05	1555.68	200.462	0	-1088.18	180	0	0.0293564	123.001	0	-2.16269	235.999	0	-0.00820761	7819
LOKI	-2.66316e-07	1.33238	1.92792	0	-0.9861	0.00581785	0.000193298	3.11136	-2.17637	2.97234e-05	-0.00290855	0.0019538	180	0	0.128865	256.34	3.17538e-05	1555.68	200.462	0	-1088.18	180	0	0.0293564	123.001	0	-2.16269	235.999	0	-0.00820761	7861
LOKI	-2.66316e-07	1.33238	1.92792	0	-0.9861	0.00581785	8.23653e-05	3.11136	-2.17637	-2.20041e-05	-0.00290458	0.00195454	180	0	0.0549102	256.34	2.41073e-05	1555.68	200.462	0	-1088.19	180	0	-0.0217324	123.001	0	-2.16163	235.999	0	-0.010084	7895
LOKI	-2.66316e-07	1.33238	1.92792	0	-0.9861	0.00581785	9.58751e-05	3.11138	-2.1764	2.03976e-05	-0.00291068	0.00193997	180	0	0.0639167	256.34	-2.03063e-05	1555.69	200.462	0	-1088.2	180	0	0.0201458	123.001	0	-2.15579	235.999	0	0.000265197	7932
LOKI	-2.66316e-07	1.33238	1.92792	0	-0.9861	0.00581785	0.000232296	3.1114	-2.17641	8.1306e-05	-0.00290849	0.00193457	180	0	0.154864	256.34	-4.53676e-05	1555.7	200.462	0	-1088.21	180	0	0.0803022	123.001	0	-2.15198	235.999	0	0.00245801	7969
LOKI	-5.32632e-07	1.33238	1.92792	-1.99737e-07	-0.9861	0.00581785	0.000331026	3.11142	-2.17644	0.000113935	-0.00289202	0.00192711	180	0	0.220684	256.34	-3.20364e-05	1555.71	200.462	0	-1088.22	180	0	0.112528	123.001	0	-2.14173	235.999	0	0.000500659	8009
LOKI	-5.32632e-07	1.33238	1.92792	-1.99737e-07	-0.9861	0.00581785	0.000331026	3.11142	-2.17644	0.000113935	-0.00289202	0.00192711	180	0	0.220684	256.34	-3.20364e-05	1555.71	200.462	0	-1088.22	180	0	0.112528	123.001	0	-2.14173	235.999	0	0.000500659	8045
LOKI	-7.98948e-07	1.33238	1.92792	-1.99737e-07	-0.9861	0.00581785	0.000288306	3.1114	-2.17642	8.21677e-05	-0.00289218	0.00193615	180	0	0.192204	256.34	5.39516e-06	1555.7	200.462	0	-1088.21	180	0	0.0811533	123.001	0	-2.14681	235.999	0	-0.00446227	8081
LOKI	-7.98948e-07	1.33238	1.92792	-1.99737e-07	-0.9861	0.00581785	0.000128754	3.11139	-2.17637	1.15745e-05	-0.00289336	0.0019429	180	0	0.0858362	256.34	3.4248e-05	1555.69	200.462	0	-1088.18	180	0	0.0114316	123.001	0	-2.15101	235.999	0	-0.00777299	8111
LOKI	-5.32632e-07	1.33238	1.92792	0	-0.9861	0.00581785	-4.59784e-05	3.11136	-2.17637	-5.35878e-05	-0.00290923	0.00195393	180	0	-0.0306523	256.34	3.38558e-05	1555.68	200.462	0	-1088.18	180	0	-0.0529262	123.001	0	-2.16301	235.999	0	-0.00802565	8153
LOKI	-5.32632e-07	1.33238	1.92792	0	-0.9861	0.00581785	-4.59784e-05	3.11136	-2.17637	-5.35878e-05	-0.00290923	0.00195393	180	0	-0.0306523	256.34	3.38558e-05	1555.68	200.462	0	-1088.18	180	0	-0.0529262	123.001	0	-2.16301	235.999	0	-0.00802565	8183
LOKI	2.66316e-07	1.33238	1.92792	5.99211e-07	-0.9861	0.00581785	-0.000936256	3.1113	-2.17631	-0.000515805	-0.00289122	0.00199144	180	0	-0.624171	256.34	0.00014003	1555.65	200.462	0	-1088.16	180	0	-0.509437	123.001	0	-2.17718	235.999	0	-0.0355334	8221
LOKI	1.86421e-06	1.33238	1.92792	1.39816e-06	-0.9861	0.00581794	-0.00122982	3.11133	-2.17634	-0.000508771	-0.00293556	0.00195747	180	0	-0.819879	256.34	2.05781e-05	1555.67	200.462	0	-1088.17	180	0	-0.502489	123.001	0	-2.17473	235.999	0	-0.000241668	8263
LOKI	2.66316e-06	1.33238	1.92792	1.5979e-06	-0.9861	0.00581785	-0.000710237	3.1114	-2.17641	-0.000249204	-0.00291938	0.00191178	180	0	-0.473491	256.34	-0.000116979	1555.7	200.462	0	-1088.21	180	0	-0.246127	123.001	0	-2.14335	235.999	0	0.0191516	8304
LOKI	2.13053e-06	1.33238	1.92792	1.19842e-06	-0.9861	0.00581785	2.18635e-05	3.11148	-2.17646	3.22137e-05	-0.00291849	0.00190434	180	0	0.0145757	256.34	-0.00013837	1555.74	200.462	0	-1088.23	180	0	0.031816	123.001	0	-2.13889	235.999	0	0.0229544	8343
LOKI	2.13053e-06	1.33238	1.92792	1.19842e-06	-0.9861	0.00581785	2.18635e-05	3.11148	-2.17646	3.22137e-05	-0.00291849	0.00190434	180	0	0.0145757	256.34	-0.00013837	1555.74	200.462	0	-1088.23	180	0	0.031816	123.001	0	-2.13889	235.999	0	0.0229544	8372
LOKI	7.98948e-07	1.33238	1.92792	5.99211e-07	-0.9861	0.00581776	0.000555782	3.11144	-2.17645	0.000204164	-0.00290769	0.00190833	180	0	0.370521	256.34	-6.12318e-05	1555.72	200.462	0	-1088.23	180	0	0.201644	123.001	0	-2.13711	235.999	0	0.0167395	8415
LOKI	-2.66316e-07	1.33238	1.92792	0	-0.9861	0.00581776	0.000756386	3.11139	-2.1764	0.000242224	-0.00291342	0.00192818	180	0	0.504257	256.34	3.27287e-05	1555.69	200.462	0	-1088.2	180	0	0.239234	123.001	0	-2.15026	235.999	0	0.00783261	8446
LOKI	-1.06526e-06	1.33238	1.92792	-3.99474e-07	-0.9861	0.00581776	0.00069907	3.11136	-2.17638	0.00019467	-0.00291408	0.00194015	180	0	0.466047	256.34	7.82622e-05	1555.68	200.462	0	-1088.19	180	0	0.192267	123.001	0	-2.15715	235.999	0	0.00142737	8481
LOKI	-1.5979e-06	1.33238	1.92792	-5.99211e-07	-0.9861	0.00581785	0.000755902	3.11137	-2.17638	0.00028937	-0.00294313	0.00192662	180	0	0.503935	256.34	5.12098e-06	1555.69	200.462	0	-1088.19	180	0	0.285797	123.001	0	-2.16039	235.999	0	0.0197048	8521
LOKI	-1.5979e-06	1.33238	1.92792	-5.99211e-07	-0.9861	0.00581785	0.000755902	3.11137	-2.17638	0.00028937	-0.00294313	0.00192662	180	0	0.503935	256.34	5.12098e-06	1555.69	200.462	0	-1088.19	180	0	0.285797	123.001	0	-2.16039	235.999	0	0.0197048	8565
LOKI	-2.13053e-06	1.33238	1.92792	-7.98948e-07	-0.9861	0.00581785	0.000705931	3.11137	-2.17639	0.000189557	-0.0029096	0.00194516	180	0	0.470621	256.34	1.7591e-06	1555.69	200.462	0	-1088.19	180	0	0.187217	123.001	0	-2.15827	235.999	0	-0.00301507	8597
LOKI	-1.86421e-06	1.33238	1.92792	-5.99211e-07	-0.9861	0.00581785	0.000365713	3.11137	-2.17638	5.02998e-05	-0.00290715	0.00194918	180	0	0.243809	256.34	9.73523e-06	1555.68	200.462	0	-1088.19	180	0	0.0496788	123.001	0	-2.1596	235.999	0	-0.00615264	8634
LOKI	-1.5979e-06	1.33238	1.92792	-3.99474e-07	-0.9861	0.00581785	0.000135701	3.11138	-2.17639	-1.98216e-05	-0.00290864	0.00194333	180	0	0.0904673	256.34	-1.10448e-05	1555.69	200.462	0	-1088.2	180	0	-0.0195769	123.001	0	-2.1569	235.999	0	-0.00235186	8675
LOKI	-1.06526e-06	1.33238	1.92792	-1.99737e-07	-0.9861	0.00581785	6.22662e-05	3.11142	-2.1764	-2.91789e-05	-0.0029106	0.00193693	180	0	0.0415108	256.34	-2.93344e-05	1555.71	200.462	0	-1088.2	180	0	-0.0288187	123.001	0	-2.15407	235.999	0	0.00192885	8713
LOKI	-1.06526e-06	1.33238	1.92792	-1.99737e-07	-0.9861	0.00581785	6.22662e-05	3.11142	-2.1764	-2.91789e-05	-0.0029106	0.00193693	180	0	0.0415108	256.34	-2.93344e-05	1555.71	200.462	0	-1088.2	180	0	-0.0288187	123.001	0	-2.15407	235.999	0	0.00192885	8754
LOKI	-7.98948e-07	1.33238	1.92792	0	-0.9861	0.00581785	9.79424e-05	3.11142	-2.1764	-4.96999e-06	-0.00289785	0.00192432	180	0	0.065295	256.34	-2.89465e-05	1555.71	200.462	0	-1088.2	180	0	-0.00490863	123.001	0	-2.14235	235.999	0	0.00420681	8791
LOKI	-5.32632e-07	1.33238	1.92792	0	-0.9861	0.00581785	0.000163438	3.11141	-2.17643	2.31963e-05	-0.00290147	0.00192613	180	0	0.108959	256.34	-1.10121e-05	1555.71	200.462	0	-1088.21	180	0	0.0229099	123.001	0	-2.14469	235.999	0	0.00454743	8831
LOKI	-5.32632e-07	1.33238	1.92792	0	-0.9861	0.00581785	0.000204779	3.1114	-2.17641	3.68691e-05	-0.00290427	0.00193006	180	0	0.13652	256.34	1.21474e-05	1555.7	200.462	0	-1088.21	180	0	0.0364139	123.001	0	-2.14791	235.999	0	0.00339891	8865
LOKI	-5.32632e-07	1.33238	1.92792	0	-0.9861	0.00581785	0.000197397	3.11139	-2.17637	3.01571e-05	-0.00290506	0.00193356	180	0	0.131598	256.34	2.74021e-05	1555.7	200.462	0	-1088.19	180	0	0.0297848	123.001	0	-2.15015	235.999	0	0.00174939	8903
LOKI	-5.32632e-07	1.33238	1.92792	0	-0.9861	0.00581785	0.000197397	3.11139	-2.17637	3.01571e-05	-0.00290506	0.00193356	180	0	0.131598	256.34	2.74021e-05	1555.7	200.462	0	-1088.19	180	0	0.0297848	123.001	0	-2.15015	235.999	0	0.00174939	8941
LOKI	-5.32632e-07	1.33238	1.92792	0	-0.9861	0.00581785	0.000154281	3.11139	-2.17637	1.15153e-05	-0.00291946	0.0019452	180	0	0.102854	256.34	2.7691e-05	1555.7	200.462	0	-1088.19	180	0	0.0113732	123.001	0	-2.16195	235.999	0	0.000614909	8975
LOKI	-5.32632e-07	1.33238	1.92792	0	-0.9861	0.00581785	9.63542e-05	3.11136	-2.17638	-1.04055e-05	-0.00291674	0.00194433	180	0	0.0642362	256.34	1.55512e-05	1555.68	200.462	0	-1088.19	180	0	-0.0102771	123.001	0	-2.16046	235.999	0	9.1691e-05	9004
LOKI	-2.66316e-07	1.33238	1.92792	0	-0.9861	0.00581785	4.7733e-05	3.11137	-2.17639	-2.69879e-05	-0.00291437	0.00194245	180	0	0.031822	256.34	1.69864e-06	1555.69	200.462	0	-1088.19	180	0	-0.0266547	123.001	0	-2.15854	235.999	0	0.000255619	9039
LOKI	-2.66316e-07	1.33238	1.92792	0	-0.9861	0.00581785	4.55431e-05	3.11137	-2.17639	-2.76841e-05	-0.00291429	0.00194233	180	0	0.030362	256.34	1.20178e-06	1555.69	200.462	0	-1088.19	180	0	-0.0273423	123.001	0	-2.15844	235.999	0	0.000295213	9073
LOKI	-2.66316e-07	1.33238	1.92792	1.99737e-07	-0.9861	0.00581785	9.92616e-06	3.11138	-2.17639	-4.55099e-05	-0.00291121	0.00194268	180	0	0.00661744	256.34	-4.54759e-06	1555.69	200.462	0	-1088.19	180	0	-0.044948	123.001	0	-2.15749	235.999	0	-0.00104449	9109
LOKI	0	1.33238	1.92792	1.99737e-07	-0.9861	0.00581785	-0.000167426	3.11137	-2.17638	-0.000119537	-0.00291332	0.00194531	180	0	-0.111617	256.34	1.03396e-05	1555.68	200.462	0	-1088.19	180	0	-0.118061	123.001	0	-2.15973	235.999	0	-0.0017168	9153
LOKI	2.66316e-07	1.33238	1.92792	3.99474e-07	-0.9861	0.00581785	-7.48855e-05	3.11138	-2.1764	-5.60707e-05	-0.0029176	0.00193472	180	0	-0.0499237	256.34	-2.17348e-05	1555.69	200.462	0	-1088.2	180	0	-0.0553784	123.001	0	-2.15544	235.999	0	0.00574791	9189
LOKI	2.66316e-07	1.33238	1.92792	1.99737e-07	-0.9861	0.00581785	0.000100864	3.11142	-2.1764	1.40053e-05	-0.00291689	0.00193241	180	0	0.0672425	256.34	-2.93409e-05	1555.71	200.462	0	-1088.2	180	0	0.0138324	123.001	0	-2.15389	235.999	0	0.00677184	9234
LOKI	2.66316e-07	1.33238	1.92792	1.99737e-07	-0.9861	0.00581785	0.000100864	3.11142	-2.1764	1.40053e-05	-0.00291689	0.00193241	180	0	0.0672425	256.34	-2.93409e-05	1555.71	200.462	0	-1088.2	180	0	0.0138324	123.001	0	-2.15389	235.999	0	0.00677184	9272
LOKI	0	1.33238	1.92792	1.99737e-07	-0.9861	0.00581785	0.000217261	3.11141	-2.17639	5.0084e-05	-0.00290147	0.00192609	180	0	0.144841	256.34	-1.10976e-05	1555.71	200.462	0	-1088.2	180	0	0.0494657	123.001	0	-2.14467	235.999	0	0.00457139	9312
LOKI	-2.66316e-07	1.33238	1.92792	0	-0.9861	0.00581785	0.00024029	3.1114	-2.17638	4.91299e-05	-0.00290231	0.00193136	180	0	0.160194	256.34	1.20092e-05	1555.7	200.462	0	-1088.19	180	0	0.0485233	123.001	0	-2.14791	235.999	0	0.0019508	9352
LOKI	-5.32632e-07	1.33238	1.92792	0	-0.9861	0.00581785	0.000196505	3.11139	-2.17638	2.65774e-05	-0.00291788	0.00194483	180	0	0.131003	256.34	2.28557e-05	1555.7	200.462	0	-1088.19	180	0	0.0262493	123.001	0	-2.16115	235.999	0	0.000236172	9391
LOKI	-5.32632e-07	1.33238	1.92792	0	-0.9861	0.00581785	0.000132462	3.11136	-2.17638	1.33228e-06	-0.00291636	0.00194465	180	0	0.0883081	256.34	1.59295e-05	1555.68	200.462	0	-1088.19	180	0	0.00131583	123.001	0	-2.16049	235.999	0	-0.000229261	9424
LOKI	-5.32632e-07	1.33238	1.92792	0	-0.9861	0.00581785	0.000132462	3.11136	-2.17638	1.33228e-06	-0.00291636	0.00194465	180	0	0.0883081	256.34	1.59295e-05	1555.68	200.462	0	-1088.19	180	0	0.00131583	123.001	0	-2.16049	235.999	0	-0.000229261	9457
LOKI	-5.32632e-07	1.33238	1.92792	0	-0.9861	0.00581785	8.51602e-05	3.11137	-2.17639	-1.41785e-05	-0.00291452	0.00194243	180	0	0.0567734	256.34	1.7834e-06	1555.69	200.462	0	-1088.19	180	0	-0.0140034	123.001	0	-2.15858	235.999	0	0.000322646	9501
LOKI	-2.66316e-07	1.33238	1.92792	0	-0.9861	0.00581785	6.88168e-05	3.11138	-2.17639	-1.69692e-05	-0.0029133	0.0019401	180	0	0.0458779	256.34	-1.04365e-05	1555.69	200.462	0	-1088.2	180	0	-0.0167597	123.001	0	-2.15683	235.999	0	0.00116662	9529
LOKI	-2.66316e-07	1.33238	1.92792	0	-0.9861	0.00581785	7.80392e-05	3.11138	-2.17639	-1.09924e-05	-0.00291336	0.00193889	180	0	0.0520261	256.34	-1.44996e-05	1555.69	200.462	0	-1088.2	180	0	-0.0108567	123.001	0	-2.15618	235.999	0	0.0018585	9567
LOKI	-2.66316e-07	1.33238	1.92792	0	-0.9861	0.00581785	9.81607e-05	3.11141	-2.17639	-2.51025e-06	-0.00291427	0.00193914	180	0	0.0654405	256.34	-8.7345e-06	1555.7	200.462	0	-1088.2	180	0	-0.00247926	123.001	0	-2.15666	235.999	0	0.00205825	9601
LOKI	-2.66316e-07	1.33238	1.92792	0	-0.9861	0.00581785	9.81607e-05	3.11141	-2.17639	-2.51025e-06	-0.00291427	0.00193914	180	0	0.0654405	256.34	-8.7345e-06	1555.7	200.462	0	-1088.2	180	0	-0.00247926	123.001	0	-2.15666	235.999	0	0.00205825	9639
LOKI	-2.66316e-07	1.33238	1.92792	0	-0.9861	0.00581785	0.000115607	3.11141	-2.17639	3.63717e-06	-0.00289996	0.00192987	180	0	0.0770715	256.34	-9.05501e-07	1555.7	200.462	0	-1088.19	180	0	0.00359227	123.001	0	-2.14621	235.999	0	0.00190876	9684
LOKI	-2.66316e-07	1.33238	1.92792	0	-0.9861	0.00581785	0.00012352	3.1114	-2.17639	5.62253e-06	-0.00291648	0.00194149	180	0	0.0823469	256.34	5.63301e-06	1555.7	200.462	0	-1088.19	180	0	0.00555312	123.001	0	-2.15878	235.999	0	0.00157317	9717
LOKI	-2.66316e-07	1.33238	1.92792	0	-0.9861	0.00581785	0.000122154	3.1114	-2.17638	4.24929e-06	-0.00291643	0.00194196	180	0	0.081436	256.34	7.87817e-06	1555.7	200.462	0	-1088.19	180	0	0.00419683	123.001	0	-2.15902	235.999	0	0.00129522	9758
LOKI	-2.66316e-07	1.33238	1.92792	0	-0.9861	0.00581785	0.000122154	3.1114	-2.17638	4.24929e-06	-0.00291643	0.00194196	180	0	0.081436	256.34	7.87817e-06	1555.7	200.462	0	-1088.19	180	0	0.00419683	123.001	0	-2.15902	235.999	0	0.00129522	9794
LOKI	-2.66316e-07	1.33238	1.92792	0	-0.9861	0.00581785	0.000115794	3.11137	-2.17638	1.47963e-06	-0.00291605	0.00194189	180	0	0.0771962	256.34	4.6635e-06	1555.69	200.462	0	-1088.19	180	0	0.00146136	123.001	0	-2.15885	235.999	0	0.00118823	9833
LOKI	-2.66316e-07	1.33238	1.92792	0	-0.9861	0.00581785	0.000109241	3.11137	-2.17639	-8.85343e-07	-0.00291522	0.0019415	180	0	0.0728271	256.34	6.83929e-07	1555.69	200.462	0	-1088.19	180	0	-0.000874412	123.001	0	-2.15832	235.999	0	0.00109878	9875
LOKI	-2.66316e-07	1.33238	1.92792	0	-0.9861	0.00581785	0.000105413	3.11137	-2.17639	-1.96287e-06	-0.00291476	0.00194098	180	0	0.0702754	256.34	-2.52188e-06	1555.69	200.462	0	-1088.19	180	0	-0.00193864	123.001	0	-2.15786	235.999	0	0.00121729	9915
LOKI	-2.66316e-07	1.33238	1.92792	0	-0.9861	0.00581785	0.000105413	3.11137	-2.17639	-1.96287e-06	-0.00291476	0.00194098	180	0	0.0702754	256.34	-2.52188e-06	1555.69	200.462	0	-1088.19	180	0	-0.00193864	123.001	0	-2.15786	235.999	0	0.00121729	9952
LOKI	-2.66316e-07	1.33238	1.92792	0	-0.9861	0.00581785	0.000104828	3.11138	-2.17639	-1.81317e-06	-0.00291458	0.00194072	180	0	0.0698852	256.34	-3.89325e-06	1555.69	200.462	0	-1088.19	180	0	-0.00179079	123.001	0	-2.15766	235.999	0	0.00129444	9983
LOKI	-2.66316e-07	1.33238	1.92792	0	-0.9861	0.00581785	0.00010634	3.11141	-2.17639	-1.01153e-06	-0.00291467	0.00194074	180	0	0.0708934	256.34	-1.6441e-06	1555.7	200.462	0	-1088.19	180	0	-0.000999043	123.001	0	-2.1577	235.999	0	0.00131569	10027
LOKI	-2.66316e-07	1.33238	1.92792	0	-0.9861	0.00581785	0.000108331	3.11141	-2.17639	-2.01555e-07	-0.00291493	0.00194096	180	0	0.0722207	256.34	-3.26845e-08	1555.7	200.462	0	-1088.19	180	0	-0.000199067	123.001	0	-2.15792	235.999	0	0.00129355	10069
LOKI	-2.66316e-07	1.33238	1.92792	0	-0.9861	0.00581785	0.000109645	3.1114	-2.17639	2.42331e-07	-0.00291516	0.00194118	180	0	0.0730965	256.34	1.44214e-06	1555.7	200.462	0	-1088.19	180	0	0.000239339	123.001	0	-2.15812	235.999	0	0.00125572	10111
LOKI	-2.66316e-07	1.33238	1.92792	0	-0.9861	0.00581785	0.000109889	3.1114	-2.17639	2.57547e-07	-0.00291516	0.00194139	180	0	0.0732591	256.34	2.19351e-06	1555.7	200.462	0	-1088.19	180	0	0.000254367	123.001	0	-2.15824	235.999	0	0.00113722	10150
LOKI	-2.66316e-07	1.33238	1.92792	0	-0.9861	0.00581785	0.000109889	3.1114	-2.17639	2.57547e-07	-0.00291516	0.00194139	180	0	0.0732591	256.34	2.19351e-06	1555.7	200.462	0	-1088.19	180	0	0.000254367	123.001	0	-2.15824	235.999	0	0.00113722	10187
LOKI	-2.66316e-07	1.33238	1.92792	0	-0.9861	0.00581785	0.000109322	3.11137	-2.17639	-1.29811e-09	-0.00291515	0.00194141	180	0	0.0728812	256.34	3.75164e-07	1555.69	200.462	0	-1088.19	180	0	-1.28208e-06	123.001	0	-2.15825	235.999	0	0.00112533	10224
LOKI	-2.66316e-07	1.33238	1.92792	0	-0.9861	0.00581785	0.000108458	3.11137	-2.17639	-3.17617e-07	-0.00291504	0.00194133	180	0	0.0723056	256.34	-2.70785e-07	1555.69	200.462	0	-1088.19	180	0	-0.000313696	123.001	0	-2.15816	235.999	0	0.00112935	10264
LOKI	-2.66316e-07	1.33238	1.92792	0	-0.9861	0.00581785	0.000107732	3.11137	-2.17639	-5.43364e-07	-0.00291482	0.00194132	180	0	0.0718213	256.34	-8.92369e-07	1555.69	200.462	0	-1088.19	180	0	-0.000536656	123.001	0	-2.15807	235.999	0	0.00105215	10305
LOKI	-2.66316e-07	1.33238	1.92792	0	-0.9861	0.00581785	0.000107373	3.11141	-2.17639	-6.19141e-07	-0.00291472	0.00194124	180	0	0.0715819	256.34	3.5671e-07	1555.7	200.462	0	-1088.19	180	0	-0.000611497	123.001	0	-2.15799	235.999	0	0.00106293	10344
LOKI	-2.66316e-07	1.33238	1.92792	0	-0.9861	0.00581785	0.000107354	3.11137	-2.17639	-6.21724e-07	-0.00291472	0.00194124	180	0	0.0715691	256.34	4.08742e-07	1555.69	200.462	0	-1088.19	180	0	-0.000614048	123.001	0	-2.15799	235.999	0	0.00106345	10383
LOKI	-2.66316e-07	1.33238	1.92792	0	-0.9861	0.00581785	0.000107285	3.11141	-2.17639	-5.92701e-07	-0.00291477	0.00194125	180	0	0.0715233	256.34	-3.31506e-07	1555.7	200.462	0	-1088.19	180	0	-0.000585384	123.001	0	-2.15802	235.999	0	0.00106926	10417
LOKI	-2.66316e-07	1.33238	1.92792	0	-0.9861	0.00581785	0.000107371	3.11141	-2.17639	-5.24475e-07	-0.00289905	0.00193077	180	0	0.0715807	256.34	1.44541e-07	1555.7	200.462	0	-1088.19	180	0	-0.000518	123.001	0	-2.14637	235.999	0	0.00106939	10453
LOKI	-2.66316e-07	1.33238	1.92792	0	-0.9861	0.00581785	0.000107452	3.11137	-2.17639	-4.76571e-07	-0.00289884	0.0019308	180	0	0.0716347	256.34	6.49514e-08	1555.69	200.462	0	-1088.19	180	0	-0.000470688	123.001	0	-2.14631	235.999	0	0.00097696	10491
LOKI	-2.66316e-07	1.33238	1.92792	0	-0.9861	0.00581785	0.000107452	3.11137	-2.17639	-4.76571e-07	-0.00289884	0.0019308	180	0	0.0716347	256.34	6.49514e-08	1555.69	200.462	0	-1088.19	180	0	-0.000470688	123.001	0	-2.14631	235.999	0	0.00097696	10527
LOKI	-2.66316e-07	1.33238	1.92792	0	-0.9861	0.00581785	0.000107437	3.11137	-2.17639	-4.74517e-07	-0.00289898	0.0019309	180	0	0.0716247	256.34	5.49502e-07	1555.69	200.462	0	-1088.19	180	0	-0.000468659	123.001	0	-2.14642	235.999	0	0.000973215	10568
LOKI	-2.66316e-07	1.33238	1.92792	0	-0.9861	0.00581785	0.000107321	3.11137	-2.17639	-5.09486e-07	-0.00289879	0.00193078	180	0	0.0715472	256.34	1.86626e-07	1555.69	200.462	0	-1088.19	180	0	-0.000503196	123.001	0	-2.14628	235.999	0	0.000971125	10607
LOKI	-2.66316e-07	1.33238	1.92792	0	-0.9861	0.00581785	0.000107147	3.11141	-2.17639	-5.61603e-07	-0.00289887	0.00193083	180	0	0.0714315	256.34	-1.57833e-07	1555.7	200.462	0	-1088.19	180	0	-0.000554669	123.001	0	-2.14634	235.999	0	0.000971125	10653
LOKI	-2.66316e-07	1.33238	1.92792	0	-0.9861	0.00581785	0.000106958	3.11141	-2.17639	-6.19855e-07	-0.00291465	0.00194152	180	0	0.071305	256.34	1.11939e-07	1555.7	200.462	0	-1088.19	180	0	-0.000612203	123.001	0	-2.15812	235.999	0	0.00087882	10694
LOKI	-2.66316e-07	1.33238	1.92792	0	-0.9861	0.00581785	0.000106958	3.11141	-2.17639	-6.19855e-07	-0.00291465	0.00194152	180	0	0.071305	256.34	1.11939e-07	1555.7	200.462	0	-1088.19	180	0	-0.000612203	123.001	0	-2.15812	235.999	0	0.00087882	10727
LOKI	-2.66316e-07	1.33238	1.92792	0	-0.9861	0.00581785	0.000106806	3.11141	-2.17639	-6.59612e-07	-0.00291476	0.00194158	180	0	0.0712037	256.34	-2.20312e-07	1555.7	200.462	0	-1088.19	180	0	-0.000651468	123.001	0	-2.1582	235.999	0	0.000884312	10769
LOKI	-2.66316e-07	1.33238	1.92792	0	-0.9861	0.00581785	0.000106691	3.11141	-2.17639	-6.869e-07	-0.00291475	0.00194157	180	0	0.0711276	256.34	2.56583e-07	1555.7	200.462	0	-1088.19	180	0	-0.00067842	123.001	0	-2.15819	235.999	0	0.000885031	10807
LOKI	-2.66316e-07	1.33238	1.92792	0	-0.9861	0.00581785	0.000106609	3.11137	-2.17639	-7.02915e-07	-0.00289875	0.00193091	180	0	0.071073	256.34	-8.14473e-08	1555.69	200.462	0	-1088.19	180	0	-0.000694237	123.001	0	-2.14634	235.999	0	0.000885551	10843
LOKI	-2.66316e-07	1.33238	1.92792	0	-0.9861	0.00581785	0.000106609	3.11137	-2.17639	-7.02915e-07	-0.00289875	0.00193091	180	0	0.071073	256.34	-8.14473e-08	1555.69	200.462	0	-1088.19	180	0	-0.000694237	123.001	0	-2.14634	235.999	0	0.000885551	10880
LOKI	-2.66316e-07	1.33238	1.92792	0	-0.9861	0.00581785	0.00010654	3.11137	-2.17639	-7.17928e-07	-0.00291472	0.00194155	180	0	0.0710266	256.34	-9.53887e-08	1555.69	200.462	0	-1088.19	180	0	-0.000709064	123.001	0	-2.15816	235.999	0	0.000885375	10921
LOKI	-2.66316e-07	1.33238	1.92792	0	-0.9861	0.00581785	0.000106464	3.11141	-2.17639	-7.37023e-07	-0.00289853	0.00193092	180	0	0.0709761	256.34	1.38303e-08	1555.7	200.462	0	-1088.19	180	0	-0.000727924	123.001	0	-2.14626	235.999	0	0.000793749	10962
LOKI	-2.66316e-07	1.33238	1.92792	0	-0.9861	0.00581785	0.000106382	3.11141	-2.17639	-7.61821e-07	-0.00291465	0.00194166	180	0	0.0709212	256.34	-3.08369e-08	1555.7	200.462	0	-1088.19	180	0	-0.000752416	123.001	0	-2.1582	235.999	0	0.000796217	11001
LOKI	-2.66316e-07	1.33238	1.92792	0	-0.9861	0.00581785	0.000106294	3.11137	-2.17639	-7.88095e-07	-0.0029146	0.00194164	180	0	0.0708629	256.34	2.51654e-07	1555.69	200.462	0	-1088.19	180	0	-0.000778366	123.001	0	-2.15817	235.999	0	0.000796147	11044
LOKI	-2.66316e-07	1.33238	1.92792	0	-0.9861	0.00581785	0.000106294	3.11137	-2.17639	-7.88095e-07	-0.0029146	0.00194164	180	0	0.0708629	256.34	2.51654e-07	1555.69	200.462	0	-1088.19	180	0	-0.000778366	123.001	0	-2.15817	235.999	0	0.000796147	11076
LOKI	-2.66316e-07	1.33238	1.92792	0	-0.9861	0.00581785	0.000106204	3.11137	-2.17639	-8.16336e-07	-0.00291469	0.00194169	180	0	0.0708028	256.34	-6.41547e-08	1555.69	200.462	0	-1088.19	180	0	-0.000806258	123.001	0	-2.15823	235.999	0	0.000796098	11108
LOKI	-2.66316e-07	1.33238	1.92792	0	-0.9861	0.00581785	0.000106121	3.11137	-2.17639	-8.42629e-07	-0.00289843	0.00193086	180	0	0.0707472	256.34	8.75016e-07	1555.69	200.462	0	-1088.19	180	0	-0.000832226	123.001	0	-2.14619	235.999	0	0.000795997	11153
LOKI	-2.66316e-07	1.33238	1.92792	0	-0.9861	0.00581785	0.000106037	3.11141	-2.17639	-8.7012e-07	-0.0029148	0.00194177	180	0	0.0706911	256.34	-6.04447e-07	1555.7	200.462	0	-1088.19	180	0	-0.000859378	123.001	0	-2.15832	235.999	0	0.000796091	11191
LOKI	-2.66316e-07	1.33238	1.92792	0	-0.9861	0.00581785	0.000105964	3.11137	-2.17639	-8.93782e-07	-0.00291455	0.00194176	180	0	0.0706428	256.34	-1.16212e-07	1555.69	200.462	0	-1088.19	180	0	-0.000882748	123.001	0	-2.15822	235.999	0	0.000707557	11236
LOKI	-2.66316e-07	1.33238	1.92792	0	-0.9861	0.00581785	0.000105964	3.11137	-2.17639	-8.93782e-07	-0.00291455	0.00194176	180	0	0.0706428	256.34	-1.16212e-07	1555.69	200.462	0	-1088.19	180	0	-0.000882748	123.001	0	-2.15822	235.999	0	0.000707557	11273
LOKI	-2.66316e-07	1.33238	1.92792	0	-0.9861	0.00581785	0.000105897	3.11141	-2.17639	-9.15144e-07	-0.00291458	0.00194178	180	0	0.0705983	256.34	-2.97318e-07	1555.7	200.462	0	-1088.19	180	0	-0.000903846	123.001	0	-2.15824	235.999	0	0.000707899	11316
LOKI	-2.66316e-07	1.33238	1.92792	0	-0.9861	0.00581785	0.000105832	3.11137	-2.17639	-9.37583e-07	-0.00291445	0.00194169	180	0	0.0705547	256.34	4.60772e-07	1555.69	200.462	0	-1088.19	180	0	-0.000926008	123.001	0	-2.15814	235.999	0	0.000707954	11353
LOKI	-2.66316e-07	1.33238	1.92792	0	-0.9861	0.00581785	0.000105766	3.11141	-2.17639	-9.62189e-07	-0.00291448	0.00194171	180	0	0.0705109	256.34	-2.70134e-07	1555.7	200.462	0	-1088.19	180	0	-0.00095031	123.001	0	-2.15817	235.999	0	0.000707715	11393
LOKI	-2.66316e-07	1.33238	1.92792	0	-0.9861	0.00581785	0.000105766	3.11141	-2.17639	-9.62189e-07	-0.00291448	0.00194171	180	0	0.0705109	256.34	-2.70134e-07	1555.7	200.462	0	-1088.19	180	0	-0.00095031	123.001	0	-2.15817	235.999	0	0.000707715	11430
LOKI	-2.66316e-07	1.33238	1.92792	0	-0.9861	0.00581785	0.000105706	3.11137	-2.17639	-9.84142e-07	-0.00291458	0.00194178	180	0	0.0704705	256.34	1.52085e-07	1555.69	200.462	0	-1088.19	180	0	-0.000971992	123.001	0	-2.15824	235.999	0	0.00070781	11469
LOKI	-2.66316e-07	1.33238	1.92792	0	-0.9861	0.00581785	0.000105643	3.11137	-2.17639	-1.00871e-06	-0.00289847	0.00193104	180	0	0.0704285	256.34	8.56589e-08	1555.69	200.462	0	-1088.19	180	0	-0.000996261	123.001	0	-2.14631	235.999	0	0.00070772	11515
LOKI	-2.66316e-07	1.33238	1.92792	0	-0.9861	0.00581785	0.000105585	3.11137	-2.17639	-1.03117e-06	-0.00291436	0.00194179	180	0	0.07039	256.34	9.66202e-08	1555.69	200.462	0	-1088.19	180	0	-0.00101844	123.001	0	-2.15817	235.999	0	0.000619067	11555
LOKI	-2.66316e-07	1.33238	1.92792	0	-0.9861	0.00581785	0.000105525	3.11137	-2.17639	-1.05636e-06	-0.00289837	0.00193114	180	0	0.0703503	256.34	2.24226e-07	1555.69	200.462	0	-1088.19	180	0	-0.00104332	123.001	0	-2.14632	235.999	0	0.000619095	11594
LOKI	-2.66316e-07	1.33238	1.92792	0	-0.9861	0.00581785	0.000105525	3.11137	-2.17639	-1.05636e-06	-0.00289837	0.00193114	180	0	0.0703503	256.34	2.24226e-07	1555.69	200.462	0	-1088.19	180	0	-0.00104332	123.001	0	-2.14632	235.999	0	0.000619095	11634
LOKI	-2.66316e-07	1.33238	1.92792	0	-0.9861	0.00581785	0.000105472	3.11137	-2.17639	-1.07765e-06	-0.00289828	0.00193107	180	0	0.0703144	256.34	4.71259e-07	1555.69	200.462	0	-1088.19	180	0	-0.00106435	123.001	0	-2.14625	235.999	0	0.000619427	11664
LOKI	-2.66316e-07	1.33238	1.92792	0	-0.9861	0.00581785	0.00010542	3.11141	-2.17639	-1.10007e-06	-0.00291432	0.00194177	180	0	0.07028	256.34	-2.73698e-07	1555.7	200.462	0	-1088.19	180	0	-0.00108649	123.001	0	-2.15814	235.999	0	0.000619357	11704
LOKI	-2.66316e-07	1.33238	1.92792	0	-0.9861	0.00581785	0.00010537	3.11141	-2.17639	-1.12262e-06	-0.00291431	0.00194176	180	0	0.0702467	256.34	-3.65395e-07	1555.7	200.462	0	-1088.19	180	0	-0.00110876	123.001	0	-2.15813	235.999	0	0.000619265	11741
LOKI	-2.66316e-07	1.33238	1.92792	0	-0.9861	0.00581785	0.000105319	3.11137	-2.17639	-1.14649e-06	-0.00291434	0.00194178	180	0	0.0702128	256.34	-2.67112e-07	1555.69	200.462	0	-1088.19	180	0	-0.00113234	123.001	0	-2.15815	235.999	0	0.000619115	11785
LOKI	-2.66316e-07	1.33238	1.92792	0	-0.9861	0.00581785	0.000105319	3.11137	-2.17639	-1.14649e-06	-0.00291434	0.00194178	180	0	0.0702128	256.34	-2.67112e-07	1555.69	200.462	0	-1088.19	180	0	-0.00113234	123.001	0	-2.15815	235.999	0	0.000619115	11822
LOKI	-2.66316e-07	1.33238	1.92792	0	-0.9861	0.00581785	0.000105275	3.11137	-2.17639	-1.16629e-06	-0.00291436	0.00194179	180	0	0.0701834	256.34	2.29538e-07	1555.69	200.462	0	-1088.19	180	0	-0.00115189	123.001	0	-2.15816	235.999	0	0.0006194	11864
LOKI	-2.66316e-07	1.33238	1.92792	0	-0.9861	0.00581785	0.000105229	3.11141	-2.17639	-1.18924e-06	-0.00289819	0.00193117	180	0	0.0701526	256.34	-2.69593e-08	1555.7	200.462	0	-1088.19	180	0	-0.00117456	123.001	0	-2.14628	235.999	0	0.000530544	11906
LOKI	-2.66316e-07	1.33238	1.92792	0	-0.9861	0.00581785	0.000105185	3.11137	-2.17639	-1.21139e-06	-0.00291426	0.00194189	180	0	0.0701236	256.34	9.18593e-08	1555.69	200.462	0	-1088.19	180	0	-0.00119643	123.001	0	-2.15818	235.999	0	0.00053074	11936
LOKI	-2.66316e-07	1.33238	1.92792	0	-0.9861	0.00581785	0.000105144	3.11137	-2.17639	-1.23285e-06	-0.00291421	0.00194185	180	0	0.0700959	256.34	-8.33108e-08	1555.69	200.462	0	-1088.19	180	0	-0.00121763	123.001	0	-2.15814	235.999	0	0.000530733	11975
LOKI	-2.66316e-07	1.33238	1.92792	0	-0.9861	0.00581785	0.000105144	3.11137	-2.17639	-1.23285e-06	-0.00291421	0.00194185	180	0	0.0700959	256.34	-8.33108e-08	1555.69	200.462	0	-1088.19	180	0	-0.00121763	123.001	0	-2.15814	235.999	0	0.000530733	12013
LOKI	-2.66316e-07	1.33238	1.92792	0	-0.9861	0.00581785	0.000105104	3.11137	-2.17639	-1.25398e-06	-0.00291429	0.00194191	180	0	0.0700693	256.34	-4.12286e-07	1555.69	200.462	0	-1088.19	180	0	-0.0012385	123.001	0	-2.1582	235.999	0	0.00053079	12052
LOKI	-2.66316e-07	1.33238	1.92792	0	-0.9861	0.00581785	0.000105065	3.11137	-2.17639	-1.27615e-06	-0.00289832	0.00193126	180	0	0.0700432	256.34	1.2757e-07	1555.69	200.462	0	-1088.19	180	0	-0.0012604	123.001	0	-2.14637	235.999	0	0.000530582	12098
LOKI	-2.66316e-07	1.33238	1.92792	0	-0.9861	0.00581785	0.000105029	3.11137	-2.17639	-1.29527e-06	-0.00291425	0.00194188	180	0	0.0700192	256.34	-3.17947e-07	1555.69	200.462	0	-1088.19	180	0	-0.00127928	123.001	0	-2.15817	235.999	0	0.000530968	12131
LOKI	-2.66316e-07	1.33238	1.92792	0	-0.9861	0.00581785	0.00010499	3.11141	-2.17639	-1.31834e-06	-0.00291433	0.00194193	180	0	0.0699933	256.34	2.30773e-07	1555.7	200.462	0	-1088.19	180	0	-0.00130206	123.001	0	-2.15823	235.999	0	0.000530741	12170
LOKI	-2.66316e-07	1.33238	1.92792	0	-0.9861	0.00581785	0.00010499	3.11141	-2.17639	-1.31834e-06	-0.00291433	0.00194193	180	0	0.0699933	256.34	2.30773e-07	1555.7	200.462	0	-1088.19	180	0	-0.00130206	123.001	0	-2.15823	235.999	0	0.000530741	12206
LOKI	-2.66316e-07	1.33238	1.92792	0	-0.9861	0.00581785	0.000104957	3.11137	-2.17639	-1.33856e-06	-0.00291421	0.00194185	180	0	0.0699712	256.34	-1.37359e-07	1555.69	200.462	0	-1088.19	180	0	-0.00132204	123.001	0	-2.15814	235.999	0	0.000530713	12245
LOKI	-2.66316e-07	1.33238	1.92792	0	-0.9861	0.00581785	0.000104924	3.11141	-2.17639	-1.35908e-06	-0.00289812	0.00193128	180	0	0.069949	256.34	-1.10571e-07	1555.7	200.462	0	-1088.19	180	0	-0.0013423	123.001	0	-2.14631	235.999	0	0.000441397	12281
LOKI	-2.66316e-07	1.33238	1.92792	0	-0.9861	0.00581785	0.000104892	3.11141	-2.17639	-1.37938e-06	-0.00289802	0.00193122	180	0	0.0699278	256.34	3.12412e-07	1555.7	200.462	0	-1088.19	180	0	-0.00136235	123.001	0	-2.14624	235.999	0	0.00044237	12317
LOKI	-2.66316e-07	1.33238	1.92792	0	-0.9861	0.00581785	0.000104892	3.11141	-2.17639	-1.37938e-06	-0.00289802	0.00193122	180	0	0.0699278	256.34	3.12412e-07	1555.7	200.462	0	-1088.19	180	0	-0.00136235	123.001	0	-2.14624	235.999	0	0.00044237	12360
LOKI	-2.66316e-07	1.33238	1.92792	0	-0.9861	0.00581785	0.00010486	3.11141	-2.17639	-1.40028e-06	-0.00291422	0.00194202	180	0	0.0699068	256.34	-9.15397e-08	1555.7	200.462	0	-1088.19	180	0	-0.001383	123.001	0	-2.15824	235.999	0	0.000442268	12400
LOKI	-2.66316e-07	1.33238	1.92792	0	-0.9861	0.00581785	0.000104831	3.11141	-2.17639	-1.42009e-06	-0.00291422	0.00194202	180	0	0.0698872	256.34	8.3386e-08	1555.7	200.462	0	-1088.19	180	0	-0.00140256	123.001	0	-2.15824	235.999	0	0.000442341	12425
LOKI	-2.66316e-07	1.33238	1.92792	0	-0.9861	0.00581785	0.000104804	3.11141	-2.17639	-1.43928e-06	-0.00291417	0.00194198	180	0	0.0698692	256.34	1.0283e-07	1555.7	200.462	0	-1088.19	180	0	-0.00142151	123.001	0	-2.1582	235.999	0	0.000442393	12467
LOKI	-2.66316e-07	1.33238	1.92792	0	-0.9861	0.00581785	0.000104774	3.11137	-2.17639	-1.46049e-06	-0.00289808	0.00193126	180	0	0.0698491	256.34	2.53552e-07	1555.69	200.462	0	-1088.19	180	0	-0.00144246	123.001	0	-2.14628	235.999	0	0.000442345	12506
LOKI	-2.66316e-07	1.33238	1.92792	0	-0.9861	0.00581785	0.000104774	3.11137	-2.17639	-1.46049e-06	-0.00289808	0.00193126	180	0	0.0698491	256.34	2.53552e-07	1555.69	200.462	0	-1088.19	180	0	-0.00144246	123.001	0	-2.14628	235.999	0	0.000442345	12545
LOKI	-2.66316e-07	1.33238	1.92792	0	-0.9861	0.00581785	0.000104775	3.11141	-2.17639	-1.46659e-06	-0.0029145	0.0019422	180	0	0.06985	256.34	-8.47405e-07	1555.7	200.462	0	-1088.19	180	0	-0.00144848	123.001	0	-2.15844	235.999	0	0.000442713	12585
LOKI	-2.66316e-07	1.33238	1.92792	0	-0.9861	0.00581785	0.000104704	3.1114	-2.17639	-1.50541e-06	-0.00291399	0.00194186	180	0	0.0698024	256.34	9.38793e-07	1555.7	200.462	0	-1088.19	180	0	-0.00148682	123.001	0	-2.15807	235.999	0	0.000442962	12625
LOKI	-2.66316e-07	1.33238	1.92792	0	-0.9861	0.00581785	0.000104694	3.11141	-2.17639	-1.51913e-06	-0.00291402	0.00194188	180	0	0.0697959	256.34	-3.20961e-07	1555.7	200.462	0	-1088.19	180	0	-0.00150038	123.001	0	-2.15809	235.999	0	0.000442677	12663
LOKI	-2.66316e-07	1.33238	1.92792	0	-0.9861	0.00581785	0.000104677	3.11137	-2.17639	-1.53687e-06	-0.00289807	0.00193125	180	0	0.069785	256.34	3.84769e-08	1555.69	200.462	0	-1088.19	180	0	-0.0015179	123.001	0	-2.14628	235.999	0	0.000442285	12705
LOKI	-2.66316e-07	1.33238	1.92792	0	-0.9861	0.00581785	0.000104677	3.11137	-2.17639	-1.53687e-06	-0.00289807	0.00193125	180	0	0.069785	256.34	3.84769e-08	1555.69	200.462	0	-1088.19	180	0	-0.0015179	123.001	0	-2.14628	235.999	0	0.000442285	12739
LOKI	-2.66316e-07	1.33238	1.92792	0	-0.9861	0.00581785	0.000104657	3.11141	-2.17639	-1.55617e-06	-0.00291433	0.00194225	180	0	0.0697711	256.34	-6.42695e-07	1555.7	200.462	0	-1088.19	180	0	-0.00153696	123.001	0	-2.15841	235.999	0	0.000353148	12778
LOKI	-2.66316e-07	1.33238	1.92792	0	-0.9861	0.00581785	0.000104634	3.11141	-2.17639	-1.57443e-06	-0.00291399	0.00194203	180	0	0.069756	256.34	-2.44284e-07	1555.7	200.462	0	-1088.19	180	0	-0.00155499	123.001	0	-2.15816	235.999	0	0.000353925	12819
LOKI	-2.66316e-07	1.33238	1.92792	0	-0.9861	0.00581785	0.000104609	3.11137	-2.17639	-1.59596e-06	-0.00291404	0.00194206	180	0	0.069739	256.34	9.74501e-09	1555.69	200.462	0	-1088.19	180	0	-0.00157626	123.001	0	-2.15819	235.999	0	0.000353694	12858
LOKI	-2.66316e-07	1.33238	1.92792	0	-0.9861	0.00581785	0.000104608	3.11137	-2.17639	-1.59659e-06	-0.00291402	0.00194204	180	0	0.0697384	256.34	-1.2033e-07	1555.69	200.462	0	-1088.19	180	0	-0.00157688	123.001	0	-2.15818	235.999	0	0.000353736	12896
LOKI	-2.66316e-07	1.33238	1.92792	0	-0.9861	0.00581785	0.000104586	3.11137	-2.17639	-1.61499e-06	-0.00289799	0.00193136	180	0	0.0697242	256.34	-1.02391e-07	1555.69	200.462	0	-1088.19	180	0	-0.00159505	123.001	0	-2.14631	235.999	0	0.000353826	12938
LOKI	-2.66316e-07	1.33238	1.92792	0	-0.9861	0.00581785	0.000104567	3.11137	-2.17639	-1.6331e-06	-0.00289797	0.00193135	180	0	0.0697111	256.34	1.16315e-07	1555.69	200.462	0	-1088.19	180	0	-0.00161293	123.001	0	-2.14629	235.999	0	0.000353967	12976
LOKI	-2.66316e-07	1.33238	1.92792	0	-0.9861	0.00581785	0.000104547	3.11137	-2.17639	-1.65245e-06	-0.00291408	0.00194208	180	0	0.0696981	256.34	-9.69418e-08	1555.69	200.462	0	-1088.19	180	0	-0.00163205	123.001	0	-2.15823	235.999	0	0.000353785	13018
LOKI	-2.66316e-07	1.33238	1.92792	0	-0.9861	0.00581785	0.00010453	3.11141	-2.17639	-1.67003e-06	-0.00291415	0.00194213	180	0	0.0696868	256.34	-2.66347e-07	1555.7	200.462	0	-1088.19	180	0	-0.00164942	123.001	0	-2.15828	235.999	0	0.000353835	13060
LOKI	-2.66316e-07	1.33238	1.92792	0	-0.9861	0.00581785	0.00010453	3.11141	-2.17639	-1.67003e-06	-0.00291415	0.00194213	180	0	0.0696868	256.34	-2.66347e-07	1555.7	200.462	0	-1088.19	180	0	-0.00164942	123.001	0	-2.15828	235.999	0	0.000353835	13100
LOKI	-2.66316e-07	1.33238	1.92792	0	-0.9861	0.00581785	0.000104514	3.11141	-2.17639	-1.68799e-06	-0.00289802	0.00193138	180	0	0.0696758	256.34	-2.8601e-08	1555.7	200.462	0	-1088.19	180	0	-0.00166715	123.001	0	-2.14633	235.999	0	0.000353803	13141
LOKI	-2.66316e-07	1.33238	1.92792	0	-0.9861	0.00581785	0.000104499	3.11137	-2.17639	-1.70489e-06	-0.00289795	0.00193133	180	0	0.0696663	256.34	-2.28711e-07	1555.69	200.462	0	-1088.19	180	0	-0.00168384	123.001	0	-2.14627	235.999	0	0.000353789	13181
LOKI	-2.66316e-07	1.33238	1.92792	0	-0.9861	0.00581785	0.000104481	3.11137	-2.17639	-1.72446e-06	-0.00291398	0.00194202	180	0	0.0696537	256.34	-3.7101e-07	1555.69	200.462	0	-1088.19	180	0	-0.00170317	123.001	0	-2.15815	235.999	0	0.000353688	13218
LOKI	-2.66316e-07	1.33238	1.92792	0	-0.9861	0.00581785	0.000104464	3.11141	-2.17639	-1.74211e-06	-0.00291402	0.00194204	180	0	0.0696425	256.34	-3.03464e-07	1555.7	200.462	0	-1088.19	180	0	-0.0017206	123.001	0	-2.15818	235.999	0	0.000353884	13259
LOKI	-2.66316e-07	1.33238	1.92792	0	-0.9861	0.00581785	0.000104464	3.11141	-2.17639	-1.74211e-06	-0.00291402	0.00194204	180	0	0.0696425	256.34	-3.03464e-07	1555.7	200.462	0	-1088.19	180	0	-0.0017206	123.001	0	-2.15818	235.999	0	0.000353884	13290
LOKI	-2.66316e-07	1.33238	1.92792	0	-0.9861	0.00581785	0.00010445	3.11137	-2.17639	-1.75876e-06	-0.00291405	0.00194206	180	0	0.0696336	256.34	-3.36939e-07	1555.69	200.462	0	-1088.19	180	0	-0.00173704	123.001	0	-2.1582	235.999	0	0.000353965	13332
LOKI	-2.66316e-07	1.33238	1.92792	0	-0.9861	0.00581785	0.000104436	3.11137	-2.17639	-1.77692e-06	-0.00291402	0.0019422	180	0	0.0696237	256.34	-4.47027e-08	1555.69	200.462	0	-1088.19	180	0	-0.00175499	123.001	0	-2.15827	235.999	0	0.000264101	13366
LOKI	-2.66316e-07	1.33238	1.92792	0	-0.9861	0.00581785	0.00010442	3.11137	-2.17639	-1.79522e-06	-0.00291397	0.00194217	180	0	0.0696136	256.34	-3.89884e-07	1555.69	200.462	0	-1088.19	180	0	-0.00177306	123.001	0	-2.15823	235.999	0	0.000265294	13399
LOKI	-2.66316e-07	1.33238	1.92792	0	-0.9861	0.00581785	0.000104408	3.11141	-2.17639	-1.81214e-06	-0.00291398	0.00194217	180	0	0.0696053	256.34	-2.25254e-07	1555.7	200.462	0	-1088.19	180	0	-0.00178977	123.001	0	-2.15824	235.999	0	0.000265278	13437
LOKI	-2.66316e-07	1.33238	1.92792	0	-0.9861	0.00581785	0.000104408	3.11141	-2.17639	-1.81214e-06	-0.00291398	0.00194217	180	0	0.0696053	256.34	-2.25254e-07	1555.7	200.462	0	-1088.19	180	0	-0.00178977	123.001	0	-2.15824	235.999	0	0.000265278	13481
LOKI	-2.66316e-07	1.33238	1.92792	0	-0.9861	0.00581785	0.000104395	3.11141	-2.17639	-1.8287e-06	-0.00291394	0.00194215	180	0	0.0695966	256.34	-2.66758e-07	1555.7	200.462	0	-1088.19	180	0	-0.00180613	123.001	0	-2.15821	235.999	0	0.00026547	13517
LOKI	-2.66316e-07	1.33238	1.92792	0	-0.9861	0.00581785	0.000104383	3.11137	-2.17639	-1.84571e-06	-0.00289797	0.0019315	180	0	0.0695885	256.34	-9.56524e-08	1555.69	200.462	0	-1088.19	180	0	-0.00182292	123.001	0	-2.14638	235.999	0	0.000265449	13554
LOKI	-2.66316e-07	1.33238	1.92792	0	-0.9861	0.00581785	0.000104372	3.11141	-2.17639	-1.862e-06	-0.00291386	0.0019421	180	0	0.069581	256.34	4.55839e-08	1555.7	200.462	0	-1088.19	180	0	-0.00183901	123.001	0	-2.15815	235.999	0	0.000265528	13596
LOKI	-2.66316e-07	1.33238	1.92792	0	-0.9861	0.00581785	0.000104359	3.11137	-2.17639	-1.87984e-06	-0.00291385	0.00194209	180	0	0.0695724	256.34	2.18484e-07	1555.69	200.462	0	-1088.19	180	0	-0.00185664	123.001	0	-2.15814	235.999	0	0.000265416	13639
LOKI	-2.66316e-07	1.33238	1.92792	0	-0.9861	0.00581785	0.000104359	3.11137	-2.17639	-1.87984e-06	-0.00291385	0.00194209	180	0	0.0695724	256.34	2.18484e-07	1555.69	200.462	0	-1088.19	180	0	-0.00185664	123.001	0	-2.15814	235.999	0	0.000265416	13677
LOKI	-2.66316e-07	1.33238	1.92792	0	-0.9861	0.00581785	0.000104348	3.11141	-2.17639	-1.89646e-06	-0.0029139	0.00194212	180	0	0.0695653	256.34	-2.62113e-08	1555.7	200.462	0	-1088.19	180	0	-0.00187305	123.001	0	-2.15818	235.999	0	0.000265374	13714
LOKI	-2.66316e-07	1.33238	1.92792	0	-0.9861	0.00581785	0.000104337	3.11137	-2.17639	-1.91339e-06	-0.00291387	0.0019421	180	0	0.0695578	256.34	2.20929e-07	1555.69	200.462	0	-1088.19	180	0	-0.00188977	123.001	0	-2.15816	235.999	0	0.000265324	13752
LOKI	-2.66316e-07	1.33238	1.92792	0	-0.9861	0.00581785	0.000104327	3.11137	-2.17639	-1.92935e-06	-0.00291395	0.00194216	180	0	0.0695516	256.34	7.74321e-08	1555.69	200.462	0	-1088.19	180	0	-0.00190553	123.001	0	-2.15822	235.999	0	0.000265337	13792
LOKI	-2.66316e-07	1.33238	1.92792	0	-0.9861	0.00581785	0.000104327	3.11137	-2.17639	-1.92935e-06	-0.00291395	0.00194216	180	0	0.0695516	256.34	7.74321e-08	1555.69	200.462	0	-1088.19	180	0	-0.00190553	123.001	0	-2.15822	235.999	0	0.000265337	13834
LOKI	-2.66316e-07	1.33238	1.92792	0	-0.9861	0.00581785	0.000104317	3.11137	-2.17639	-1.94552e-06	-0.00291389	0.00194212	180	0	0.0695446	256.34	1.25089e-07	1555.69	200.462	0	-1088.19	180	0	-0.0019215	123.001	0	-2.15817	235.999	0	0.000265462	13875
LOKI	-2.66316e-07	1.33238	1.92792	0	-0.9861	0.00581785	0.000104308	3.11137	-2.17639	-1.96158e-06	-0.00289784	0.00193142	180	0	0.069539	256.34	-1.55975e-07	1555.69	200.462	0	-1088.19	180	0	-0.00193737	123.001	0	-2.14628	235.999	0	0.000265352	13914
LOKI	-2.66316e-07	1.33238	1.92792	0	-0.9861	0.00581785	0.000104298	3.11141	-2.17639	-1.97848e-06	-0.00291398	0.00194218	180	0	0.0695317	256.34	-1.20408e-07	1555.7	200.462	0	-1088.19	180	0	-0.00195406	123.001	0	-2.15824	235.999	0	0.000265337	13954
LOKI	-2.66316e-07	1.33238	1.92792	0	-0.9861	0.00581785	0.000104289	3.11137	-2.17639	-1.99401e-06	-0.00289784	0.00193142	180	0	0.0695261	256.34	1.79848e-07	1555.69	200.462	0	-1088.19	180	0	-0.00196939	123.001	0	-2.14628	235.999	0	0.000265397	13990
LOKI	-2.66316e-07	1.33238	1.92792	0	-0.9861	0.00581785	0.000104289	3.11137	-2.17639	-1.99401e-06	-0.00289784	0.00193142	180	0	0.0695261	256.34	1.79848e-07	1555.69	200.462	0	-1088.19	180	0	-0.00196939	123.001	0	-2.14628	235.999	0	0.000265397	14027
LOKI	-2.66316e-07	1.33238	1.92792	0	-0.9861	0.00581785	0.000104281	3.11137	-2.17639	-2.00954e-06	-0.0029138	0.00194206	180	0	0.0695206	256.34	8.38543e-07	1555.69	200.462	0	-1088.19	180	0	-0.00198473	123.001	0	-2.15811	235.999	0	0.000265474	14069
LOKI	-2.66316e-07	1.33238	1.92792	0	-0.9861	0.00581785	0.000104273	3.11137	-2.17639	-2.02485e-06	-0.00291409	0.00194225	180	0	0.0695154	256.34	-4.96433e-07	1555.69	200.462	0	-1088.19	180	0	-0.00199985	123.001	0	-2.15832	235.999	0	0.000265519	14104
LOKI	-2.66316e-07	1.33238	1.92792	0	-0.9861	0.00581785	0.000104265	3.11137	-2.17639	-2.04086e-06	-0.0029139	0.00194212	180	0	0.0695103	256.34	-4.29386e-07	1555.69	200.462	0	-1088.19	180	0	-0.00201566	123.001	0	-2.15818	235.999	0	0.000265375	14146
LOKI	-2.66316e-07	1.33238	1.92792	0	-0.9861	0.00581785	0.000104258	3.11137	-2.17639	-2.05589e-06	-0.00289769	0.00193147	180	0	0.0695055	256.34	3.32668e-07	1555.69	200.462	0	-1088.19	180	0	-0.0020305	123.001	0	-2.14626	235.999	0	0.000177002	14186
LOKI	-2.66316e-07	1.33238	1.92792	0	-0.9861	0.00581785	0.000104258	3.11137	-2.17639	-2.05589e-06	-0.00289769	0.00193147	180	0	0.0695055	256.34	3.32668e-07	1555.69	200.462	0	-1088.19	180	0	-0.0020305	123.001	0	-2.14626	235.999	0	0.000177002	14227
LOKI	-2.66316e-07	1.33238	1.92792	0	-0.9861	0.00581785	0.000104251	3.11137	-2.17639	-2.07171e-06	-0.00291385	0.00194225	180	0	0.0695003	256.34	1.34742e-07	1555.69	200.462	0	-1088.19	180	0	-0.00204613	123.001	0	-2.15823	235.999	0	0.000176961	14266
LOKI	-2.66316e-07	1.33238	1.92792	0	-0.9861	0.00581785	0.000104244	3.11141	-2.17639	-2.08713e-06	-0.00291398	0.00194233	180	0	0.0694957	256.34	-3.49281e-07	1555.7	200.462	0	-1088.19	180	0	-0.00206137	123.001	0	-2.15832	235.999	0	0.000176904	14303
LOKI	-2.66316e-07	1.33238	1.92792	0	-0.9861	0.00581785	0.000104237	3.11141	-2.17639	-2.1023e-06	-0.00291384	0.00194224	180	0	0.069491	256.34	7.21384e-08	1555.7	200.462	0	-1088.19	180	0	-0.00207634	123.001	0	-2.15822	235.999	0	0.000176931	14346
LOKI	-2.66316e-07	1.33238	1.92792	0	-0.9861	0.00581785	0.000104231	3.11142	-2.17639	-2.11521e-06	-0.00289127	0.0019272	180	0	0.0694874	256.34	-5.96981e-07	1555.71	200.462	0	-1088.19	180	0	-0.0020891	123.001	0	-2.14151	235.999	0	0.000176397	14373
LOKI	-2.66316e-07	1.33238	1.92792	0	-0.9861	0.00581785	0.00010423	3.11137	-2.17639	-2.11763e-06	-0.00289769	0.00193148	180	0	0.0694866	256.34	4.08006e-07	1555.69	200.462	0	-1088.19	180	0	-0.00209148	123.001	0	-2.14626	235.999	0	0.000176871	14409
LOKI	-2.66316e-07	1.33238	1.92792	0	-0.9861	0.00581785	0.000104224	3.11137	-2.17639	-2.13216e-06	-0.00291394	0.00194231	180	0	0.0694827	256.34	4.90042e-07	1555.69	200.462	0	-1088.19	180	0	-0.00210584	123.001	0	-2.1583	235.999	0	0.000176926	14451
LOKI	-2.66316e-07	1.33238	1.92792	0	-0.9861	0.00581785	0.000104219	3.11137	-2.17639	-2.1462e-06	-0.0029139	0.00194228	180	0	0.0694791	256.34	5.54268e-07	1555.69	200.462	0	-1088.19	180	0	-0.0021197	123.001	0	-2.15827	235.999	0	0.000177079	14487
LOKI	-2.66316e-07	1.33238	1.92792	0	-0.9861	0.00581785	0.000104212	3.11137	-2.17639	-2.16126e-06	-0.00289782	0.00193156	180	0	0.0694749	256.34	2.3203e-07	1555.69	200.462	0	-1088.19	180	0	-0.00213458	123.001	0	-2.14636	235.999	0	0.00017704	14529
LOKI	-2.66316e-07	1.33238	1.92792	0	-0.9861	0.00581785	0.000104207	3.11141	-2.17639	-2.1762e-06	-0.00291387	0.00194226	180	0	0.0694712	256.34	2.5153e-07	1555.7	200.462	0	-1088.19	180	0	-0.00214933	123.001	0	-2.15825	235.999	0	0.000176936	14571
LOKI	-2.66316e-07	1.33238	1.92792	0	-0.9861	0.00581785	0.000104207	3.11141	-2.17639	-2.1762e-06	-0.00291387	0.00194226	180	0	0.0694712	256.34	2.5153e-07	1555.7	200.462	0	-1088.19	180	0	-0.00214933	123.001	0	-2.15825	235.999	0	0.000176936	14606
LOKI	-2.66316e-07	1.33238	1.92792	0	-0.9861	0.00581785	0.000104202	3.11141	-2.17639	-2.18987e-06	-0.0028978	0.00193155	180	0	0.0694681	256.34	1.97872e-07	1555.7	200.462	0	-1088.19	180	0	-0.00216283	123.001	0	-2.14634	235.999	0	0.000177086	14645
LOKI	-2.66316e-07	1.33238	1.92792	0	-0.9861	0.00581785	0.000104195	3.11141	-2.17639	-2.20603e-06	-0.00291386	0.00194225	180	0	0.0694636	256.34	-1.49078e-07	1555.7	200.462	0	-1088.19	180	0	-0.00217879	123.001	0	-2.15824	235.999	0	0.000176774	14686
LOKI	-2.66316e-07	1.33238	1.92792	0	-0.9861	0.00581785	0.000104191	3.11141	-2.17639	-2.21949e-06	-0.00291377	0.00194219	180	0	0.0694607	256.34	4.80678e-08	1555.7	200.462	0	-1088.19	180	0	-0.00219209	123.001	0	-2.15817	235.999	0	0.000176931	14732
LOKI	-2.66316e-07	1.33238	1.92792	0	-0.9861	0.00581785	0.000104191	3.11141	-2.17639	-2.21949e-06	-0.00291377	0.00194219	180	0	0.0694607	256.34	4.80678e-08	1555.7	200.462	0	-1088.19	180	0	-0.00219209	123.001	0	-2.15817	235.999	0	0.000176931	14770
LOKI	-2.66316e-07	1.33238	1.92792	0	-0.9861	0.00581785	0.000104186	3.11137	-2.17639	-2.23434e-06	-0.00291386	0.00194226	180	0	0.0694571	256.34	1.62e-07	1555.69	200.462	0	-1088.19	180	0	-0.00220676	123.001	0	-2.15824	235.999	0	0.000176812	14809
LOKI	-2.66316e-07	1.33238	1.92792	0	-0.9861	0.00581785	0.000104182	3.11141	-2.17639	-2.24794e-06	-0.00291374	0.00194217	180	0	0.0694544	256.34	1.71131e-07	1555.7	200.462	0	-1088.19	180	0	-0.00222019	123.001	0	-2.15815	235.999	0	0.000176896	14843
LOKI	-2.66316e-07	1.33238	1.92792	0	-0.9861	0.00581785	0.000104178	3.11141	-2.17639	-2.26133e-06	-0.00289776	0.00193152	180	0	0.0694521	256.34	1.75093e-07	1555.7	200.462	0	-1088.19	180	0	-0.00223341	123.001	0	-2.14631	235.999	0	0.000176918	14880
LOKI	-2.66316e-07	1.33238	1.92792	0	-0.9861	0.00581785	0.000104173	3.11141	-2.17639	-2.27648e-06	-0.00291374	0.00194218	180	0	0.0694484	256.34	-4.35046e-07	1555.7	200.462	0	-1088.19	180	0	-0.00224837	123.001	0	-2.15815	235.999	0	0.000176741	14921
LOKI	-2.66316e-07	1.33238	1.92792	0	-0.9861	0.00581785	0.000104173	3.11141	-2.17639	-2.27648e-06	-0.00291374	0.00194218	180	0	0.0694484	256.34	-4.35046e-07	1555.7	200.462	0	-1088.19	180	0	-0.00224837	123.001	0	-2.15815	235.999	0	0.000176741	14965
LOKI	-2.66316e-07	1.33238	1.92792	0	-0.9861	0.00581785	0.000104169	3.11141	-2.17639	-2.28996e-06	-0.00291396	0.00194232	180	0	0.0694457	256.34	-4.40195e-07	1555.7	200.462	0	-1088.19	180	0	-0.00226169	123.001	0	-2.15831	235.999	0	0.000176797	15008
LOKI	-2.66316e-07	1.33238	1.92792	0	-0.9861	0.00581785	0.000104165	3.11137	-2.17639	-2.30234e-06	-0.00289767	0.00193146	180	0	0.0694436	256.34	-3.11182e-08	1555.69	200.462	0	-1088.19	180	0	-0.00227392	123.001	0	-2.14624	235.999	0	0.000177084	15040
LOKI	-2.66316e-07	1.33238	1.92792	0	-0.9861	0.00581785	0.000104163	3.11137	-2.17639	-2.31538e-06	-0.00291394	0.00194231	180	0	0.0694418	256.34	-7.13239e-08	1555.69	200.462	0	-1088.19	180	0	-0.00228679	123.001	0	-2.1583	235.999	0	0.000177085	15085
LOKI	-2.66316e-07	1.33238	1.92792	0	-0.9861	0.00581785	0.000104159	3.11137	-2.17639	-2.32928e-06	-0.00289765	0.00193145	180	0	0.0694394	256.34	5.22647e-07	1555.69	200.462	0	-1088.19	180	0	-0.00230052	123.001	0	-2.14623	235.999	0	0.000176956	15122
LOKI	-2.66316e-07	1.33238	1.92792	0	-0.9861	0.00581785	0.000104159	3.11137	-2.17639	-2.32928e-06	-0.00289765	0.00193145	180	0	0.0694394	256.34	5.22647e-07	1555.69	200.462	0	-1088.19	180	0	-0.00230052	123.001	0	-2.14623	235.999	0	0.000176956	15161
LOKI	-2.66316e-07	1.33238	1.92792	0	-0.9861	0.00581785	0.000104155	3.11141	-2.17639	-2.34317e-06	-0.00289768	0.00193147	180	0	0.0694365	256.34	6.60644e-08	1555.7	200.462	0	-1088.19	180	0	-0.00231424	123.001	0	-2.14625	235.999	0	0.000176917	15192
LOKI	-2.66316e-07	1.33238	1.92792	0	-0.9861	0.00581785	0.000104152	3.11141	-2.17639	-2.35598e-06	-0.00291373	0.00194217	180	0	0.0694347	256.34	-4.35594e-07	1555.7	200.462	0	-1088.19	180	0	-0.00232689	123.001	0	-2.15814	235.999	0	0.000176961	15228
LOKI	-2.66316e-07	1.33238	1.92792	0	-0.9861	0.00581785	0.000104148	3.11137	-2.17639	-2.37054e-06	-0.00291367	0.00194213	180	0	0.069432	256.34	5.49804e-07	1555.69	200.462	0	-1088.19	180	0	-0.00234127	123.001	0	-2.1581	235.999	0	0.000176657	15267
LOKI	-2.66316e-07	1.33238	1.92792	0	-0.9861	0.00581785	0.000104146	3.11137	-2.17639	-2.38142e-06	-0.00289776	0.00193152	180	0	0.0694308	256.34	4.83793e-07	1555.69	200.462	0	-1088.19	180	0	-0.00235202	123.001	0	-2.14631	235.999	0	0.000177127	15308
LOKI	-2.66316e-07	1.33238	1.92792	0	-0.9861	0.00581785	0.000104146	3.11137	-2.17639	-2.38142e-06	-0.00289776	0.00193152	180	0	0.0694308	256.34	4.83793e-07	1555.69	200.462	0	-1088.19	180	0	-0.00235202	123.001	0	-2.14631	235.999	0	0.000177127	15345
LOKI	-2.66316e-07	1.33238	1.92792	0	-0.9861	0.00581785	0.000104143	3.11137	-2.17639	-2.39474e-06	-0.00291371	0.00194232	180	0	0.069429	256.34	9.78405e-08	1555.69	200.462	0	-1088.19	180	0	-0.00236517	123.001	0	-2.15822	235.999	0	8.75212e-05	15386
LOKI	-2.66316e-07	1.33238	1.92792	0	-0.9861	0.00581785	0.00010414	3.11141	-2.17639	-2.40747e-06	-0.00291372	0.00194232	180	0	0.0694266	256.34	-9.54842e-08	1555.7	200.462	0	-1088.19	180	0	-0.00237775	123.001	0	-2.15822	235.999	0	8.86881e-05	15424
LOKI	-2.66316e-07	1.33238	1.92792	0	-0.9861	0.00581785	0.000104137	3.11141	-2.17639	-2.42116e-06	-0.00289764	0.0019316	180	0	0.0694246	256.34	-1.08734e-07	1555.7	200.462	0	-1088.19	180	0	-0.00239126	123.001	0	-2.14631	235.999	0	8.84771e-05	15469
LOKI	-2.66316e-07	1.33238	1.92792	0	-0.9861	0.00581785	0.000104137	3.11141	-2.17639	-2.42116e-06	-0.00289764	0.0019316	180	0	0.0694246	256.34	-1.08734e-07	1555.7	200.462	0	-1088.19	180	0	-0.00239126	123.001	0	-2.14631	235.999	0	8.84771e-05	15504
LOKI	-2.66316e-07	1.33238	1.92792	0	-0.9861	0.00581785	0.000104134	3.11137	-2.17639	-2.43395e-06	-0.00291361	0.00194225	180	0	0.0694227	256.34	1.6655e-07	1555.69	200.462	0	-1088.19	180	0	-0.00240391	123.001	0	-2.15814	235.999	0	8.8456e-05	15543
LOKI	-2.66316e-07	1.33238	1.92792	0	-0.9861	0.00581785	0.000104133	3.11141	-2.17639	-2.44574e-06	-0.0029136	0.00194224	180	0	0.0694218	256.34	-1.69833e-07	1555.7	200.462	0	-1088.19	180	0	-0.00241555	123.001	0	-2.15813	235.999	0	8.8528e-05	15585
LOKI	-2.66316e-07	1.33238	1.92792	0	-0.9861	0.00581785	0.00010413	3.11137	-2.17639	-2.45825e-06	-0.00289753	0.00193153	180	0	0.0694203	256.34	1.2702e-07	1555.69	200.462	0	-1088.19	180	0	-0.0024279	123.001	0	-2.14623	235.999	0	8.85098e-05	15623
LOKI	-2.66316e-07	1.33238	1.92792	0	-0.9861	0.00581785	0.000104127	3.11141	-2.17639	-2.47113e-06	-0.0028976	0.00193157	180	0	0.0694179	256.34	-3.19705e-07	1555.7	200.462	0	-1088.19	180	0	-0.00244063	123.001	0	-2.14628	235.999	0	8.85325e-05	15662
LOKI	-2.66316e-07	1.33238	1.92792	0	-0.9861	0.00581785	0.000104125	3.11142	-2.17639	-2.48141e-06	-0.0029136	0.00194224	180	0	0.0694165	256.34	-4.74694e-07	1555.71	200.462	0	-1088.19	180	0	-0.00245077	123.001	0	-2.15813	235.999	0	8.8418e-05	15703
LOKI	-2.66316e-07	1.33238	1.92792	0	-0.9861	0.00581785	0.000104125	3.11137	-2.17639	-2.48357e-06	-0.0029138	0.00194237	180	0	0.0694165	256.34	1.29533e-07	1555.69	200.462	0	-1088.19	180	0	-0.00245291	123.001	0	-2.15828	235.999	0	8.84847e-05	15743
LOKI	-2.66316e-07	1.33238	1.92792	0	-0.9861	0.00581785	0.000104123	3.11137	-2.17639	-2.49517e-06	-0.00289772	0.00193166	180	0	0.0694152	256.34	3.51187e-07	1555.69	200.462	0	-1088.19	180	0	-0.00246436	123.001	0	-2.14637	235.999	0	8.86253e-05	15783
LOKI	-2.66316e-07	1.33238	1.92792	0	-0.9861	0.00581785	0.00010412	3.11141	-2.17639	-2.50815e-06	-0.00291368	0.00194229	180	0	0.0694136	256.34	-2.66908e-07	1555.7	200.462	0	-1088.19	180	0	-0.00247718	123.001	0	-2.15819	235.999	0	8.8419e-05	15821
LOKI	-2.66316e-07	1.33238	1.92792	0	-0.9861	0.00581785	0.000104119	3.11137	-2.17639	-2.51969e-06	-0.00291365	0.00194227	180	0	0.0694127	256.34	1.82471e-07	1555.69	200.462	0	-1088.19	180	0	-0.00248858	123.001	0	-2.15817	235.999	0	8.84976e-05	15863
LOKI	-2.66316e-07	1.33238	1.92792	0	-0.9861	0.00581785	0.000104117	3.11141	-2.17639	-2.5316e-06	-0.0029136	0.00194224	180	0	0.0694113	256.34	-4.39923e-08	1555.7	200.462	0	-1088.19	180	0	-0.00250035	123.001	0	-2.15813	235.999	0	8.85413e-05	15900
LOKI	-2.66316e-07	1.33238	1.92792	0	-0.9861	0.00581785	0.000104117	3.11141	-2.17639	-2.5316e-06	-0.0029136	0.00194224	180	0	0.0694113	256.34	-4.39923e-08	1555.7	200.462	0	-1088.19	180	0	-0.00250035	123.001	0	-2.15813	235.999	0	8.85413e-05	15936
LOKI	-2.66316e-07	1.33238	1.92792	0	-0.9861	0.00581785	0.000104116	3.11137	-2.17639	-2.54328e-06	-0.00291364	0.00194227	180	0	0.0694103	256.34	-2.02991e-07	1555.69	200.462	0	-1088.19	180	0	-0.00251188	123.001	0	-2.15816	235.999	0	8.85267e-05	15976
LOKI	-2.66316e-07	1.33238	1.92792	0	-0.9861	0.00581785	0.000104113	3.11137	-2.17639	-2.55609e-06	-0.00291361	0.00194225	180	0	0.0694085	256.34	-4.10173e-07	1555.69	200.462	0	-1088.19	180	0	-0.00252454	123.001	0	-2.15814	235.999	0	8.83565e-05	16014
LOKI	-2.66316e-07	1.33238	1.92792	0	-0.9861	0.00581785	0.000104111	3.11137	-2.17639	-2.56707e-06	-0.00289772	0.00193165	180	0	0.0694077	256.34	-5.29264e-08	1555.69	200.462	0	-1088.19	180	0	-0.00253538	123.001	0	-2.14637	235.999	0	8.85046e-05	16057
LOKI	-2.66316e-07	1.33238	1.92792	0	-0.9861	0.00581785	0.000104111	3.11137	-2.17639	-2.56707e-06	-0.00289772	0.00193165	180	0	0.0694077	256.34	-5.29264e-08	1555.69	200.462	0	-1088.19	180	0	-0.00253538	123.001	0	-2.14637	235.999	0	8.85046e-05	16093
LOKI	-2.66316e-07	1.33238	1.92792	0	-0.9861	0.00581785	0.00010411	3.11137	-2.17639	-2.57904e-06	-0.00291372	0.00194232	180	0	0.0694065	256.34	1.40653e-07	1555.69	200.462	0	-1088.19	180	0	-0.0025472	123.001	0	-2.15822	235.999	0	8.84055e-05	16134
LOKI	-2.66316e-07	1.33238	1.92792	0	-0.9861	0.00581785	0.000104108	3.11141	-2.17639	-2.59089e-06	-0.00291363	0.00194226	180	0	0.0694054	256.34	1.86396e-07	1555.7	200.462	0	-1088.19	180	0	-0.00255891	123.001	0	-2.15815	235.999	0	8.83347e-05	16172
LOKI	-2.66316e-07	1.33238	1.92792	0	-0.9861	0.00581785	0.000104108	3.11141	-2.17639	-2.60048e-06	-0.00289765	0.0019316	180	0	0.0694054	256.34	-1.33248e-07	1555.7	200.462	0	-1088.19	180	0	-0.00256837	123.001	0	-2.14632	235.999	0	8.86711e-05	16217
LOKI	-2.66316e-07	1.33238	1.92792	0	-0.9861	0.00581785	0.000104104	3.11137	-2.17639	-2.61521e-06	-0.00291359	0.00194223	180	0	0.0694028	256.34	1.99054e-07	1555.69	200.462	0	-1088.19	180	0	-0.00258292	123.001	0	-2.15812	235.999	0	8.80988e-05	16255
LOKI	-2.66316e-07	1.33238	1.92792	0	-0.9861	0.00581785	0.000104105	3.11137	-2.17639	-2.61419e-06	-0.00291362	0.00194225	180	0	0.0694032	256.34	1.99054e-07	1555.69	200.462	0	-1088.19	180	0	-0.00258192	123.001	0	-2.15815	235.999	0	8.821e-05	16282
LOKI	-2.66316e-07	1.33238	1.92792	0	-0.9861	0.00581785	0.000104104	3.11137	-2.17639	-2.6247e-06	-0.0029136	0.00194224	180	0	0.0694023	256.34	1.1874e-07	1555.69	200.462	0	-1088.19	180	0	-0.0025923	123.001	0	-2.15814	235.999	0	8.84381e-05	16321
LOKI	-2.66316e-07	1.33238	1.92792	0	-0.9861	0.00581785	0.000104103	3.11141	-2.17639	-2.6348e-06	-0.00289757	0.00193155	180	0	0.0694023	256.34	2.17366e-07	1555.7	200.462	0	-1088.19	180	0	-0.00260227	123.001	0	-2.14626	235.999	0	8.85777e-05	16359
LOKI	-2.66316e-07	1.33238	1.92792	0	-0.9861	0.00581785	0.000104103	3.11137	-2.17639	-2.64579e-06	-0.00289762	0.00193159	180	0	0.0694017	256.34	-1.76213e-07	1555.69	200.462	0	-1088.19	180	0	-0.00261313	123.001	0	-2.14629	235.999	0	8.85709e-05	16401
LOKI	-2.66316e-07	1.33238	1.92792	0	-0.9861	0.00581785	0.000104103	3.11137	-2.17639	-2.64579e-06	-0.00289762	0.00193159	180	0	0.0694017	256.34	-1.76213e-07	1555.69	200.462	0	-1088.19	180	0	-0.00261313	123.001	0	-2.14629	235.999	0	8.85709e-05	16438
LOKI	-2.66316e-07	1.33238	1.92792	0	-0.9861	0.00581785	0.0001041	3.11137	-2.17639	-2.65875e-06	-0.00291365	0.00194227	180	0	0.0693997	256.34	-6.97439e-08	1555.69	200.462	0	-1088.19	180	0	-0.00262593	123.001	0	-2.15817	235.999	0	8.82374e-05	16483
LOKI	-2.66316e-07	1.33238	1.92792	0	-0.9861	0.00581785	0.000104098	3.11137	-2.17639	-2.66941e-06	-0.00291365	0.00194228	180	0	0.0693989	256.34	-5.63445e-07	1555.69	200.462	0	-1088.19	180	0	-0.00263646	123.001	0	-2.15817	235.999	0	8.83376e-05	16516
LOKI	-2.66316e-07	1.33238	1.92792	0	-0.9861	0.00581785	0.000104098	3.11141	-2.17639	-2.67935e-06	-0.00291365	0.00194227	180	0	0.0693986	256.34	-4.1765e-08	1555.7	200.462	0	-1088.19	180	0	-0.00264627	123.001	0	-2.15817	235.999	0	8.85006e-05	16561
LOKI	-2.66316e-07	1.33238	1.92792	0	-0.9861	0.00581785	0.000104097	3.11137	-2.17639	-2.68997e-06	-0.00289754	0.00193154	180	0	0.069398	256.34	5.29701e-07	1555.69	200.462	0	-1088.19	180	0	-0.00265676	123.001	0	-2.14624	235.999	0	8.85286e-05	16598
LOKI	-2.66316e-07	1.33238	1.92792	0	-0.9861	0.00581785	0.000104097	3.11137	-2.17639	-2.68997e-06	-0.00289754	0.00193154	180	0	0.069398	256.34	5.29701e-07	1555.69	200.462	0	-1088.19	180	0	-0.00265676	123.001	0	-2.14624	235.999	0	8.85286e-05	16637
LOKI	-2.66316e-07	1.33238	1.92792	0	-0.9861	0.00581785	0.000104097	3.1114	-2.17639	-2.70021e-06	-0.00291361	0.00194225	180	0	0.0693978	256.34	4.56948e-07	1555.7	200.462	0	-1088.19	180	0	-0.00266687	123.001	0	-2.15814	235.999	0	8.85591e-05	16675
LOKI	-2.66316e-07	1.33238	1.92792	0	-0.9861	0.00581785	0.000104095	3.11141	-2.17639	-2.71098e-06	-0.00291386	0.00194242	180	0	0.069397	256.34	-2.29647e-07	1555.7	200.462	0	-1088.19	180	0	-0.00267751	123.001	0	-2.15833	235.999	0	8.85454e-05	16716
LOKI	-2.66316e-07	1.33238	1.92792	0	-0.9861	0.00581785	0.000104095	3.11137	-2.17639	-2.72124e-06	-0.00289768	0.00193162	180	0	0.0693968	256.34	7.35272e-08	1555.69	200.462	0	-1088.19	180	0	-0.00268765	123.001	0	-2.14634	235.999	0	8.85309e-05	16757
LOKI	-2.66316e-07	1.33238	1.92792	0	-0.9861	0.00581785	0.000104094	3.11137	-2.17639	-2.73195e-06	-0.00291379	0.00194237	180	0	0.0693963	256.34	3.36538e-07	1555.69	200.462	0	-1088.19	180	0	-0.00269822	123.001	0	-2.15827	235.999	0	8.84472e-05	16793
LOKI	-2.66316e-07	1.33238	1.92792	0	-0.9861	0.00581785	0.000104094	3.11137	-2.17639	-2.73195e-06	-0.00291379	0.00194237	180	0	0.0693963	256.34	3.36538e-07	1555.69	200.462	0	-1088.19	180	0	-0.00269822	123.001	0	-2.15827	235.999	0	8.84472e-05	16830
LOKI	-2.66316e-07	1.33238	1.92792	0	-0.9861	0.00581785	0.000104094	3.11141	-2.17639	-2.74247e-06	-0.00291375	0.00194234	180	0	0.0693958	256.34	-8.20942e-07	1555.7	200.462	0	-1088.19	180	0	-0.00270861	123.001	0	-2.15824	235.999	0	8.8387e-05	16866
LOKI	-2.66316e-07	1.33238	1.92792	0	-0.9861	0.00581785	0.000104091	3.11141	-2.17639	-2.75384e-06	-0.00291365	0.00194227	180	0	0.0693941	256.34	1.06466e-07	1555.7	200.462	0	-1088.19	180	0	-0.00271985	123.001	0	-2.15817	235.999	0	8.82985e-05	16897
LOKI	-2.66316e-07	1.33238	1.92792	0	-0.9861	0.00581785	0.000104092	3.11137	-2.17639	-2.76279e-06	-0.0028977	0.00193164	180	0	0.0693945	256.34	-3.2379e-07	1555.69	200.462	0	-1088.19	180	0	-0.00272868	123.001	0	-2.14636	235.999	0	8.84997e-05	16943
LOKI	-2.66316e-07	1.33238	1.92792	0	-0.9861	0.00581785	0.000104092	3.11137	-2.17639	-2.77219e-06	-0.00291364	0.00194227	180	0	0.0693944	256.34	6.24096e-08	1555.69	200.462	0	-1088.19	180	0	-0.00273797	123.001	0	-2.15817	235.999	0	8.86344e-05	16974
LOKI	-2.66316e-07	1.33238	1.92792	0	-0.9861	0.00581785	0.000104092	3.11137	-2.17639	-2.77219e-06	-0.00291364	0.00194227	180	0	0.0693944	256.34	6.24096e-08	1555.69	200.462	0	-1088.19	180	0	-0.00273797	123.001	0	-2.15817	235.999	0	8.86344e-05	17012
LOKI	-2.66316e-07	1.33238	1.92792	0	-0.9861	0.00581785	0.000104091	3.11141	-2.17639	-2.7828e-06	-0.00289754	0.00193154	180	0	0.0693937	256.34	6.64975e-08	1555.7	200.462	0	-1088.19	180	0	-0.00274845	123.001	0	-2.14624	235.999	0	8.85253e-05	17048
LOKI	-2.66316e-07	1.33238	1.92792	0	-0.9861	0.00581785	0.000104089	3.11137	-2.17639	-2.79303e-06	-0.00291376	0.00194235	180	0	0.069393	256.34	3.03264e-07	1555.69	200.462	0	-1088.19	180	0	-0.00275855	123.001	0	-2.15826	235.999	0	8.8513e-05	17091
LOKI	-2.66316e-07	1.33238	1.92792	0	-0.9861	0.00581785	0.000104089	3.11137	-2.17639	-2.80294e-06	-0.00289769	0.00193163	180	0	0.0693925	256.34	-1.4792e-07	1555.69	200.462	0	-1088.19	180	0	-0.00276834	123.001	0	-2.14635	235.999	0	8.85183e-05	17129
LOKI	-2.66316e-07	1.33238	1.92792	0	-0.9861	0.00581785	0.000104089	3.11137	-2.17639	-2.80294e-06	-0.00289769	0.00193163	180	0	0.0693925	256.34	-1.4792e-07	1555.69	200.462	0	-1088.19	180	0	-0.00276834	123.001	0	-2.14635	235.999	0	8.85183e-05	17172
LOKI	-2.66316e-07	1.33238	1.92792	0	-0.9861	0.00581785	0.000104087	3.11137	-2.17639	-2.81373e-06	-0.00289775	0.00193168	180	0	0.0693914	256.34	5.11288e-07	1555.69	200.462	0	-1088.19	180	0	-0.002779	123.001	0	-2.1464	235.999	0	8.83905e-05	17212
LOKI	-2.66316e-07	1.33238	1.92792	0	-0.9861	0.00581785	0.000104087	3.11141	-2.17639	-2.82264e-06	-0.00289769	0.00193164	180	0	0.0693913	256.34	-2.11929e-07	1555.7	200.462	0	-1088.19	180	0	-0.00278779	123.001	0	-2.14635	235.999	0	8.85934e-05	17253
LOKI	-2.66316e-07	1.33238	1.92792	0	-0.9861	0.00581785	0.000104085	3.11137	-2.17639	-2.83342e-06	-0.00291365	0.00194227	180	0	0.0693903	256.34	1.43474e-07	1555.69	200.462	0	-1088.19	180	0	-0.00279844	123.001	0	-2.15817	235.999	0	8.84067e-05	17294
LOKI	-2.66316e-07	1.33238	1.92792	0	-0.9861	0.00581785	0.000104085	3.11137	-2.17639	-2.8433e-06	-0.0029138	0.00194238	180	0	0.0693903	256.34	3.80516e-08	1555.69	200.462	0	-1088.19	180	0	-0.0028082	123.001	0	-2.15828	235.999	0	8.82668e-05	17332
LOKI	-2.66316e-07	1.33238	1.92792	0	-0.9861	0.00581785	0.000104085	3.11137	-2.17639	-2.8433e-06	-0.0029138	0.00194238	180	0	0.0693903	256.34	3.80516e-08	1555.69	200.462	0	-1088.19	180	0	-0.0028082	123.001	0	-2.15828	235.999	0	8.82668e-05	17370
LOKI	-2.66316e-07	1.33238	1.92792	0	-0.9861	0.00581785	0.000104086	3.11137	-2.17639	-2.85193e-06	-0.00291376	0.00194235	180	0	0.0693907	256.34	-1.56914e-07	1555.69	200.462	0	-1088.19	180	0	-0.00281672	123.001	0	-2.15825	235.999	0	8.8364e-05	17411
LOKI	-2.66316e-07	1.33238	1.92792	0	-0.9861	0.00581785	0.000104086	3.11141	-2.17639	-2.86031e-06	-0.0029136	0.00194224	180	0	0.0693908	256.34	-2.02176e-07	1555.7	200.462	0	-1088.19	180	0	-0.00282499	123.001	0	-2.15813	235.999	0	8.86159e-05	17449
LOKI	-2.66316e-07	1.33238	1.92792	0	-0.9861	0.00581785	0.000104084	3.11137	-2.17639	-2.87066e-06	-0.00291371	0.00194231	180	0	0.0693893	256.34	-1.83692e-07	1555.69	200.462	0	-1088.19	180	0	-0.00283522	123.001	0	-2.15821	235.999	0	8.85847e-05	17488
LOKI	-2.66316e-07	1.33238	1.92792	0	-0.9861	0.00581785	0.000104083	3.11141	-2.17639	-2.88079e-06	-0.00289773	0.00193166	180	0	0.0693889	256.34	2.9771e-07	1555.7	200.462	0	-1088.19	180	0	-0.00284523	123.001	0	-2.14638	235.999	0	8.83759e-05	17526
LOKI	-2.66316e-07	1.33238	1.92792	0	-0.9861	0.00581785	0.000104083	3.11141	-2.17639	-2.88079e-06	-0.00289773	0.00193166	180	0	0.0693889	256.34	2.9771e-07	1555.7	200.462	0	-1088.19	180	0	-0.00284523	123.001	0	-2.14638	235.999	0	8.83759e-05	17566
LOKI	-2.66316e-07	1.33238	1.92792	0	-0.9861	0.00581785	0.000104083	3.11137	-2.17639	-2.89059e-06	-0.00291367	0.00194228	180	0	0.0693887	256.34	-2.49894e-07	1555.69	200.462	0	-1088.19	180	0	-0.0028549	123.001	0	-2.15818	235.999	0	8.82217e-05	17609
LOKI	-2.66316e-07	1.33238	1.92792	0	-0.9861	0.00581785	0.000104084	3.11137	-2.17639	-2.89794e-06	-0.00289772	0.00193166	180	0	0.0693895	256.34	-1.32523e-07	1555.69	200.462	0	-1088.19	180	0	-0.00286217	123.001	0	-2.14637	235.999	0	8.8552e-05	17642
LOKI	-2.66316e-07	1.33238	1.92792	0	-0.9861	0.00581785	0.000104083	3.11137	-2.17639	-2.90766e-06	-0.00289765	0.00193161	180	0	0.0693885	256.34	-1.0939e-07	1555.69	200.462	0	-1088.19	180	0	-0.00287176	123.001	0	-2.14632	235.999	0	8.85223e-05	17686
LOKI	-2.66316e-07	1.33238	1.92792	0	-0.9861	0.00581785	0.000104081	3.11137	-2.17639	-2.91845e-06	-0.00289782	0.00193172	180	0	0.0693872	256.34	5.94311e-07	1555.69	200.462	0	-1088.19	180	0	-0.00288242	123.001	0	-2.14644	235.999	0	8.82504e-05	17724
LOKI	-2.66316e-07	1.33238	1.92792	0	-0.9861	0.00581785	0.000104081	3.11137	-2.17639	-2.91845e-06	-0.00289782	0.00193172	180	0	0.0693872	256.34	5.94311e-07	1555.69	200.462	0	-1088.19	180	0	-0.00288242	123.001	0	-2.14644	235.999	0	8.82504e-05	17757
LOKI	-2.66316e-07	1.33238	1.92792	0	-0.9861	0.00581785	0.000104083	3.11141	-2.17639	-2.92587e-06	-0.00291355	0.00194237	180	0	0.0693888	256.34	-3.89045e-07	1555.7	200.462	0	-1088.19	180	0	-0.00288975	123.001	0	-2.15819	235.999	0	-1.38787e-06	17791
LOKI	-2.66316e-07	1.33238	1.92792	0	-0.9861	0.00581785	0.000104083	3.11141	-2.17639	-2.93409e-06	-0.00289743	0.00193162	180	0	0.0693889	256.34	6.39498e-08	1555.7	200.462	0	-1088.19	180	0	-0.00289787	123.001	0	-2.14624	235.999	0	4.76721e-08	17830
LOKI	-2.66316e-07	1.33238	1.92792	0	-0.9861	0.00581785	0.000104081	3.11141	-2.17639	-2.94367e-06	-0.00291357	0.00194238	180	0	0.0693875	256.34	1.04179e-07	1555.7	200.462	0	-1088.19	180	0	-0.00290733	123.001	0	-2.1582	235.999	0	8.5487e-08	17865
LOKI	-2.66316e-07	1.33238	1.92792	0	-0.9861	0.00581785	0.000104081	3.11141	-2.17639	-2.94367e-06	-0.00291357	0.00194238	180	0	0.0693875	256.34	1.04179e-07	1555.7	200.462	0	-1088.19	180	0	-0.00290733	123.001	0	-2.1582	235.999	0	8.5487e-08	17906
LOKI	-2.66316e-07	1.33238	1.92792	0	-0.9861	0.00581785	0.000104082	3.11137	-2.17639	-2.95214e-06	-0.00289744	0.00193163	180	0	0.0693882	256.34	6.12923e-07	1555.69	200.462	0	-1088.19	180	0	-0.0029157	123.001	0	-2.14626	235.999	0	1.72952e-08	17950
LOKI	-2.66316e-07	1.33238	1.92792	0	-0.9861	0.00581785	0.000104081	3.11137	-2.17639	-2.96094e-06	-0.00291372	0.00194248	180	0	0.0693873	256.34	1.10899e-07	1555.69	200.462	0	-1088.19	180	0	-0.00292438	123.001	0	-2.15831	235.999	0	1.3213e-07	17988
LOKI	-2.66316e-07	1.33238	1.92792	0	-0.9861	0.00581785	0.000104079	3.11141	-2.17639	-2.97121e-06	-0.00289757	0.00193172	180	0	0.0693862	256.34	2.75763e-07	1555.7	200.462	0	-1088.19	180	0	-0.00293452	123.001	0	-2.14635	235.999	0	-1.34098e-07	18031
LOKI	-2.66316e-07	1.33238	1.92792	0	-0.9861	0.00581785	0.000104083	3.11137	-2.17639	-2.97635e-06	-0.00289753	0.00193169	180	0	0.0693889	256.34	2.96521e-07	1555.69	200.462	0	-1088.19	180	0	-0.00293961	123.001	0	-2.14632	235.999	0	3.05046e-07	18070
LOKI	-2.66316e-07	1.33238	1.92792	0	-0.9861	0.00581785	0.000104079	3.11142	-2.17639	-2.9889e-06	-0.00289786	0.0019319	180	0	0.0693862	256.34	-6.90519e-07	1555.71	200.462	0	-1088.19	180	0	-0.002952	123.001	0	-2.14656	235.999	0	-2.1254e-07	18110
LOKI	-2.66316e-07	1.33238	1.92792	0	-0.9861	0.00581785	0.00010408	3.11141	-2.17639	-2.98777e-06	-0.00289774	0.00193182	180	0	0.0693865	256.34	-6.90519e-07	1555.7	200.462	0	-1088.19	180	0	-0.00295088	123.001	0	-2.14647	235.999	0	-1.03232e-07	18146
LOKI	-2.66316e-07	1.33238	1.92792	0	-0.9861	0.00581785	0.00010408	3.11137	-2.17639	-2.99607e-06	-0.00291369	0.00194246	180	0	0.0693868	256.34	3.93445e-07	1555.69	200.462	0	-1088.19	180	0	-0.00295908	123.001	0	-2.15829	235.999	0	-1.11439e-07	18188
LOKI	-2.66316e-07	1.33238	1.92792	0	-0.9861	0.00581785	0.00010408	3.11137	-2.17639	-3.00369e-06	-0.00291369	0.00194246	180	0	0.0693868	256.34	2.19605e-07	1555.69	200.462	0	-1088.19	180	0	-0.0029666	123.001	0	-2.15829	235.999	0	6.98305e-08	18226
LOKI	-2.66316e-07	1.33238	1.92792	0	-0.9861	0.00581785	0.000104079	3.11137	-2.17639	-3.01296e-06	-0.00291354	0.00194236	180	0	0.069386	256.34	4.63733e-07	1555.69	200.462	0	-1088.19	180	0	-0.00297576	123.001	0	-2.15817	235.999	0	-4.31277e-08	18255
LOKI	-2.66316e-07	1.33238	1.92792	0	-0.9861	0.00581785	0.000104079	3.11137	-2.17639	-3.01296e-06	-0.00291354	0.00194236	180	0	0.069386	256.34	4.63733e-07	1555.69	200.462	0	-1088.19	180	0	-0.00297576	123.001	0	-2.15817	235.999	0	-4.31277e-08	18295
LOKI	-2.66316e-07	1.33238	1.92792	0	-0.9861	0.00581785	0.00010408	3.11141	-2.17639	-3.01992e-06	-0.00291357	0.00194238	180	0	0.0693869	256.34	-1.13675e-07	1555.7	200.462	0	-1088.19	180	0	-0.00298263	123.001	0	-2.1582	235.999	0	1.30405e-07	18336
LOKI	-2.66316e-07	1.33238	1.92792	0	-0.9861	0.00581785	0.000104079	3.11137	-2.17639	-3.02899e-06	-0.00289749	0.00193166	180	0	0.0693857	256.34	1.03337e-07	1555.69	200.462	0	-1088.19	180	0	-0.0029916	123.001	0	-2.14629	235.999	0	9.97562e-08	18376
LOKI	-2.66316e-07	1.33238	1.92792	0	-0.9861	0.00581785	0.000104081	3.11137	-2.17639	-3.036e-06	-0.00289757	0.00193171	180	0	0.0693872	256.34	3.88287e-07	1555.69	200.462	0	-1088.19	180	0	-0.00299852	123.001	0	-2.14634	235.999	0	1.39576e-07	18413
LOKI	-2.66316e-07	1.33238	1.92792	0	-0.9861	0.00581785	0.000104079	3.11137	-2.17639	-3.04477e-06	-0.00289761	0.00193174	180	0	0.0693859	256.34	3.46176e-07	1555.69	200.462	0	-1088.19	180	0	-0.00300718	123.001	0	-2.14638	235.999	0	1.83622e-07	18456
LOKI	-2.66316e-07	1.33238	1.92792	0	-0.9861	0.00581785	0.000104079	3.11137	-2.17639	-3.04477e-06	-0.00289761	0.00193174	180	0	0.0693859	256.34	3.46176e-07	1555.69	200.462	0	-1088.19	180	0	-0.00300718	123.001	0	-2.14638	235.999	0	1.83622e-07	18496
LOKI	-2.66316e-07	1.33238	1.92792	0	-0.9861	0.00581785	0.000104081	3.11137	-2.17639	-3.05235e-06	-0.00289746	0.00193164	180	0	0.069387	256.34	6.12214e-08	1555.69	200.462	0	-1088.19	180	0	-0.00301467	123.001	0	-2.14626	235.999	0	8.83049e-08	18534
LOKI	-2.66316e-07	1.33238	1.92792	0	-0.9861	0.00581785	0.000104077	3.11141	-2.17639	-3.06208e-06	-0.00291354	0.00194236	180	0	0.0693849	256.34	-5.16221e-07	1555.7	200.462	0	-1088.19	180	0	-0.00302428	123.001	0	-2.15818	235.999	0	-2.10154e-08	18572
LOKI	-2.66316e-07	1.33238	1.92792	0	-0.9861	0.00581785	0.00010408	3.11141	-2.17639	-3.06845e-06	-0.00291362	0.00194241	180	0	0.0693867	256.34	-2.8063e-07	1555.7	200.462	0	-1088.19	180	0	-0.00303057	123.001	0	-2.15824	235.999	0	6.60409e-08	18619
LOKI	-2.66316e-07	1.33238	1.92792	0	-0.9861	0.00581785	0.000104078	3.11137	-2.17639	-3.07797e-06	-0.00291348	0.00194232	180	0	0.0693851	256.34	-2.84138e-07	1555.69	200.462	0	-1088.19	180	0	-0.00303997	123.001	0	-2.15813	235.999	0	-5.26193e-08	18654
LOKI	-2.66316e-07	1.33238	1.92792	0	-0.9861	0.00581785	0.000104077	3.11141	-2.17639	-3.07796e-06	-0.00291352	0.00194235	180	0	0.0693847	256.34	-4.27616e-07	1555.7	200.462	0	-1088.19	180	0	-0.00303996	123.001	0	-2.15816	235.999	0	-2.84713e-08	18685
LOKI	-2.66316e-07	1.33238	1.92792	0	-0.9861	0.00581785	0.00010408	3.11137	-2.17639	-3.08428e-06	-0.0029135	0.00194234	180	0	0.0693863	256.34	-7.54934e-08	1555.69	200.462	0	-1088.19	180	0	-0.00304621	123.001	0	-2.15815	235.999	0	6.77488e-08	18714
LOKI	-2.66316e-07	1.33238	1.92792	0	-0.9861	0.00581785	0.000104077	3.11137	-2.17639	-3.09286e-06	-0.00289757	0.00193171	180	0	0.069385	256.34	4.61628e-07	1555.69	200.462	0	-1088.19	180	0	-0.00305467	123.001	0	-2.14635	235.999	0	8.85866e-08	18754
LOKI	-2.66316e-07	1.33238	1.92792	0	-0.9861	0.00581785	0.00010408	3.11137	-2.17639	-3.09934e-06	-0.00289754	0.00193169	180	0	0.0693864	256.34	1.95228e-07	1555.69	200.462	0	-1088.19	180	0	-0.00306108	123.001	0	-2.14633	235.999	0	1.44192e-07	18799
LOKI	-2.66316e-07	1.33238	1.92792	0	-0.9861	0.00581785	0.000104077	3.11137	-2.17639	-3.10902e-06	-0.0028974	0.0019316	180	0	0.0693847	256.34	6.67935e-07	1555.69	200.462	0	-1088.19	180	0	-0.00307064	123.001	0	-2.14622	235.999	0	-1.06431e-07	18837
LOKI	-2.66316e-07	1.33238	1.92792	0	-0.9861	0.00581785	0.000104077	3.11137	-2.17639	-3.10902e-06	-0.0028974	0.0019316	180	0	0.0693847	256.34	6.67935e-07	1555.69	200.462	0	-1088.19	180	0	-0.00307064	123.001	0	-2.14622	235.999	0	-1.06431e-07	18874
LOKI	-2.66316e-07	1.33238	1.92792	0	-0.9861	0.00581785	0.000104078	3.11137	-2.17639	-3.1156e-06	-0.00289752	0.00193168	180	0	0.0693854	256.34	-1.22706e-07	1555.69	200.462	0	-1088.19	180	0	-0.00307713	123.001	0	-2.14631	235.999	0	2.33475e-08	18914
LOKI	-2.66316e-07	1.33238	1.92792	0	-0.9861	0.00581785	0.000104078	3.11137	-2.17639	-3.12425e-06	-0.00291358	0.00194238	180	0	0.0693851	256.34	3.71441e-07	1555.69	200.462	0	-1088.19	180	0	-0.00308568	123.001	0	-2.1582	235.999	0	-2.38667e-07	18953
LOKI	-2.66316e-07	1.33238	1.92792	0	-0.9861	0.00581785	0.000104078	3.11137	-2.17639	-3.12425e-06	-0.00291358	0.00194238	180	0	0.0693851	256.34	3.71441e-07	1555.69	200.462	0	-1088.19	180	0	-0.00308568	123.001	0	-2.1582	235.999	0	-2.38667e-07	18990
LOKI	-2.66316e-07	1.33238	1.92792	0	-0.9861	0.00581785	0.000104079	3.11141	-2.17639	-3.13743e-06	-0.00291351	0.00194234	180	0	0.0693862	256.34	7.86715e-08	1555.7	200.462	0	-1088.19	180	0	-0.0030987	123.001	0	-2.15816	235.999	0	4.58858e-08	19030
LOKI	-2.66316e-07	1.33238	1.92792	0	-0.9861	0.00581785	0.000104079	3.11141	-2.17639	-3.13743e-06	-0.00291351	0.00194234	180	0	0.0693862	256.34	7.86715e-08	1555.7	200.462	0	-1088.19	180	0	-0.0030987	123.001	0	-2.15816	235.999	0	4.58858e-08	19069
LOKI	-2.66316e-07	1.33238	1.92792	0	-0.9861	0.00581785	0.000104077	3.11141	-2.17639	-3.14557e-06	-0.00291351	0.00194234	180	0	0.0693845	256.34	-3.33783e-07	1555.7	200.462	0	-1088.19	180	0	-0.00310673	123.001	0	-2.15815	235.999	0	1.40483e-07	19103
LOKI	-2.66316e-07	1.33238	1.92792	0	-0.9861	0.00581785	0.000104078	3.11141	-2.17639	-3.15246e-06	-0.00291362	0.00194242	180	0	0.0693856	256.34	8.12939e-08	1555.7	200.462	0	-1088.19	180	0	-0.00311354	123.001	0	-2.15824	235.999	0	4.12336e-08	19147
LOKI	-2.66316e-07	1.33238	1.92792	0	-0.9861	0.00581785	0.000104078	3.11141	-2.17639	-3.16045e-06	-0.00291357	0.00194238	180	0	0.0693852	256.34	-5.63637e-08	1555.7	200.462	0	-1088.19	180	0	-0.00312143	123.001	0	-2.1582	235.999	0	-8.41219e-08	19180
LOKI	-2.66316e-07	1.33238	1.92792	0	-0.9861	0.00581785	0.000104077	3.11137	-2.17639	-3.16694e-06	-0.00289762	0.00193174	180	0	0.0693848	256.34	4.03384e-07	1555.69	200.462	0	-1088.19	180	0	-0.00312785	123.001	0	-2.14638	235.999	0	1.81726e-07	19220
LOKI	-2.66316e-07	1.33238	1.92792	0	-0.9861	0.00581785	0.000104077	3.11137	-2.17639	-3.16694e-06	-0.00289762	0.00193174	180	0	0.0693848	256.34	4.03384e-07	1555.69	200.462	0	-1088.19	180	0	-0.00312785	123.001	0	-2.14638	235.999	0	1.81726e-07	19251
LOKI	-2.66316e-07	1.33238	1.92792	0	-0.9861	0.00581785	0.000104079	3.11141	-2.17639	-3.17428e-06	-0.00291345	0.0019423	180	0	0.0693857	256.34	2.57344e-07	1555.7	200.462	0	-1088.19	180	0	-0.0031351	123.001	0	-2.15811	235.999	0	-4.97154e-08	19290
LOKI	-2.66316e-07	1.33238	1.92792	0	-0.9861	0.00581785	0.000104078	3.11141	-2.17639	-3.18109e-06	-0.00289749	0.00193166	180	0	0.0693853	256.34	-4.49883e-07	1555.7	200.462	0	-1088.19	180	0	-0.00314182	123.001	0	-2.14629	235.999	0	1.16928e-07	19326
LOKI	-2.66316e-07	1.33238	1.92792	0	-0.9861	0.00581785	0.000104077	3.11141	-2.17639	-3.18847e-06	-0.0029136	0.0019424	180	0	0.0693848	256.34	1.85284e-07	1555.7	200.462	0	-1088.19	180	0	-0.00314911	123.001	0	-2.15822	235.999	0	1.03175e-07	19370
LOKI	-2.66316e-07	1.33238	1.92792	0	-0.9861	0.00581785	0.000104077	3.11141	-2.17639	-3.18847e-06	-0.0029136	0.0019424	180	0	0.0693848	256.34	1.85284e-07	1555.7	200.462	0	-1088.19	180	0	-0.00314911	123.001	0	-2.15822	235.999	0	1.03175e-07	19409
LOKI	-2.66316e-07	1.33238	1.92792	0	-0.9861	0.00581785	0.000104078	3.11137	-2.17639	-3.19552e-06	-0.00291356	0.00194237	180	0	0.0693856	256.34	6.58009e-08	1555.69	200.462	0	-1088.19	180	0	-0.00315607	123.001	0	-2.15819	235.999	0	-6.39217e-08	19453
LOKI	-2.66316e-07	1.33238	1.92792	0	-0.9861	0.00581785	0.000104076	3.11137	-2.17639	-3.2037e-06	-0.00291353	0.00194235	180	0	0.0693837	256.34	1.39299e-07	1555.69	200.462	0	-1088.19	180	0	-0.00316415	123.001	0	-2.15817	235.999	0	-3.39006e-08	19493
LOKI	-2.66316e-07	1.33238	1.92792	0	-0.9861	0.00581785	0.000104077	3.11141	-2.17639	-3.20968e-06	-0.00289747	0.00193164	180	0	0.0693846	256.34	4.07494e-08	1555.7	200.462	0	-1088.19	180	0	-0.00317005	123.001	0	-2.14627	235.999	0	4.13621e-08	19529
LOKI	-2.66316e-07	1.33238	1.92792	0	-0.9861	0.00581785	0.000104077	3.11141	-2.17639	-3.20968e-06	-0.00289747	0.00193164	180	0	0.0693846	256.34	4.07494e-08	1555.7	200.462	0	-1088.19	180	0	-0.00317005	123.001	0	-2.14627	235.999	0	4.13621e-08	19568
LOKI	-2.66316e-07	1.33238	1.92792	0	-0.9861	0.00581785	0.000104078	3.11137	-2.17639	-3.21629e-06	-0.0028975	0.00193166	180	0	0.0693856	256.34	1.86306e-07	1555.69	200.462	0	-1088.19	180	0	-0.00317658	123.001	0	-2.14629	235.999	0	-7.51254e-08	19613
LOKI	-2.66316e-07	1.33238	1.92792	0	-0.9861	0.00581785	0.000104076	3.11137	-2.17639	-3.22472e-06	-0.00291368	0.00194246	180	0	0.0693837	256.34	-6.49169e-08	1555.69	200.462	0	-1088.19	180	0	-0.00318491	123.001	0	-2.15828	235.999	0	-1.71548e-07	19652
LOKI	-2.66316e-07	1.33238	1.92792	0	-0.9861	0.00581785	0.000104078	3.11137	-2.17639	-3.22932e-06	-0.0028976	0.00193174	180	0	0.0693856	256.34	2.14175e-07	1555.69	200.462	0	-1088.19	180	0	-0.00318945	123.001	0	-2.14637	235.999	0	3.51237e-08	19692
LOKI	-2.66316e-07	1.33238	1.92792	0	-0.9861	0.00581785	0.000104077	3.1114	-2.17639	-3.23716e-06	-0.00291376	0.00194251	180	0	0.0693849	256.34	5.48434e-07	1555.7	200.462	0	-1088.19	180	0	-0.00319719	123.001	0	-2.15834	235.999	0	-1.28188e-07	19731
LOKI	-2.66316e-07	1.33238	1.92792	0	-0.9861	0.00581785	0.000104077	3.11137	-2.17639	-3.24412e-06	-0.00289756	0.0019317	180	0	0.0693845	256.34	1.54788e-07	1555.69	200.462	0	-1088.19	180	0	-0.00320407	123.001	0	-2.14634	235.999	0	-1.35107e-07	19771
LOKI	-2.66316e-07	1.33238	1.92792	0	-0.9861	0.00581785	0.000104077	3.11137	-2.17639	-3.24412e-06	-0.00289756	0.0019317	180	0	0.0693845	256.34	1.54788e-07	1555.69	200.462	0	-1088.19	180	0	-0.00320407	123.001	0	-2.14634	235.999	0	-1.35107e-07	19811
LOKI	-2.66316e-07	1.33238	1.92792	0	-0.9861	0.00581785	0.000104076	3.11137	-2.17639	-3.25049e-06	-0.00289739	0.0019316	180	0	0.0693841	256.34	5.76989e-07	1555.69	200.462	0	-1088.19	180	0	-0.00321036	123.001	0	-2.14622	235.999	0	-5.77231e-09	19853
LOKI	-2.66316e-07	1.33238	1.92792	0	-0.9861	0.00581785	0.000104078	3.11137	-2.17639	-3.25568e-06	-0.00289758	0.00193172	180	0	0.0693856	256.34	-2.60001e-07	1555.69	200.462	0	-1088.19	180	0	-0.00321549	123.001	0	-2.14635	235.999	0	9.98826e-08	19891
LOKI	-2.66316e-07	1.33238	1.92792	0	-0.9861	0.00581785	0.000104079	3.11141	-2.17639	-3.26255e-06	-0.00291355	0.00194237	180	0	0.0693858	256.34	-1.25261e-07	1555.7	200.462	0	-1088.19	180	0	-0.00322227	123.001	0	-2.15819	235.999	0	-2.96529e-08	19931
LOKI	-2.66316e-07	1.33238	1.92792	0	-0.9861	0.00581785	0.000104075	3.11137	-2.17639	-3.27051e-06	-0.00289757	0.00193171	180	0	0.0693834	256.34	2.24251e-08	1555.69	200.462	0	-1088.19	180	0	-0.00323013	123.001	0	-2.14635	235.999	0	-5.28695e-09	19976
LOKI	-2.66316e-07	1.33238	1.92792	0	-0.9861	0.00581785	0.000104075	3.11137	-2.17639	-3.27051e-06	-0.00289757	0.00193171	180	0	0.0693834	256.34	2.24251e-08	1555.69	200.462	0	-1088.19	180	0	-0.00323013	123.001	0	-2.14635	235.999	0	-5.28695e-09	20012
LOKI	-2.66316e-07	1.33238	1.92792	0	-0.9861	0.00581785	0.000104078	3.11137	-2.17639	-3.27508e-06	-0.00289748	0.00193166	180	0	0.0693854	256.34	4.40556e-07	1555.69	200.462	0	-1088.19	180	0	-0.00323465	123.001	0	-2.14628	235.999	0	1.32156e-07	20052
LOKI	-2.66316e-07	1.33238	1.92792	0	-0.9861	0.00581785	0.000104079	3.11137	-2.17639	-3.28086e-06	-0.0029135	0.00194233	180	0	0.0693862	256.34	-2.15778e-07	1555.69	200.462	0	-1088.19	180	0	-0.00324036	123.001	0	-2.15815	235.999	0	1.57978e-07	20094
LOKI	-2.66316e-07	1.33238	1.92792	0	-0.9861	0.00581785	0.000104078	3.11137	-2.17639	-3.28833e-06	-0.00289749	0.00193166	180	0	0.0693853	256.34	5.00563e-07	1555.69	200.462	0	-1088.19	180	0	-0.00324774	123.001	0	-2.14629	235.999	0	-3.65378e-09	20130
LOKI	-2.66316e-07	1.33238	1.92792	0	-0.9861	0.00581785	0.000104076	3.11137	-2.17639	-3.29547e-06	-0.00289751	0.00193167	180	0	0.0693837	256.34	-1.66229e-07	1555.69	200.462	0	-1088.19	180	0	-0.00325478	123.001	0	-2.1463	235.999	0	5.16169e-08	20169
LOKI	-2.66316e-07	1.33238	1.92792	0	-0.9861	0.00581785	0.000104076	3.11137	-2.17639	-3.29547e-06	-0.00289751	0.00193167	180	0	0.0693837	256.34	-1.66229e-07	1555.69	200.462	0	-1088.19	180	0	-0.00325478	123.001	0	-2.1463	235.999	0	5.16169e-08	20206
LOKI	-2.66316e-07	1.33238	1.92792	0	-0.9861	0.00581785	0.000104078	3.11137	-2.17639	-3.30063e-06	-0.00289746	0.00193164	180	0	0.0693855	256.34	6.60883e-08	1555.69	200.462	0	-1088.19	180	0	-0.00325988	123.001	0	-2.14627	235.999	0	9.86411e-09	20242
LOKI	-2.66316e-07	1.33238	1.92792	0	-0.9861	0.00581785	0.000104079	3.11141	-2.17639	-3.30696e-06	-0.00289759	0.00193172	180	0	0.0693857	256.34	9.73372e-08	1555.7	200.462	0	-1088.19	180	0	-0.00326613	123.001	0	-2.14636	235.999	0	-6.36418e-08	20278
LOKI	-2.66316e-07	1.33238	1.92792	0	-0.9861	0.00581785	0.000104078	3.11137	-2.17639	-3.31316e-06	-0.00289746	0.00193164	180	0	0.0693854	256.34	4.34312e-07	1555.69	200.462	0	-1088.19	180	0	-0.00327225	123.001	0	-2.14626	235.999	0	-2.6081e-08	20312
LOKI	-2.66316e-07	1.33238	1.92792	0	-0.9861	0.00581785	0.000104078	3.11137	-2.17639	-3.31316e-06	-0.00289746	0.00193164	180	0	0.0693854	256.34	4.34312e-07	1555.69	200.462	0	-1088.19	180	0	-0.00327225	123.001	0	-2.14626	235.999	0	-2.6081e-08	20347
LOKI	-2.66316e-07	1.33238	1.92792	0	-0.9861	0.00581785	0.000104075	3.11141	-2.17639	-3.32007e-06	-0.00289756	0.00193171	180	0	0.0693835	256.34	-3.62537e-08	1555.7	200.462	0	-1088.19	180	0	-0.00327908	123.001	0	-2.14634	235.999	0	1.03759e-07	20394
LOKI	-2.66316e-07	1.33238	1.92792	0	-0.9861	0.00581785	0.000104079	3.11137	-2.17639	-3.32413e-06	-0.00289741	0.00193161	180	0	0.0693858	256.34	8.32962e-08	1555.69	200.462	0	-1088.19	180	0	-0.00328309	123.001	0	-2.14623	235.999	0	2.21764e-07	20431
LOKI	-2.66316e-07	1.33238	1.92792	0	-0.9861	0.00581785	0.000104078	3.11141	-2.17639	-3.33073e-06	-0.00291362	0.00194241	180	0	0.0693856	256.34	-5.30189e-08	1555.7	200.462	0	-1088.19	180	0	-0.00328961	123.001	0	-2.15824	235.999	0	1.0043e-07	20475
LOKI	-2.66316e-07	1.33238	1.92792	0	-0.9861	0.00581785	0.000104079	3.11137	-2.17639	-3.33667e-06	-0.00289762	0.00193175	180	0	0.0693859	256.34	-1.99914e-07	1555.69	200.462	0	-1088.19	180	0	-0.00329548	123.001	0	-2.14638	235.999	0	4.50723e-08	20512
LOKI	-2.66316e-07	1.33238	1.92792	0	-0.9861	0.00581785	0.000104079	3.11137	-2.17639	-3.33667e-06	-0.00289762	0.00193175	180	0	0.0693859	256.34	-1.99914e-07	1555.69	200.462	0	-1088.19	180	0	-0.00329548	123.001	0	-2.14638	235.999	0	4.50723e-08	20553
LOKI	-2.66316e-07	1.33238	1.92792	0	-0.9861	0.00581785	0.000104076	3.11141	-2.17639	-3.34421e-06	-0.00291349	0.00194233	180	0	0.0693842	256.34	-4.35048e-07	1555.7	200.462	0	-1088.19	180	0	-0.00330292	123.001	0	-2.15814	235.999	0	-8.76623e-08	20588
LOKI	-2.66316e-07	1.33238	1.92792	0	-0.9861	0.00581785	0.000104076	3.11141	-2.17639	-3.34945e-06	-0.00291353	0.00194235	180	0	0.0693843	256.34	-1.19405e-07	1555.7	200.462	0	-1088.19	180	0	-0.0033081	123.001	0	-2.15817	235.999	0	6.49103e-08	20629
LOKI	-2.66316e-07	1.33238	1.92792	0	-0.9861	0.00581785	0.000104079	3.11137	-2.17639	-3.35397e-06	-0.00291362	0.00194241	180	0	0.069386	256.34	5.83743e-07	1555.69	200.462	0	-1088.19	180	0	-0.00331257	123.001	0	-2.15824	235.999	0	1.23726e-07	20671
LOKI	-2.66316e-07	1.33238	1.92792	0	-0.9861	0.00581785	0.000104079	3.11137	-2.17639	-3.3608e-06	-0.00289742	0.00193162	180	0	0.0693857	256.34	2.63663e-07	1555.69	200.462	0	-1088.19	180	0	-0.00331931	123.001	0	-2.14624	235.999	0	-1.11765e-07	20710
LOKI	-2.66316e-07	1.33238	1.92792	0	-0.9861	0.00581785	0.000104079	3.11137	-2.17639	-3.3608e-06	-0.00289742	0.00193162	180	0	0.0693857	256.34	2.63663e-07	1555.69	200.462	0	-1088.19	180	0	-0.00331931	123.001	0	-2.14624	235.999	0	-1.11765e-07	20750
LOKI	-2.66316e-07	1.33238	1.92792	0	-0.9861	0.00581785	0.000104078	3.11137	-2.17639	-3.36637e-06	-0.0028976	0.00193173	180	0	0.0693855	256.34	-9.41478e-08	1555.69	200.462	0	-1088.19	180	0	-0.00332481	123.001	0	-2.14637	235.999	0	-2.80088e-08	20788
LOKI	-2.66316e-07	1.33238	1.92792	0	-0.9861	0.00581785	0.000104075	3.11141	-2.17639	-3.37369e-06	-0.00291349	0.00194232	180	0	0.0693837	256.34	-3.20124e-07	1555.7	200.462	0	-1088.19	180	0	-0.00333204	123.001	0	-2.15814	235.999	0	-1.30711e-07	20824
LOKI	-2.66316e-07	1.33238	1.92792	0	-0.9861	0.00581785	0.000104078	3.11141	-2.17639	-3.37732e-06	-0.0029136	0.0019424	180	0	0.0693851	256.34	7.18619e-08	1555.7	200.462	0	-1088.19	180	0	-0.00333562	123.001	0	-2.15822	235.999	0	1.56644e-07	20860
LOKI	-2.66316e-07	1.33238	1.92792	0	-0.9861	0.00581785	0.000104079	3.11137	-2.17639	-3.38071e-06	-0.00289111	0.0019274	180	0	0.0693857	256.34	-1.63642e-07	1555.69	200.462	0	-1088.19	180	0	-0.00333897	123.001	0	-2.14156	235.999	0	1.35832e-07	20900
LOKI	-2.66316e-07	1.33238	1.92792	0	-0.9861	0.00581785	0.000104078	3.11137	-2.17639	-3.38348e-06	-0.00289746	0.00193164	180	0	0.0693855	256.34	-1.85851e-07	1555.69	200.462	0	-1088.19	180	0	-0.0033417	123.001	0	-2.14627	235.999	0	-7.08225e-08	20938
LOKI	-2.66316e-07	1.33238	1.92792	0	-0.9861	0.00581785	0.000104079	3.11137	-2.17639	-3.38846e-06	-0.00291363	0.00194242	180	0	0.069386	256.34	-9.05691e-08	1555.69	200.462	0	-1088.19	180	0	-0.00334662	123.001	0	-2.15824	235.999	0	2.20927e-08	20981
LOKI	4.36758e-05	1.33238	1.92792	9.98685e-07	-0.9861	0.00581399	-0.022625	3.11051	-2.17543	-0.000397625	-0.00559028	0.000591629	180.003	0	-15.0833	256.34	0.000979345	1555.25	200.462	0	-1087.72	180	0	-0.392716	123.001	0	-2.39916	236	0	1.74179	21019
LOKI	4.76706e-05	1.33238	1.92792	1.19842e-06	-0.9861	0.00581341	-0.0150045	3.11099	-2.1759	-0.0003317	-0.00468135	0.00100666	180.003	0	-10.003	256.34	6.80289e-05	1555.49	200.462	0	-1087.95	180	0	-0.327605	123.001	0	-2.29309	236	0	1.17458	21056
LOKI	4.7138e-05	1.33238	1.92792	1.39816e-06	-0.9861	0.00581341	-0.0103042	3.11159	-2.17654	-0.000463425	-0.00390796	0.00120284	180.003	0	-6.86947	256.34	-0.00102015	1555.79	200.462	0	-1088.27	180	0	-0.457703	123.001	0	-2.11564	236	0	0.77915	21092
LOKI	4.1279e-05	1.33238	1.92792	1.99737e-06	-0.9861	0.00581386	-0.00743221	3.11208	-2.17709	-0.000739178	-0.00336536	0.00132082	180.002	0	-4.9548	256.34	-0.00135728	1556.04	200.462	0	-1088.55	180	0	-0.730053	123.001	0	-1.98022	236	0	0.512643	21131
LOKI	3.542e-05	1.33238	1.92792	2.79632e-06	-0.986101	0.00581448	-0.00622598	3.11202	-2.17703	-0.000770464	-0.00326642	0.00140166	180.002	0	-4.15066	256.34	-0.000742701	1556.01	200.462	0	-1088.52	180	0	-0.760952	123.001	0	-1.98849	236	0	0.431083	21166
LOKI	3.00937e-05	1.33238	1.92792	2.99606e-06	-0.986101	0.00581492	-0.00479908	3.11176	-2.17675	-0.000578928	-0.00327778	0.00150364	180.002	0	-3.19939	256.34	-5.67818e-05	1555.88	200.462	0	-1088.38	180	0	-0.57178	123.001	0	-2.04935	236	0	0.378638	21211
LOKI	2.45011e-05	1.33238	1.92792	2.79632e-06	-0.986101	0.00581537	-0.00330561	3.11162	-2.1766	-0.000330141	-0.00327066	0.00158894	180.001	0	-2.20374	256.34	0.000141272	1555.81	200.462	0	-1088.3	180	0	-0.326065	123.001	0	-2.0941	236	0	0.328614	21252
LOKI	2.45011e-05	1.33238	1.92792	2.79632e-06	-0.986101	0.00581537	-0.00330561	3.11162	-2.1766	-0.000330141	-0.00327066	0.00158894	180.001	0	-2.20374	256.34	0.000141272	1555.81	200.462	0	-1088.3	180	0	-0.326065	123.001	0	-2.0941	236	0	0.328614	21289
LOKI	1.91748e-05	1.33238	1.92792	2.19711e-06	-0.986101	0.00581572	-0.00201878	3.11147	-2.17648	-0.000145334	-0.00324602	0.00166805	180.001	0	-1.34586	256.34	0.00031316	1555.73	200.462	0	-1088.24	180	0	-0.14354	123.001	0	-2.12893	236	0	0.275535	21326
LOKI	1.41148e-05	1.33238	1.92792	1.5979e-06	-0.9861	0.00581603	-0.000994514	3.11138	-2.17635	-6.96253e-05	-0.00321203	0.00174812	180.001	0	-0.663009	256.34	0.000361376	1555.69	200.462	0	-1088.18	180	0	-0.0687658	123.001	0	-2.16082	236	0	0.218461	21355
LOKI	1.03863e-05	1.33238	1.92792	1.5979e-06	-0.9861	0.00581634	-0.00107191	3.1111	-2.17607	-0.000437014	-0.00322528	0.00187436	180.001	0	-0.714603	256.34	0.0006523	1555.55	200.462	0	-1088.04	180	0	-0.431619	123.001	0	-2.23586	236	0	0.153239	21398
LOKI	7.98948e-06	1.33238	1.92792	1.79763e-06	-0.9861	0.00581657	-0.000775005	3.11111	-2.17607	-0.000418865	-0.00322087	0.00188486	180	0	-0.51667	256.34	0.000386554	1555.55	200.462	0	-1088.03	180	0	-0.413694	123.001	0	-2.24006	235.999	0	0.145768	21441
LOKI	7.98948e-06	1.33238	1.92792	1.79763e-06	-0.9861	0.00581657	-0.000775005	3.11111	-2.17607	-0.000418865	-0.00322087	0.00188486	180	0	-0.51667	256.34	0.000386554	1555.55	200.462	0	-1088.03	180	0	-0.413694	123.001	0	-2.24006	235.999	0	0.145768	21470
LOKI	5.59264e-06	1.33238	1.92792	1.79763e-06	-0.9861	0.00581679	8.78151e-05	3.11132	-2.17629	-0.000212269	-0.0031253	0.0018526	180	0	0.0585434	256.34	-8.26035e-05	1555.66	200.462	0	-1088.14	180	0	-0.209649	123.001	0	-2.18674	235.999	0	0.128298	21503
LOKI	2.66316e-06	1.33238	1.92792	1.19842e-06	-0.9861	0.00581697	0.00113912	3.1116	-2.17658	7.74121e-05	-0.00298741	0.00179468	180	0	0.759411	256.34	-0.000501967	1555.8	200.462	0	-1088.29	180	0	0.0764564	123.001	0	-2.10349	235.999	0	0.109407	21543
LOKI	-2.66316e-07	1.33238	1.92792	3.99474e-07	-0.9861	0.00581705	0.00185791	3.11188	-2.17686	0.000245586	-0.0028435	0.00175899	180	0	1.23861	256.34	-0.000779674	1555.94	200.462	0	-1088.43	180	0	0.242554	123.001	0	-2.03037	235.999	0	0.0759299	21584
LOKI	-2.66316e-07	1.33238	1.92792	3.99474e-07	-0.9861	0.00581705	0.00185791	3.11188	-2.17686	0.000245586	-0.0028435	0.00175899	180	0	1.23861	256.34	-0.000779674	1555.94	200.462	0	-1088.43	180	0	0.242554	123.001	0	-2.03037	235.999	0	0.0759299	21622
LOKI	-1.5979e-06	1.33238	1.92792	0	-0.986101	0.00581719	0.00028234	3.11213	-2.17714	0.000180765	-0.00283446	0.00162861	180	0	0.188226	256.34	-0.000821669	1556.06	200.462	0	-1088.57	180	0	0.178533	123.001	0	-1.95458	235.999	0	0.14502	21660
LOKI	-5.32632e-07	1.33238	1.92792	0	-0.986101	0.0058171	-0.000890428	3.11155	-2.1766	-9.24109e-05	-0.00306124	0.00172545	180	0	-0.593619	256.34	0.000394727	1555.78	200.462	0	-1088.3	180	0	-0.0912701	123.001	0	-2.09238	235.999	0	0.175209	21700
LOKI	1.33158e-06	1.33238	1.92792	3.99474e-07	-0.9861	0.00581705	-0.0014244	3.11082	-2.17584	-0.000434478	-0.0033028	0.00192421	180	0	-0.949597	256.34	0.00136273	1555.41	200.462	0	-1087.92	180	0	-0.429114	123.001	0	-2.29227	235.999	0	0.154252	21738
LOKI	1.33158e-06	1.33238	1.92792	3.99474e-07	-0.9861	0.00581705	-0.0014244	3.11082	-2.17584	-0.000434478	-0.0033028	0.00192421	180	0	-0.949597	256.34	0.00136273	1555.41	200.462	0	-1087.92	180	0	-0.429114	123.001	0	-2.29227	235.999	0	0.154252	21781
LOKI	2.92948e-06	1.33238	1.92792	1.39816e-06	-0.9861	0.00581714	-0.00135565	3.11048	-2.17547	-0.000586231	-0.00339229	0.00202667	180	0	-0.903769	256.34	0.00133877	1555.24	200.462	0	-1087.73	180	0	-0.578993	123.001	0	-2.38233	235.999	0	0.130472	21818
LOKI	3.19579e-06	1.33238	1.92792	1.79763e-06	-0.9861	0.00581714	-0.000677109	3.11065	-2.17564	-0.000485529	-0.00332569	0.0020183	180	0	-0.451406	256.34	0.000578266	1555.33	200.462	0	-1087.82	180	0	-0.479535	123.001	0	-2.35302	235.999	0	0.110459	21857
LOKI	2.13053e-06	1.33238	1.92792	1.79763e-06	-0.9861	0.00581723	0.000380832	3.11112	-2.17609	-0.000230913	-0.00314341	0.00193646	180	0	0.253888	256.34	-0.000318407	1555.56	200.462	0	-1088.05	180	0	-0.228063	123.001	0	-2.24004	235.999	0	0.088415	21900
LOKI	-1.11853e-05	1.33238	1.92792	7.98948e-07	-0.9861	0.0058183	0.0204964	3.11182	-2.1768	0.0007526	-0.00118861	0.00291558	179.999	0	13.6643	256.34	-0.00127786	1555.91	200.462	0	-1088.4	180	0	0.743309	123.001	0	-2.05999	235.999	0	-1.17954	21936
LOKI	-1.11853e-05	1.33238	1.92792	7.98948e-07	-0.9861	0.0058183	0.0204964	3.11182	-2.1768	0.0007526	-0.00118861	0.00291558	179.999	0	13.6643	256.34	-0.00127786	1555.91	200.462	0	-1088.4	180	0	0.743309	123.001	0	-2.05999	235.999	0	-1.17954	21971
LOKI	-4.55401e-05	1.33238	1.92792	-1.5979e-06	-0.9861	0.00582132	0.0332386	3.11218	-2.1772	0.00145575	0.000234809	0.00365308	179.997	0	22.1591	256.34	-0.00135791	1556.09	200.462	0	-1088.6	180	0	1.43777	123	0	-1.94252	235.999	0	-2.11646	22005
LOKI	-7.51011e-05	1.33238	1.92792	-3.795e-06	-0.986101	0.00582416	0.0345357	3.11217	-2.17721	0.00164493	0.000481277	0.00381579	179.996	0	23.0238	256.34	-0.000850411	1556.09	200.462	0	-1088.6	180	0	1.62462	123	0	-1.94163	235.999	0	-2.29814	22047
LOKI	-8.81506e-05	1.33238	1.92792	-5.19316e-06	-0.986101	0.00582558	0.0264973	3.11203	-2.17707	0.00141831	-0.000189886	0.0034384	179.995	0	17.6648	256.34	-0.000276714	1556.02	200.462	0	-1088.54	180	0	1.4008	123	0	-1.98055	235.999	0	-1.8399	22081
LOKI	-8.86833e-05	1.33238	1.92792	-5.59264e-06	-0.986101	0.00582584	0.0231523	3.11167	-2.17673	0.00120345	-0.000539378	0.00336484	179.995	0	15.4348	256.34	0.000355217	1555.83	200.462	0	-1088.36	180	0	1.18859	123	0	-2.06913	235.999	0	-1.66959	22111
LOKI	-8.81506e-05	1.33238	1.92792	-5.59264e-06	-0.986101	0.00582589	0.0222498	3.11157	-2.17659	0.0011344	-0.000628955	0.00335442	179.995	0	14.8332	256.34	0.000543848	1555.79	200.462	0	-1088.3	180	0	1.1204	123	0	-2.09651	235.999	0	-1.63062	22155
LOKI	-8.41559e-05	1.33238	1.92792	-5.3929e-06	-0.986101	0.0058258	0.0199289	3.11123	-2.17623	0.000960425	-0.000871692	0.00336035	179.995	0	13.2859	256.34	0.000833546	1555.61	200.462	0	-1088.11	180	0	0.948568	123	0	-2.18971	235.999	0	-1.54401	22193
LOKI	-7.53675e-05	1.33238	1.92792	-4.79369e-06	-0.9861	0.0058254	0.00754826	3.11108	-2.17608	0.000494864	-0.00189255	0.00274563	179.996	0	5.03217	256.34	0.000745276	1555.54	200.462	0	-1088.04	180	0	0.488754	123	0	-2.22629	235.999	0	-0.824405	22236
LOKI	-5.24643e-05	1.33238	1.92792	-3.59527e-06	-0.9861	0.00582362	0.00120173	3.1109	-2.17591	0.000236614	-0.00260945	0.00235762	179.997	0	0.80115	256.34	0.00077336	1555.45	200.462	0	-1087.96	180	0	0.233693	123	0	-2.27625	235.999	0	-0.343327	22273
LOKI	-3.19579e-05	1.33238	1.92792	-2.59658e-06	-0.9861	0.00582176	-0.00313747	3.11098	-2.17595	9.58329e-05	-0.00299816	0.0020753	179.998	0	-2.09165	256.34	0.00038657	1555.49	200.462	0	-1087.97	180	0	0.0946498	123	0	-2.26337	235.999	0	-0.0425142	22311
LOKI	-3.19579e-05	1.33238	1.92792	-2.59658e-06	-0.9861	0.00582176	-0.00313747	3.11098	-2.17595	9.58329e-05	-0.00299816	0.0020753	179.998	0	-2.09165	256.34	0.00038657	1555.49	200.462	0	-1087.97	180	0	0.0946498	123	0	-2.26337	235.999	0	-0.0425142	22353
LOKI	-1.30495e-05	1.33238	1.92792	-1.5979e-06	-0.9861	0.00582016	-0.00727985	3.11118	-2.17616	-6.08469e-05	-0.00332592	0.00176361	179.999	0	-4.85323	256.34	-6.3522e-05	1555.59	200.462	0	-1088.08	180	0	-0.0600957	123	0	-2.21161	235.999	0	0.252037	22392
LOKI	3.19579e-06	1.33238	1.92792	-7.98948e-07	-0.9861	0.00581861	-0.0100124	3.11133	-2.17635	-0.00019247	-0.00354182	0.00153898	180	0	-6.67493	256.34	-0.000284451	1555.66	200.462	0	-1088.18	180	0	-0.190094	123.001	0	-2.16678	235.999	0	0.456796	22431
LOKI	3.19579e-06	1.33238	1.92792	-7.98948e-07	-0.986101	0.00581799	-0.0100124	3.11133	-2.17635	-0.00019247	-0.00368197	0.00144555	180	0	-6.67493	256.34	-0.000284451	1555.66	200.462	0	-1088.18	180	0	-0.190094	123.001	0	-2.16678	235.999	0	0.560611	22465
LOKI	2.47674e-05	1.33238	1.92792	5.99211e-07	-0.9861	0.00581657	-0.011644	3.11143	-2.17646	-0.000348933	-0.00370799	0.00137324	180.001	0	-7.76269	256.34	-0.000243902	1555.72	200.462	0	-1088.23	180	0	-0.344625	123.001	0	-2.13625	235.999	0	0.610417	22509
LOKI	2.58327e-05	1.33238	1.92792	5.99211e-07	-0.9861	0.00581652	-0.0115379	3.11143	-2.17645	-0.000348684	-0.00370383	0.00137759	180.001	0	-7.69192	256.34	-0.000224666	1555.71	200.462	0	-1088.23	180	0	-0.344379	123.001	0	-2.13712	235.999	0	0.60646	22546
LOKI	3.16916e-05	1.33238	1.92792	9.98685e-07	-0.9861	0.0058159	-0.0109599	3.11139	-2.17645	-0.000367519	-0.00369242	0.00139578	180.002	0	-7.30663	256.34	-9.83294e-05	1555.7	200.462	0	-1088.22	180	0	-0.362982	123.001	0	-2.143	236	0	0.592131	22588
LOKI	3.40885e-05	1.33238	1.92792	1.39816e-06	-0.9861	0.00581554	-0.00967638	3.11138	-2.1764	-0.000343969	-0.00362409	0.00146388	180.002	0	-6.45092	256.34	-1.0312e-05	1555.69	200.462	0	-1088.2	180	0	-0.339722	123.001	0	-2.15552	236	0	0.528985	22628
LOKI	3.35558e-05	1.33238	1.92792	1.5979e-06	-0.9861	0.00581554	-0.00805826	3.11123	-2.17625	-0.000357692	-0.00352949	0.00158155	180.002	0	-5.37217	256.34	0.000211531	1555.62	200.462	0	-1088.12	180	0	-0.353276	123.001	0	-2.18586	236	0	0.428579	22668
LOKI	3.35558e-05	1.33238	1.92792	1.5979e-06	-0.9861	0.00581554	-0.00805826	3.11123	-2.17625	-0.000357692	-0.00352949	0.00158155	180.002	0	-5.37217	256.34	0.000211531	1555.62	200.462	0	-1088.12	180	0	-0.353276	123.001	0	-2.18586	236	0	0.428579	22704
LOKI	3.08927e-05	1.33238	1.92792	1.5979e-06	-0.9861	0.00581568	-0.0061085	3.11128	-2.17629	-0.000254601	-0.0033784	0.00167019	180.002	0	-4.07233	256.34	5.24582e-05	1555.64	200.462	0	-1088.15	180	0	-0.251458	123.001	0	-2.17914	236	0	0.323374	22749
LOKI	2.18379e-05	1.33238	1.92792	1.19842e-06	-0.9861	0.00581639	0.00078972	3.11149	-2.1765	7.4796e-05	-0.00269724	0.00201957	180.001	0	0.52648	256.34	-0.0002817	1555.74	200.462	0	-1088.25	180	0	0.0738726	123.001	0	-2.12096	235.999	0	-0.123005	22782
LOKI	1.43811e-05	1.33238	1.92792	5.99211e-07	-0.9861	0.00581701	-0.000895145	3.11152	-2.17654	5.00277e-05	-0.00283988	0.00191283	180.001	0	-0.596763	256.34	-0.000217633	1555.76	200.462	0	-1088.27	180	0	0.0494101	123.001	0	-2.11449	235.999	0	-0.0108785	22823
LOKI	1.06526e-05	1.33238	1.92792	3.99474e-07	-0.9861	0.00581732	-0.0010872	3.11146	-2.17649	4.73586e-05	-0.00288162	0.0019049	180.001	0	-0.7248	256.34	-5.08905e-05	1555.73	200.462	0	-1088.24	180	0	0.0467739	123.001	0	-2.12554	235.999	0	0.0089887	22859
LOKI	1.06526e-05	1.33238	1.92792	3.99474e-07	-0.9861	0.00581732	-0.0010872	3.11146	-2.17649	4.73586e-05	-0.00288162	0.0019049	180.001	0	-0.7248	256.34	-5.08905e-05	1555.73	200.462	0	-1088.24	180	0	0.0467739	123.001	0	-2.12554	235.999	0	0.0089887	22901
LOKI	8.2558e-06	1.33238	1.92792	1.99737e-07	-0.9861	0.0058175	-0.000879278	3.1114	-2.17642	4.17882e-05	-0.00288772	0.00193347	180	0	-0.586186	256.34	7.50341e-05	1555.7	200.462	0	-1088.21	180	0	0.0412723	123.001	0	-2.14367	235.999	0	-0.00462471	22934
LOKI	6.39159e-06	1.33238	1.92792	0	-0.9861	0.00581768	-0.000721329	3.11134	-2.17636	2.8378e-05	-0.00289549	0.00196194	180	0	-0.480886	256.34	0.000119161	1555.67	200.462	0	-1088.18	180	0	0.0280276	123.001	0	-2.16237	235.999	0	-0.0175645	22975
LOKI	5.06001e-06	1.33238	1.92792	0	-0.9861	0.00581772	-0.000600234	3.11132	-2.17637	1.79354e-05	-0.00287939	0.00196784	180	0	-0.400156	256.34	9.4165e-05	1555.66	200.462	0	-1088.18	180	0	0.017714	123.001	0	-2.15969	235.999	0	-0.0268045	23017
LOKI	3.99474e-06	1.33238	1.92792	0	-0.9861	0.00581785	-0.000584743	3.11135	-2.17637	1.28411e-05	-0.00288402	0.00197252	180	0	-0.389829	256.34	4.14163e-05	1555.68	200.462	0	-1088.18	180	0	0.0126826	123.001	0	-2.164	235.999	0	-0.027692	23056
LOKI	3.99474e-06	1.33238	1.92792	0	-0.9861	0.00581785	-0.000584743	3.11135	-2.17637	1.28411e-05	-0.00288402	0.00197252	180	0	-0.389829	256.34	4.14163e-05	1555.68	200.462	0	-1088.18	180	0	0.0126826	123.001	0	-2.164	235.999	0	-0.027692	23095
LOKI	3.46211e-06	1.33238	1.92792	0	-0.9861	0.00581785	-0.000618194	3.11138	-2.17639	1.35106e-05	-0.00288068	0.00196305	180	0	-0.41213	256.34	-4.04873e-06	1555.69	200.462	0	-1088.2	180	0	0.0133438	123.001	0	-2.1575	235.999	0	-0.023665	23132
LOKI	3.19579e-06	1.33238	1.92792	0	-0.9861	0.00581785	-0.000692693	3.11139	-2.1764	1.57724e-05	-0.00288691	0.00195345	180	0	-0.461795	256.34	-2.38928e-05	1555.69	200.462	0	-1088.2	180	0	0.0155777	123.001	0	-2.15447	235.999	0	-0.0160252	23170
LOKI	3.19579e-06	1.33238	1.92792	0	-0.9861	0.00581785	-0.00117328	3.11138	-2.1764	2.54917e-06	-0.00293261	0.00192513	180	0	-0.782185	256.34	-1.25703e-05	1555.69	200.462	0	-1088.2	180	0	0.0025177	123.001	0	-2.15567	235.999	0	0.0166338	23207
LOKI	3.99474e-06	1.33238	1.92792	0	-0.9861	0.00581785	-0.00146974	3.11137	-2.17639	-1.13207e-05	-0.00297321	0.00190395	180	0	-0.979827	256.34	9.73298e-06	1555.68	200.462	0	-1088.19	180	0	-0.0111809	123.001	0	-2.15894	235.999	0	0.043437	23244
LOKI	3.99474e-06	1.33238	1.92792	0	-0.9861	0.00581785	-0.00146974	3.11137	-2.17639	-1.13207e-05	-0.00297321	0.00190395	180	0	-0.979827	256.34	9.73298e-06	1555.68	200.462	0	-1088.19	180	0	-0.0111809	123.001	0	-2.15894	235.999	0	0.043437	23285
LOKI	4.26106e-06	1.33238	1.92792	0	-0.9861	0.00581768	-0.00126128	3.11137	-2.17639	-6.15998e-06	-0.00295844	0.00191318	180	0	-0.840853	256.34	5.98611e-06	1555.69	200.462	0	-1088.19	180	0	-0.00608393	123.001	0	-2.15859	235.999	0	0.0328426	23329
LOKI	4.52737e-06	1.33238	1.92792	0	-0.9861	0.00581768	-0.00113164	3.11137	-2.17639	-5.1534e-06	-0.0029481	0.00191816	180	0	-0.754424	256.34	-1.636e-06	1555.69	200.462	0	-1088.2	180	0	-0.00508978	123.001	0	-2.15754	235.999	0	0.0262427	23365
LOKI	4.26106e-06	1.33238	1.92792	0	-0.9861	0.00581768	-0.00106099	3.11138	-2.17639	-6.3275e-06	-0.00294361	0.00192011	180	0	-0.707328	256.34	-5.53518e-06	1555.69	200.462	0	-1088.2	180	0	-0.00624939	123.001	0	-2.15695	235.999	0	0.0234991	23402
LOKI	4.26106e-06	1.33238	1.92792	0	-0.9861	0.00581768	-0.00101027	3.11138	-2.17642	-7.16082e-06	-0.00294194	0.00192119	180	0	-0.673516	256.34	-5.29214e-06	1555.69	200.462	0	-1088.21	180	0	-0.00707241	123.001	0	-2.15694	235.999	0	0.0222781	23447
LOKI	4.26106e-06	1.33238	1.92792	0	-0.9861	0.00581768	-0.00101027	3.11138	-2.17642	-7.16082e-06	-0.00294194	0.00192119	180	0	-0.673516	256.34	-5.29214e-06	1555.69	200.462	0	-1088.21	180	0	-0.00707241	123.001	0	-2.15694	235.999	0	0.0222781	23484
LOKI	3.99474e-06	1.33238	1.92792	0	-0.9861	0.00581772	-0.000967684	3.11137	-2.17642	-7.07825e-06	-0.00292623	0.00191172	180	0	-0.645123	256.34	-2.153e-06	1555.69	200.462	0	-1088.21	180	0	-0.00699086	123.001	0	-2.14585	235.999	0	0.0217229	23516
LOKI	3.72843e-06	1.33238	1.92792	0	-0.9861	0.00581772	-0.000923962	3.11137	-2.17642	-6.20507e-06	-0.0029262	0.00191261	180	0	-0.615974	256.34	1.20137e-06	1555.69	200.462	0	-1088.21	180	0	-0.00612847	123.001	0	-2.14634	235.999	0	0.0212175	23560
LOKI	3.72843e-06	1.33238	1.92792	0	-0.9861	0.00581772	-0.000882971	3.11137	-2.17642	-5.28547e-06	-0.0029261	0.00191325	180	0	-0.588647	256.34	3.39552e-06	1555.69	200.462	0	-1088.21	180	0	-0.00522022	123.001	0	-2.14666	235.999	0	0.0208254	23602
LOKI	3.72843e-06	1.33238	1.92792	0	-0.9861	0.00581772	-0.000882971	3.11137	-2.17642	-5.28547e-06	-0.0029261	0.00191325	180	0	-0.588647	256.34	3.39552e-06	1555.69	200.462	0	-1088.21	180	0	-0.00522022	123.001	0	-2.14666	235.999	0	0.0208254	23637
LOKI	3.46211e-06	1.33238	1.92792	0	-0.9861	0.00581772	-0.000843736	3.11137	-2.17642	-4.69966e-06	-0.00292556	0.00191378	180	0	-0.562491	256.34	3.96347e-06	1555.69	200.462	0	-1088.21	180	0	-0.00464164	123.001	0	-2.14675	235.999	0	0.0203263	23676
LOKI	3.46211e-06	1.33238	1.92792	0	-0.9861	0.00581768	-0.000807523	3.11137	-2.17642	-4.57251e-06	-0.00294033	0.00192449	180	0	-0.538348	256.34	3.31571e-06	1555.69	200.462	0	-1088.21	180	0	-0.00451606	123.001	0	-2.15817	235.999	0	0.0198502	23716
LOKI	3.19579e-06	1.33238	1.92792	0	-0.9861	0.00581772	-0.000774058	3.11137	-2.17642	-4.80285e-06	-0.00292386	0.00191409	180	0	-0.516039	256.34	2.10644e-06	1555.69	200.462	0	-1088.21	180	0	-0.00474356	123.001	0	-2.14629	235.999	0	0.0195254	23755
LOKI	3.19579e-06	1.33238	1.92792	0	-0.9861	0.00581772	-0.000741678	3.11137	-2.17642	-5.11845e-06	-0.00292336	0.00191454	180	0	-0.494452	256.34	1.14647e-06	1555.69	200.462	0	-1088.21	180	0	-0.00505526	123.001	0	-2.14636	235.999	0	0.0190928	23796
LOKI	2.92948e-06	1.33238	1.92792	0	-0.9861	0.00581772	-0.000720963	3.11137	-2.17642	-5.22868e-06	-0.00292279	0.00191484	180	0	-0.480642	256.34	8.17777e-07	1555.69	200.462	0	-1088.21	180	0	-0.00516413	123.001	0	-2.14631	235.999	0	0.0187148	23838
LOKI	2.92948e-06	1.33238	1.92792	0	-0.9861	0.00581772	-0.000709671	3.11137	-2.17642	-5.32787e-06	-0.00292264	0.00191491	180	0	-0.473114	256.34	6.82989e-07	1555.69	200.462	0	-1088.21	180	0	-0.0052621	123.001	0	-2.1463	235.999	0	0.0186211	23875
LOKI	2.92948e-06	1.33238	1.92792	0	-0.9861	0.00581772	-0.000679185	3.11137	-2.17642	-5.40816e-06	-0.0029222	0.00191521	180	0	-0.45279	256.34	7.32828e-07	1555.69	200.462	0	-1088.21	180	0	-0.00534139	123.001	0	-2.1463	235.999	0	0.018291	23915
LOKI	2.66316e-06	1.33238	1.92792	0	-0.9861	0.00581772	-0.000649148	3.11137	-2.17642	-5.36205e-06	-0.00292179	0.00191557	180	0	-0.432766	256.34	1.11836e-06	1555.69	200.462	0	-1088.21	180	0	-0.00529585	123.001	0	-2.14635	235.999	0	0.0179362	23960
LOKI	2.66316e-06	1.33238	1.92792	0	-0.9861	0.00581772	-0.000620036	3.11137	-2.17642	-5.25327e-06	-0.00292137	0.00191595	180	0	-0.413358	256.34	1.48342e-06	1555.69	200.462	0	-1088.21	180	0	-0.00518841	123.001	0	-2.1464	235.999	0	0.0175715	23997
LOKI	2.66316e-06	1.33238	1.92792	0	-0.9861	0.00581772	-0.000620036	3.11137	-2.17642	-5.25327e-06	-0.00292137	0.00191595	180	0	-0.413358	256.34	1.48342e-06	1555.69	200.462	0	-1088.21	180	0	-0.00518841	123.001	0	-2.1464	235.999	0	0.0175715	24037
LOKI	2.39684e-06	1.33238	1.92792	0	-0.9861	0.00581772	-0.000592294	3.11137	-2.17642	-5.16887e-06	-0.00292071	0.0019163	180	0	-0.394863	256.34	1.73625e-06	1555.69	200.462	0	-1088.21	180	0	-0.00510506	123.001	0	-2.14636	235.999	0	0.017133	24067
LOKI	2.39684e-06	1.33238	1.92792	0	-0.9861	0.00581768	-0.000565849	3.11137	-2.17642	-5.14203e-06	-0.00293628	0.00192729	180	0	-0.377232	256.34	1.80046e-06	1555.69	200.462	0	-1088.21	180	0	-0.00507855	123.001	0	-2.15823	235.999	0	0.0167961	24102
LOKI	2.39684e-06	1.33238	1.92792	0	-0.9861	0.00581772	-0.000539536	3.11137	-2.17642	-5.12329e-06	-0.00291975	0.00191681	180	0	-0.359691	256.34	1.71671e-06	1555.69	200.462	0	-1088.21	180	0	-0.00506004	123.001	0	-2.14629	235.999	0	0.0164957	24142
LOKI	2.13053e-06	1.33238	1.92792	0	-0.9861	0.00581772	-0.000515566	3.11137	-2.17642	-5.17737e-06	-0.00291925	0.00191704	180	0	-0.343711	256.34	1.58755e-06	1555.69	200.462	0	-1088.21	180	0	-0.00511345	123.001	0	-2.14622	235.999	0	0.0161837	24180
LOKI	2.13053e-06	1.33238	1.92792	0	-0.9861	0.00581772	-0.000515566	3.11137	-2.17642	-5.17737e-06	-0.00291925	0.00191704	180	0	-0.343711	256.34	1.58755e-06	1555.69	200.462	0	-1088.21	180	0	-0.00511345	123.001	0	-2.14622	235.999	0	0.0161837	24220
LOKI	2.13053e-06	1.33238	1.92792	0	-0.9861	0.00581772	-0.000491339	3.11137	-2.17642	-5.19693e-06	-0.00291889	0.00191747	180	0	-0.327559	256.34	1.43908e-06	1555.69	200.462	0	-1088.21	180	0	-0.00513278	123.001	0	-2.14633	235.999	0	0.0158082	24262
LOKI	2.13053e-06	1.33238	1.92792	0	-0.9861	0.00581768	-0.000468211	3.11137	-2.17642	-5.21042e-06	-0.00293443	0.00192848	180	0	-0.31214	256.34	1.38833e-06	1555.69	200.462	0	-1088.21	180	0	-0.00514609	123.001	0	-2.15821	235.999	0	0.0154463	24299
LOKI	1.86421e-06	1.33238	1.92792	0	-0.9861	0.00581781	-0.000446072	3.11137	-2.17642	-5.21341e-06	-0.00293399	0.00192866	180	0	-0.297381	256.34	1.41913e-06	1555.69	200.462	0	-1088.21	180	0	-0.00514905	123.001	0	-2.15814	235.999	0	0.0151836	24335
LOKI	1.86421e-06	1.33238	1.92792	0	-0.9861	0.00581781	-0.000446072	3.11137	-2.17642	-5.21341e-06	-0.00293399	0.00192866	180	0	-0.297381	256.34	1.41913e-06	1555.69	200.462	0	-1088.21	180	0	-0.00514905	123.001	0	-2.15814	235.999	0	0.0151836	24371
LOKI	1.86421e-06	1.33238	1.92792	0	-0.9861	0.00581776	-0.000425757	3.11137	-2.17642	-5.24622e-06	-0.00291767	0.00191831	180	0	-0.283838	256.34	1.45896e-06	1555.69	200.462	0	-1088.21	180	0	-0.00518145	123.001	0	-2.14634	235.999	0	0.0148925	24414
LOKI	1.86421e-06	1.33238	1.92792	0	-0.9861	0.00581776	-0.000404083	3.11137	-2.17642	-5.19692e-06	-0.00291725	0.0019186	180	0	-0.269389	256.34	1.49791e-06	1555.69	200.462	0	-1088.21	180	0	-0.00513276	123.001	0	-2.14635	235.999	0	0.0145701	24451
LOKI	1.5979e-06	1.33238	1.92792	0	-0.9861	0.00581776	-0.000384445	3.11137	-2.17642	-5.20148e-06	-0.00291681	0.00191892	180	0	-0.256297	256.34	1.52673e-06	1555.69	200.462	0	-1088.21	180	0	-0.00513726	123.001	0	-2.14637	235.999	0	0.0142307	24491
LOKI	1.5979e-06	1.33238	1.92792	0	-0.9861	0.00581776	-0.000365201	3.11137	-2.17642	-5.19403e-06	-0.00291641	0.00191915	180	0	-0.243467	256.34	1.53206e-06	1555.69	200.462	0	-1088.21	180	0	-0.00512991	123.001	0	-2.14634	235.999	0	0.0139594	24528
LOKI	1.5979e-06	1.33238	1.92792	0	-0.9861	0.00581776	-0.000365201	3.11137	-2.17642	-5.19403e-06	-0.00291641	0.00191915	180	0	-0.243467	256.34	1.53206e-06	1555.69	200.462	0	-1088.21	180	0	-0.00512991	123.001	0	-2.14634	235.999	0	0.0139594	24570
LOKI	1.5979e-06	1.33238	1.92792	0	-0.9861	0.00581781	-0.000346843	3.11137	-2.17642	-5.20011e-06	-0.0029321	0.00193008	180	0	-0.231228	256.34	1.51513e-06	1555.69	200.462	0	-1088.21	180	0	-0.00513591	123.001	0	-2.15823	235.999	0	0.0137005	24610
LOKI	1.33158e-06	1.33238	1.92792	0	-0.9861	0.00581781	-0.000329008	3.11137	-2.17642	-5.20335e-06	-0.00293163	0.00193041	180	0	-0.219339	256.34	1.49556e-06	1555.69	200.462	0	-1088.21	180	0	-0.00513911	123.001	0	-2.15824	235.999	0	0.0133389	24651
LOKI	1.33158e-06	1.33238	1.92792	0	-0.9861	0.00581776	-0.000312035	3.11137	-2.17642	-5.21384e-06	-0.00291522	0.00191992	180	0	-0.208023	256.34	1.48885e-06	1555.69	200.462	0	-1088.21	180	0	-0.00514947	123.001	0	-2.14633	235.999	0	0.0130856	24678
LOKI	1.33158e-06	1.33238	1.92792	0	-0.9861	0.00581776	-0.000295257	3.11134	-2.17642	-5.2097e-06	-0.00291491	0.00192022	180	0	-0.196838	256.34	-3.43718e-08	1555.67	200.462	0	-1088.21	180	0	-0.00514538	123.001	0	-2.14639	235.999	0	0.0128068	24718
LOKI	1.33158e-06	1.33238	1.92792	0	-0.9861	0.00581776	-0.000295257	3.11134	-2.17642	-5.2097e-06	-0.00291491	0.00192022	180	0	-0.196838	256.34	-3.43718e-08	1555.67	200.462	0	-1088.21	180	0	-0.00514538	123.001	0	-2.14639	235.999	0	0.0128068	24756
LOKI	1.33158e-06	1.33238	1.92792	0	-0.9861	0.00581776	-0.000279275	3.11134	-2.17642	-5.20526e-06	-0.00291436	0.00192034	180	0	-0.186183	256.34	3.2628e-07	1555.67	200.462	0	-1088.21	180	0	-0.005141	123.001	0	-2.14625	235.999	0	0.0125374	24794
LOKI	1.33158e-06	1.33238	1.92792	0	-0.9861	0.00581776	-0.00026392	3.11134	-2.17642	-5.20778e-06	-0.00291416	0.00192068	180	0	-0.175947	256.34	-9.77113e-08	1555.67	200.462	0	-1088.21	180	0	-0.00514349	123.001	0	-2.14636	235.999	0	0.0122761	24831
LOKI	1.06526e-06	1.33238	1.92792	0	-0.9861	0.00581776	-0.000249054	3.11137	-2.17642	-5.2066e-06	-0.00291382	0.00192094	180	0	-0.166036	256.34	1.89323e-07	1555.69	200.462	0	-1088.21	180	0	-0.00514232	123.001	0	-2.14638	235.999	0	0.0120045	24865
LOKI	1.06526e-06	1.33238	1.92792	0	-0.9861	0.00581776	-0.000235119	3.11134	-2.17642	-5.22018e-06	-0.00291357	0.00192105	180	0	-0.156746	256.34	7.77227e-08	1555.67	200.462	0	-1088.21	180	0	-0.00515574	123.001	0	-2.14635	235.999	0	0.0118505	24907
LOKI	1.06526e-06	1.33238	1.92792	0	-0.9861	0.00581776	-0.000235119	3.11134	-2.17642	-5.22018e-06	-0.00291357	0.00192105	180	0	-0.156746	256.34	7.77227e-08	1555.67	200.462	0	-1088.21	180	0	-0.00515574	123.001	0	-2.14635	235.999	0	0.0118505	24950
LOKI	1.06526e-06	1.33238	1.92792	0	-0.9861	0.00581781	-0.000221213	3.11134	-2.17642	-5.2131e-06	-0.00292926	0.001932	180	0	-0.147475	256.34	-8.37296e-08	1555.67	200.462	0	-1088.21	180	0	-0.00514875	123.001	0	-2.15824	235.999	0	0.0115765	24988
LOKI	1.06526e-06	1.33238	1.92792	0	-0.9861	0.00581776	-0.000207884	3.11134	-2.17642	-5.21601e-06	-0.00291274	0.00192147	180	0	-0.138589	256.34	-1.73172e-07	1555.67	200.462	0	-1088.21	180	0	-0.00515161	123.001	0	-2.14628	235.999	0	0.0113067	25030
LOKI	7.98948e-07	1.33238	1.92792	0	-0.9861	0.00581776	-0.000195051	3.11134	-2.17642	-5.21515e-06	-0.00291245	0.0019216	180	0	-0.130034	256.34	-9.58616e-08	1555.67	200.462	0	-1088.21	180	0	-0.00515076	123.001	0	-2.14624	235.999	0	0.0111287	25066
LOKI	7.98948e-07	1.33238	1.92792	0	-0.9861	0.00581776	-0.000183662	3.11134	-2.17642	-5.2515e-06	-0.00291207	0.00192173	180	0	-0.122442	256.34	-2.90798e-07	1555.67	200.462	0	-1088.21	180	0	-0.00518667	123.001	0	-2.14617	235.999	0	0.0109164	25109
LOKI	7.98948e-07	1.33238	1.92792	0	-0.9861	0.00581776	-0.000183662	3.11134	-2.17642	-5.2515e-06	-0.00291207	0.00192173	180	0	-0.122442	256.34	-2.90798e-07	1555.67	200.462	0	-1088.21	180	0	-0.00518667	123.001	0	-2.14617	235.999	0	0.0109164	25148
LOKI	7.98948e-07	1.33238	1.92792	0	-0.9861	0.00581776	-0.000170958	3.11134	-2.17642	-5.22117e-06	-0.00291176	0.0019221	180	0	-0.113972	256.34	5.7964e-07	1555.67	200.462	0	-1088.21	180	0	-0.00515671	123.001	0	-2.14626	235.999	0	0.0105983	25188
LOKI	7.98948e-07	1.33238	1.92792	0	-0.9861	0.00581776	-0.000159535	3.11134	-2.17642	-5.22431e-06	-0.00291168	0.00192235	180	0	-0.106357	256.34	4.43701e-08	1555.67	200.462	0	-1088.21	180	0	-0.00515981	123.001	0	-2.14637	235.999	0	0.0104271	25223
LOKI	7.98948e-07	1.33238	1.92792	0	-0.9861	0.00581776	-0.000148449	3.11134	-2.17642	-5.22593e-06	-0.00291138	0.00192248	180	0	-0.0989658	256.34	2.76598e-07	1555.67	200.462	0	-1088.21	180	0	-0.00516141	123.001	0	-2.14633	235.999	0	0.0102469	25263
LOKI	7.98948e-07	1.33238	1.92792	0	-0.9861	0.00581776	-0.000148449	3.11134	-2.17642	-5.22593e-06	-0.00291138	0.00192248	180	0	-0.0989658	256.34	2.76598e-07	1555.67	200.462	0	-1088.21	180	0	-0.00516141	123.001	0	-2.14633	235.999	0	0.0102469	25305
LOKI	7.98948e-07	1.33238	1.92792	0	-0.9861	0.00581781	-0.000137745	3.11137	-2.17642	-5.22375e-06	-0.00292712	0.00193346	180	0	-0.0918301	256.34	-1.81175e-07	1555.69	200.462	0	-1088.21	180	0	-0.00515926	123.001	0	-2.15826	235.999	0	0.00997639	25344
LOKI	5.32632e-07	1.33238	1.92792	0	-0.9861	0.00581776	-0.000127593	3.11134	-2.17642	-5.23053e-06	-0.00291081	0.00192289	180	0	-0.0850619	256.34	-2.25143e-07	1555.67	200.462	0	-1088.21	180	0	-0.00516596	123.001	0	-2.14635	235.999	0	0.00980693	25377
LOKI	5.32632e-07	1.33238	1.92792	0	-0.9861	0.00581776	-0.000117765	3.11134	-2.17642	-5.23458e-06	-0.00291054	0.00192302	180	0	-0.0785099	256.34	2.55739e-07	1555.67	200.462	0	-1088.21	180	0	-0.00516995	123.001	0	-2.14632	235.999	0	0.00963373	25415
LOKI	5.32632e-07	1.33238	1.92792	0	-0.9861	0.00581781	-0.000108139	3.11134	-2.17642	-5.23221e-06	-0.00292624	0.00193398	180	0	-0.0720924	256.34	-1.36627e-07	1555.67	200.462	0	-1088.21	180	0	-0.00516762	123.001	0	-2.15822	235.999	0	0.00935871	25453
LOKI	5.32632e-07	1.33238	1.92792	0	-0.9861	0.00581776	-0.00010552	3.11133	-2.17642	-5.23754e-06	-0.00291017	0.00192325	180	0	-0.070347	256.34	4.75039e-07	1555.66	200.462	0	-1088.21	180	0	-0.00517288	123.001	0	-2.14631	235.999	0	0.00936893	25493
LOKI	5.32632e-07	1.33238	1.92792	0	-0.9861	0.00581776	-9.89763e-05	3.11137	-2.17642	-5.23585e-06	-0.00290995	0.00192343	180	0	-0.0659842	256.34	-9.84173e-08	1555.69	200.462	0	-1088.21	180	0	-0.00517121	123.001	0	-2.14633	235.999	0	0.00918374	25540
LOKI	5.32632e-07	1.33238	1.92792	0	-0.9861	0.00581776	-9.03432e-05	3.11134	-2.17642	-5.24451e-06	-0.00290962	0.00192351	180	0	-0.0602288	256.34	-7.49425e-08	1555.67	200.462	0	-1088.21	180	0	-0.00517976	123.001	0	-2.14626	235.999	0	0.00901962	25574
LOKI	5.32632e-07	1.33238	1.92792	0	-0.9861	0.00581776	-8.16971e-05	3.11134	-2.17642	-5.24238e-06	-0.00290945	0.00192372	180	0	-0.0544648	256.34	1.44391e-07	1555.67	200.462	0	-1088.21	180	0	-0.00517766	123.001	0	-2.14631	235.999	0	0.00883638	25613
LOKI	5.32632e-07	1.33238	1.92792	0	-0.9861	0.00581776	-7.3531e-05	3.11134	-2.17642	-5.24618e-06	-0.00290931	0.00192395	180	0	-0.0490207	256.34	-2.25206e-07	1555.67	200.462	0	-1088.21	180	0	-0.00518141	123.001	0	-2.14638	235.999	0	0.0086624	25658
LOKI	5.32632e-07	1.33238	1.92792	0	-0.9861	0.00581776	-7.3531e-05	3.11134	-2.17642	-5.24618e-06	-0.00290931	0.00192395	180	0	-0.0490207	256.34	-2.25206e-07	1555.67	200.462	0	-1088.21	180	0	-0.00518141	123.001	0	-2.14638	235.999	0	0.0086624	25691
LOKI	5.32632e-07	1.33238	1.92792	0	-0.9861	0.00581776	-6.55684e-05	3.11134	-2.17642	-5.24838e-06	-0.002909	0.00192406	180	0	-0.0437123	256.34	-2.20028e-07	1555.67	200.462	0	-1088.21	180	0	-0.00518359	123.001	0	-2.14633	235.999	0	0.00848277	25730
LOKI	2.66316e-07	1.33238	1.92792	0	-0.9861	0.00581776	-5.79988e-05	3.11137	-2.17642	-5.2525e-06	-0.00290879	0.00192424	180	0	-0.0386659	256.34	-2.67922e-08	1555.69	200.462	0	-1088.21	180	0	-0.00518765	123.001	0	-2.14635	235.999	0	0.00831009	25759
LOKI	2.66316e-07	1.33238	1.92792	0	-0.9861	0.00581781	-5.13884e-05	3.11134	-2.17642	-5.28894e-06	-0.00292463	0.00193504	180	0	-0.0342589	256.34	1.6956e-06	1555.67	200.462	0	-1088.21	180	0	-0.00522365	123.001	0	-2.15822	235.999	0	0.00817736	25797
LOKI	2.66316e-07	1.33238	1.92792	0	-0.9861	0.00581776	-4.33314e-05	3.11134	-2.17642	-5.24987e-06	-0.0029083	0.00192457	180	0	-0.0288876	256.34	-2.87348e-07	1555.67	200.462	0	-1088.21	180	0	-0.00518505	123.001	0	-2.14636	235.999	0	0.00794365	25838
LOKI	2.66316e-07	1.33238	1.92792	0	-0.9861	0.00581776	-4.33314e-05	3.11134	-2.17642	-5.24987e-06	-0.0029083	0.00192457	180	0	-0.0288876	256.34	-2.87348e-07	1555.67	200.462	0	-1088.21	180	0	-0.00518505	123.001	0	-2.14636	235.999	0	0.00794365	25875
LOKI	2.66316e-07	1.33238	1.92792	0	-0.9861	0.00581776	-3.66813e-05	3.11134	-2.17642	-5.26024e-06	-0.00290814	0.00192476	180	0	-0.0244542	256.34	-3.3694e-07	1555.67	200.462	0	-1088.21	180	0	-0.0051953	123.001	0	-2.1464	235.999	0	0.0077779	25921
LOKI	2.66316e-07	1.33238	1.92792	0	-0.9861	0.00581785	-3.01602e-05	3.11134	-2.17642	-5.26487e-06	-0.00290766	0.00192475	180	0	-0.0201068	256.34	4.36208e-07	1555.67	200.462	0	-1088.21	180	0	-0.00519987	123.001	0	-2.14622	235.999	0	0.00760284	25961
LOKI	2.66316e-07	1.33238	1.92792	0	-0.9861	0.00581785	-2.37826e-05	3.11134	-2.17642	-5.26644e-06	-0.00290771	0.00192495	180	0	-0.0158551	256.34	-1.27104e-08	1555.67	200.462	0	-1088.21	180	0	-0.00520142	123.001	0	-2.14634	235.999	0	0.00751638	25999
LOKI	2.66316e-07	1.33238	1.92792	0	-0.9861	0.00581785	-2.37826e-05	3.11134	-2.17642	-5.26644e-06	-0.00290771	0.00192495	180	0	-0.0158551	256.34	-1.27104e-08	1555.67	200.462	0	-1088.21	180	0	-0.00520142	123.001	0	-2.14634	235.999	0	0.00751638	26033
LOKI	2.66316e-07	1.33238	1.92792	0	-0.9861	0.00581785	-1.76439e-05	3.11134	-2.17642	-5.26854e-06	-0.00292351	0.0019358	180	0	-0.0117626	256.34	2.48904e-07	1555.67	200.462	0	-1088.21	180	0	-0.0052035	123.001	0	-2.15823	235.999	0	0.00733778	26071
LOKI	2.66316e-07	1.33238	1.92792	0	-0.9861	0.00581785	-1.17381e-05	3.11137	-2.17642	-5.27102e-06	-0.0029072	0.00192525	180	0	-0.00782541	256.34	-1.84033e-07	1555.69	200.462	0	-1088.21	180	0	-0.00520594	123.001	0	-2.14633	235.999	0	0.00715904	26107
LOKI	2.66316e-07	1.33238	1.92792	0	-0.9861	0.00581785	-6.0509e-06	3.11134	-2.17642	-5.2732e-06	-0.00290696	0.00192524	180	0	-0.00403393	256.34	2.34161e-07	1555.67	200.462	0	-1088.21	180	0	-0.0052081	123.001	0	-2.14623	235.999	0	0.00707271	26148
LOKI	2.66316e-07	1.33238	1.92792	0	-0.9861	0.00581785	-5.79192e-07	3.11134	-2.17642	-5.27593e-06	-0.00290676	0.00192543	180	0	-0.000386128	256.34	-9.53399e-08	1555.67	200.462	0	-1088.21	180	0	-0.0052108	123.001	0	-2.14626	235.999	0	0.00689569	26185
LOKI	0	1.33238	1.92792	0	-0.9861	0.00581785	4.64186e-06	3.11134	-2.17642	-5.2822e-06	-0.00290661	0.00192565	180	0	0.00309458	256.34	-2.1955e-08	1555.67	200.462	0	-1088.21	180	0	-0.00521699	123.001	0	-2.14633	235.999	0	0.00672	26227
LOKI	0	1.33238	1.92792	0	-0.9861	0.00581785	4.64186e-06	3.11134	-2.17642	-5.2822e-06	-0.00290661	0.00192565	180	0	0.00309458	256.34	-2.1955e-08	1555.67	200.462	0	-1088.21	180	0	-0.00521699	123.001	0	-2.14633	235.999	0	0.00672	26266
LOKI	0	1.33238	1.92792	0	-0.9861	0.00581785	9.77445e-06	3.11134	-2.17642	-5.28397e-06	-0.00290644	0.00192569	180	0	0.0065163	256.34	-4.32866e-09	1555.67	200.462	0	-1088.21	180	0	-0.00521874	123.001	0	-2.14629	235.999	0	0.00663157	26303
LOKI	0	1.33238	1.92792	0	-0.9861	0.00581785	1.4735e-05	3.11134	-2.17642	-5.28335e-06	-0.0029223	0.00193659	180	0	0.0098233	256.34	-3.65438e-08	1555.67	200.462	0	-1088.21	180	0	-0.00521812	123.001	0	-2.15822	235.999	0	0.00645122	26346
LOKI	0	1.33238	1.92792	0	-0.9861	0.00581785	1.9433e-05	3.11134	-2.17642	-5.28742e-06	-0.00292223	0.00193669	180	0	0.0129553	256.34	-2.08982e-07	1555.67	200.462	0	-1088.21	180	0	-0.00522214	123.001	0	-2.15825	235.999	0	0.00636585	26383
LOKI	0	1.33238	1.92792	0	-0.9861	0.00581785	1.9433e-05	3.11134	-2.17642	-5.28742e-06	-0.00292223	0.00193669	180	0	0.0129553	256.34	-2.08982e-07	1555.67	200.462	0	-1088.21	180	0	-0.00522214	123.001	0	-2.15825	235.999	0	0.00636585	26420
LOKI	0	1.33238	1.92792	0	-0.9861	0.00581785	2.38242e-05	3.11134	-2.17642	-5.29729e-06	-0.00292185	0.00193674	180	0	0.0158828	256.34	2.24233e-07	1555.67	200.462	0	-1088.21	180	0	-0.00523189	123.001	0	-2.15814	235.999	0	0.00619721	26458
LOKI	0	1.33238	1.92792	0	-0.9861	0.00581785	2.83969e-05	3.11137	-2.17642	-5.29316e-06	-0.00292186	0.00193693	180	0	0.0189313	256.34	-2.44195e-07	1555.69	200.462	0	-1088.21	180	0	-0.00522781	123.001	0	-2.15824	235.999	0	0.00609944	26496
LOKI	0	1.33238	1.92792	0	-0.9861	0.00581785	3.26516e-05	3.11134	-2.17642	-5.2957e-06	-0.00290554	0.00192637	180	0	0.0217677	256.34	-2.0016e-07	1555.67	200.462	0	-1088.21	180	0	-0.00523032	123.001	0	-2.14633	235.999	0	0.00591929	26536
LOKI	0	1.33238	1.92792	0	-0.9861	0.00581785	3.67465e-05	3.11137	-2.17642	-5.2977e-06	-0.00290544	0.00192646	180	0	0.0244976	256.34	-2.29869e-07	1555.69	200.462	0	-1088.21	180	0	-0.0052323	123.001	0	-2.14634	235.999	0	0.00583324	26575
LOKI	0	1.33238	1.92792	0	-0.9861	0.00581785	3.67465e-05	3.11137	-2.17642	-5.2977e-06	-0.00290544	0.00192646	180	0	0.0244976	256.34	-2.29869e-07	1555.69	200.462	0	-1088.21	180	0	-0.0052323	123.001	0	-2.14634	235.999	0	0.00583324	26614
LOKI	0	1.33238	1.92792	0	-0.9861	0.00581785	4.06436e-05	3.11134	-2.17642	-5.30229e-06	-0.00290537	0.00192657	180	0	0.0270957	256.34	-2.93064e-07	1555.67	200.462	0	-1088.21	180	0	-0.00523683	123.001	0	-2.14638	235.999	0	0.0057469	26656
LOKI	0	1.33238	1.92792	0	-0.9861	0.00581785	4.44576e-05	3.11134	-2.17642	-5.30397e-06	-0.00290509	0.00192671	180	0	0.0296384	256.34	-3.75642e-08	1555.67	200.462	0	-1088.21	180	0	-0.00523849	123.001	0	-2.14635	235.999	0	0.00556698	26694
LOKI	0	1.33238	1.92792	0	-0.9861	0.00581785	4.81426e-05	3.11134	-2.17642	-5.30639e-06	-0.00290498	0.00192679	180	0	0.0320951	256.34	2.2914e-08	1555.67	200.462	0	-1088.21	180	0	-0.00524088	123.001	0	-2.14636	235.999	0	0.00547802	26732
LOKI	0	1.33238	1.92792	0	-0.9861	0.00581785	5.16637e-05	3.11137	-2.17642	-5.30954e-06	-0.00290483	0.00192685	180	0	0.0344425	256.34	-2.37447e-07	1555.69	200.462	0	-1088.21	180	0	-0.00524399	123.001	0	-2.14634	235.999	0	0.00539029	26772
LOKI	0	1.33238	1.92792	0	-0.9861	0.00581785	5.16637e-05	3.11137	-2.17642	-5.30954e-06	-0.00290483	0.00192685	180	0	0.0344425	256.34	-2.37447e-07	1555.69	200.462	0	-1088.21	180	0	-0.00524399	123.001	0	-2.14634	235.999	0	0.00539029	26816
LOKI	0	1.33238	1.92792	0	-0.9861	0.00581785	5.49971e-05	3.11134	-2.17642	-5.31371e-06	-0.00292081	0.00193766	180	0	0.0366647	256.34	7.1749e-08	1555.67	200.462	0	-1088.21	180	0	-0.00524811	123.001	0	-2.15826	235.999	0	0.00530622	26852
LOKI	0	1.33238	1.92792	0	-0.9861	0.00581785	5.82848e-05	3.11134	-2.17642	-5.31651e-06	-0.00290444	0.00192706	180	0	0.0388566	256.34	-2.84935e-08	1555.67	200.462	0	-1088.21	180	0	-0.00525087	123.001	0	-2.14631	235.999	0	0.00512574	26882
LOKI	0	1.33238	1.92792	0	-0.9861	0.00581785	6.13886e-05	3.11134	-2.17642	-5.32028e-06	-0.00292027	0.00193777	180	0	0.0409257	256.34	-9.44952e-08	1555.67	200.462	0	-1088.21	180	0	-0.00525459	123.001	0	-2.15812	235.999	0	0.00504247	26921
LOKI	0	1.33238	1.92792	0	-0.9861	0.00581785	6.44792e-05	3.11134	-2.17642	-5.32198e-06	-0.00290428	0.00192728	180	0	0.0429861	256.34	3.5928e-07	1555.67	200.462	0	-1088.21	180	0	-0.00525628	123.001	0	-2.14637	235.999	0	0.00495143	26960
LOKI	0	1.33238	1.92792	0	-0.9861	0.00581785	6.44792e-05	3.11134	-2.17642	-5.32198e-06	-0.00290428	0.00192728	180	0	0.0429861	256.34	3.5928e-07	1555.67	200.462	0	-1088.21	180	0	-0.00525628	123.001	0	-2.14637	235.999	0	0.00495143	27003
LOKI	-2.66316e-07	1.33238	1.92792	0	-0.9861	0.00581785	6.74384e-05	3.11134	-2.17642	-5.32409e-06	-0.00290414	0.00192735	180	0	0.0449589	256.34	1.9381e-07	1555.67	200.462	0	-1088.21	180	0	-0.00525836	123.001	0	-2.14636	235.999	0	0.00486185	27041
LOKI	-2.66316e-07	1.33238	1.92792	0	-0.9861	0.00581785	7.02138e-05	3.11134	-2.17642	-5.32835e-06	-0.00290403	0.00192742	180	0	0.0468092	256.34	-5.48024e-08	1555.67	200.462	0	-1088.21	180	0	-0.00526257	123.001	0	-2.14636	235.999	0	0.00477657	27081
LOKI	-2.66316e-07	1.33238	1.92792	0	-0.9861	0.00581785	7.305e-05	3.11137	-2.17642	-5.32687e-06	-0.00290386	0.00192748	180	0	0.0487	256.34	-2.47367e-07	1555.69	200.462	0	-1088.21	180	0	-0.00526111	123.001	0	-2.14633	235.999	0	0.00468144	27121
LOKI	-2.66316e-07	1.33238	1.92792	0	-0.9861	0.00581785	7.55685e-05	3.11134	-2.17642	-5.33402e-06	-0.00290365	0.00192748	180	0	0.050379	256.34	-8.61196e-08	1555.67	200.462	0	-1088.21	180	0	-0.00526817	123.001	0	-2.14625	235.999	0	0.00459951	27161
LOKI	-2.66316e-07	1.33238	1.92792	0	-0.9861	0.00581785	7.55685e-05	3.11134	-2.17642	-5.33402e-06	-0.00290365	0.00192748	180	0	0.050379	256.34	-8.61196e-08	1555.67	200.462	0	-1088.21	180	0	-0.00526817	123.001	0	-2.14625	235.999	0	0.00459951	27199
LOKI	-2.66316e-07	1.33238	1.92792	0	-0.9861	0.00581785	7.81285e-05	3.11137	-2.17642	-5.33612e-06	-0.0029036	0.00192778	180	0	0.0520857	256.34	-2.78216e-07	1555.69	200.462	0	-1088.21	180	0	-0.00527024	123.001	0	-2.1464	235.999	0	0.00441686	27240
LOKI	-2.66316e-07	1.33238	1.92792	0	-0.9861	0.00581785	8.05766e-05	3.11137	-2.17642	-5.33894e-06	-0.0029034	0.00192781	180	0	0.0537177	256.34	1.28982e-07	1555.69	200.462	0	-1088.21	180	0	-0.00527302	123.001	0	-2.14634	235.999	0	0.00432887	27279
LOKI	-2.66316e-07	1.33238	1.92792	0	-0.9861	0.00581785	8.29495e-05	3.11134	-2.17642	-5.34098e-06	-0.00291938	0.00193862	180	0	0.0552997	256.34	-2.3712e-07	1555.67	200.462	0	-1088.21	180	0	-0.00527505	123.001	0	-2.15827	235.999	0	0.00423815	27308
LOKI	-2.66316e-07	1.33238	1.92792	0	-0.9861	0.00581785	8.51986e-05	3.11137	-2.17642	-5.34438e-06	-0.00291913	0.00193861	180	0	0.0567991	256.34	-2.34226e-07	1555.69	200.462	0	-1088.21	180	0	-0.0052784	123.001	0	-2.15816	235.999	0	0.00415068	27350
LOKI	-2.66316e-07	1.33238	1.92792	0	-0.9861	0.00581785	8.51986e-05	3.11137	-2.17642	-5.34438e-06	-0.00291913	0.00193861	180	0	0.0567991	256.34	-2.34226e-07	1555.69	200.462	0	-1088.21	180	0	-0.0052784	123.001	0	-2.15816	235.999	0	0.00415068	27388
LOKI	-2.66316e-07	1.33238	1.92792	0	-0.9861	0.00581785	8.73726e-05	3.11134	-2.17642	-5.34751e-06	-0.00290309	0.00192808	180	0	0.0582484	256.34	-2.08572e-07	1555.67	200.462	0	-1088.21	180	0	-0.00528149	123.001	0	-2.14637	235.999	0	0.00406278	27434
LOKI	-2.66316e-07	1.33238	1.92792	0	-0.9861	0.00581785	8.94765e-05	3.11134	-2.17642	-5.35061e-06	-0.0029031	0.00192808	180	0	0.059651	256.34	6.34293e-08	1555.67	200.462	0	-1088.21	180	0	-0.00528455	123.001	0	-2.14637	235.999	0	0.00406699	27471
LOKI	-2.66316e-07	1.33238	1.92792	0	-0.9861	0.00581785	9.15296e-05	3.11134	-2.17642	-5.35127e-06	-0.00290294	0.00192814	180	0	0.0610198	256.34	-3.50199e-08	1555.67	200.462	0	-1088.21	180	0	-0.0052852	123.001	0	-2.14635	235.999	0	0.00397747	27509
LOKI	-2.66316e-07	1.33238	1.92792	0	-0.9861	0.00581785	9.34468e-05	3.11134	-2.17642	-5.35598e-06	-0.00291886	0.00193891	180	0	0.0622978	256.34	-1.60601e-07	1555.67	200.462	0	-1088.21	180	0	-0.00528986	123.001	0	-2.15823	235.999	0	0.00389122	27551
LOKI	-2.66316e-07	1.33238	1.92792	0	-0.9861	0.00581785	9.34468e-05	3.11134	-2.17642	-5.35598e-06	-0.00291886	0.00193891	180	0	0.0622978	256.34	-1.60601e-07	1555.67	200.462	0	-1088.21	180	0	-0.00528986	123.001	0	-2.15823	235.999	0	0.00389122	27595
LOKI	-2.66316e-07	1.33238	1.92792	0	-0.9861	0.00581785	9.53214e-05	3.11137	-2.17642	-5.36006e-06	-0.00290269	0.00192828	180	0	0.0635476	256.34	-1.92667e-07	1555.69	200.462	0	-1088.21	180	0	-0.00529389	123.001	0	-2.14634	235.999	0	0.00380318	27629
LOKI	-2.66316e-07	1.33238	1.92792	0	-0.9861	0.00581785	9.71486e-05	3.11134	-2.17642	-5.36196e-06	-0.00291863	0.00193907	180	0	0.0647658	256.34	1.07989e-07	1555.67	200.462	0	-1088.21	180	0	-0.00529577	123.001	0	-2.15823	235.999	0	0.00371408	27658
LOKI	-2.66316e-07	1.33238	1.92792	0	-0.9861	0.00581785	9.88882e-05	3.11134	-2.17642	-5.36501e-06	-0.00290246	0.00192845	180	0	0.0659255	256.34	-1.87774e-07	1555.67	200.462	0	-1088.21	180	0	-0.00529878	123.001	0	-2.14634	235.999	0	0.00362629	27701
LOKI	-2.66316e-07	1.33238	1.92792	0	-0.9861	0.00581785	0.000100218	3.11139	-2.17642	-5.36592e-06	-0.00290235	0.00192861	180	0	0.0668122	256.34	-1.84869e-07	1555.69	200.462	0	-1088.21	180	0	-0.00529968	123.001	0	-2.14639	235.999	0	0.00349536	27744
LOKI	-2.66316e-07	1.33238	1.92792	0	-0.9861	0.00581785	0.000100618	3.11134	-2.17642	-5.36599e-06	-0.00291838	0.00193922	180	0	0.0670785	256.34	2.15492e-07	1555.67	200.462	0	-1088.21	180	0	-0.00529974	123.001	0	-2.15823	235.999	0	0.00353508	27784
LOKI	-2.66316e-07	1.33238	1.92792	0	-0.9861	0.00581785	0.000102237	3.11134	-2.17642	-5.36968e-06	-0.00290213	0.00192855	180	0	0.0681579	256.34	1.672e-07	1555.67	200.462	0	-1088.21	180	0	-0.00530339	123.001	0	-2.14628	235.999	0	0.00344575	27821
LOKI	-2.66316e-07	1.33238	1.92792	0	-0.9861	0.00581785	0.000103774	3.11134	-2.17642	-5.37272e-06	-0.0029022	0.00192859	180	0	0.0691829	256.34	7.81068e-08	1555.67	200.462	0	-1088.21	180	0	-0.00530639	123.001	0	-2.14633	235.999	0	0.00344961	27862
LOKI	-2.66316e-07	1.33238	1.92792	0	-0.9861	0.00581785	0.000105309	3.11134	-2.17642	-5.37469e-06	-0.00290212	0.0019287	180	0	0.0702058	256.34	-6.22631e-08	1555.67	200.462	0	-1088.21	180	0	-0.00530833	123.001	0	-2.14636	235.999	0	0.00335963	27906
LOKI	-2.66316e-07	1.33238	1.92792	0	-0.9861	0.00581785	0.000105309	3.11134	-2.17642	-5.37469e-06	-0.00290212	0.0019287	180	0	0.0702058	256.34	-6.22631e-08	1555.67	200.462	0	-1088.21	180	0	-0.00530833	123.001	0	-2.14636	235.999	0	0.00335963	27943
LOKI	-2.66316e-07	1.33238	1.92792	0	-0.9861	0.00581785	0.000106769	3.11134	-2.17642	-5.3774e-06	-0.00290198	0.00192876	180	0	0.0711791	256.34	4.04514e-07	1555.67	200.462	0	-1088.21	180	0	-0.00531101	123.001	0	-2.14634	235.999	0	0.00327115	27983
LOKI	-2.66316e-07	1.33238	1.92792	0	-0.9861	0.00581785	0.000108154	3.11134	-2.17642	-5.38098e-06	-0.00290183	0.00192882	180	0	0.0721029	256.34	4.7924e-08	1555.67	200.462	0	-1088.21	180	0	-0.00531454	123.001	0	-2.14632	235.999	0	0.00318317	28021
LOKI	-2.66316e-07	1.33238	1.92792	0	-0.9861	0.00581785	0.000109518	3.11134	-2.17642	-5.3835e-06	-0.00290183	0.00192883	180	0	0.0730121	256.34	7.48715e-08	1555.67	200.462	0	-1088.21	180	0	-0.00531704	123.001	0	-2.14632	235.999	0	0.0031831	28059
LOKI	-2.66316e-07	1.33238	1.92792	0	-0.9861	0.00581785	0.000109518	3.11134	-2.17642	-5.3835e-06	-0.00290183	0.00192883	180	0	0.0730121	256.34	7.48715e-08	1555.67	200.462	0	-1088.21	180	0	-0.00531704	123.001	0	-2.14632	235.999	0	0.0031831	28099
LOKI	-2.66316e-07	1.33238	1.92792	0	-0.9861	0.00581785	0.000110808	3.11134	-2.17642	-5.38683e-06	-0.00290156	0.0019288	180	0	0.0738721	256.34	-2.22731e-07	1555.67	200.462	0	-1088.21	180	0	-0.00532033	123.001	0	-2.14621	235.999	0	0.00309546	28144
LOKI	-2.66316e-07	1.33238	1.92792	0	-0.9861	0.00581785	0.000112088	3.11134	-2.17642	-5.38869e-06	-0.00290157	0.00192897	180	0	0.0747254	256.34	-1.90342e-07	1555.67	200.462	0	-1088.21	180	0	-0.00532216	123.001	0	-2.14631	235.999	0	0.00300554	28177
LOKI	-2.66316e-07	1.33238	1.92792	0	-0.9861	0.00581785	0.000113308	3.11134	-2.17642	-5.39039e-06	-0.00290138	0.00192901	180	0	0.0755384	256.34	2.60686e-07	1555.67	200.462	0	-1088.21	180	0	-0.00532385	123.001	0	-2.14626	235.999	0	0.00291526	28209
LOKI	-2.66316e-07	1.33238	1.92792	0	-0.9861	0.00581785	0.000114465	3.11137	-2.17642	-5.39456e-06	-0.00290159	0.00192914	180	0	0.0763097	256.34	-2.76686e-07	1555.69	200.462	0	-1088.21	180	0	-0.00532796	123.001	0	-2.14641	235.999	0	0.00291764	28255
LOKI	-2.66316e-07	1.33238	1.92792	0	-0.9861	0.00581785	0.000115567	3.11137	-2.17642	-5.39651e-06	-0.00290138	0.00192916	180	0	0.0770445	256.34	-2.08236e-07	1555.69	200.462	0	-1088.21	180	0	-0.00532988	123.001	0	-2.14634	235.999	0	0.00283079	28290
LOKI	-2.66316e-07	1.33238	1.92792	0	-0.9861	0.00581785	0.000115567	3.11137	-2.17642	-5.39651e-06	-0.00290138	0.00192916	180	0	0.0770445	256.34	-2.08236e-07	1555.69	200.462	0	-1088.21	180	0	-0.00532988	123.001	0	-2.14634	235.999	0	0.00283079	28323
LOKI	-2.66316e-07	1.33238	1.92792	0	-0.9861	0.00581785	0.000116681	3.11134	-2.17642	-5.39915e-06	-0.00291731	0.00193994	180	0	0.0777874	256.34	-9.34562e-08	1555.67	200.462	0	-1088.21	180	0	-0.00533249	123.001	0	-2.15823	235.999	0	0.00273862	28357
LOKI	-2.66316e-07	1.33238	1.92792	0	-0.9861	0.00581785	0.000117712	3.11134	-2.17642	-5.40242e-06	-0.0029173	0.00193993	180	0	0.0784747	256.34	6.47297e-08	1555.67	200.462	0	-1088.21	180	0	-0.00533572	123.001	0	-2.15822	235.999	0	0.00274142	28389
LOKI	-2.66316e-07	1.33238	1.92792	0	-0.9861	0.00581785	0.000118731	3.11134	-2.17642	-5.40437e-06	-0.00290121	0.00192936	180	0	0.0791539	256.34	1.27164e-07	1555.67	200.462	0	-1088.21	180	0	-0.00533765	123.001	0	-2.14639	235.999	0	0.00265226	28432
LOKI	-2.66316e-07	1.33238	1.92792	0	-0.9861	0.00581785	0.000119642	3.11134	-2.17642	-5.40949e-06	-0.00290083	0.00192911	180	0	0.0797613	256.34	1.06322e-06	1555.67	200.462	0	-1088.21	180	0	-0.0053427	123.001	0	-2.14611	235.999	0	0.00265603	28473
LOKI	-2.66316e-07	1.33238	1.92792	0	-0.9861	0.00581785	0.000119642	3.11134	-2.17642	-5.40949e-06	-0.00290083	0.00192911	180	0	0.0797613	256.34	1.06322e-06	1555.67	200.462	0	-1088.21	180	0	-0.0053427	123.001	0	-2.14611	235.999	0	0.00265603	28506
LOKI	-2.66316e-07	1.33238	1.92792	0	-0.9861	0.00581785	0.000120641	3.11134	-2.17642	-5.41057e-06	-0.00291693	0.00194001	180	0	0.0804275	256.34	-2.62544e-07	1555.67	200.462	0	-1088.21	180	0	-0.00534377	123.001	0	-2.15813	235.999	0	0.00256365	28544
LOKI	-2.66316e-07	1.33238	1.92792	0	-0.9861	0.00581785	0.000121552	3.11134	-2.17642	-5.41262e-06	-0.00290103	0.00192956	180	0	0.0810346	256.34	-2.38537e-07	1555.67	200.462	0	-1088.21	180	0	-0.0053458	123.001	0	-2.14644	235.999	0	0.00247521	28587
LOKI	-2.66316e-07	1.33238	1.92792	0	-0.9861	0.00581785	0.000122405	3.11134	-2.17642	-5.41546e-06	-0.00291685	0.00194011	180	0	0.0816035	256.34	-9.43432e-08	1555.67	200.462	0	-1088.21	180	0	-0.0053486	123.001	0	-2.15815	235.999	0	0.00247609	28626
LOKI	-2.66316e-07	1.33238	1.92792	0	-0.9861	0.00581785	0.000123259	3.11134	-2.17642	-5.41684e-06	-0.00290076	0.00192954	180	0	0.0821728	256.34	-3.03817e-08	1555.67	200.462	0	-1088.21	180	0	-0.00534996	123.001	0	-2.14633	235.999	0	0.00238657	28668
LOKI	-2.66316e-07	1.33238	1.92792	0	-0.9861	0.00581785	0.000123259	3.11134	-2.17642	-5.41684e-06	-0.00290076	0.00192954	180	0	0.0821728	256.34	-3.03817e-08	1555.67	200.462	0	-1088.21	180	0	-0.00534996	123.001	0	-2.14633	235.999	0	0.00238657	28707
LOKI	-2.66316e-07	1.33238	1.92792	0	-0.9861	0.00581785	0.00012406	3.11134	-2.17642	-5.41963e-06	-0.00290079	0.00192956	180	0	0.0827068	256.34	-2.00735e-07	1555.67	200.462	0	-1088.21	180	0	-0.00535272	123.001	0	-2.14634	235.999	0	0.00238718	28743
LOKI	-2.66316e-07	1.33238	1.92792	0	-0.9861	0.00581785	0.000124831	3.11134	-2.17642	-5.42232e-06	-0.00290053	0.00192955	180	0	0.0832208	256.34	2.96193e-07	1555.67	200.462	0	-1088.21	180	0	-0.00535538	123.001	0	-2.14625	235.999	0	0.00229924	28783
LOKI	-2.66316e-07	1.33238	1.92792	0	-0.9861	0.00581785	0.000125573	3.11134	-2.17642	-5.42698e-06	-0.00290087	0.00192978	180	0	0.0837152	256.34	-5.0161e-07	1555.67	200.462	0	-1088.21	180	0	-0.00535998	123.001	0	-2.14649	235.999	0	0.00229931	28825
LOKI	-2.66316e-07	1.33238	1.92792	0	-0.9861	0.00581785	0.000125573	3.11134	-2.17642	-5.42698e-06	-0.00290087	0.00192978	180	0	0.0837152	256.34	-5.0161e-07	1555.67	200.462	0	-1088.21	180	0	-0.00535998	123.001	0	-2.14649	235.999	0	0.00229931	28865
LOKI	-2.66316e-07	1.33238	1.92792	0	-0.9861	0.00581785	0.000126317	3.11137	-2.17642	-5.42738e-06	-0.00291656	0.00194039	180	0	0.0842115	256.34	8.98684e-08	1555.69	200.462	0	-1088.21	180	0	-0.00536038	123.001	0	-2.1582	235.999	0	0.00221017	28903
LOKI	-2.66316e-07	1.33238	1.92792	0	-0.9861	0.00581785	0.000126984	3.11137	-2.17642	-5.43176e-06	-0.00291662	0.00194043	180	0	0.0846557	256.34	-2.26375e-07	1555.69	200.462	0	-1088.21	180	0	-0.0053647	123.001	0	-2.15824	235.999	0	0.002212	28947
LOKI	-2.66316e-07	1.33238	1.92792	0	-0.9861	0.00581785	0.000127695	3.11137	-2.17642	-5.43182e-06	-0.00290035	0.00192975	180	0	0.08513	256.34	-1.49205e-07	1555.69	200.462	0	-1088.21	180	0	-0.00536476	123.001	0	-2.14628	235.999	0	0.00212133	28981
LOKI	-2.66316e-07	1.33238	1.92792	0	-0.9861	0.00581785	0.000128323	3.11134	-2.17642	-5.43627e-06	-0.0029003	0.00192972	180	0	0.0855489	256.34	6.88581e-09	1555.67	200.462	0	-1088.21	180	0	-0.00536915	123.001	0	-2.14625	235.999	0	0.00212236	29024
LOKI	-2.66316e-07	1.33238	1.92792	0	-0.9861	0.00581785	0.000128323	3.11134	-2.17642	-5.43627e-06	-0.0029003	0.00192972	180	0	0.0855489	256.34	6.88581e-09	1555.67	200.462	0	-1088.21	180	0	-0.00536915	123.001	0	-2.14625	235.999	0	0.00212236	29067
LOKI	-2.66316e-07	1.33238	1.92792	0	-0.9861	0.00581785	0.00012894	3.11134	-2.17642	-5.43847e-06	-0.00290025	0.00192984	180	0	0.0859603	256.34	-8.77069e-08	1555.67	200.462	0	-1088.21	180	0	-0.00537133	123.001	0	-2.1463	235.999	0	0.00203444	29100
LOKI	-2.66316e-07	1.33238	1.92792	0	-0.9861	0.00581785	0.000129566	3.11137	-2.17642	-5.43991e-06	-0.00290031	0.00192988	180	0	0.0863775	256.34	-1.77052e-07	1555.69	200.462	0	-1088.21	180	0	-0.00537275	123.001	0	-2.14634	235.999	0	0.00203303	29140
LOKI	-2.66316e-07	1.33238	1.92792	0	-0.9861	0.00581785	0.000130138	3.11134	-2.17642	-5.44211e-06	-0.00290017	0.00192994	180	0	0.0867588	256.34	-2.11095e-07	1555.67	200.462	0	-1088.21	180	0	-0.00537492	123.001	0	-2.14633	235.999	0	0.00194523	29178
LOKI	-2.66316e-07	1.33238	1.92792	0	-0.9861	0.00581785	0.000130691	3.11137	-2.17642	-5.44613e-06	-0.00290018	0.00192995	180	0	0.0871275	256.34	1.78773e-07	1555.69	200.462	0	-1088.21	180	0	-0.00537889	123.001	0	-2.14633	235.999	0	0.00194536	29221
LOKI	-2.66316e-07	1.33238	1.92792	0	-0.9861	0.00581785	0.000130691	3.11137	-2.17642	-5.44613e-06	-0.00290018	0.00192995	180	0	0.0871275	256.34	1.78773e-07	1555.69	200.462	0	-1088.21	180	0	-0.00537889	123.001	0	-2.14633	235.999	0	0.00194536	29262
LOKI	-2.66316e-07	1.33238	1.92792	0	-0.9861	0.00581785	0.000131233	3.11134	-2.17642	-5.44748e-06	-0.0029001	0.00193006	180	0	0.0874886	256.34	-1.04597e-07	1555.67	200.462	0	-1088.21	180	0	-0.00538023	123.001	0	-2.14636	235.999	0	0.00185678	29301
LOKI	-2.66316e-07	1.33238	1.92792	0	-0.9861	0.00581785	0.000131753	3.11137	-2.17642	-5.44912e-06	-0.00291616	0.00194076	180	0	0.0878352	256.34	-1.89785e-07	1555.69	200.462	0	-1088.21	180	0	-0.00538184	123.001	0	-2.15826	235.999	0	0.00185709	29338
LOKI	-2.66316e-07	1.33238	1.92792	0	-0.9861	0.00581785	0.000132262	3.11137	-2.17642	-5.45214e-06	-0.00291598	0.00194081	180	0	0.0881747	256.34	-1.91143e-07	1555.69	200.462	0	-1088.21	180	0	-0.00538483	123.001	0	-2.15822	235.999	0	0.00176695	29377
LOKI	-5.32632e-07	1.33238	1.92792	0	-0.9861	0.00581785	0.000132737	3.11134	-2.17642	-5.45583e-06	-0.00290006	0.00193019	180	0	0.0884911	256.34	1.9262e-07	1555.67	200.462	0	-1088.21	180	0	-0.00538847	123.001	0	-2.14643	235.999	0	0.00176846	29420
LOKI	-5.32632e-07	1.33238	1.92792	0	-0.9861	0.00581785	0.000132729	3.11134	-2.17642	-5.45567e-06	-0.00290005	0.00193018	180	0	0.0884859	256.34	-5.3655e-09	1555.67	200.462	0	-1088.21	180	0	-0.00538831	123.001	0	-2.14641	235.999	0	0.00176879	29461
LOKI	-5.32632e-07	1.33238	1.92792	0	-0.9861	0.00581785	0.000133207	3.11134	-2.17642	-5.45732e-06	-0.0028999	0.00193008	180	0	0.0888044	256.34	3.30074e-07	1555.67	200.462	0	-1088.21	180	0	-0.00538994	123.001	0	-2.14631	235.999	0	0.00176814	29498
LOKI	-5.32632e-07	1.33238	1.92792	0	-0.9861	0.00581785	0.000133645	3.11134	-2.17642	-5.45917e-06	-0.00289992	0.00193025	180	0	0.0890964	256.34	-2.31815e-07	1555.67	200.462	0	-1088.21	180	0	-0.00539177	123.001	0	-2.14641	235.999	0	0.00168041	29536
LOKI	-5.32632e-07	1.33238	1.92792	0	-0.9861	0.00581785	0.000134067	3.11134	-2.17642	-5.46127e-06	-0.00289995	0.00193028	180	0	0.089378	256.34	-8.74603e-08	1555.67	200.462	0	-1088.21	180	0	-0.00539384	123.001	0	-2.14643	235.999	0	0.00168118	29582
LOKI	-5.32632e-07	1.33238	1.92792	0	-0.9861	0.00581785	0.000134501	3.11134	-2.17642	-5.46446e-06	-0.00289959	0.0019302	180	0	0.0896675	256.34	-2.91158e-07	1555.67	200.462	0	-1088.21	180	0	-0.005397	123.001	0	-2.14626	235.999	0	0.00159045	29618
LOKI	-5.32632e-07	1.33238	1.92792	0	-0.9861	0.00581785	0.000134502	3.11134	-2.17642	-5.46456e-06	-0.00289965	0.00193023	180	0	0.0896679	256.34	-3.0955e-07	1555.67	200.462	0	-1088.21	180	0	-0.0053971	123.001	0	-2.1463	235.999	0	0.00159057	29657
LOKI	-5.32632e-07	1.33238	1.92792	0	-0.9861	0.00581785	0.0001349	3.11134	-2.17642	-5.46529e-06	-0.00289969	0.00193026	180	0	0.089933	256.34	7.60572e-07	1555.67	200.462	0	-1088.21	180	0	-0.00539781	123.001	0	-2.14633	235.999	0	0.00159199	29694
LOKI	-5.32632e-07	1.33238	1.92792	0	-0.9861	0.00581785	0.000135289	3.11134	-2.17642	-5.46871e-06	-0.00289976	0.00193031	180	0	0.090193	256.34	1.08822e-08	1555.67	200.462	0	-1088.21	180	0	-0.00540119	123.001	0	-2.14638	235.999	0	0.00159159	29731
LOKI	-5.32632e-07	1.33238	1.92792	0	-0.9861	0.00581785	0.000135657	3.11134	-2.17642	-5.47074e-06	-0.00289952	0.0019303	180	0	0.0904382	256.34	3.13926e-07	1555.67	200.462	0	-1088.21	180	0	-0.0054032	123.001	0	-2.14629	235.999	0	0.00150337	29775
LOKI	-5.32632e-07	1.33238	1.92792	0	-0.9861	0.00581785	0.000135657	3.11134	-2.17642	-5.47074e-06	-0.00289952	0.0019303	180	0	0.0904382	256.34	3.13926e-07	1555.67	200.462	0	-1088.21	180	0	-0.0054032	123.001	0	-2.14629	235.999	0	0.00150337	29804
LOKI	-5.32632e-07	1.33238	1.92792	0	-0.9861	0.00581785	0.000136029	3.11134	-2.17642	-5.47274e-06	-0.00289958	0.00193035	180	0	0.0906861	256.34	-1.32679e-07	1555.67	200.462	0	-1088.21	180	0	-0.00540518	123.001	0	-2.14634	235.999	0	0.00150279	29846
LOKI	-5.32632e-07	1.33238	1.92792	0	-0.9861	0.00581785	0.000136361	3.11134	-2.17642	-5.47593e-06	-0.00289959	0.00193036	180	0	0.0909074	256.34	2.65452e-07	1555.67	200.462	0	-1088.21	180	0	-0.00540833	123.001	0	-2.14634	235.999	0	0.00150348	29884
LOKI	-5.32632e-07	1.33238	1.92792	0	-0.9861	0.00581785	0.000136702	3.11134	-2.17642	-5.47832e-06	-0.0029155	0.00194112	180	0	0.0911348	256.34	-2.09007e-07	1555.67	200.462	0	-1088.21	180	0	-0.00541069	123.001	0	-2.15822	235.999	0	0.00141453	29925
LOKI	-5.32632e-07	1.33238	1.92792	0	-0.9861	0.00581785	0.000137023	3.11134	-2.17642	-5.47996e-06	-0.00289945	0.00193042	180	0	0.0913485	256.34	-2.57826e-07	1555.67	200.462	0	-1088.21	180	0	-0.00541231	123.001	0	-2.14633	235.999	0	0.00141477	29962
LOKI	-5.32632e-07	1.33238	1.92792	0	-0.9861	0.00581785	0.000137023	3.11134	-2.17642	-5.47996e-06	-0.00289945	0.00193042	180	0	0.0913485	256.34	-2.57826e-07	1555.67	200.462	0	-1088.21	180	0	-0.00541231	123.001	0	-2.14633	235.999	0	0.00141477	30003
LOKI	-5.32632e-07	1.33238	1.92792	0	-0.9861	0.00581785	0.000137329	3.11134	-2.17642	-5.48233e-06	-0.00289951	0.00193046	180	0	0.0915524	256.34	8.37896e-09	1555.67	200.462	0	-1088.21	180	0	-0.00541465	123.001	0	-2.14637	235.999	0	0.00141511	30043
LOKI	-5.32632e-07	1.33238	1.92792	0	-0.9861	0.00581785	0.000137629	3.11134	-2.17642	-5.48461e-06	-0.00289923	0.00193043	180	0	0.0917528	256.34	2.63899e-07	1555.67	200.462	0	-1088.21	180	0	-0.0054169	123.001	0	-2.14625	235.999	0	0.00132631	30085
LOKI	-5.32632e-07	1.33238	1.92792	0	-0.9861	0.00581785	0.000137924	3.11134	-2.17642	-5.48644e-06	-0.00291545	0.00194125	180	0	0.0919494	256.34	-2.14716e-07	1555.67	200.462	0	-1088.21	180	0	-0.00541871	123.001	0	-2.15827	235.999	0	0.00132618	30126
LOKI	-5.32632e-07	1.33238	1.92792	0	-0.9861	0.00581785	0.000138203	3.11134	-2.17642	-5.4889e-06	-0.00289939	0.00193054	180	0	0.0921352	256.34	-2.18607e-07	1555.67	200.462	0	-1088.21	180	0	-0.00542114	123.001	0	-2.14637	235.999	0	0.00132605	30162
LOKI	-5.32632e-07	1.33238	1.92792	0	-0.9861	0.00581785	0.000138203	3.11134	-2.17642	-5.4889e-06	-0.00289939	0.00193054	180	0	0.0921352	256.34	-2.18607e-07	1555.67	200.462	0	-1088.21	180	0	-0.00542114	123.001	0	-2.14637	235.999	0	0.00132605	30201
LOKI	-5.32632e-07	1.33238	1.92792	0	-0.9861	0.00581785	0.000138466	3.11137	-2.17642	-5.49094e-06	-0.00289928	0.00193063	180	0	0.0923105	256.34	-1.75132e-07	1555.69	200.462	0	-1088.21	180	0	-0.00542315	123.001	0	-2.14638	235.999	0	0.00123751	30237
LOKI	-5.32632e-07	1.33238	1.92792	0	-0.9861	0.00581785	0.000138726	3.11134	-2.17642	-5.49283e-06	-0.00289913	0.00193052	180	0	0.0924839	256.34	5.7496e-07	1555.67	200.462	0	-1088.21	180	0	-0.00542502	123.001	0	-2.14626	235.999	0	0.0012378	30281
LOKI	-5.32632e-07	1.33238	1.92792	0	-0.9861	0.00581785	0.000138975	3.11134	-2.17642	-5.49535e-06	-0.00289921	0.00193058	180	0	0.0926499	256.34	-1.12155e-07	1555.67	200.462	0	-1088.21	180	0	-0.00542751	123.001	0	-2.14633	235.999	0	0.00123782	30319
LOKI	-5.32632e-07	1.33238	1.92792	0	-0.9861	0.00581785	0.000139213	3.11137	-2.17642	-5.49624e-06	-0.00289911	0.00193051	180	0	0.0928084	256.34	-1.1871e-07	1555.69	200.462	0	-1088.21	180	0	-0.00542838	123.001	0	-2.14625	235.999	0	0.00123816	30359
LOKI	-5.32632e-07	1.33238	1.92792	0	-0.9861	0.00581785	0.000139213	3.11137	-2.17642	-5.49624e-06	-0.00289911	0.00193051	180	0	0.0928084	256.34	-1.1871e-07	1555.69	200.462	0	-1088.21	180	0	-0.00542838	123.001	0	-2.14625	235.999	0	0.00123816	30399
LOKI	-5.32632e-07	1.33238	1.92792	0	-0.9861	0.00581785	0.00013944	3.11134	-2.17642	-5.49951e-06	-0.00289905	0.00193063	180	0	0.0929603	256.34	1.08687e-07	1555.67	200.462	0	-1088.21	180	0	-0.00543162	123.001	0	-2.14629	235.999	0	0.00114968	30441
LOKI	-5.32632e-07	1.33238	1.92792	0	-0.9861	0.00581785	0.000139665	3.11137	-2.17642	-5.5013e-06	-0.00289907	0.00193064	180	0	0.0931097	256.34	-1.71214e-07	1555.69	200.462	0	-1088.21	180	0	-0.00543338	123.001	0	-2.14631	235.999	0	0.00114969	30478
LOKI	-5.32632e-07	1.33238	1.92792	0	-0.9861	0.00581785	0.000139884	3.11134	-2.17642	-5.50348e-06	-0.00289913	0.00193069	180	0	0.0932562	256.34	1.63261e-07	1555.67	200.462	0	-1088.21	180	0	-0.00543553	123.001	0	-2.14636	235.999	0	0.00114932	30513
LOKI	-5.32632e-07	1.33238	1.92792	0	-0.9861	0.00581785	0.000140086	3.11134	-2.17642	-5.50634e-06	-0.00289902	0.00193077	180	0	0.0933907	256.34	-1.28645e-07	1555.67	200.462	0	-1088.21	180	0	-0.00543836	123.001	0	-2.14636	235.999	0	0.00106008	30557
LOKI	-5.32632e-07	1.33238	1.92792	0	-0.9861	0.00581785	0.000140085	3.11134	-2.17642	-5.50612e-06	-0.00289901	0.00193077	180	0	0.0933898	256.34	-1.28645e-07	1555.67	200.462	0	-1088.21	180	0	-0.00543814	123.001	0	-2.14635	235.999	0	0.00105988	30598
LOKI	-5.32632e-07	1.33238	1.92792	0	-0.9861	0.00581785	0.000140285	3.11134	-2.17642	-5.50722e-06	-0.00289904	0.00193078	180	0	0.0935232	256.34	9.01016e-09	1555.67	200.462	0	-1088.21	180	0	-0.00543923	123.001	0	-2.14637	235.999	0	0.00106133	30636
LOKI	-5.32632e-07	1.33238	1.92792	0	-0.9861	0.00581785	0.000140476	3.11137	-2.17642	-5.50935e-06	-0.00289905	0.00193079	180	0	0.0936507	256.34	9.24946e-08	1555.69	200.462	0	-1088.21	180	0	-0.00544134	123.001	0	-2.14638	235.999	0	0.00106139	30678
LOKI	-5.32632e-07	1.33238	1.92792	0	-0.9861	0.00581785	0.000140476	3.11137	-2.17642	-5.50935e-06	-0.00289905	0.00193079	180	0	0.0936507	256.34	9.24946e-08	1555.69	200.462	0	-1088.21	180	0	-0.00544134	123.001	0	-2.14638	235.999	0	0.00106139	30709
LOKI	-5.32632e-07	1.33238	1.92792	0	-0.9861	0.00581785	0.000140667	3.11134	-2.17642	-5.51199e-06	-0.00289888	0.00193068	180	0	0.0937779	256.34	-1.94279e-07	1555.67	200.462	0	-1088.21	180	0	-0.00544395	123.001	0	-2.14626	235.999	0	0.00106094	30749
LOKI	-5.32632e-07	1.33238	1.92792	0	-0.9861	0.00581785	0.00014084	3.11134	-2.17642	-5.51313e-06	-0.00291482	0.00194147	180	0	0.0938936	256.34	-8.63048e-08	1555.67	200.462	0	-1088.21	180	0	-0.00544507	123.001	0	-2.15816	235.999	0	0.000970482	30786
LOKI	-5.32632e-07	1.33238	1.92792	0	-0.9861	0.00581785	0.000141019	3.11134	-2.17642	-5.51579e-06	-0.00291481	0.00194146	180	0	0.0940129	256.34	1.32773e-07	1555.67	200.462	0	-1088.21	180	0	-0.00544769	123.001	0	-2.15815	235.999	0	0.000972418	30824
LOKI	-5.32632e-07	1.33238	1.92792	0	-0.9861	0.00581785	0.000141186	3.11134	-2.17642	-5.51731e-06	-0.0028989	0.00193085	180	0	0.0941242	256.34	2.78866e-07	1555.67	200.462	0	-1088.21	180	0	-0.00544919	123.001	0	-2.14636	235.999	0	0.000972456	30861
LOKI	-5.32632e-07	1.33238	1.92792	0	-0.9861	0.00581785	0.00014134	3.11134	-2.17642	-5.51934e-06	-0.00291484	0.00194147	180	0	0.0942268	256.34	-8.15517e-08	1555.67	200.462	0	-1088.21	180	0	-0.0054512	123.001	0	-2.15817	235.999	0	0.000972858	30900
LOKI	-5.32632e-07	1.33238	1.92792	0	-0.9861	0.00581785	0.00014134	3.11134	-2.17642	-5.51934e-06	-0.00291484	0.00194147	180	0	0.0942268	256.34	-8.15517e-08	1555.67	200.462	0	-1088.21	180	0	-0.0054512	123.001	0	-2.15817	235.999	0	0.000972858	30935
LOKI	-5.32632e-07	1.33238	1.92792	0	-0.9861	0.00581785	0.000141498	3.11134	-2.17642	-5.52142e-06	-0.00289874	0.00193074	180	0	0.0943323	256.34	-2.17813e-07	1555.67	200.462	0	-1088.21	180	0	-0.00545325	123.001	0	-2.14624	235.999	0	0.000972558	30976
LOKI	-5.32632e-07	1.33238	1.92792	0	-0.9861	0.00581785	0.000141639	3.11134	-2.17642	-5.52414e-06	-0.00289875	0.00193091	180	0	0.094426	256.34	-1.93972e-07	1555.67	200.462	0	-1088.21	180	0	-0.00545594	123.001	0	-2.14634	235.999	0	0.000884354	31016
LOKI	-5.32632e-07	1.33238	1.92792	0	-0.9861	0.00581785	0.000141792	3.11134	-2.17642	-5.52458e-06	-0.0028987	0.00193088	180	0	0.0945281	256.34	2.3912e-07	1555.67	200.462	0	-1088.21	180	0	-0.00545637	123.001	0	-2.1463	235.999	0	0.00088412	31055
LOKI	-5.32632e-07	1.33238	1.92792	0	-0.9861	0.00581785	0.000141928	3.11134	-2.17642	-5.52797e-06	-0.00289879	0.00193093	180	0	0.0946186	256.34	4.9072e-07	1555.67	200.462	0	-1088.21	180	0	-0.00545972	123.001	0	-2.14637	235.999	0	0.000883969	31095
LOKI	-5.32632e-07	1.33238	1.92792	0	-0.9861	0.00581785	0.000141928	3.11134	-2.17642	-5.52797e-06	-0.00289879	0.00193093	180	0	0.0946186	256.34	4.9072e-07	1555.67	200.462	0	-1088.21	180	0	-0.00545972	123.001	0	-2.14637	235.999	0	0.000883969	31136
LOKI	-5.32632e-07	1.33238	1.92792	0	-0.9861	0.00581785	0.000142059	3.11134	-2.17642	-5.52885e-06	-0.00289882	0.00193095	180	0	0.0947061	256.34	1.38366e-08	1555.67	200.462	0	-1088.21	180	0	-0.00546059	123.001	0	-2.14639	235.999	0	0.000884312	31177
LOKI	-5.32632e-07	1.33238	1.92792	0	-0.9861	0.00581785	0.000142191	3.11134	-2.17642	-5.53018e-06	-0.00289879	0.00193094	180	0	0.0947943	256.34	-1.42693e-07	1555.67	200.462	0	-1088.21	180	0	-0.00546191	123.001	0	-2.14637	235.999	0	0.000884148	31216
LOKI	-5.32632e-07	1.33238	1.92792	0	-0.9861	0.00581785	0.000142313	3.11134	-2.17642	-5.53302e-06	-0.00289866	0.00193101	180	0	0.0948752	256.34	-8.28844e-08	1555.67	200.462	0	-1088.21	180	0	-0.00546471	123.001	0	-2.14636	235.999	0	0.000795588	31257
LOKI	-5.32632e-07	1.33238	1.92792	0	-0.9861	0.00581785	0.000142428	3.11134	-2.17642	-5.53488e-06	-0.00289862	0.00193098	180	0	0.094952	256.34	1.39891e-07	1555.67	200.462	0	-1088.21	180	0	-0.00546654	123.001	0	-2.14633	235.999	0	0.000795889	31299
LOKI	-5.32632e-07	1.33238	1.92792	0	-0.9861	0.00581785	0.000142428	3.11134	-2.17642	-5.53488e-06	-0.00289862	0.00193098	180	0	0.094952	256.34	1.39891e-07	1555.67	200.462	0	-1088.21	180	0	-0.00546654	123.001	0	-2.14633	235.999	0	0.000795889	31331
LOKI	-5.32632e-07	1.33238	1.92792	0	-0.9861	0.00581785	0.000142545	3.11134	-2.17642	-5.53682e-06	-0.00289859	0.00193096	180	0	0.0950303	256.34	2.2049e-08	1555.67	200.462	0	-1088.21	180	0	-0.00546846	123.001	0	-2.14631	235.999	0	0.000795723	31373
LOKI	-5.32632e-07	1.33238	1.92792	0	-0.9861	0.00581785	0.000142658	3.11134	-2.17642	-5.5383e-06	-0.00289861	0.00193097	180	0	0.095105	256.34	-4.53283e-07	1555.67	200.462	0	-1088.21	180	0	-0.00546993	123.001	0	-2.14632	235.999	0	0.000795656	31406
LOKI	-5.32632e-07	1.33238	1.92792	0	-0.9861	0.00581785	0.000142756	3.11134	-2.17642	-5.54074e-06	-0.00289866	0.00193101	180	0	0.0951706	256.34	1.36464e-07	1555.67	200.462	0	-1088.21	180	0	-0.00547234	123.001	0	-2.14636	235.999	0	0.000796102	31447
LOKI	-5.32632e-07	1.33238	1.92792	0	-0.9861	0.00581785	0.000142854	3.11134	-2.17642	-5.5423e-06	-0.00291461	0.0019418	180	0	0.095236	256.34	-1.07669e-07	1555.67	200.462	0	-1088.21	180	0	-0.00547388	123.001	0	-2.15826	235.999	0	0.00070769	31490
LOKI	-5.32632e-07	1.33238	1.92792	0	-0.9861	0.00581785	0.000142854	3.11134	-2.17642	-5.5423e-06	-0.00291461	0.0019418	180	0	0.095236	256.34	-1.07669e-07	1555.67	200.462	0	-1088.21	180	0	-0.00547388	123.001	0	-2.15826	235.999	0	0.00070769	31526
LOKI	-5.32632e-07	1.33238	1.92792	0	-0.9861	0.00581785	0.000142967	3.11134	-2.17642	-5.54382e-06	-0.00289846	0.00193104	180	0	0.0953114	256.34	-2.81035e-08	1555.67	200.462	0	-1088.21	180	0	-0.00547537	123.001	0	-2.1463	235.999	0	0.00070719	31564
LOKI	-5.32632e-07	1.33238	1.92792	0	-0.9861	0.00581785	0.000143051	3.11134	-2.17645	-5.54609e-06	-0.00289857	0.00193111	180	0	0.0953673	256.34	4.62062e-07	1555.67	200.462	0	-1088.23	180	0	-0.00547762	123.001	0	-2.14638	235.999	0	0.000707752	31603
LOKI	-5.32632e-07	1.33238	1.92792	0	-0.9861	0.00581785	0.000143146	3.11134	-2.17642	-5.5475e-06	-0.00289857	0.00193111	180	0	0.0954307	256.34	-2.83941e-07	1555.67	200.462	0	-1088.21	180	0	-0.00547902	123.001	0	-2.14638	235.999	0	0.000707712	31645
LOKI	-5.32632e-07	1.33238	1.92792	0	-0.9861	0.00581785	0.000143146	3.11134	-2.17642	-5.5475e-06	-0.00289857	0.00193111	180	0	0.0954307	256.34	-2.83941e-07	1555.67	200.462	0	-1088.21	180	0	-0.00547902	123.001	0	-2.14638	235.999	0	0.000707712	31683
LOKI	-5.32632e-07	1.33238	1.92792	0	-0.9861	0.00581785	0.000143241	3.11134	-2.17642	-5.54933e-06	-0.00289862	0.00193114	180	0	0.095494	256.34	-8.71995e-08	1555.67	200.462	0	-1088.21	180	0	-0.00548082	123.001	0	-2.14642	235.999	0	0.000707288	31722
LOKI	-5.32632e-07	1.33238	1.92792	0	-0.9861	0.00581785	0.000143327	3.11134	-2.17645	-5.55059e-06	-0.00289855	0.00193109	180	0	0.0955512	256.34	-9.94484e-09	1555.67	200.462	0	-1088.23	180	0	-0.00548207	123.001	0	-2.14636	235.999	0	0.000707405	31766
LOKI	-5.32632e-07	1.33238	1.92792	0	-0.9861	0.00581785	0.000143408	3.11134	-2.17642	-5.55217e-06	-0.00289833	0.00193111	180	0	0.095605	256.34	6.67342e-08	1555.67	200.462	0	-1088.21	180	0	-0.00548362	123.001	0	-2.14629	235.999	0	0.000618164	31803
LOKI	-4.15453e-05	1.33238	1.92792	3.99474e-07	-0.9861	0.00582176	0.0208538	3.10967	-2.1747	-0.000304291	-0.00115889	0.00389167	179.998	0	13.9025	256.34	0.00232309	1554.84	200.462	0	-1087.35	180	0	-0.300534	123	0	-2.59125	235.999	0	-1.73282	31846
LOKI	-4.15453e-05	1.33238	1.92792	3.99474e-07	-0.9861	0.00582176	0.0208538	3.10967	-2.1747	-0.000304291	-0.00115889	0.00389167	179.998	0	13.9025	256.34	0.00232309	1554.84	200.462	0	-1087.35	180	0	-0.300534	123	0	-2.59125	235.999	0	-1.73282	31885
LOKI	-4.42085e-05	1.33238	1.92792	1.99737e-07	-0.986099	0.00582229	0.00981601	3.1108	-2.1758	0.000337584	-0.00214651	0.00276619	179.997	0	6.54401	256.34	-0.000315218	1555.4	200.462	0	-1087.9	180	0	0.333416	123	0	-2.33178	235.999	0	-0.74177	31919
LOKI	-3.99474e-05	1.33238	1.92792	-1.19842e-06	-0.9861	0.00582171	0.00819725	3.11206	-2.1771	0.00103166	-0.00202179	0.00222348	179.998	0	5.46483	256.34	-0.00210544	1556.03	200.462	0	-1088.55	180	0	1.01892	123	0	-1.98408	235.999	0	-0.486459	31950
LOKI	-3.59527e-05	1.33238	1.92792	-2.79632e-06	-0.9861	0.00582114	0.00743781	3.11252	-2.17764	0.00117655	-0.00193017	0.00204509	179.998	0	4.95854	256.34	-0.00200102	1556.26	200.462	0	-1088.82	180	0	1.16202	123	0	-1.85104	235.999	0	-0.421287	31991
LOKI	-3.19579e-05	1.33238	1.92792	-3.59527e-06	-0.986101	0.00582069	0.00627276	3.11226	-2.17738	0.000873361	-0.00202443	0.00209272	179.998	0	4.18184	256.34	-0.000824842	1556.13	200.462	0	-1088.69	180	0	0.862579	123	0	-1.91241	235.999	0	-0.412836	32033
LOKI	-3.19579e-05	1.33238	1.92792	-3.59527e-06	-0.986101	0.00582069	0.00627276	3.11226	-2.17738	0.000873361	-0.00202443	0.00209272	179.998	0	4.18184	256.34	-0.000824842	1556.13	200.462	0	-1088.69	180	0	0.862579	123	0	-1.91241	235.999	0	-0.412836	32063
LOKI	-2.66316e-05	1.33238	1.92793	-3.39553e-06	-0.986101	0.00582029	0.00385735	3.11175	-2.17684	0.000434342	-0.0023085	0.00214141	179.998	0	2.57157	256.34	0.0002684	1555.87	200.462	0	-1088.42	180	0	0.42898	123	0	-2.04467	235.999	0	-0.334677	32103
LOKI	-2.07727e-05	1.33238	1.92792	-2.59658e-06	-0.986101	0.00581998	0.00218725	3.11132	-2.17642	0.000104371	-0.00253225	0.00219464	179.999	0	1.45817	256.34	0.000774046	1555.66	200.462	0	-1088.21	180	0	0.103082	123	0	-2.15712	235.999	0	-0.281375	32146
LOKI	-1.518e-05	1.33238	1.92792	-1.5979e-06	-0.986101	0.00581963	0.00100204	3.11122	-2.17627	-2.29077e-05	-0.00266553	0.0021728	179.999	0	0.668024	256.34	0.000664679	1555.61	200.462	0	-1088.14	180	0	-0.0226249	123	0	-2.19435	235.999	0	-0.219881	32182
LOKI	-1.06526e-05	1.33238	1.92792	-9.98685e-07	-0.9861	0.00581932	0.000380325	3.11128	-2.17634	1.4908e-05	-0.00271809	0.00211109	179.999	0	0.25355	256.34	0.000292809	1555.64	200.462	0	-1088.17	180	0	0.014724	123	0	-2.17953	235.999	0	-0.166126	32224
LOKI	-1.06526e-05	1.33238	1.92792	-9.98685e-07	-0.9861	0.00581932	0.000380325	3.11128	-2.17634	1.4908e-05	-0.00271809	0.00211109	179.999	0	0.25355	256.34	0.000292809	1555.64	200.462	0	-1088.17	180	0	0.014724	123	0	-2.17953	235.999	0	-0.166126	32262
LOKI	-6.92422e-06	1.33238	1.92792	-7.98948e-07	-0.9861	0.0058191	0.000117368	3.11142	-2.17649	0.000120958	-0.00271178	0.00203376	180	0	0.0782456	256.34	-2.2163e-05	1555.71	200.462	0	-1088.24	180	0	0.119465	123.001	0	-2.13423	235.999	0	-0.125505	32300
LOKI	-4.52737e-06	1.33238	1.92792	-7.98948e-07	-0.9861	0.00581883	-6.6564e-05	3.11151	-2.17659	0.000208115	-0.00272804	0.00199026	180	0	-0.044376	256.34	-0.000135724	1555.75	200.462	0	-1088.29	180	0	0.205546	123.001	0	-2.11609	235.999	0	-0.0953165	32338
LOKI	-2.66316e-06	1.33238	1.92792	-7.98948e-07	-0.9861	0.00581865	-0.00031334	3.11151	-2.17656	0.000235819	-0.00275239	0.00196481	180	0	-0.208893	256.34	-7.71332e-05	1555.76	200.462	0	-1088.28	180	0	0.232907	123.001	0	-2.11097	235.999	0	-0.0721606	32372
LOKI	-1.06526e-06	1.33238	1.92792	-9.98685e-07	-0.9861	0.00581847	-0.000568451	3.11137	-2.17646	0.000218931	-0.00282072	0.00197585	180	0	-0.378967	256.34	0.000162402	1555.68	200.462	0	-1088.23	180	0	0.216229	123.001	0	-2.1424	235.999	0	-0.0529828	32411
LOKI	-1.06526e-06	1.33238	1.92792	-9.98685e-07	-0.9861	0.00581847	-0.000523035	3.11125	-2.17632	0.000221047	-0.0028595	0.00199865	180	0	-0.34869	256.34	0.000421038	1555.62	200.462	0	-1088.16	180	0	0.218318	123.001	0	-2.16944	235.999	0	-0.0512841	32451
LOKI	-7.98948e-07	1.33238	1.92792	-9.98685e-07	-0.9861	0.00581839	0.000872904	3.1106	-2.1756	0.000239515	-0.00302215	0.0022375	180	0	0.581936	256.34	0.00116348	1555.3	200.462	0	-1087.8	180	0	0.236558	123.001	0	-2.36237	235.999	0	-0.12374	32485
LOKI	-2.39684e-06	1.33238	1.92792	-9.98685e-07	-0.9861	0.00581847	0.00148134	3.11124	-2.17624	0.000200757	-0.0027353	0.00214475	180	0	0.98756	256.34	-0.00029474	1555.62	200.462	0	-1088.12	180	0	0.198279	123.001	0	-2.20461	235.999	0	-0.178455	32525
LOKI	-3.19579e-06	1.33238	1.92792	-7.98948e-07	-0.9861	0.00581861	0.000965473	3.11178	-2.17683	2.63579e-05	-0.00252985	0.00200716	180	0	0.643649	256.34	-0.00096371	1555.89	200.462	0	-1088.41	180	0	0.0260325	123.001	0	-2.05207	235.999	0	-0.178108	32570
LOKI	-3.19579e-06	1.33238	1.92792	-7.98948e-07	-0.9861	0.00581852	0.000827426	3.11206	-2.17709	0.000253779	-0.00251734	0.00189012	180	0	0.551617	256.34	-0.00100517	1556.03	200.462	0	-1088.54	180	0	0.250646	123.001	0	-1.98242	235.999	0	-0.117718	32605
LOKI	-3.19579e-06	1.33238	1.92792	-7.98948e-07	-0.9861	0.00581852	0.000827426	3.11206	-2.17709	0.000253779	-0.00251734	0.00189012	180	0	0.551617	256.34	-0.00100517	1556.03	200.462	0	-1088.54	180	0	0.250646	123.001	0	-1.98242	235.999	0	-0.117718	32643
LOKI	-2.92948e-06	1.33238	1.92792	-1.19842e-06	-0.986101	0.00581847	0.00077019	3.11174	-2.17677	0.000459291	-0.00267097	0.00192804	180	0	0.51346	256.34	-0.000148788	1555.87	200.462	0	-1088.39	180	0	0.453621	123.001	0	-2.06038	235.999	0	-0.0818822	32685
LOKI	-2.66316e-06	1.33238	1.92792	-1.5979e-06	-0.986101	0.00581839	0.000368684	3.11145	-2.1765	0.000485717	-0.00280762	0.00196547	180	0	0.24579	256.34	0.000344124	1555.73	200.462	0	-1088.25	180	0	0.479721	123.001	0	-2.13179	235.999	0	-0.0520674	32726
LOKI	8.52212e-06	1.33238	1.92792	-2.19711e-06	-0.986101	0.00581714	-0.0171898	3.11132	-2.17637	0.000284217	-0.00451603	0.000885512	180	0	-11.4599	256.34	0.000409745	1555.66	200.462	0	-1088.19	180	0	0.280709	123.001	0	-2.16455	235.999	0	1.18065	32764
LOKI	8.52212e-06	1.33238	1.92792	-2.19711e-06	-0.986101	0.00581714	-0.0171898	3.11132	-2.17637	0.000284217	-0.00451603	0.000885512	180	0	-11.4599	256.34	0.000409745	1555.66	200.462	0	-1088.19	180	0	0.280709	123.001	0	-2.16455	235.999	0	1.18065	32802
LOKI	3.94148e-05	1.33238	1.92792	-3.99474e-07	-0.9861	0.0058143	-0.0292529	3.11074	-2.1758	-0.00101113	-0.00574031	0.000319359	180.002	0	-19.5019	256.34	0.00120665	1555.37	200.462	0	-1087.9	180	0	-0.998646	123.001	0	-2.30346	236	0	1.94862	32839
LOKI	6.63127e-05	1.33238	1.92792	2.19711e-06	-0.9861	0.00581186	-0.0308792	3.11005	-2.17508	-0.00155897	-0.00616324	0.000389255	180.004	0	-20.5861	256.34	0.00179477	1555.02	200.462	0	-1087.54	180	0	-1.53973	123.001	0	-2.49893	236	0	2.06643	32876
LOKI	8.20254e-05	1.33238	1.92792	4.39422e-06	-0.986099	0.00581031	-0.0280478	3.10994	-2.17495	-0.00159346	-0.00602514	0.000541644	180.005	0	-18.6985	256.34	0.00126466	1554.97	200.462	0	-1087.47	180	0	-1.57379	123.001	0	-2.53245	236	0	1.93062	32914
LOKI	8.60201e-05	1.33238	1.92792	5.3929e-06	-0.986099	0.00580982	-0.0231263	3.11055	-2.17553	-0.00131462	-0.00548804	0.00064081	180.005	0	-15.4175	256.34	-0.000150686	1555.28	200.462	0	-1087.77	180	0	-1.29839	123.001	0	-2.38861	236	0	1.6766	32953
LOKI	8.60201e-05	1.33238	1.92792	5.3929e-06	-0.986099	0.00580982	-0.0231263	3.11055	-2.17553	-0.00131462	-0.00548804	0.00064081	180.005	0	-15.4175	256.34	-0.000150686	1555.28	200.462	0	-1087.77	180	0	-1.29839	123.001	0	-2.38861	236	0	1.6766	32990
LOKI	8.1759e-05	1.33238	1.92792	5.3929e-06	-0.986099	0.00580995	-0.017276	3.1114	-2.17642	-0.000931496	-0.00476167	0.000717472	180.005	0	-11.5173	256.34	-0.00141211	1555.7	200.462	0	-1088.21	180	0	-0.919996	123.001	0	-2.16218	236	0	1.36499	33027
LOKI	7.08401e-05	1.33238	1.92792	4.79369e-06	-0.9861	0.00581066	-0.0112209	3.11205	-2.17709	-0.000577033	-0.00404388	0.000878008	180.004	0	-7.48058	256.34	-0.00184955	1556.03	200.462	0	-1088.55	180	0	-0.569909	123.001	0	-1.98551	236	0	1.00995	33063
LOKI	5.00674e-05	1.33238	1.92792	3.59527e-06	-0.986101	0.00581235	-0.00157223	3.11265	-2.17773	-0.000149998	-0.00295406	0.00129654	180.003	0	-1.04816	256.34	-0.00213134	1556.32	200.462	0	-1088.86	180	0	-0.148146	123.001	0	-1.8144	236	0	0.373799	33101
LOKI	4.34095e-05	1.33238	1.92792	3.19579e-06	-0.986101	0.00581293	-0.000725923	3.11258	-2.17768	-0.000123597	-0.00288962	0.00136457	180.002	0	-0.483949	256.34	-0.00171117	1556.29	200.462	0	-1088.84	180	0	-0.122071	123.001	0	-1.82832	236	0	0.312137	33138
LOKI	3.22242e-05	1.33238	1.92792	2.39684e-06	-0.986101	0.00581386	0.00140511	3.1123	-2.17739	-6.58114e-05	-0.00277536	0.00155972	180.002	0	0.936741	256.34	-0.000779073	1556.15	200.462	0	-1088.69	180	0	-0.064999	123.001	0	-1.89443	236	0	0.161398	33177
LOKI	1.67779e-05	1.33238	1.92793	1.5979e-06	-0.986101	0.00581519	0.00426895	3.11176	-2.17684	-3.66647e-06	-0.00268134	0.00188459	180.001	0	2.84597	256.34	0.000312983	1555.88	200.462	0	-1088.42	180	0	-0.0036212	123.001	0	-2.04009	236	0	-0.0539078	33215
LOKI	3.19579e-06	1.33238	1.92792	9.98685e-07	-0.986101	0.00581643	0.00665223	3.11141	-2.17644	5.83111e-05	-0.00256595	0.00213927	180	0	4.43482	256.34	0.000722913	1555.71	200.462	0	-1088.22	180	0	0.0575912	123.001	0	-2.13883	236	0	-0.238129	33252
LOKI	-7.98948e-06	1.33238	1.92792	5.99211e-07	-0.986101	0.0058175	0.00823016	3.11131	-2.17634	0.000121129	-0.00243727	0.00228673	180	0	5.48678	256.34	0.000603254	1555.66	200.462	0	-1088.17	180	0	0.119633	123.001	0	-2.1731	235.999	0	-0.367713	33293
LOKI	-7.98948e-06	1.33238	1.92792	5.99211e-07	-0.986101	0.0058175	0.00823016	3.11131	-2.17634	0.000121129	-0.00243727	0.00228673	180	0	5.48678	256.34	0.000603254	1555.66	200.462	0	-1088.17	180	0	0.119633	123.001	0	-2.1731	235.999	0	-0.367713	33334
LOKI	-1.70442e-05	1.33238	1.92792	0	-0.986101	0.00581839	0.00939894	3.1113	-2.17633	0.000192903	-0.00229556	0.0023681	179.999	0	6.26596	256.34	0.000379463	1555.65	200.462	0	-1088.17	180	0	0.190521	123.001	0	-2.16582	235.999	0	-0.465404	33372
LOKI	-2.37021e-05	1.33238	1.92792	-3.99474e-07	-0.9861	0.0058191	0.00973728	3.11134	-2.17638	0.000188342	-0.00221506	0.00241505	179.999	0	6.49152	256.34	0.00019089	1555.67	200.462	0	-1088.19	180	0	0.186017	123.001	0	-2.16209	235.999	0	-0.521304	33409
LOKI	-2.74306e-05	1.33238	1.92792	-1.99737e-07	-0.9861	0.00581963	0.00895933	3.11135	-2.17639	3.13359e-05	-0.00222078	0.00241101	179.998	0	5.97288	256.34	0.000104654	1555.68	200.462	0	-1088.2	180	0	0.0309491	123	0	-2.16196	235.999	0	-0.516936	33446
LOKI	-2.90285e-05	1.33238	1.92792	-1.99737e-07	-0.9861	0.00581981	0.00830208	3.11139	-2.17641	8.78586e-05	-0.00225654	0.00236498	179.998	0	5.53472	256.34	2.26507e-05	1555.7	200.462	0	-1088.2	180	0	0.0867739	123	0	-2.14963	235.999	0	-0.478125	33487
LOKI	-2.90285e-05	1.33238	1.92792	-3.99474e-07	-0.9861	0.00581998	0.00740539	3.11139	-2.1764	0.000148295	-0.0023355	0.00231439	179.998	0	4.93692	256.34	3.37258e-05	1555.69	200.462	0	-1088.2	180	0	0.146465	123	0	-2.15078	235.999	0	-0.420774	33530
LOKI	-2.90285e-05	1.33238	1.92792	-3.99474e-07	-0.9861	0.00581998	0.00743548	3.11139	-2.1764	0.000148204	-0.0023332	0.00231567	179.998	0	4.95699	256.34	3.49974e-05	1555.69	200.462	0	-1088.2	180	0	0.146374	123	0	-2.15063	235.999	0	-0.422338	33568
LOKI	-2.74306e-05	1.33238	1.92792	-3.99474e-07	-0.9861	0.00581981	0.00609325	3.11132	-2.17637	0.000109562	-0.00246097	0.00226813	179.998	0	4.06217	256.34	0.000101207	1555.66	200.462	0	-1088.18	180	0	0.108209	123	0	-2.17155	235.999	0	-0.348604	33602
LOKI	-2.29032e-05	1.33238	1.92792	-3.99474e-07	-0.9861	0.00581945	0.000299773	3.11117	-2.17622	-0.000112142	-0.00298147	0.00197187	179.999	0	0.199848	256.34	0.000325471	1555.59	200.462	0	-1088.11	180	0	-0.110758	123	0	-2.19973	235.999	0	0.00876183	33647
LOKI	-1.38484e-05	1.33238	1.92792	1.99737e-07	-0.9861	0.00581879	0.000216357	3.11113	-2.17616	-0.000132619	-0.00304925	0.00195587	179.999	0	0.144238	256.34	0.000225854	1555.56	200.462	0	-1088.08	180	0	-0.130981	123.001	0	-2.21595	235.999	0	0.042756	33684
LOKI	-1.38484e-05	1.33238	1.92792	1.99737e-07	-0.9861	0.00581879	0.000216357	3.11113	-2.17616	-0.000132619	-0.00304925	0.00195587	179.999	0	0.144238	256.34	0.000225854	1555.56	200.462	0	-1088.08	180	0	-0.130981	123.001	0	-2.21595	235.999	0	0.042756	33724
LOKI	-9.8537e-06	1.33238	1.92792	1.99737e-07	-0.9861	0.00581847	0.00104197	3.1113	-2.17634	-7.09102e-05	-0.00291436	0.00196468	179.999	0	0.694646	256.34	-9.88318e-05	1555.65	200.462	0	-1088.17	180	0	-0.0700347	123.001	0	-2.17088	235.999	0	-0.0120939	33767
LOKI	-7.72317e-06	1.33238	1.92792	1.99737e-07	-0.9861	0.0058183	0.0010538	3.11144	-2.17646	-4.17174e-05	-0.0028673	0.00193114	180	0	0.70253	256.34	-0.000259767	1555.72	200.462	0	-1088.23	180	0	-0.0412024	123.001	0	-2.13482	235.999	0	-0.0108959	33800
LOKI	-6.12527e-06	1.33238	1.92792	1.99737e-07	-0.9861	0.00581803	0.000908516	3.11147	-2.17652	-2.85472e-05	-0.00286808	0.0019112	180	0	0.605677	256.34	-0.000242192	1555.73	200.462	0	-1088.26	180	0	-0.0281947	123.001	0	-2.12403	235.999	0	0.000472398	33835
LOKI	-6.12527e-06	1.33238	1.92792	1.99737e-07	-0.9861	0.00581803	0.000908516	3.11147	-2.17652	-2.85472e-05	-0.00286808	0.0019112	180	0	0.605677	256.34	-0.000242192	1555.73	200.462	0	-1088.26	180	0	-0.0281947	123.001	0	-2.12403	235.999	0	0.000472398	33873
LOKI	-5.06001e-06	1.33238	1.92792	1.99737e-07	-0.9861	0.00581803	0.00079236	3.11147	-2.17649	-2.68089e-05	-0.00288309	0.00190732	180	0	0.52824	256.34	-0.000127727	1555.74	200.462	0	-1088.25	180	0	-0.0264779	123.001	0	-2.12744	235.999	0	0.00818897	33911
LOKI	-4.26106e-06	1.33238	1.92792	1.99737e-07	-0.9861	0.0058179	0.000718604	3.11141	-2.17646	-3.31595e-05	-0.00290965	0.0019194	180	0	0.479069	256.34	-1.01265e-05	1555.71	200.462	0	-1088.23	180	0	-0.0327502	123.001	0	-2.14398	235.999	0	0.0113123	33950
LOKI	-3.72843e-06	1.33238	1.92792	1.99737e-07	-0.9861	0.00581785	0.000699456	3.11138	-2.17642	-4.14433e-05	-0.0029214	0.00192948	180	0	0.466304	256.34	5.72444e-05	1555.69	200.462	0	-1088.21	180	0	-0.0409317	123.001	0	-2.15393	235.999	0	0.0100666	33988
LOKI	-3.19579e-06	1.33238	1.92792	1.99737e-07	-0.9861	0.00581785	0.000737579	3.11137	-2.17638	-4.43703e-05	-0.00291774	0.00193475	180	0	0.491719	256.34	6.44521e-05	1555.69	200.462	0	-1088.19	180	0	-0.0438225	123.001	0	-2.15551	235.999	0	0.00578121	34033
LOKI	-3.19579e-06	1.33238	1.92792	1.99737e-07	-0.9861	0.00581785	0.000835919	3.11136	-2.1764	-3.92497e-05	-0.00290296	0.001938	180	0	0.55728	256.34	3.45031e-05	1555.68	200.462	0	-1088.2	180	0	-0.0387652	123.001	0	-2.15184	235.999	0	-0.00149841	34070
LOKI	-3.19579e-06	1.33238	1.92792	1.99737e-07	-0.9861	0.00581785	0.000910904	3.11136	-2.1764	-3.6517e-05	-0.0028963	0.00194148	180	0	0.60727	256.34	3.03384e-05	1555.68	200.462	0	-1088.2	180	0	-0.0360661	123.001	0	-2.15131	235.999	0	-0.00589761	34111
LOKI	-3.72843e-06	1.33238	1.92792	3.99474e-07	-0.9861	0.00581794	0.00107948	3.11134	-2.17638	-0.000276377	-0.00282391	0.00201812	180	0	0.719655	256.34	7.24956e-05	1555.67	200.462	0	-1088.19	180	0	-0.272965	123.001	0	-2.16707	235.999	0	-0.0752872	34153
LOKI	-2.92948e-06	1.33238	1.92792	9.98685e-07	-0.9861	0.00581803	0.000248069	3.11131	-2.17635	-0.000481179	-0.00286334	0.00199494	180	0	0.165379	256.34	6.84811e-05	1555.65	200.462	0	-1088.17	180	0	-0.475238	123.001	0	-2.1688	235.999	0	-0.0478053	34189
LOKI	-2.13053e-06	1.33238	1.92792	1.39816e-06	-0.9861	0.00581803	0.000340118	3.11137	-2.17641	-0.000319233	-0.00288182	0.00195149	180	0	0.226745	256.34	-5.93241e-05	1555.69	200.462	0	-1088.21	180	0	-0.315292	123.001	0	-2.1515	235.999	0	-0.0168228	34230
LOKI	-2.13053e-06	1.33238	1.92792	1.39816e-06	-0.9861	0.00581803	0.000340118	3.11137	-2.17641	-0.000319233	-0.00288182	0.00195149	180	0	0.226745	256.34	-5.93241e-05	1555.69	200.462	0	-1088.21	180	0	-0.315292	123.001	0	-2.1515	235.999	0	-0.0168228	34274
LOKI	-2.13053e-06	1.33238	1.92792	1.19842e-06	-0.9861	0.00581799	0.000874045	3.11144	-2.17645	-6.90204e-05	-0.00288465	0.00193272	180	0	0.582697	256.34	-0.000118354	1555.72	200.462	0	-1088.22	180	0	-0.0681683	123.001	0	-2.14213	235.999	0	-0.00534567	34314
LOKI	-2.92948e-06	1.33238	1.92792	7.98948e-07	-0.9861	0.0058179	0.00139098	3.11145	-2.17646	0.000130255	-0.00287364	0.00192611	180	0	0.927323	256.34	-8.37053e-05	1555.72	200.462	0	-1088.23	180	0	0.128647	123.001	0	-2.13437	235.999	0	-0.00575058	34356
LOKI	-3.99474e-06	1.33238	1.92792	1.99737e-07	-0.9861	0.00581785	0.00167509	3.11141	-2.17646	0.00022307	-0.00287989	0.00194049	180	0	1.11672	256.34	-7.98674e-06	1555.7	200.462	0	-1088.23	180	0	0.220316	123.001	0	-2.14468	235.999	0	-0.0114254	34396
LOKI	-4.79369e-06	1.33238	1.92792	-1.99737e-07	-0.9861	0.00581785	0.00171341	3.11138	-2.17639	0.0002257	-0.00288317	0.00195294	180	0	1.14227	256.34	4.79502e-05	1555.69	200.462	0	-1088.2	180	0	0.222914	123.001	0	-2.15281	235.999	0	-0.0171246	34433
LOKI	-4.79369e-06	1.33238	1.92792	-1.99737e-07	-0.9861	0.00581785	0.00171341	3.11138	-2.17639	0.0002257	-0.00288317	0.00195294	180	0	1.14227	256.34	4.79502e-05	1555.69	200.462	0	-1088.2	180	0	0.222914	123.001	0	-2.15281	235.999	0	-0.0171246	34468
LOKI	-5.32632e-06	1.33238	1.92792	-5.99211e-07	-0.9861	0.00581785	0.00180091	3.1114	-2.17641	0.000339431	-0.00290019	0.00193275	180	0	1.20061	256.34	9.81343e-07	1555.7	200.462	0	-1088.21	180	0	0.335241	123.001	0	-2.14789	235.999	0	0.000394097	34509
LOKI	-5.85895e-06	1.33238	1.92792	-9.98685e-07	-0.9861	0.00581785	0.00174672	3.1114	-2.17641	0.000247296	-0.00286903	0.00195422	180	0	1.16448	256.34	1.52519e-05	1555.7	200.462	0	-1088.21	180	0	0.244243	123.001	0	-2.14828	235.999	0	-0.0230727	34542
LOKI	-5.59264e-06	1.33238	1.92792	-7.98948e-07	-0.9861	0.0058179	0.00136415	3.11136	-2.1764	9.98534e-05	-0.00286672	0.00196006	180	0	0.909431	256.34	3.01217e-05	1555.68	200.462	0	-1088.2	180	0	0.0986207	123.001	0	-2.15067	235.999	0	-0.0271745	34579
LOKI	-5.32632e-06	1.33238	1.92792	-5.99211e-07	-0.9861	0.0058179	0.00105092	3.11137	-2.17641	5.68839e-06	-0.00286657	0.00195487	180	0	0.700616	256.34	5.21433e-06	1555.69	200.462	0	-1088.21	180	0	0.00561816	123.001	0	-2.14773	235.999	0	-0.0243474	34619
LOKI	-5.32632e-06	1.33238	1.92792	-5.99211e-07	-0.9861	0.0058179	0.00105092	3.11137	-2.17641	5.68839e-06	-0.00286657	0.00195487	180	0	0.700616	256.34	5.21433e-06	1555.69	200.462	0	-1088.21	180	0	0.00561816	123.001	0	-2.14773	235.999	0	-0.0243474	34657
LOKI	-4.52737e-06	1.33238	1.92792	-3.99474e-07	-0.9861	0.0058179	0.00090009	3.11139	-2.17643	-1.97186e-05	-0.00286733	0.00194654	180	0	0.60006	256.34	-2.57713e-05	1555.69	200.462	0	-1088.22	180	0	-0.0194751	123.001	0	-2.14339	235.999	0	-0.0194354	34696
LOKI	-3.99474e-06	1.33238	1.92792	-1.99737e-07	-0.9861	0.0058179	0.000881069	3.11142	-2.17644	-1.94048e-07	-0.00286973	0.0019415	180	0	0.58738	256.34	-3.59641e-05	1555.71	200.462	0	-1088.22	180	0	-0.000191652	123.001	0	-2.14147	235.999	0	-0.0157441	34733
LOKI	-3.72843e-06	1.33238	1.92792	-1.99737e-07	-0.9861	0.0058179	0.000910757	3.11142	-2.17643	2.71134e-05	-0.00287343	0.00194223	180	0	0.607171	256.34	-2.15061e-05	1555.71	200.462	0	-1088.22	180	0	0.0267787	123.001	0	-2.14325	235.999	0	-0.0147831	34774
LOKI	-3.72843e-06	1.33238	1.92792	-1.99737e-07	-0.9861	0.0058179	0.000920001	3.1114	-2.17642	3.94388e-05	-0.0028774	0.0019466	180	0	0.613334	256.34	5.75289e-06	1555.7	200.462	0	-1088.21	180	0	0.0389519	123.001	0	-2.14714	235.999	0	-0.01574	34817
LOKI	-3.72843e-06	1.33238	1.92792	-1.99737e-07	-0.9861	0.0058179	0.000920566	3.1114	-2.17642	3.93236e-05	-0.00287723	0.00194638	180	0	0.613711	256.34	5.75289e-06	1555.7	200.462	0	-1088.21	180	0	0.0388381	123.001	0	-2.14696	235.999	0	-0.0156792	34856
LOKI	-3.46211e-06	1.33238	1.92792	-1.99737e-07	-0.9861	0.0058179	0.000884828	3.11139	-2.1764	3.34057e-05	-0.00287969	0.00195015	180	0	0.589885	256.34	2.67019e-05	1555.7	200.462	0	-1088.2	180	0	0.0329933	123.001	0	-2.14997	235.999	0	-0.0168635	34898
LOKI	-3.19579e-06	1.33238	1.92792	0	-0.9861	0.0058179	0.000802344	3.11139	-2.1764	8.6207e-06	-0.00287943	0.0019523	180	0	0.534896	256.34	3.35569e-05	1555.69	200.462	0	-1088.2	180	0	0.00851427	123.001	0	-2.15107	235.999	0	-0.0181584	34937
LOKI	-3.19579e-06	1.33238	1.92792	0	-0.9861	0.0058179	0.000702147	3.11136	-2.1764	-2.01928e-05	-0.00287765	0.00195168	180	0	0.468098	256.34	2.36633e-05	1555.68	200.462	0	-1088.2	180	0	-0.0199435	123.001	0	-2.15006	235.999	0	-0.0184681	34978
LOKI	-3.19579e-06	1.33238	1.92792	0	-0.9861	0.0058179	0.000702147	3.11136	-2.1764	-2.01928e-05	-0.00287765	0.00195168	180	0	0.468098	256.34	2.36633e-05	1555.68	200.462	0	-1088.2	180	0	-0.0199435	123.001	0	-2.15006	235.999	0	-0.0184681	35011
LOKI	-2.92948e-06	1.33238	1.92792	0	-0.9861	0.00581794	0.000614164	3.11137	-2.17638	-4.22967e-05	-0.00289106	0.00195962	180	0	0.409443	256.34	7.97469e-06	1555.68	200.462	0	-1088.19	180	0	-0.0417746	123.001	0	-2.15944	235.999	0	-0.0179129	35053
LOKI	-2.66316e-06	1.33238	1.92792	1.99737e-07	-0.9861	0.00581794	0.000550985	3.11138	-2.17639	-5.59609e-05	-0.0028892	0.00195754	180	0	0.367323	256.34	-4.63086e-06	1555.69	200.462	0	-1088.19	180	0	-0.05527	123.001	0	-2.1576	235.999	0	-0.0174496	35095
LOKI	-2.13053e-06	1.33238	1.92792	3.99474e-07	-0.9861	0.00581794	0.000261972	3.11136	-2.17637	-0.000180169	-0.00288897	0.00196466	180	0	0.174648	256.34	2.29671e-05	1555.68	200.462	0	-1088.19	180	0	-0.177944	123.001	0	-2.16147	235.999	0	-0.0214908	35133
LOKI	-1.5979e-06	1.33238	1.92792	5.99211e-07	-0.9861	0.00581794	0.000352017	3.11139	-2.1764	-9.40099e-05	-0.00289635	0.00194793	180	0	0.234678	256.34	-2.68431e-05	1555.69	200.462	0	-1088.2	180	0	-0.0928493	123.001	0	-2.15491	235.999	0	-0.00945846	35177
LOKI	-1.5979e-06	1.33238	1.92792	5.99211e-07	-0.9861	0.00581794	0.000352017	3.11139	-2.1764	-9.40099e-05	-0.00289635	0.00194793	180	0	0.234678	256.34	-2.68431e-05	1555.69	200.462	0	-1088.2	180	0	-0.0928493	123.001	0	-2.15491	235.999	0	-0.00945846	35209
LOKI	-1.5979e-06	1.33238	1.92792	3.99474e-07	-0.9861	0.00581785	0.00058676	3.1114	-2.17644	1.00341e-05	-0.00287932	0.00193238	180	0	0.391173	256.34	-4.63934e-05	1555.7	200.462	0	-1088.22	180	0	0.0099102	123.001	0	-2.13996	235.999	0	-0.00713277	35247
LOKI	-1.86421e-06	1.33238	1.92792	1.99737e-07	-0.9861	0.00581785	0.00074532	3.11142	-2.17643	6.65218e-05	-0.00288016	0.00193748	180	0	0.49688	256.34	-2.17242e-05	1555.71	200.462	0	-1088.22	180	0	0.0657005	123.001	0	-2.1431	235.999	0	-0.0096502	35284
LOKI	-2.13053e-06	1.33238	1.92792	0	-0.9861	0.00581785	0.000768941	3.1114	-2.17641	6.8276e-05	-0.00288173	0.00194509	180	0	0.512627	256.34	1.28347e-05	1555.7	200.462	0	-1088.21	180	0	0.0674331	123.001	0	-2.14791	235.999	0	-0.0132962	35321
LOKI	-2.39684e-06	1.33238	1.92792	0	-0.9861	0.00581785	0.000691383	3.11139	-2.1764	3.66775e-05	-0.00288234	0.00194971	180	0	0.460922	256.34	3.14637e-05	1555.69	200.462	0	-1088.2	180	0	0.0362247	123.001	0	-2.1507	235.999	0	-0.0156376	35366
LOKI	-2.39684e-06	1.33238	1.92792	0	-0.9861	0.00581785	0.000691383	3.11139	-2.1764	3.66775e-05	-0.00288234	0.00194971	180	0	0.460922	256.34	3.14637e-05	1555.69	200.462	0	-1088.2	180	0	0.0362247	123.001	0	-2.1507	235.999	0	-0.0156376	35402
LOKI	-2.39684e-06	1.33238	1.92792	0	-0.9861	0.00581785	0.000580956	3.11136	-2.17637	-3.96278e-07	-0.00289681	0.00196011	180	0	0.387304	256.34	2.49126e-05	1555.68	200.462	0	-1088.19	180	0	-0.000391385	123.001	0	-2.16184	235.999	0	-0.0160572	35434
LOKI	-2.13053e-06	1.33238	1.92792	0	-0.9861	0.00581785	0.000492398	3.11137	-2.17638	-2.4043e-05	-0.00289466	0.00195662	180	0	0.328266	256.34	5.18108e-06	1555.69	200.462	0	-1088.19	180	0	-0.0237462	123.001	0	-2.15911	235.999	0	-0.0149156	35479
LOKI	-1.86421e-06	1.33238	1.92792	0	-0.9861	0.00581785	0.000450293	3.11138	-2.17639	-2.90351e-05	-0.00289323	0.00195289	180	0	0.300195	256.34	-1.31462e-05	1555.69	200.462	0	-1088.2	180	0	-0.0286766	123.001	0	-2.15651	235.999	0	-0.013371	35517
LOKI	-1.86421e-06	1.33238	1.92792	0	-0.9861	0.00581785	0.000450293	3.11138	-2.17639	-2.90351e-05	-0.00289323	0.00195289	180	0	0.300195	256.34	-1.31462e-05	1555.69	200.462	0	-1088.2	180	0	-0.0286766	123.001	0	-2.15651	235.999	0	-0.013371	35550
LOKI	-1.86421e-06	1.33238	1.92792	1.99737e-07	-0.9861	0.00581785	0.000445944	3.11138	-2.1764	-2.08165e-05	-0.00289339	0.0019508	180	0	0.297296	256.34	-2.02194e-05	1555.69	200.462	0	-1088.2	180	0	-0.0205595	123.001	0	-2.1554	235.999	0	-0.0121507	35595
LOKI	-1.86421e-06	1.33238	1.92792	1.99737e-07	-0.9861	0.00581785	0.000459722	3.11141	-2.17643	-8.42751e-06	-0.00287941	0.00194031	180	0	0.306482	256.34	-1.43588e-05	1555.71	200.462	0	-1088.21	180	0	-0.00832347	123.001	0	-2.1444	235.999	0	-0.0115038	35633
LOKI	-1.5979e-06	1.33238	1.92792	1.99737e-07	-0.9861	0.00581785	0.00047104	3.11141	-2.17642	8.40359e-07	-0.00288174	0.00194157	180	0	0.314027	256.34	-2.59249e-06	1555.7	200.462	0	-1088.21	180	0	0.000829984	123.001	0	-2.14596	235.999	0	-0.0113382	35671
LOKI	-1.5979e-06	1.33238	1.92792	0	-0.9861	0.00581785	0.000465929	3.1114	-2.17642	3.90516e-06	-0.00288357	0.00194285	180	0	0.31062	256.34	7.15783e-06	1555.7	200.462	0	-1088.21	180	0	0.00385695	123.001	0	-2.14735	235.999	0	-0.0113727	35712
LOKI	-1.5979e-06	1.33238	1.92792	0	-0.9861	0.00581785	0.000465929	3.1114	-2.17642	3.90516e-06	-0.00288357	0.00194285	180	0	0.31062	256.34	7.15783e-06	1555.7	200.462	0	-1088.21	180	0	0.00385695	123.001	0	-2.14735	235.999	0	-0.0113727	35752
LOKI	-1.5979e-06	1.33238	1.92792	0	-0.9861	0.00581785	0.000454692	3.11137	-2.17641	2.35235e-06	-0.00288401	0.00194358	180	0	0.303128	256.34	1.07972e-05	1555.68	200.462	0	-1088.21	180	0	0.00232331	123.001	0	-2.14792	235.999	0	-0.0116174	35794
LOKI	-1.5979e-06	1.33238	1.92792	0	-0.9861	0.00581785	0.000432654	3.11137	-2.17638	-1.55879e-06	-0.00289939	0.00195374	180	0	0.288436	256.34	7.0415e-06	1555.68	200.462	0	-1088.19	180	0	-0.00153955	123.001	0	-2.15926	235.999	0	-0.0115625	35835
LOKI	-1.5979e-06	1.33238	1.92792	0	-0.9861	0.00581785	0.000410345	3.11137	-2.17639	-5.00903e-06	-0.00289863	0.00195283	180	0	0.273563	256.34	1.70307e-06	1555.69	200.462	0	-1088.19	180	0	-0.00494719	123.001	0	-2.15848	235.999	0	-0.0113386	35868
LOKI	-1.5979e-06	1.33238	1.92792	0	-0.9861	0.00581785	0.00039278	3.11137	-2.17639	-6.59773e-06	-0.00289818	0.00195193	180	0	0.261853	256.34	-3.00645e-06	1555.69	200.462	0	-1088.19	180	0	-0.00651627	123.001	0	-2.1578	235.999	0	-0.0110086	35907
LOKI	-1.5979e-06	1.33238	1.92792	0	-0.9861	0.00581785	0.00039278	3.11137	-2.17639	-6.59773e-06	-0.00289818	0.00195193	180	0	0.261853	256.34	-3.00645e-06	1555.69	200.462	0	-1088.19	180	0	-0.00651627	123.001	0	-2.1578	235.999	0	-0.0110086	35942
LOKI	-1.33158e-06	1.33238	1.92792	0	-0.9861	0.00581785	0.000379685	3.11138	-2.17639	-6.42755e-06	-0.00289817	0.00195136	180	0	0.253123	256.34	-5.1105e-06	1555.69	200.462	0	-1088.19	180	0	-0.0063482	123.001	0	-2.15749	235.999	0	-0.0106964	35974
LOKI	-1.33158e-06	1.33238	1.92792	0	-0.9861	0.00581785	0.000370867	3.11138	-2.17639	-5.22027e-06	-0.00288303	0.00194076	180	0	0.247244	256.34	-4.57888e-06	1555.69	200.462	0	-1088.19	180	0	-0.00515583	123.001	0	-2.14599	235.999	0	-0.0104145	36014
LOKI	-1.33158e-06	1.33238	1.92792	0	-0.9861	0.00581785	0.000362743	3.11141	-2.17639	-3.99148e-06	-0.00288378	0.00194083	180	0	0.241829	256.34	-1.67081e-06	1555.7	200.462	0	-1088.19	180	0	-0.0039422	123.001	0	-2.1463	235.999	0	-0.0101692	36046
LOKI	-1.33158e-06	1.33238	1.92792	0	-0.9861	0.00581785	0.000354247	3.1114	-2.17639	-3.26572e-06	-0.0028845	0.00194092	180	0	0.236164	256.34	1.51756e-06	1555.7	200.462	0	-1088.19	180	0	-0.00322541	123.001	0	-2.14662	235.999	0	-0.00995749	36091
LOKI	-1.33158e-06	1.33238	1.92792	0	-0.9861	0.00581785	0.000354247	3.1114	-2.17639	-3.26572e-06	-0.0028845	0.00194092	180	0	0.236164	256.34	1.51756e-06	1555.7	200.462	0	-1088.19	180	0	-0.00322541	123.001	0	-2.14662	235.999	0	-0.00995749	36124
LOKI	-1.33158e-06	1.33238	1.92792	0	-0.9861	0.00581785	0.000344592	3.11137	-2.17639	-3.17888e-06	-0.0029005	0.00195135	180	0	0.229728	256.34	9.84576e-07	1555.69	200.462	0	-1088.19	180	0	-0.00313964	123.001	0	-2.15835	235.999	0	-0.00982484	36163
LOKI	-1.33158e-06	1.33238	1.92792	0	-0.9861	0.00581785	0.000334135	3.11137	-2.17639	-3.48965e-06	-0.00290066	0.00195118	180	0	0.222756	256.34	8.48518e-07	1555.69	200.462	0	-1088.19	180	0	-0.00344657	123.001	0	-2.15831	235.999	0	-0.009671	36206
LOKI	-1.06526e-06	1.33238	1.92792	0	-0.9861	0.00581785	0.000323435	3.11137	-2.17639	-3.90645e-06	-0.00290077	0.00195091	180	0	0.215624	256.34	4.48886e-08	1555.69	200.462	0	-1088.19	180	0	-0.00385823	123.001	0	-2.1582	235.999	0	-0.00948291	36246
LOKI	-1.06526e-06	1.33238	1.92792	0	-0.9861	0.00581785	0.000313406	3.11137	-2.17639	-4.18349e-06	-0.00290085	0.00195063	180	0	0.208937	256.34	-8.69086e-07	1555.69	200.462	0	-1088.19	180	0	-0.00413184	123.001	0	-2.15807	235.999	0	-0.00929173	36282
LOKI	-1.06526e-06	1.33238	1.92792	0	-0.9861	0.00581785	0.000313406	3.11137	-2.17639	-4.18349e-06	-0.00290085	0.00195063	180	0	0.208937	256.34	-8.69086e-07	1555.69	200.462	0	-1088.19	180	0	-0.00413184	123.001	0	-2.15807	235.999	0	-0.00929173	36322
LOKI	-1.06526e-06	1.33238	1.92792	0	-0.9861	0.00581785	0.000304181	3.11137	-2.17639	-4.25418e-06	-0.00290112	0.0019503	180	0	0.202787	256.34	-1.43737e-06	1555.69	200.462	0	-1088.19	180	0	-0.00420165	123.001	0	-2.15799	235.999	0	-0.00900992	36361
LOKI	-1.06526e-06	1.33238	1.92792	0	-0.9861	0.00581785	0.000295907	3.11141	-2.17639	-4.15393e-06	-0.00288574	0.00193973	180	0	0.197271	256.34	4.91989e-08	1555.7	200.462	0	-1088.19	180	0	-0.00410264	123.001	0	-2.14642	235.999	0	-0.00883479	36400
LOKI	-1.06526e-06	1.33238	1.92792	0	-0.9861	0.00581785	0.000287804	3.11141	-2.17639	-4.0197e-06	-0.00290191	0.00195018	180	0	0.191869	256.34	-1.76393e-07	1555.7	200.462	0	-1088.19	180	0	-0.00397008	123.001	0	-2.15821	235.999	0	-0.00865251	36437
LOKI	-1.06526e-06	1.33238	1.92792	0	-0.9861	0.00581785	0.000287804	3.11141	-2.17639	-4.01237e-06	-0.00290183	0.00195013	180	0	0.191869	256.34	-1.76393e-07	1555.7	200.462	0	-1088.19	180	0	-0.00396284	123.001	0	-2.15816	235.999	0	-0.00865352	36473
LOKI	-1.06526e-06	1.33238	1.92792	0	-0.9861	0.00581785	0.000279931	3.11137	-2.17639	-3.91332e-06	-0.00288615	0.00193934	180	0	0.186621	256.34	3.02309e-07	1555.69	200.462	0	-1088.19	180	0	-0.003865	123.001	0	-2.14636	235.999	0	-0.00846945	36516
LOKI	-1.06526e-06	1.33238	1.92792	0	-0.9861	0.00581785	0.000272798	3.11141	-2.17639	-3.83198e-06	-0.00290224	0.0019498	180	0	0.181865	256.34	2.25815e-07	1555.7	200.462	0	-1088.19	180	0	-0.00378467	123.001	0	-2.15813	235.999	0	-0.00831994	36553
LOKI	-1.06526e-06	1.33238	1.92792	0	-0.9861	0.00581785	0.000265173	3.11137	-2.17639	-3.84824e-06	-0.00290251	0.00194965	180	0	0.176782	256.34	2.94153e-07	1555.69	200.462	0	-1088.19	180	0	-0.00380074	123.001	0	-2.15814	235.999	0	-0.00813423	36592
LOKI	-7.98948e-07	1.33238	1.92792	0	-0.9861	0.00581785	0.000257829	3.11141	-2.17639	-3.89086e-06	-0.00290289	0.00194958	180	0	0.171886	256.34	-1.0399e-07	1555.7	200.462	0	-1088.19	180	0	-0.00384282	123.001	0	-2.15824	235.999	0	-0.00795109	36637
LOKI	-7.98948e-07	1.33238	1.92792	0	-0.9861	0.00581785	0.000257829	3.11141	-2.17639	-3.89086e-06	-0.00290289	0.00194958	180	0	0.171886	256.34	-1.0399e-07	1555.7	200.462	0	-1088.19	180	0	-0.00384282	123.001	0	-2.15824	235.999	0	-0.00795109	36672
LOKI	-7.98948e-07	1.33238	1.92792	0	-0.9861	0.00581785	0.000250722	3.11141	-2.17639	-3.93389e-06	-0.0029028	0.00194935	180	0	0.167148	256.34	1.98983e-07	1555.7	200.462	0	-1088.19	180	0	-0.00388532	123.001	0	-2.15808	235.999	0	-0.00785845	36713
LOKI	-7.98948e-07	1.33238	1.92792	0	-0.9861	0.00581785	0.000244131	3.11141	-2.17639	-3.93869e-06	-0.00288718	0.00193862	180	0	0.162754	256.34	1.96702e-07	1555.7	200.462	0	-1088.19	180	0	-0.00389007	123.001	0	-2.14634	235.999	0	-0.00768716	36749
LOKI	-7.98948e-07	1.33238	1.92792	0	-0.9861	0.00581785	0.000237745	3.11141	-2.17639	-3.92504e-06	-0.00290335	0.00194908	180	0	0.158497	256.34	3.6717e-07	1555.7	200.462	0	-1088.19	180	0	-0.00387659	123.001	0	-2.15814	235.999	0	-0.00750878	36787
LOKI	-7.98948e-07	1.33238	1.92792	0	-0.9861	0.00581785	0.000231742	3.11137	-2.17639	-3.8977e-06	-0.00288758	0.00193826	180	0	0.154494	256.34	1.08332e-07	1555.69	200.462	0	-1088.19	180	0	-0.00384959	123.001	0	-2.14629	235.999	0	-0.00733848	36828
LOKI	-7.98948e-07	1.33238	1.92792	0	-0.9861	0.00581785	0.000231742	3.11137	-2.17639	-3.8977e-06	-0.00288758	0.00193826	180	0	0.154494	256.34	1.08332e-07	1555.69	200.462	0	-1088.19	180	0	-0.00384959	123.001	0	-2.14629	235.999	0	-0.00733848	36874
LOKI	-7.98948e-07	1.33238	1.92792	0	-0.9861	0.00581785	0.000225853	3.11141	-2.17639	-3.8689e-06	-0.00290372	0.00194886	180	0	0.150569	256.34	4.06483e-08	1555.7	200.462	0	-1088.19	180	0	-0.00382113	123.001	0	-2.15815	235.999	0	-0.00725192	36911
LOKI	-7.98948e-07	1.33238	1.92792	0	-0.9861	0.00581785	0.000220134	3.11141	-2.17639	-3.85342e-06	-0.00290413	0.00194882	180	0	0.146756	256.34	3.62813e-08	1555.7	200.462	0	-1088.19	180	0	-0.00380585	123.001	0	-2.15828	235.999	0	-0.00707451	36951
LOKI	-7.98948e-07	1.33238	1.92792	0	-0.9861	0.00581785	0.00021446	3.11141	-2.17639	-3.85572e-06	-0.00290432	0.00194861	180	0	0.142973	256.34	-4.63973e-08	1555.7	200.462	0	-1088.19	180	0	-0.00380811	123.001	0	-2.15824	235.999	0	-0.00689016	36992
LOKI	-7.98948e-07	1.33238	1.92792	0	-0.9861	0.00581785	0.000209125	3.11137	-2.17639	-3.853e-06	-0.00290444	0.00194854	180	0	0.139417	256.34	-7.58507e-08	1555.69	200.462	0	-1088.19	180	0	-0.00380543	123.001	0	-2.15824	235.999	0	-0.00680303	37032
LOKI	-7.98948e-07	1.33238	1.92792	0	-0.9861	0.00581785	0.000209125	3.11137	-2.17639	-3.853e-06	-0.00290444	0.00194854	180	0	0.139417	256.34	-7.58507e-08	1555.69	200.462	0	-1088.19	180	0	-0.00380543	123.001	0	-2.15824	235.999	0	-0.00680303	37074
LOKI	-7.98948e-07	1.33238	1.92792	0	-0.9861	0.00581785	0.000204009	3.11137	-2.17639	-3.84589e-06	-0.00290468	0.00194838	180	0	0.136006	256.34	-1.50885e-07	1555.69	200.462	0	-1088.19	180	0	-0.00379841	123.001	0	-2.15824	235.999	0	-0.00662729	37115
LOKI	-7.98948e-07	1.33238	1.92792	0	-0.9861	0.00581785	0.000199234	3.11137	-2.17639	-3.82634e-06	-0.00290462	0.0019482	180	0	0.132823	256.34	-2.33319e-08	1555.69	200.462	0	-1088.19	180	0	-0.0037791	123.001	0	-2.15812	235.999	0	-0.00654822	37151
LOKI	-7.98948e-07	1.33238	1.92792	0	-0.9861	0.00581785	0.000194247	3.11141	-2.17639	-3.83686e-06	-0.00288898	0.00193743	180	0	0.129498	256.34	1.58171e-07	1555.7	200.462	0	-1088.19	180	0	-0.0037895	123.001	0	-2.14635	235.999	0	-0.00636033	37190
LOKI	-5.32632e-07	1.33238	1.92792	0	-0.9861	0.00581785	0.000189689	3.11141	-2.17639	-3.8244e-06	-0.00290517	0.00194807	180	0	0.126459	256.34	-2.24085e-07	1555.7	200.462	0	-1088.19	180	0	-0.00377718	123.001	0	-2.15825	235.999	0	-0.00627497	37225
LOKI	-5.32632e-07	1.33238	1.92792	0	-0.9861	0.00581785	0.000189689	3.11141	-2.17639	-3.8244e-06	-0.00290517	0.00194807	180	0	0.126459	256.34	-2.24085e-07	1555.7	200.462	0	-1088.19	180	0	-0.00377718	123.001	0	-2.15825	235.999	0	-0.00627497	37266
LOKI	-5.32632e-07	1.33238	1.92792	0	-0.9861	0.00581785	0.000185248	3.11137	-2.17639	-3.81363e-06	-0.00290526	0.00194781	180	0	0.123499	256.34	-4.82993e-07	1555.69	200.462	0	-1088.19	180	0	-0.00376655	123.001	0	-2.15814	235.999	0	-0.00609598	37301
LOKI	-5.32632e-07	1.33238	1.92792	0	-0.9861	0.00581785	0.000180916	3.11137	-2.17639	-3.81059e-06	-0.00288949	0.00193714	180	0	0.120611	256.34	2.14558e-07	1555.69	200.462	0	-1088.19	180	0	-0.00376354	123.001	0	-2.14637	235.999	0	-0.00600452	37339
LOKI	-5.32632e-07	1.33238	1.92792	0	-0.9861	0.00581785	0.000176859	3.11141	-2.17639	-3.79947e-06	-0.00288961	0.0019369	180	0	0.117906	256.34	4.69835e-08	1555.7	200.462	0	-1088.19	180	0	-0.00375256	123.001	0	-2.14628	235.999	0	-0.00583082	37372
LOKI	-5.32632e-07	1.33238	1.92792	0	-0.9861	0.00581785	0.000176859	3.11141	-2.17639	-3.79947e-06	-0.00288961	0.0019369	180	0	0.117906	256.34	4.69835e-08	1555.7	200.462	0	-1088.19	180	0	-0.00375256	123.001	0	-2.14628	235.999	0	-0.00583082	37411
LOKI	-5.32632e-07	1.33238	1.92792	0	-0.9861	0.00581785	0.000173055	3.11137	-2.17639	-3.77522e-06	-0.00288978	0.00193687	180	0	0.11537	256.34	-4.94544e-08	1555.69	200.462	0	-1088.19	180	0	-0.00372861	123.001	0	-2.14633	235.999	0	-0.00575141	37452
LOKI	-5.32632e-07	1.33238	1.92792	0	-0.9861	0.00581785	0.000169153	3.11137	-2.17639	-3.77584e-06	-0.00288995	0.00193682	180	0	0.112769	256.34	3.4031e-07	1555.69	200.462	0	-1088.19	180	0	-0.00372923	123.001	0	-2.14636	235.999	0	-0.0056596	37491
LOKI	-5.32632e-07	1.33238	1.92792	0	-0.9861	0.00581785	0.000165367	3.11137	-2.17639	-3.77512e-06	-0.00289013	0.00193661	180	0	0.110245	256.34	-5.37515e-08	1555.69	200.462	0	-1088.19	180	0	-0.00372851	123.001	0	-2.14631	235.999	0	-0.00547595	37534
LOKI	-5.32632e-07	1.33238	1.92792	0	-0.9861	0.00581785	0.000161925	3.11137	-2.17639	-3.75769e-06	-0.00290632	0.00194726	180	0	0.10795	256.34	2.50893e-07	1555.69	200.462	0	-1088.19	180	0	-0.00371129	123.001	0	-2.15822	235.999	0	-0.00539528	37573
LOKI	-5.32632e-07	1.33238	1.92792	0	-0.9861	0.00581785	0.000161925	3.11137	-2.17639	-3.75769e-06	-0.00290632	0.00194726	180	0	0.10795	256.34	2.50893e-07	1555.69	200.462	0	-1088.19	180	0	-0.00371129	123.001	0	-2.15822	235.999	0	-0.00539528	37613
LOKI	-5.32632e-07	1.33238	1.92792	0	-0.9861	0.00581785	0.000158499	3.11137	-2.17639	-3.74711e-06	-0.00290632	0.0019471	180	0	0.105666	256.34	8.99603e-09	1555.69	200.462	0	-1088.19	180	0	-0.00370085	123.001	0	-2.15814	235.999	0	-0.00530687	37651
LOKI	-5.32632e-07	1.33238	1.92792	0	-0.9861	0.00581785	0.000155086	3.11141	-2.17639	-3.75137e-06	-0.00290657	0.0019471	180	0	0.103391	256.34	-1.92144e-08	1555.7	200.462	0	-1088.19	180	0	-0.00370505	123.001	0	-2.15823	235.999	0	-0.00521389	37693
LOKI	-5.32632e-07	1.33238	1.92792	0	-0.9861	0.00581785	0.000151896	3.11137	-2.17639	-3.74393e-06	-0.00290675	0.0019469	180	0	0.101264	256.34	3.02309e-07	1555.69	200.462	0	-1088.19	180	0	-0.00369771	123.001	0	-2.15819	235.999	0	-0.00503387	37729
LOKI	-5.32632e-07	1.33238	1.92792	0	-0.9861	0.00581785	0.000148911	3.11141	-2.17639	-3.7287e-06	-0.00290687	0.00194683	180	0	0.0992741	256.34	-2.9914e-08	1555.7	200.462	0	-1088.19	180	0	-0.00368267	123.001	0	-2.15819	235.999	0	-0.00495131	37772
LOKI	-5.32632e-07	1.33238	1.92792	0	-0.9861	0.00581785	0.000148911	3.11141	-2.17639	-3.7287e-06	-0.00290687	0.00194683	180	0	0.0992741	256.34	-2.9914e-08	1555.7	200.462	0	-1088.19	180	0	-0.00368267	123.001	0	-2.15819	235.999	0	-0.00495131	37799
LOKI	-5.32632e-07	1.33238	1.92792	0	-0.9861	0.00581785	0.000145922	3.11137	-2.17639	-3.72303e-06	-0.00290698	0.00194674	180	0	0.0972811	256.34	2.44963e-07	1555.69	200.462	0	-1088.19	180	0	-0.00367706	123.001	0	-2.15818	235.999	0	-0.00486205	37838
LOKI	-5.32632e-07	1.33238	1.92792	0	-0.9861	0.00581785	0.000143059	3.11137	-2.17639	-3.7172e-06	-0.00289107	0.00193597	180	0	0.095373	256.34	2.61095e-07	1555.69	200.462	0	-1088.19	180	0	-0.00367131	123.001	0	-2.14631	235.999	0	-0.00477341	37884
LOKI	-5.32632e-07	1.33238	1.92792	0	-0.9861	0.00581785	0.000140275	3.11141	-2.17639	-3.71146e-06	-0.00290719	0.00194656	180	0	0.0935169	256.34	7.50654e-08	1555.7	200.462	0	-1088.19	180	0	-0.00366564	123.001	0	-2.15816	235.999	0	-0.00468381	37921
