FRIGG	0.00544537	1.53058	2.36569	-0.00167559	-0.75489	1.57885	0	2.5536	-0.44352	0.037422	-0.512568	-0.063504	180.312	0	0	267.696	0	1276.8	225.544	0	-221.76	179.872	0	36.96	1.056	0	-154.56	87.56	0	225.12	10
FRIGG	0.00544537	1.53058	2.36569	-0.00167559	-0.75489	1.57885	0	2.5536	-0.44352	0.037422	-0.512568	-0.063504	180.312	0	0	267.696	0	1276.8	225.544	0	-221.76	179.872	0	36.96	1.056	0	-154.56	87.56	0	225.12	28
FRIGG	0.00544537	1.53058	2.36569	-0.00167559	-0.75489	1.57885	0	2.5536	-0.44352	0.037422	-0.512568	-0.063504	180.312	0	0	267.696	0	1276.8	225.544	0	-221.76	179.872	0	36.96	1.056	0	-154.56	87.56	0	225.12	52
FRIGG	0.00544537	1.53058	2.36569	-0.00167559	-0.75489	1.57885	0	2.5536	-0.44352	0.037422	-0.512568	-0.063504	180.312	0	0	267.696	0	1276.8	225.544	0	-221.76	179.872	0	36.96	1.056	0	-154.56	87.56	0	225.12	57
FRIGG	0.00544537	1.53058	2.36569	-0.00167559	-0.75489	1.57885	0	2.54688	-0.44352	0.037422	-0.512568	-0.063504	180.312	0	0	267.696	0	1273.44	225.544	0	-221.76	179.872	0	36.96	1.056	0	-154.56	87.56	0	225.12	68
FRIGG	0.00544537	1.52905	2.36569	-0.00167559	-0.75489	1.57885	0	2.54688	-0.44352	0.037422	-0.512568	-0.063504	180.312	0	0	267.608	0	1273.44	225.544	0	-221.76	179.872	0	36.96	1.056	0	-154.56	87.56	0	225.12	73
FRIGG	0.00544537	1.52905	2.36569	-0.00167559	-0.75489	1.57885	0	2.54688	-0.44352	0.037422	-0.512568	-0.063504	180.312	0	0	267.608	0	1273.44	225.544	0	-221.76	179.872	0	36.96	1.056	0	-154.56	87.56	0	225.12	77
FRIGG	0.00544537	1.52905	2.36569	-0.00167559	-0.75489	1.57885	0	2.54688	-0.44352	0.037422	-0.512568	-0.063504	180.312	0	0	267.608	0	1273.44	225.544	0	-221.76	179.872	0	36.96	1.056	0	-154.56	87.56	0	225.12	81
FRIGG	0.00544537	1.52905	2.36569	-0.00167559	-0.75489	1.57885	0	2.54688	-0.44352	0.037422	-0.512568	-0.063504	180.312	0	0	267.608	0	1273.44	225.544	0	-221.76	179.872	0	36.96	1.056	0	-154.56	87.56	0	225.12	84
FRIGG	0.00544537	1.53058	2.36569	-0.00167559	-0.75489	1.57885	0	2.54688	-0.4368	0.037422	-0.512568	-0.063504	180.312	0	0	267.696	0	1273.44	225.544	0	-218.4	179.872	0	36.96	1.056	0	-154.56	87.56	0	225.12	91
FRIGG	0.00544537	1.53058	2.36569	-0.00167559	-0.75489	1.57885	0	2.54688	-0.4368	0.037422	-0.512568	-0.063504	180.312	0	0	267.696	0	1273.44	225.544	0	-218.4	179.872	0	36.96	1.056	0	-154.56	87.56	0	225.12	95
FRIGG	0.00544537	1.53058	2.36569	-0.00167559	-0.75489	1.57885	0	2.54688	-0.4368	0.037422	-0.512568	-0.063504	180.312	0	0	267.696	0	1273.44	225.544	0	-218.4	179.872	0	36.96	1.056	0	-154.56	87.56	0	225.12	99
FRIGG	0.00544537	1.53058	2.36569	-0.00167559	-0.75489	1.57885	0	2.54688	-0.4368	0.037422	-0.512568	-0.063504	180.312	0	0	267.696	0	1273.44	225.544	0	-218.4	179.872	0	36.96	1.056	0	-154.56	87.56	0	225.12	102
FRIGG	0.00544537	1.53058	2.36569	-0.00167559	-0.75489	1.57885	0	2.54688	-0.4368	0.037422	-0.512568	-0.063504	180.312	0	0	267.696	0	1273.44	225.544	0	-218.4	179.872	0	36.96	1.056	0	-154.56	87.56	0	225.12	106
FRIGG	0.00544537	1.53058	2.36569	-0.00167559	-0.75489	1.57885	0	2.5536	-0.44352	0.037422	-0.512568	-0.063504	180.312	0	0	267.696	0	1276.8	225.544	0	-221.76	179.872	0	36.96	1.056	0	-154.56	87.56	0	225.12	113
FRIGG	0.00544537	1.53058	2.36569	-0.00167559	-0.75489	1.57885	0	2.54016	-0.4368	0.037422	-0.512568	-0.063504	180.312	0	0	267.696	0	1270.08	225.544	0	-218.4	179.872	0	36.96	1.056	0	-154.56	87.56	0	225.12	123
FRIGG	0.00544537	1.53058	2.36569	-0.00167559	-0.75489	1.57885	0	2.54016	-0.4368	0.037422	-0.512568	-0.063504	180.312	0	0	267.696	0	1270.08	225.544	0	-218.4	179.872	0	36.96	1.056	0	-154.56	87.56	0	225.12	135
FRIGG	0.00544537	1.53058	2.36569	-0.00167559	-0.75489	1.57885	0	2.54016	-0.4368	0.037422	-0.512568	-0.063504	180.312	0	0	267.696	0	1270.08	225.544	0	-218.4	179.872	0	36.96	1.056	0	-154.56	87.56	0	225.12	146
FRIGG	0.00544537	1.53058	2.36569	-0.00167559	-0.75489	1.57885	0	2.54016	-0.4368	0.037422	-0.512568	-0.063504	180.312	0	0	267.696	0	1270.08	225.544	0	-218.4	179.872	0	36.96	1.056	0	-154.56	87.56	0	225.12	158
FRIGG	0.00544537	1.53058	2.36569	-0.00167559	-0.75489	1.57885	0	2.54688	-0.44352	0.037422	-0.512568	-0.063504	180.312	0	0	267.696	0	1273.44	225.544	0	-221.76	179.872	0	36.96	1.056	0	-154.56	87.56	0	225.12	169
FRIGG	0.00544537	1.53058	2.36569	-0.00167559	-0.75489	1.57885	0	2.54688	-0.44352	0.037422	-0.512568	-0.063504	180.312	0	0	267.696	0	1273.44	225.544	0	-221.76	179.872	0	36.96	1.056	0	-154.56	87.56	0	225.12	174
FRIGG	0.00544537	1.53058	2.36569	-0.00167559	-0.75489	1.57885	0	2.54688	-0.44352	0.037422	-0.512568	-0.063504	180.312	0	0	267.696	0	1273.44	225.544	0	-221.76	179.872	0	36.96	1.056	0	-154.56	87.56	0	225.12	178
FRIGG	0.00544537	1.53058	2.36569	-0.00167559	-0.75489	1.57885	0	2.54016	-0.44352	0.037422	-0.512568	-0.063504	180.312	0	0	267.696	0	1270.08	225.544	0	-221.76	179.872	0	36.96	1.056	0	-154.56	87.56	0	225.12	182
FRIGG	0.00544537	1.53058	2.36569	-0.00167559	-0.75489	1.57885	0	2.54016	-0.44352	0.037422	-0.512568	-0.063504	180.312	0	0	267.696	0	1270.08	225.544	0	-221.76	179.872	0	36.96	1.056	0	-154.56	87.56	0	225.12	186
FRIGG	0.00544537	1.53058	2.36569	-0.00167559	-0.75489	1.57885	0	2.54016	-0.44352	0.037422	-0.512568	-0.063504	180.312	0	0	267.696	0	1270.08	225.544	0	-221.76	179.872	0	36.96	1.056	0	-154.56	87.56	0	225.12	204
FRIGG	0.00544537	1.53058	2.36569	-0.00167559	-0.75489	1.57885	0	2.54016	-0.44352	0.037422	-0.512568	-0.063504	180.312	0	0	267.696	0	1270.08	225.544	0	-221.76	179.872	0	36.96	1.056	0	-154.56	87.56	0	225.12	236
FRIGG	0.00544537	1.53058	2.36569	-0.00167559	-0.75489	1.57885	0	2.54016	-0.44352	0.037422	-0.512568	-0.063504	180.312	0	0	267.696	0	1270.08	225.544	0	-221.76	179.872	0	36.96	1.056	0	-154.56	87.56	0	225.12	247
FRIGG	0.00544537	1.53058	2.36569	-0.00167559	-0.75489	1.57885	0	2.54016	-0.44352	0.037422	-0.512568	-0.063504	180.312	0	0	267.696	0	1270.08	225.544	0	-221.76	179.872	0	36.96	1.056	0	-154.56	87.56	0	225.12	252
FRIGG	0.00544537	1.53058	2.36569	-0.00167559	-0.75489	1.57885	0	2.54016	-0.44352	0.037422	-0.512568	-0.063504	180.312	0	0	267.696	0	1270.08	225.544	0	-221.76	179.872	0	36.96	1.056	0	-154.56	87.56	0	225.12	264
FRIGG	0.00544537	1.53058	2.36569	-0.00167559	-0.75489	1.57885	0	2.5536	-0.44352	0.037422	-0.512568	-0.063504	180.312	0	0	267.696	0	1276.8	225.544	0	-221.76	179.872	0	36.96	1.056	0	-154.56	87.56	0	225.12	283
FRIGG	0.00544537	1.53058	2.36569	-0.00167559	-0.75489	1.57885	0	2.54688	-0.44352	0.037422	-0.512568	-0.063504	180.312	0	0	267.696	0	1273.44	225.544	0	-221.76	179.872	0	36.96	1.056	0	-154.56	87.56	0	225.12	311
FRIGG	0.00544537	1.53058	2.36569	-0.00167559	-0.75489	1.57885	0	2.54688	-0.44352	0.037422	-0.512568	-0.063504	180.312	0	0	267.696	0	1273.44	225.544	0	-221.76	179.872	0	36.96	1.056	0	-154.56	87.56	0	225.12	329
FRIGG	0.00544537	1.53058	2.36569	-0.00167559	-0.75489	1.57885	0	2.54688	-0.44352	0.037422	-0.512568	-0.063504	180.312	0	0	267.696	0	1273.44	225.544	0	-221.76	179.872	0	36.96	1.056	0	-154.56	87.56	0	225.12	347
FRIGG	0.00544537	1.53058	2.36569	-0.00167559	-0.75489	1.57885	0	2.54688	-0.44352	0.037422	-0.512568	-0.063504	180.312	0	0	267.696	0	1273.44	225.544	0	-221.76	179.872	0	36.96	1.056	0	-154.56	87.56	0	225.12	374
FRIGG	0.00544537	1.53058	2.36569	-0.00167559	-0.75489	1.57885	0	2.54688	-0.44352	0.037422	-0.512568	-0.063504	180.312	0	0	267.696	0	1273.44	225.544	0	-221.76	179.872	0	36.96	1.056	0	-154.56	87.56	0	225.12	393
FRIGG	0.00544537	1.53058	2.36569	-0.00167559	-0.75489	1.57885	0	2.54688	-0.44352	0.037422	-0.512568	-0.063504	180.312	0	0	267.696	0	1273.44	225.544	0	-221.76	179.872	0	36.96	1.056	0	-154.56	87.56	0	225.12	411
FRIGG	0.00544537	1.53058	2.36569	-0.00167559	-0.75489	1.57885	0	2.54688	-0.44352	0.037422	-0.512568	-0.063504	180.312	0	0	267.696	0	1273.44	225.544	0	-221.76	179.872	0	36.96	1.056	0	-154.56	87.56	0	225.12	429
FRIGG	0.00544537	1.53058	2.36569	-0.00167559	-0.75489	1.57885	0	2.54016	-0.44352	0.037422	-0.512568	-0.063504	180.312	0	0	267.696	0	1270.08	225.544	0	-221.76	179.872	0	36.96	1.056	0	-154.56	87.56	0	225.12	466
FRIGG	0.00544537	1.53058	2.36569	-0.00167559	-0.75489	1.57885	0	2.54016	-0.44352	0.037422	-0.512568	-0.063504	180.312	0	0	267.696	0	1270.08	225.544	0	-221.76	179.872	0	36.96	1.056	0	-154.56	87.56	0	225.12	484
FRIGG	0.00544537	1.53058	2.36569	-0.00167559	-0.75489	1.57885	0	2.54016	-0.44352	0.037422	-0.512568	-0.063504	180.312	0	0	267.696	0	1270.08	225.544	0	-221.76	179.872	0	36.96	1.056	0	-154.56	87.56	0	225.12	503
FRIGG	0.00544537	1.53058	2.36569	-0.00167559	-0.75489	1.57885	0	2.54016	-0.44352	0.037422	-0.512568	-0.063504	180.312	0	0	267.696	0	1270.08	225.544	0	-221.76	179.872	0	36.96	1.056	0	-154.56	87.56	0	225.12	516
FRIGG	0.00544537	1.53058	2.36569	-0.00167559	-0.75489	1.57885	0	2.54016	-0.44352	0.037422	-0.512568	-0.063504	180.312	0	0	267.696	0	1270.08	225.544	0	-221.76	179.872	0	36.96	1.056	0	-154.56	87.56	0	225.12	529
FRIGG	0.00544537	1.53058	2.36569	-0.00167559	-0.75489	1.57885	0	2.54016	-0.44352	0.037422	-0.512568	-0.063504	180.312	0	0	267.696	0	1270.08	225.544	0	-221.76	179.872	0	36.96	1.056	0	-154.56	87.56	0	225.12	555
FRIGG	0.00544537	1.52905	2.36569	-0.00167559	-0.75489	1.57885	0	2.56032	-0.44352	0.037422	-0.512568	-0.063504	180.312	0	0	267.608	0	1280.16	225.544	0	-221.76	179.872	0	36.96	1.056	0	-154.56	87.56	0	225.12	581
FRIGG	0.00544537	1.52905	2.36569	-0.00167559	-0.75489	1.57885	0	2.56032	-0.44352	0.037422	-0.512568	-0.063504	180.312	0	0	267.608	0	1280.16	225.544	0	-221.76	179.872	0	36.96	1.056	0	-154.56	87.56	0	225.12	586
FRIGG	0.00544537	1.52905	2.36569	-0.00167559	-0.75489	1.57885	0	2.56032	-0.44352	0.037422	-0.512568	-0.063504	180.312	0	0	267.608	0	1280.16	225.544	0	-221.76	179.872	0	36.96	1.056	0	-154.56	87.56	0	225.12	590
FRIGG	0.00544537	1.52905	2.36569	-0.00167559	-0.75489	1.57885	0	2.56032	-0.44352	0.037422	-0.512568	-0.063504	180.312	0	0	267.608	0	1280.16	225.544	0	-221.76	179.872	0	36.96	1.056	0	-154.56	87.56	0	225.12	594
FRIGG	0.00544537	1.53058	2.36569	-0.00167559	-0.75489	1.57885	0	2.54016	-0.44352	0.037422	-0.512568	-0.063504	180.312	0	0	267.696	0	1270.08	225.544	0	-221.76	179.872	0	36.96	1.056	0	-154.56	87.56	0	225.12	602
FRIGG	0.00544537	1.53058	2.36569	-0.00167559	-0.75489	1.57885	0	2.56032	-0.4368	0.037422	-0.512568	-0.063504	180.312	0	0	267.696	0	1280.16	225.544	0	-218.4	179.872	0	36.96	1.056	0	-154.56	87.56	0	225.12	613
FRIGG	0.00544537	1.53058	2.36569	-0.00167559	-0.75489	1.57885	0	2.56032	-0.4368	0.037422	-0.512568	-0.063504	180.312	0	0	267.696	0	1280.16	225.544	0	-218.4	179.872	0	36.96	1.056	0	-154.56	87.56	0	225.12	617
FRIGG	0.00544537	1.53058	2.36569	-0.00167559	-0.75489	1.57885	0	2.56032	-0.4368	0.037422	-0.512568	-0.063504	180.312	0	0	267.696	0	1280.16	225.544	0	-218.4	179.872	0	36.96	1.056	0	-154.56	87.56	0	225.12	621
FRIGG	0.00544537	1.53058	2.36569	-0.00167559	-0.75489	1.57885	0	2.56032	-0.4368	0.037422	-0.512568	-0.063504	180.312	0	0	267.696	0	1280.16	225.544	0	-218.4	179.872	0	36.96	1.056	0	-154.56	87.56	0	225.12	626
FRIGG	0.00544537	1.53058	2.36569	-0.00167559	-0.75489	1.57885	0	2.56032	-0.4368	0.037422	-0.512568	-0.063504	180.312	0	0	267.696	0	1280.16	225.544	0	-218.4	179.872	0	36.96	1.056	0	-154.56	87.56	0	225.12	633
FRIGG	0.00544537	1.53058	2.36569	-0.00167559	-0.75489	1.57885	0	2.56032	-0.4368	0.037422	-0.512568	-0.063504	180.312	0	0	267.696	0	1280.16	225.544	0	-218.4	179.872	0	36.96	1.056	0	-154.56	87.56	0	225.12	651
FRIGG	0.00544537	1.53058	2.36569	-0.00167559	-0.75489	1.57885	0	2.56032	-0.4368	0.037422	-0.512568	-0.063504	180.312	0	0	267.696	0	1280.16	225.544	0	-218.4	179.872	0	36.96	1.056	0	-154.56	87.56	0	225.12	668
FRIGG	0.00544537	1.52905	2.36569	-0.00167559	-0.75489	1.57885	0	2.54688	-0.44352	0.037422	-0.512568	-0.063504	180.312	0	0	267.608	0	1273.44	225.544	0	-221.76	179.872	0	36.96	1.056	0	-154.56	87.56	0	225.12	688
FRIGG	0.00544537	1.52905	2.36569	-0.00167559	-0.75489	1.57885	0	2.54688	-0.44352	0.037422	-0.512568	-0.063504	180.312	0	0	267.608	0	1273.44	225.544	0	-221.76	179.872	0	36.96	1.056	0	-154.56	87.56	0	225.12	693
FRIGG	0.00544537	1.52905	2.36569	-0.00167559	-0.75489	1.57885	0	2.54688	-0.44352	0.037422	-0.512568	-0.063504	180.312	0	0	267.608	0	1273.44	225.544	0	-221.76	179.872	0	36.96	1.056	0	-154.56	87.56	0	225.12	697
FRIGG	0.00544537	1.52905	2.36569	-0.00167559	-0.75489	1.57885	0	2.54688	-0.44352	0.037422	-0.512568	-0.063504	180.312	0	0	267.608	0	1273.44	225.544	0	-221.76	179.872	0	36.96	1.056	0	-154.56	87.56	0	225.12	701
FRIGG	0.00544537	1.52905	2.36569	-0.00167559	-0.75489	1.57885	0	2.54688	-0.44352	0.037422	-0.512568	-0.063504	180.312	0	0	267.608	0	1273.44	225.544	0	-221.76	179.872	0	36.96	1.056	0	-154.56	87.56	0	225.12	704
FRIGG	0.00544537	1.53058	2.36569	-0.00167559	-0.75489	1.57885	0	2.54688	-0.4368	0.037422	-0.512568	-0.063504	180.312	0	0	267.696	0	1273.44	225.544	0	-218.4	179.872	0	36.96	1.056	0	-154.56	87.56	0	225.12	712
FRIGG	0.00544537	1.53058	2.36569	-0.00167559	-0.75489	1.57885	0	2.54016	-0.44352	0.037422	-0.512568	-0.063504	180.312	0	0	267.696	0	1270.08	225.544	0	-221.76	179.872	0	36.96	1.056	0	-154.56	87.56	0	225.12	719
FRIGG	0.00544537	1.53058	2.36569	-0.00167559	-0.75489	1.57885	0	2.54016	-0.44352	0.037422	-0.512568	-0.063504	180.312	0	0	267.696	0	1270.08	225.544	0	-221.76	179.872	0	36.96	1.056	0	-154.56	87.56	0	225.12	723
FRIGG	0.00544537	1.53058	2.36569	-0.00167559	-0.75489	1.57885	0	2.54016	-0.44352	0.037422	-0.512568	-0.063504	180.312	0	0	267.696	0	1270.08	225.544	0	-221.76	179.872	0	36.96	1.056	0	-154.56	87.56	0	225.12	726
FRIGG	0.00544537	1.53058	2.36569	-0.00167559	-0.75489	1.57885	0	2.54016	-0.44352	0.037422	-0.512568	-0.063504	180.312	0	0	267.696	0	1270.08	225.544	0	-221.76	179.872	0	36.96	1.056	0	-154.56	87.56	0	225.12	730
FRIGG	0.00544537	1.53058	2.36415	-0.00167559	-0.75489	1.57885	0	2.57376	-0.44352	0.037422	-0.512568	-0.063504	180.312	0	0	267.696	0	1286.88	225.456	0	-221.76	179.872	0	36.96	1.056	0	-154.56	87.56	0	225.12	737
FRIGG	0.00544537	1.53058	2.36569	-0.00167559	-0.75489	1.57885	0	2.56032	-0.4368	0.037422	-0.512568	-0.063504	180.312	0	0	267.696	0	1280.16	225.544	0	-218.4	179.872	0	36.96	1.056	0	-154.56	87.56	0	225.12	743
FRIGG	0.00544537	1.53058	2.36569	-0.00167559	-0.75489	1.57885	0	2.56032	-0.4368	0.037422	-0.512568	-0.063504	180.312	0	0	267.696	0	1280.16	225.544	0	-218.4	179.872	0	36.96	1.056	0	-154.56	87.56	0	225.12	747
FRIGG	0.00544537	1.53058	2.36569	-0.00167559	-0.75489	1.57885	0	2.56032	-0.4368	0.037422	-0.512568	-0.063504	180.312	0	0	267.696	0	1280.16	225.544	0	-218.4	179.872	0	36.96	1.056	0	-154.56	87.56	0	225.12	754
FRIGG	0.00544537	1.53058	2.36569	-0.00167559	-0.75489	1.57885	0	2.56032	-0.4368	0.037422	-0.512568	-0.063504	180.312	0	0	267.696	0	1280.16	225.544	0	-218.4	179.872	0	36.96	1.056	0	-154.56	87.56	0	225.12	757
FRIGG	0.00544537	1.53058	2.36569	-0.00167559	-0.75489	1.57885	0	2.54016	-0.44352	0.037422	-0.512568	-0.063504	180.312	0	0	267.696	0	1270.08	225.544	0	-221.76	179.872	0	36.96	1.056	0	-154.56	87.56	0	225.12	763
FRIGG	0.00544537	1.53058	2.36569	-0.00167559	-0.75489	1.57885	0	2.54688	-0.44352	0.037422	-0.512568	-0.063504	180.312	0	0	267.696	0	1273.44	225.544	0	-221.76	179.872	0	36.96	1.056	0	-154.56	87.56	0	225.12	770
FRIGG	0.00544537	1.53058	2.36569	-0.00167559	-0.75489	1.57885	0	2.54688	-0.44352	0.037422	-0.512568	-0.063504	180.312	0	0	267.696	0	1273.44	225.544	0	-221.76	179.872	0	36.96	1.056	0	-154.56	87.56	0	225.12	777
FRIGG	0.00544537	1.53058	2.36569	-0.00167559	-0.75489	1.57885	0	2.54688	-0.44352	0.037422	-0.512568	-0.063504	180.312	0	0	267.696	0	1273.44	225.544	0	-221.76	179.872	0	36.96	1.056	0	-154.56	87.56	0	225.12	781
FRIGG	0.00544537	1.53058	2.36569	-0.00167559	-0.75489	1.57885	0	2.54688	-0.44352	0.037422	-0.512568	-0.063504	180.312	0	0	267.696	0	1273.44	225.544	0	-221.76	179.872	0	36.96	1.056	0	-154.56	87.56	0	225.12	784
FRIGG	0.00544537	1.53058	2.36569	-0.00167559	-0.75489	1.57885	0	2.54688	-0.44352	0.037422	-0.512568	-0.063504	180.312	0	0	267.696	0	1273.44	225.544	0	-221.76	179.872	0	36.96	1.056	0	-154.56	87.56	0	225.12	788
FRIGG	0.00544537	1.53058	2.36569	-0.00167559	-0.75489	1.57885	0	2.54016	-0.44352	0.037422	-0.512568	-0.063504	180.312	0	0	267.696	0	1270.08	225.544	0	-221.76	179.872	0	36.96	1.056	0	-154.56	87.56	0	225.12	793
FRIGG	0.00544537	1.53058	2.36569	-0.00167559	-0.75489	1.57885	0	2.54016	-0.44352	0.037422	-0.512568	-0.063504	180.312	0	0	267.696	0	1270.08	225.544	0	-221.76	179.872	0	36.96	1.056	0	-154.56	87.56	0	225.12	797
FRIGG	0.00544537	1.53058	2.36569	-0.00167559	-0.75489	1.57885	0	2.54688	-0.44352	0.037422	-0.512568	-0.063504	180.312	0	0	267.696	0	1273.44	225.544	0	-221.76	179.872	0	36.96	1.056	0	-154.56	87.56	0	225.12	804
FRIGG	0.00544537	1.53058	2.36569	-0.00167559	-0.75489	1.57885	0	2.54688	-0.44352	0.037422	-0.512568	-0.063504	180.312	0	0	267.696	0	1273.44	225.544	0	-221.76	179.872	0	36.96	1.056	0	-154.56	87.56	0	225.12	808
FRIGG	0.00544537	1.53058	2.36569	-0.00167559	-0.75489	1.57885	0	2.54688	-0.44352	0.037422	-0.512568	-0.063504	180.312	0	0	267.696	0	1273.44	225.544	0	-221.76	179.872	0	36.96	1.056	0	-154.56	87.56	0	225.12	811
FRIGG	0.00544537	1.53058	2.36569	-0.00167559	-0.75489	1.57885	0	2.54688	-0.44352	0.037422	-0.512568	-0.063504	180.312	0	0	267.696	0	1273.44	225.544	0	-221.76	179.872	0	36.96	1.056	0	-154.56	87.56	0	225.12	819
FRIGG	0.00544537	1.53058	2.36569	-0.00167559	-0.75489	1.57885	0	2.54688	-0.44352	0.037422	-0.512568	-0.063504	180.312	0	0	267.696	0	1273.44	225.544	0	-221.76	179.872	0	36.96	1.056	0	-154.56	87.56	0	225.12	822
FRIGG	0.00544537	1.53058	2.36569	-0.00167559	-0.75489	1.57885	0	2.5536	-0.44352	0.037422	-0.512568	-0.063504	180.312	0	0	267.696	0	1276.8	225.544	0	-221.76	179.872	0	36.96	1.056	0	-154.56	87.56	0	225.12	829
FRIGG	0.00544537	1.53058	2.36569	-0.00167559	-0.75489	1.57885	0	2.56032	-0.4368	0.037422	-0.512568	-0.063504	180.312	0	0	267.696	0	1280.16	225.544	0	-218.4	179.872	0	36.96	1.056	0	-154.56	87.56	0	225.12	838
FRIGG	0.00544537	1.53058	2.36569	-0.00167559	-0.75489	1.57885	0	2.56032	-0.4368	0.037422	-0.512568	-0.063504	180.312	0	0	267.696	0	1280.16	225.544	0	-218.4	179.872	0	36.96	1.056	0	-154.56	87.56	0	225.12	842
FRIGG	0.00544537	1.53058	2.36569	-0.00167559	-0.75489	1.57885	0	2.56032	-0.4368	0.037422	-0.512568	-0.063504	180.312	0	0	267.696	0	1280.16	225.544	0	-218.4	179.872	0	36.96	1.056	0	-154.56	87.56	0	225.12	845
FRIGG	0.00544537	1.53058	2.36569	-0.00167559	-0.75489	1.57885	0	2.56032	-0.4368	0.037422	-0.512568	-0.063504	180.312	0	0	267.696	0	1280.16	225.544	0	-218.4	179.872	0	36.96	1.056	0	-154.56	87.56	0	225.12	849
FRIGG	0.00544537	1.53058	2.36569	-0.00167559	-0.75489	1.57885	0	2.54688	-0.44352	0.037422	-0.512568	-0.063504	180.312	0	0	267.696	0	1273.44	225.544	0	-221.76	179.872	0	36.96	1.056	0	-154.56	87.56	0	225.12	862
FRIGG	0.00544537	1.53058	2.36569	-0.00167559	-0.75489	1.57885	0	2.54688	-0.44352	0.037422	-0.512568	-0.063504	180.312	0	0	267.696	0	1273.44	225.544	0	-221.76	179.872	0	36.96	1.056	0	-154.56	87.56	0	225.12	869
FRIGG	0.00544537	1.53058	2.36569	-0.00167559	-0.75489	1.57885	0	2.54688	-0.44352	0.037422	-0.512568	-0.063504	180.312	0	0	267.696	0	1273.44	225.544	0	-221.76	179.872	0	36.96	1.056	0	-154.56	87.56	0	225.12	884
FRIGG	0.00544537	1.53058	2.36569	-0.00167559	-0.75489	1.57885	0	2.54688	-0.44352	0.037422	-0.512568	-0.063504	180.312	0	0	267.696	0	1273.44	225.544	0	-221.76	179.872	0	36.96	1.056	0	-154.56	87.56	0	225.12	902
FRIGG	0.00544537	1.53058	2.36569	-0.00167559	-0.75489	1.57885	0	2.54688	-0.44352	0.037422	-0.512568	-0.063504	180.312	0	0	267.696	0	1273.44	225.544	0	-221.76	179.872	0	36.96	1.056	0	-154.56	87.56	0	225.12	920
FRIGG	0.00544537	1.53058	2.36569	-0.00167559	-0.75489	1.57885	0	2.54688	-0.44352	0.037422	-0.512568	-0.063504	180.312	0	0	267.696	0	1273.44	225.544	0	-221.76	179.872	0	36.96	1.056	0	-154.56	87.56	0	225.12	938
FRIGG	0.00544537	1.53058	2.36569	-0.00167559	-0.75489	1.57885	0	2.54016	-0.44352	0.037422	-0.512568	-0.063504	180.312	0	0	267.696	0	1270.08	225.544	0	-221.76	179.872	0	36.96	1.056	0	-154.56	87.56	0	225.12	968
FRIGG	0.00544537	1.53058	2.36569	-0.00167559	-0.75489	1.57885	0	2.54016	-0.44352	0.037422	-0.512568	-0.063504	180.312	0	0	267.696	0	1270.08	225.544	0	-221.76	179.872	0	36.96	1.056	0	-154.56	87.56	0	225.12	980
FRIGG	0.00544537	1.53058	2.36569	-0.00167559	-0.75489	1.57885	0	2.54016	-0.44352	0.037422	-0.512568	-0.063504	180.312	0	0	267.696	0	1270.08	225.544	0	-221.76	179.872	0	36.96	1.056	0	-154.56	87.56	0	225.12	985
FRIGG	0.00544537	1.53058	2.36569	-0.00167559	-0.75489	1.57885	0	2.54016	-0.44352	0.037422	-0.512568	-0.063504	180.312	0	0	267.696	0	1270.08	225.544	0	-221.76	179.872	0	36.96	1.056	0	-154.56	87.56	0	225.12	997
FRIGG	0.00544537	1.53058	2.36569	-0.00167559	-0.75489	1.57885	0	2.54016	-0.44352	0.037422	-0.512568	-0.063504	180.312	0	0	267.696	0	1270.08	225.544	0	-221.76	179.872	0	36.96	1.056	0	-154.56	87.56	0	225.12	1004
FRIGG	0.00544537	1.53058	2.36569	-0.00167559	-0.75489	1.57885	0	2.54016	-0.4368	0.037422	-0.512568	-0.063504	180.312	0	0	267.696	0	1270.08	225.544	0	-218.4	179.872	0	36.96	1.056	0	-154.56	87.56	0	225.12	1015
FRIGG	0.00544537	1.53058	2.36569	-0.00167559	-0.75489	1.57885	0	2.54016	-0.4368	0.037422	-0.512568	-0.063504	180.312	0	0	267.696	0	1270.08	225.544	0	-218.4	179.872	0	36.96	1.056	0	-154.56	87.56	0	225.12	1020
FRIGG	0.00544537	1.53058	2.36569	-0.00167559	-0.75489	1.57885	0	2.54688	-0.4368	0.037422	-0.512568	-0.063504	180.312	0	0	267.696	0	1273.44	225.544	0	-218.4	179.872	0	36.96	1.056	0	-154.56	87.56	0	225.12	1036
FRIGG	0.00544537	1.53058	2.36569	-0.00167559	-0.75489	1.57885	0	2.54688	-0.4368	0.037422	-0.512568	-0.063504	180.312	0	0	267.696	0	1273.44	225.544	0	-218.4	179.872	0	36.96	1.056	0	-154.56	87.56	0	225.12	1048
FRIGG	0.00544537	1.53058	2.36569	-0.00167559	-0.75489	1.57885	0	2.54688	-0.4368	0.037422	-0.512568	-0.063504	180.312	0	0	267.696	0	1273.44	225.544	0	-218.4	179.872	0	36.96	1.056	0	-154.56	87.56	0	225.12	1055
FRIGG	0.00544537	1.53058	2.36569	-0.00167559	-0.75489	1.57885	0	2.54688	-0.4368	0.037422	-0.512568	-0.063504	180.312	0	0	267.696	0	1273.44	225.544	0	-218.4	179.872	0	36.96	1.056	0	-154.56	87.56	0	225.12	1061
FRIGG	0.00544537	1.53058	2.36569	-0.00167559	-0.75489	1.57885	0	2.54688	-0.4368	0.037422	-0.512568	-0.063504	180.312	0	0	267.696	0	1273.44	225.544	0	-218.4	179.872	0	36.96	1.056	0	-154.56	87.56	0	225.12	1066
FRIGG	0.00544537	1.53058	2.36569	-0.00167559	-0.75489	1.57885	0	2.54016	-0.43008	0.037422	-0.512568	-0.063504	180.312	0	0	267.696	0	1270.08	225.544	0	-215.04	179.872	0	36.96	1.056	0	-154.56	87.56	0	225.12	1077
FRIGG	0.00544537	1.53058	2.36569	-0.00167559	-0.75489	1.57885	0	2.54016	-0.43008	0.037422	-0.512568	-0.063504	180.312	0	0	267.696	0	1270.08	225.544	0	-215.04	179.872	0	36.96	1.056	0	-154.56	87.56	0	225.12	1083
FRIGG	0.00544537	1.53058	2.36569	-0.00167559	-0.75489	1.57885	0	2.54016	-0.43008	0.037422	-0.512568	-0.063504	180.312	0	0	267.696	0	1270.08	225.544	0	-215.04	179.872	0	36.96	1.056	0	-154.56	87.56	0	225.12	1090
FRIGG	0.00544537	1.53058	2.36569	-0.00167559	-0.75489	1.57885	0	2.54016	-0.44352	0.037422	-0.512568	-0.063504	180.312	0	0	267.696	0	1270.08	225.544	0	-221.76	179.872	0	36.96	1.056	0	-154.56	87.56	0	225.12	1105
FRIGG	0.00544537	1.53058	2.36569	-0.00167559	-0.75489	1.57885	0	2.54016	-0.44352	0.037422	-0.512568	-0.063504	180.312	0	0	267.696	0	1270.08	225.544	0	-221.76	179.872	0	36.96	1.056	0	-154.56	87.56	0	225.12	1112
FRIGG	0.00544537	1.52905	2.36569	-0.00167559	-0.75489	1.57885	0	2.54688	-0.44352	0.037422	-0.512568	-0.063504	180.312	0	0	267.608	0	1273.44	225.544	0	-221.76	179.872	0	36.96	1.056	0	-154.56	87.56	0	225.12	1120
FRIGG	0.00544537	1.52905	2.36569	-0.00167559	-0.75489	1.57885	0	2.54688	-0.44352	0.037422	-0.512568	-0.063504	180.312	0	0	267.608	0	1273.44	225.544	0	-221.76	179.872	0	36.96	1.056	0	-154.56	87.56	0	225.12	1124
FRIGG	0.00544537	1.52905	2.36569	-0.00167559	-0.75489	1.57885	0	2.54688	-0.44352	0.037422	-0.512568	-0.063504	180.312	0	0	267.608	0	1273.44	225.544	0	-221.76	179.872	0	36.96	1.056	0	-154.56	87.56	0	225.12	1128
FRIGG	0.00544537	1.53058	2.36569	-0.00167559	-0.75489	1.57885	0	2.54016	-0.4368	0.037422	-0.512568	-0.063504	180.312	0	0	267.696	0	1270.08	225.544	0	-218.4	179.872	0	36.96	1.056	0	-154.56	87.56	0	225.12	1135
FRIGG	0.00544537	1.53058	2.36569	-0.00167559	-0.75489	1.57885	0	2.54016	-0.4368	0.037422	-0.512568	-0.063504	180.312	0	0	267.696	0	1270.08	225.544	0	-218.4	179.872	0	36.96	1.056	0	-154.56	87.56	0	225.12	1139
FRIGG	0.00544537	1.53058	2.36569	-0.00167559	-0.75489	1.57885	0	2.54016	-0.44352	0.037422	-0.512568	-0.063504	180.312	0	0	267.696	0	1270.08	225.544	0	-221.76	179.872	0	36.96	1.056	0	-154.56	87.56	0	225.12	1155
FRIGG	0.00544537	1.53058	2.36569	-0.00167559	-0.75489	1.57885	0	2.54016	-0.44352	0.037422	-0.512568	-0.063504	180.312	0	0	267.696	0	1270.08	225.544	0	-221.76	179.872	0	36.96	1.056	0	-154.56	87.56	0	225.12	1172
FRIGG	0.00544537	1.53058	2.36569	-0.00167559	-0.75489	1.57885	0	2.54016	-0.44352	0.037422	-0.512568	-0.063504	180.312	0	0	267.696	0	1270.08	225.544	0	-221.76	179.872	0	36.96	1.056	0	-154.56	87.56	0	225.12	1176
FRIGG	0.00544537	1.53058	2.36569	-0.00167559	-0.75489	1.57885	0	2.54016	-0.44352	0.037422	-0.512568	-0.063504	180.312	0	0	267.696	0	1270.08	225.544	0	-221.76	179.872	0	36.96	1.056	0	-154.56	87.56	0	225.12	1180
FRIGG	0.00544537	1.53058	2.36569	-0.00167559	-0.75489	1.57885	0	2.54016	-0.44352	0.037422	-0.512568	-0.063504	180.312	0	0	267.696	0	1270.08	225.544	0	-221.76	179.872	0	36.96	1.056	0	-154.56	87.56	0	225.12	1183
FRIGG	0.00544537	1.53058	2.36569	-0.00167559	-0.75489	1.57885	0	2.54016	-0.44352	0.037422	-0.512568	-0.063504	180.312	0	0	267.696	0	1270.08	225.544	0	-221.76	179.872	0	36.96	1.056	0	-154.56	87.56	0	225.12	1187
FRIGG	0.00544537	1.53058	2.36723	-0.00167559	-0.75489	1.57885	0	1.8144	-0.2016	0.037422	-0.512568	-0.063504	180.312	0	0	267.696	0	907.2	225.632	0	-100.8	179.872	0	36.96	1.056	0	-154.56	87.56	0	225.12	1202
FRIGG	0.00390952	1.53058	2.36723	-0.00167559	-0.75489	1.57885	0	1.8144	-0.2016	0.037422	-0.512568	-0.063504	180.224	0	0	267.696	0	907.2	225.632	0	-100.8	179.872	0	36.96	1.056	0	-154.56	87.56	0	225.12	1215
FRIGG	0.00390952	1.52905	2.39026	-0.00167559	-0.747978	1.57936	0	0.61824	-0.4704	0.037422	0.13608	-0.078624	180.224	0	0	267.608	0	309.12	226.952	9.66	-235.2	179.872	0	36.96	1.408	4.14	94.08	87.12	-5.52	-6.72	1222
FRIGG	0.00390952	1.52905	2.39026	-0.00167559	-0.747978	1.57936	0	0.61824	-0.4704	0.037422	0.13608	-0.078624	180.224	0	0	267.608	0	309.12	226.952	9.66	-235.2	179.872	0	36.96	1.408	4.14	94.08	87.12	-5.52	-6.72	1226
FRIGG	0.00390952	1.52905	2.39026	-0.00167559	-0.747978	1.57936	0	0.61824	-0.4704	0.037422	0.13608	-0.078624	180.224	0	0	267.608	0	309.12	226.952	9.66	-235.2	179.872	0	36.96	1.408	4.14	94.08	87.12	-5.52	-6.72	1230
FRIGG	0.00544537	1.51062	2.40255	-0.00167559	-0.739531	1.57373	0	0.89376	-0.37632	0.037422	0.1134	-0.063504	180.312	0	0	266.552	-9.66	446.88	227.656	5.52	-188.16	179.872	0	36.96	2.376	6.9	77.28	87.12	-5.52	-6.72	1239
FRIGG	0.00544537	1.51062	2.40255	-0.00167559	-0.739531	1.57373	0	0.89376	-0.37632	0.037422	0.1134	-0.063504	180.312	0	0	266.552	-9.66	446.88	227.656	5.52	-188.16	179.872	0	36.96	2.376	6.9	77.28	87.12	-5.52	-6.72	1243
FRIGG	0.00544537	1.51062	2.40255	-0.00167559	-0.739531	1.57373	0	0.89376	-0.37632	0.037422	0.1134	-0.063504	180.312	0	0	266.552	-9.66	446.88	227.656	5.52	-188.16	179.872	0	36.96	2.376	6.9	77.28	87.12	-5.52	-6.72	1250
FRIGG	0.00544537	1.51062	2.40255	-0.00167559	-0.739531	1.57373	0	0.89376	-0.37632	0.037422	0.1134	-0.063504	180.312	0	0	266.552	-9.66	446.88	227.656	5.52	-188.16	179.872	0	36.96	2.376	6.9	77.28	87.12	-5.52	-6.72	1255
FRIGG	0.00544537	1.47222	2.40409	-0.00167559	-0.739531	1.57373	0	0.92064	-0.37632	0.037422	0.1134	-0.063504	180.312	0	0	264.352	-9.66	460.32	227.744	0	-188.16	179.872	0	36.96	2.376	6.9	77.28	87.12	-5.52	-6.72	1261
FRIGG	0.00544537	1.47222	2.40409	-0.00167559	-0.739531	1.57373	0	0.92064	-0.37632	0.037422	0.1134	-0.063504	180.312	0	0	264.352	-9.66	460.32	227.744	0	-188.16	179.872	0	36.96	2.376	6.9	77.28	87.12	-5.52	-6.72	1265
FRIGG	0.00544537	1.47222	2.40409	-0.00167559	-0.739531	1.57373	0	0.92064	-0.37632	0.037422	0.1134	-0.063504	180.312	0	0	264.352	-9.66	460.32	227.744	0	-188.16	179.872	0	36.96	2.376	6.9	77.28	87.12	-5.52	-6.72	1269
FRIGG	0.00544537	1.45072	2.40409	-0.00167559	-0.739531	1.57373	0	0.84672	-0.37632	0.037422	0.1134	-0.063504	180.312	0	0	263.12	-9.66	423.36	227.744	0	-188.16	179.872	0	36.96	2.376	6.9	77.28	87.12	-5.52	-6.72	1287
FRIGG	0.00544537	1.44304	2.40409	-0.00167559	-0.739531	1.57373	0	0.77952	-0.5376	0.037422	0.1134	-0.063504	180.312	0	0	262.68	-9.66	389.76	227.744	0	-268.8	179.872	0	36.96	2.376	6.9	77.28	87.12	-5.52	-6.72	1304
FRIGG	0.00544537	1.44304	2.40409	-0.00167559	-0.739531	1.57373	0	0.77952	-0.5376	0.037422	0.1134	-0.063504	180.312	0	0	262.68	-9.66	389.76	227.744	0	-268.8	179.872	0	36.96	2.376	6.9	77.28	87.12	-5.52	-6.72	1308
FRIGG	0.00544537	1.44304	2.40409	-0.00167559	-0.739531	1.57373	0	0.77952	-0.5376	0.037422	0.1134	-0.063504	180.312	0	0	262.68	-9.66	389.76	227.744	0	-268.8	179.872	0	36.96	2.376	6.9	77.28	87.12	-5.52	-6.72	1312
FRIGG	0.00544537	1.44304	2.40409	-0.00167559	-0.739531	1.57373	0	0.77952	-0.5376	0.037422	0.1134	-0.063504	180.312	0	0	262.68	-9.66	389.76	227.744	0	-268.8	179.872	0	36.96	2.376	6.9	77.28	87.12	-5.52	-6.72	1315
FRIGG	0.00544537	1.44304	2.40409	-0.00167559	-0.739531	1.57373	0	0.77952	-0.5376	0.037422	0.1134	-0.063504	180.312	0	0	262.68	-9.66	389.76	227.744	0	-268.8	179.872	0	36.96	2.376	6.9	77.28	87.12	-5.52	-6.72	1319
FRIGG	0.00544537	1.40618	2.40409	-0.00167559	-0.690382	1.54096	0	0.88032	-1.2096	0.037422	0.086184	-0.04536	180.312	0	0	260.568	-9.66	440.16	227.744	0	-604.8	179.872	0	36.96	8.008	9.66	57.12	87.12	-5.52	-6.72	1333
FRIGG	0.00544537	1.40618	2.40409	-0.00167559	-0.690382	1.54096	0	0.88032	-1.2096	0.037422	0.086184	-0.04536	180.312	0	0	260.568	-9.66	440.16	227.744	0	-604.8	179.872	0	36.96	8.008	9.66	57.12	87.12	-5.52	-6.72	1340
FRIGG	0.00544537	1.40618	2.40409	-0.00167559	-0.690382	1.54096	0	0.88032	-1.2096	0.037422	0.086184	-0.04536	180.312	0	0	260.568	-9.66	440.16	227.744	0	-604.8	179.872	0	36.96	8.008	9.66	57.12	87.12	-5.52	-6.72	1344
FRIGG	0.00544537	1.40618	2.40409	-0.00167559	-0.690382	1.54096	0	0.88032	-1.2096	0.037422	0.086184	-0.04536	180.312	0	0	260.568	-9.66	440.16	227.744	0	-604.8	179.872	0	36.96	8.008	9.66	57.12	87.12	-5.52	-6.72	1348
FRIGG	0.00544537	1.38775	2.40409	-0.00167559	-0.612052	1.57987	0	0.71232	-1.37088	0.037422	0.15876	0.003024	180.312	0	0	259.512	-8.28	356.16	227.744	0	-685.44	179.872	0	36.96	9.152	9.66	57.12	79.288	-9.66	-60.48	1362
FRIGG	0.00544537	1.38775	2.40409	-0.00167559	-0.612052	1.57987	0	0.71232	-1.37088	0.037422	0.15876	0.003024	180.312	0	0	259.512	-8.28	356.16	227.744	0	-685.44	179.872	0	36.96	9.152	9.66	57.12	79.288	-9.66	-60.48	1367
FRIGG	0.00544537	1.36932	2.39948	-0.00167559	-0.594389	1.58038	0	0.72576	-1.68672	0.037422	0.176904	0.01512	180.312	0	0	258.456	-8.28	362.88	227.48	-1.38	-843.36	179.872	0	36.96	10.12	8.28	57.12	78.232	-8.28	-73.92	1376
FRIGG	0.00544537	1.36932	2.39948	-0.00167559	-0.594389	1.58038	0	0.72576	-1.68672	0.037422	0.176904	0.01512	180.312	0	0	258.456	-8.28	362.88	227.48	-1.38	-843.36	179.872	0	36.96	10.12	8.28	57.12	78.232	-8.28	-73.92	1394
FRIGG	0.00544537	1.36471	2.39641	-0.00167559	-0.588246	1.58038	0	0.66528	-1.49856	0.037422	0.172368	0.006048	180.312	0	0	258.192	-9.66	332.64	227.304	-2.76	-749.28	179.872	0	36.96	10.472	8.28	60.48	77.88	-9.66	-67.2	1404
FRIGG	0.00544537	1.36471	2.39641	-0.00167559	-0.588246	1.58038	0	0.66528	-1.49856	0.037422	0.172368	0.006048	180.312	0	0	258.192	-9.66	332.64	227.304	-2.76	-749.28	179.872	0	36.96	10.472	8.28	60.48	77.88	-9.66	-67.2	1408
FRIGG	0.00544537	1.36471	2.39641	-0.00167559	-0.570583	1.5809	0	0.66528	-1.49856	0.037422	0.117936	0.006048	180.312	0	0	258.192	-9.66	332.64	227.304	-2.76	-749.28	179.872	0	36.96	11.44	6.9	40.32	76.824	-6.9	-47.04	1419
FRIGG	0.00544537	1.32785	2.37798	-0.00167559	-0.570583	1.5809	0	0.63168	-1.51872	0.037422	0.117936	0.006048	180.312	0	0	256.08	-8.28	315.84	226.248	-4.14	-759.36	179.872	0	36.96	11.44	6.9	40.32	76.824	-6.9	-47.04	1427
FRIGG	0.00544537	1.32785	2.37798	-0.00167559	-0.555224	1.57987	0	0.63168	-1.51872	0.037422	0.176904	0.01512	180.312	0	0	256.08	-8.28	315.84	226.248	-4.14	-759.36	179.872	0	36.96	12.408	9.66	57.12	76.032	-9.66	-73.92	1442
FRIGG	0.00544537	1.32785	2.37798	-0.00167559	-0.555224	1.57987	0	0.63168	-1.51872	0.037422	0.176904	0.01512	180.312	0	0	256.08	-8.28	315.84	226.248	-4.14	-759.36	179.872	0	36.96	12.408	9.66	57.12	76.032	-9.66	-73.92	1445
FRIGG	0.00544537	1.32785	2.37798	-0.00167559	-0.555224	1.57987	0	0.63168	-1.51872	0.037422	0.176904	0.01512	180.312	0	0	256.08	-8.28	315.84	226.248	-4.14	-759.36	179.872	0	36.96	12.408	9.66	57.12	76.032	-9.66	-73.92	1449
FRIGG	0.00544537	1.32785	2.37798	-0.00167559	-0.555224	1.57987	0	0.63168	-1.51872	0.037422	0.176904	0.01512	180.312	0	0	256.08	-8.28	315.84	226.248	-4.14	-759.36	179.872	0	36.96	12.408	9.66	57.12	76.032	-9.66	-73.92	1453
FRIGG	0.00544537	1.32785	2.37798	-0.00167559	-0.555224	1.57987	0	0.63168	-1.51872	0.037422	0.176904	0.01512	180.312	0	0	256.08	-8.28	315.84	226.248	-4.14	-759.36	179.872	0	36.96	12.408	9.66	57.12	76.032	-9.66	-73.92	1461
FRIGG	0.00544537	1.32785	2.37798	-0.00167559	-0.555224	1.57987	0	0.63168	-1.51872	0.037422	0.176904	0.01512	180.312	0	0	256.08	-8.28	315.84	226.248	-4.14	-759.36	179.872	0	36.96	12.408	9.66	57.12	76.032	-9.66	-73.92	1468
FRIGG	0.00544537	1.28945	2.36108	-0.00167559	-0.517595	1.58141	0	0.47712	-1.68	0.037422	0.222264	0.033264	180.312	0	0	253.88	-8.28	238.56	225.28	-1.38	-840	179.872	0	36.96	14.432	5.52	63.84	73.744	-6.9	-100.8	1475
FRIGG	0.00544537	1.27716	2.35033	-0.00167559	-0.502236	1.58038	0	0.49056	-1.3104	0.037422	0.222264	0.033264	180.312	0	0	253.176	-9.66	245.28	224.664	-6.9	-655.2	179.872	0	36.96	15.4	11.04	63.84	72.952	-9.66	-100.8	1486
FRIGG	0.00544537	1.27716	2.35033	-0.00167559	-0.502236	1.58038	0	0.49056	-1.3104	0.037422	0.222264	0.033264	180.312	0	0	253.176	-9.66	245.28	224.664	-6.9	-655.2	179.872	0	36.96	15.4	11.04	63.84	72.952	-9.66	-100.8	1490
FRIGG	0.00544537	1.26641	2.33804	-0.00167559	-0.502236	1.58038	0	0.55104	-1.06176	0.037422	0.222264	0.033264	180.312	0	0	252.56	-9.66	275.52	223.96	-11.04	-530.88	179.872	0	36.96	15.4	11.04	63.84	72.952	-9.66	-100.8	1497
FRIGG	0.00544537	1.2572	2.33497	-0.00167559	-0.481501	1.5809	0	0.38976	-1.50528	0.037422	0.15876	0.027216	180.312	0	0	252.032	-8.28	194.88	223.784	-5.52	-752.64	179.872	0	36.96	16.544	8.28	43.68	71.72	-8.28	-73.92	1507
FRIGG	0.00544537	1.2572	2.33497	-0.00167559	-0.481501	1.5809	0	0.38976	-1.50528	0.037422	0.15876	0.027216	180.312	0	0	252.032	-8.28	194.88	223.784	-5.52	-752.64	179.872	0	36.96	16.544	8.28	43.68	71.72	-8.28	-73.92	1511
FRIGG	0.00544537	1.24798	2.33497	-0.00167559	-0.47075	1.5809	0	0.30912	-1.55232	0.037422	0.163296	0.036288	180.312	0	0	251.504	-6.9	154.56	223.784	0	-776.16	179.872	0	36.96	17.16	6.9	40.32	71.104	-8.28	-80.64	1523
FRIGG	0.00544537	1.2403	2.33497	-0.00167559	-0.461535	1.5809	0	0.2016	-1.55232	0.037422	0.190512	0.024192	180.312	0	0	251.064	-6.9	100.8	223.784	0	-776.16	179.872	0	36.96	17.688	8.28	57.12	70.576	-8.28	-84	1536
FRIGG	0.00544537	1.2403	2.33497	-0.00167559	-0.461535	1.5809	0	0.2016	-1.55232	0.037422	0.190512	0.024192	180.312	0	0	251.064	-6.9	100.8	223.784	0	-776.16	179.872	0	36.96	17.688	8.28	57.12	70.576	-8.28	-84	1539
FRIGG	0.00544537	1.22955	2.33497	-0.00167559	-0.450784	1.5809	0	0.22848	-1.55904	0.037422	0.195048	0.021168	180.312	0	0	250.448	-8.28	114.24	223.784	0	-779.52	179.872	0	36.96	18.304	8.28	60.48	69.96	-8.28	-84	1546
FRIGG	0.00544537	1.22955	2.33497	-0.00167559	-0.450784	1.5809	0	0.22848	-1.55904	0.037422	0.195048	0.021168	180.312	0	0	250.448	-8.28	114.24	223.784	0	-779.52	179.872	0	36.96	18.304	8.28	60.48	69.96	-8.28	-84	1550
FRIGG	0.00544537	1.2188	2.33497	-0.00167559	-0.440032	1.5809	0	0.12768	-1.57248	0.037422	0.231336	0.021168	180.312	0	0	249.832	-8.28	63.84	223.784	0	-786.24	179.872	0	36.96	18.92	8.28	73.92	69.344	-8.28	-97.44	1559
FRIGG	0.00544537	1.21112	2.33497	-0.00167559	-0.440032	1.5809	0	0.08736	-1.57248	0.037422	0.231336	0.021168	180.312	0	0	249.392	-6.9	43.68	223.784	0	-786.24	179.872	0	36.96	18.92	8.28	73.92	69.344	-8.28	-97.44	1566
FRIGG	0.00544537	1.21112	2.33497	-0.00167559	-0.440032	1.5809	0	0.08736	-1.57248	0.037422	0.231336	0.021168	180.312	0	0	249.392	-6.9	43.68	223.784	0	-786.24	179.872	0	36.96	18.92	8.28	73.92	69.344	-8.28	-97.44	1570
FRIGG	0.00544537	1.20344	2.33497	-0.00167559	-0.419298	1.58141	0	-0.01344	-1.57248	0.037422	0.195048	0.021168	180.312	0	0	248.952	-6.9	-6.72	223.784	0	-786.24	179.872	0	36.96	20.064	8.28	60.48	68.112	-8.28	-84	1581
FRIGG	0.00544537	1.20344	2.33497	-0.00167559	-0.419298	1.58141	0	-0.01344	-1.57248	0.037422	0.195048	0.021168	180.312	0	0	248.952	-6.9	-6.72	223.784	0	-786.24	179.872	0	36.96	20.064	8.28	60.48	68.112	-8.28	-84	1586
FRIGG	0.00544537	1.19576	2.33497	-0.00167559	-0.408547	1.58141	0	-0.08736	-1.57248	0.037422	0.199584	0.018144	180.312	0	0	248.512	-5.52	-43.68	223.784	0	-786.24	179.872	0	36.96	20.68	8.28	63.84	67.496	-8.28	-84	1598
FRIGG	0.00544537	1.18808	2.33497	-0.00167559	-0.399331	1.58141	0	-0.22176	-1.58592	0.037422	0.244944	0.024192	180.312	0	0	248.072	-5.52	-110.88	223.784	0	-792.96	179.872	0	36.96	21.208	8.28	77.28	66.968	-8.28	-104.16	1604
FRIGG	0.00544537	1.1804	2.33497	-0.00167559	-0.399331	1.58141	0	-0.30912	-1.58592	0.037422	0.244944	0.024192	180.312	0	0	247.632	-6.9	-154.56	223.784	0	-792.96	179.872	0	36.96	21.208	8.28	77.28	66.968	-8.28	-104.16	1609
FRIGG	0.00544537	1.1804	2.33497	-0.00282748	-0.387812	1.58192	0	-0.30912	-1.58592	0.037422	0.199584	0.012096	180.312	0	0	247.632	-6.9	-154.56	223.784	0	-792.96	179.784	0	36.96	21.824	11.04	67.2	66.264	-11.04	-80.64	1616
FRIGG	0.00544537	1.17119	2.33497	-0.00167559	-0.374757	1.58141	0	-0.49728	-1.5792	0.037422	0.176904	0.01512	180.312	0	0	247.104	-6.9	-248.64	223.784	0	-789.6	179.872	0	36.96	22.616	9.66	57.12	65.56	-9.66	-73.92	1624
FRIGG	0.00544537	1.16504	2.33497	-0.00167559	-0.367078	1.58141	0	-0.59808	-1.6128	0.037422	0.2268	0.012096	180.312	0	0	246.752	-6.9	-299.04	223.784	0	-806.4	179.872	0	36.96	23.056	6.9	77.28	65.12	-6.9	-90.72	1634
FRIGG	0.00544537	1.16504	2.33497	-0.00167559	-0.367078	1.58141	0	-0.59808	-1.6128	0.037422	0.2268	0.012096	180.312	0	0	246.752	-6.9	-299.04	223.784	0	-806.4	179.872	0	36.96	23.056	6.9	77.28	65.12	-6.9	-90.72	1639
FRIGG	0.00544537	1.15583	2.33497	-0.00167559	-0.35863	1.5809	0	-0.7392	-1.59936	0.040824	0.290304	0.018144	180.312	0	0	246.224	-6.9	-369.6	223.784	0	-799.68	179.872	0	40.32	23.584	8.28	97.44	64.68	-8.28	-117.6	1651
FRIGG	0.00544537	1.15583	2.33497	-0.00167559	-0.35863	1.5809	0	-0.7392	-1.59936	0.040824	0.290304	0.018144	180.312	0	0	246.224	-6.9	-369.6	223.784	0	-799.68	179.872	0	40.32	23.584	8.28	97.44	64.68	-8.28	-117.6	1655
FRIGG	0.00698121	1.14661	2.33497	-0.00167559	-0.349415	1.5809	0	-0.9408	-1.63296	0.040824	0.38556	0.021168	180.4	0	0	245.696	-6.9	-470.4	223.784	0	-816.48	179.872	0	40.32	24.112	5.52	131.04	64.152	-6.9	-154.56	1667
FRIGG	0.00544537	1.1374	2.33497	-0.00167559	-0.349415	1.5809	0	-0.98112	-1.63296	0.040824	0.38556	0.021168	180.312	0	0	245.168	-6.9	-490.56	223.784	0	-816.48	179.872	0	40.32	24.112	5.52	131.04	64.152	-6.9	-154.56	1672
FRIGG	0.00544537	1.1374	2.33497	-0.00282748	-0.342503	1.58141	0	-0.98112	-1.60608	0.040824	0.458136	-0.003024	180.312	0	0	245.168	-6.9	-490.56	223.784	0	-803.04	179.784	0	40.32	24.464	5.52	171.36	63.712	-6.9	-168	1679
FRIGG	0.00698121	1.12664	2.33651	-0.00167559	-0.33636	1.58141	0	-1.1424	-1.58592	0.040824	0.594216	-0.003024	180.4	0	0	244.552	-6.9	-571.2	223.872	0	-792.96	179.872	0	40.32	24.816	5.52	221.76	63.36	-5.52	-218.4	1692
FRIGG	0.00698121	1.12664	2.33651	-0.00167559	-0.33636	1.58141	0	-1.1424	-1.58592	0.040824	0.594216	-0.003024	180.4	0	0	244.552	-6.9	-571.2	223.872	0	-792.96	179.872	0	40.32	24.816	5.52	221.76	63.36	-5.52	-218.4	1695
FRIGG	0.00698121	1.11743	2.33497	-0.00167559	-0.327145	1.58243	0	-1.19616	-1.6128	0.040824	0.712152	-0.021168	180.4	0	0	244.024	-6.9	-598.08	223.784	0	-806.4	179.872	0	40.32	25.256	5.52	275.52	62.744	-6.9	-252	1704
FRIGG	0.00698121	1.10975	2.33497	-0.00282748	-0.321769	1.58294	0	-1.29024	-1.59936	0.037422	0.789264	-0.03024	180.4	0	0	243.584	-6.9	-645.12	223.784	0	-799.68	179.784	0	36.96	25.52	5.52	309.12	62.392	-6.9	-275.52	1718
FRIGG	0.00698121	1.10207	2.33497	-0.00167559	-0.314857	1.58243	0	-1.35072	-1.59936	0.037422	0.898128	-0.024192	180.4	0	0	243.144	-8.28	-675.36	223.784	0	-799.68	179.872	0	36.96	25.96	6.9	346.08	62.04	-5.52	-319.2	1730
FRIGG	0.00698121	1.10207	2.33497	-0.00167559	-0.314857	1.58243	0	-1.35072	-1.59936	0.037422	0.898128	-0.024192	180.4	0	0	243.144	-8.28	-675.36	223.784	0	-799.68	179.872	0	36.96	25.96	6.9	346.08	62.04	-5.52	-319.2	1734
FRIGG	0.00698121	1.09286	2.33497	-0.00167559	-0.314857	1.58243	0	-1.35072	-1.56576	0.037422	0.898128	-0.024192	180.4	0	0	242.616	-8.28	-675.36	223.784	0	-782.88	179.872	0	36.96	25.96	6.9	346.08	62.04	-5.52	-319.2	1745
FRIGG	0.00698121	1.08364	2.33497	-0.00167559	-0.314857	1.58243	0	-1.39776	-1.56576	0.037422	0.898128	-0.024192	180.4	0	0	242.088	-8.28	-698.88	223.784	0	-782.88	179.872	0	36.96	25.96	6.9	346.08	62.04	-5.52	-319.2	1750
FRIGG	0.00698121	1.08364	2.33497	-0.00167559	-0.314857	1.58243	0	-1.39776	-1.56576	0.037422	0.898128	-0.024192	180.4	0	0	242.088	-8.28	-698.88	223.784	0	-782.88	179.872	0	36.96	25.96	6.9	346.08	62.04	-5.52	-319.2	1754
FRIGG	0.00698121	1.07289	2.33651	-0.00167559	-0.314857	1.58243	0	-1.49856	-1.57248	0.037422	0.898128	-0.024192	180.4	0	0	241.472	-6.9	-749.28	223.872	0	-786.24	179.872	0	36.96	25.96	6.9	346.08	62.04	-5.52	-319.2	1763
FRIGG	0.00698121	1.06521	2.33497	-0.00167559	-0.277996	1.58346	0	-1.58592	-1.55232	0.040824	1.03421	-0.054432	180.4	0	0	241.032	-8.28	-792.96	223.784	0	-776.16	179.872	0	40.32	27.984	6.9	413.28	59.84	-11.04	-352.8	1774
FRIGG	0.00698121	1.06521	2.33497	-0.00167559	-0.277996	1.58346	0	-1.58592	-1.55232	0.040824	1.03421	-0.054432	180.4	0	0	241.032	-8.28	-792.96	223.784	0	-776.16	179.872	0	40.32	27.984	6.9	413.28	59.84	-11.04	-352.8	1777
FRIGG	0.00698121	1.05599	2.33497	-0.00167559	-0.268013	1.58397	0	-1.62624	-1.55232	0.040824	1.04782	-0.0756	180.4	0	0	240.504	-8.28	-813.12	223.784	0	-776.16	179.872	0	40.32	28.512	8.28	430.08	59.224	-8.28	-346.08	1791
FRIGG	0.00698121	1.05599	2.33497	-0.00167559	-0.268013	1.58397	0	-1.62624	-1.55232	0.040824	1.04782	-0.0756	180.4	0	0	240.504	-8.28	-813.12	223.784	0	-776.16	179.872	0	40.32	28.512	8.28	430.08	59.224	-8.28	-346.08	1795
FRIGG	0.00698121	1.04524	2.33497	-0.00167559	-0.256494	1.58448	0	-1.79424	-1.49184	0.044226	1.06142	-0.084672	180.4	0	0	239.888	-6.9	-897.12	223.784	0	-745.92	179.872	0	43.68	29.128	6.9	440.16	58.52	-8.28	-346.08	1804
FRIGG	0.00698121	1.04524	2.33497	-0.00167559	-0.256494	1.58448	0	-1.79424	-1.49184	0.044226	1.06142	-0.084672	180.4	0	0	239.888	-6.9	-897.12	223.784	0	-745.92	179.872	0	43.68	29.128	6.9	440.16	58.52	-8.28	-346.08	1808
FRIGG	0.00698121	1.03449	2.33497	-0.00167559	-0.256494	1.58448	0	-1.65312	-1.32384	0.044226	1.06142	-0.084672	180.4	0	0	239.272	-8.28	-826.56	223.784	0	-661.92	179.872	0	43.68	29.128	6.9	440.16	58.52	-8.28	-346.08	1815
FRIGG	0.00698121	1.02374	2.33344	-0.00167559	-0.248046	1.57885	0	-1.76736	-1.28352	0.044226	1.11586	-0.12096	180.4	0	0	238.656	-8.28	-883.68	223.696	0	-641.76	179.872	0	43.68	30.096	8.28	480.48	58.52	-8.28	-346.08	1822
FRIGG	0.00698121	1.02374	2.33344	-0.00167559	-0.248046	1.57885	0	-1.76736	-1.28352	0.044226	1.11586	-0.12096	180.4	0	0	238.656	-8.28	-883.68	223.696	0	-641.76	179.872	0	43.68	30.096	8.28	480.48	58.52	-8.28	-346.08	1826
FRIGG	0.00698121	1.01453	2.33344	-0.00167559	-0.248046	1.57885	0	-1.848	-1.24992	0.044226	1.11586	-0.12096	180.4	0	0	238.128	-8.28	-924	223.696	0	-624.96	179.872	0	43.68	30.096	8.28	480.48	58.52	-8.28	-346.08	1831
FRIGG	0.00698121	1.00531	2.33036	-0.00167559	-0.22424	1.58346	0	-1.8816	-1.08192	0.047628	1.31998	-0.081648	180.4	0	0	237.6	-8.28	-940.8	223.52	-1.38	-540.96	179.872	0	47.04	31.064	6.9	534.24	56.76	-5.52	-443.52	1845
FRIGG	0.00698121	1.00531	2.33036	-0.00167559	-0.22424	1.58346	0	-1.8816	-1.08192	0.047628	1.31998	-0.081648	180.4	0	0	237.6	-8.28	-940.8	223.52	-1.38	-540.96	179.872	0	47.04	31.064	6.9	534.24	56.76	-5.52	-443.52	1849
FRIGG	0.00698121	0.994558	2.33036	-0.00282748	-0.22424	1.58346	0	-2.00256	-1.10208	0.047628	1.31998	-0.081648	180.4	0	0	236.984	-8.28	-1001.28	223.52	0	-551.04	179.784	0	47.04	31.064	6.9	534.24	56.76	-5.52	-443.52	1858
FRIGG	0.00698121	0.994558	2.33036	-0.00282748	-0.22424	1.58346	-0.01008	-2.00256	-1.10208	0.047628	1.31998	-0.081648	180.4	0	-6.72	236.984	-8.28	-1001.28	223.52	0	-551.04	179.784	0	47.04	31.064	6.9	534.24	56.76	-5.52	-443.52	1866
FRIGG	0.00698121	0.983807	2.32883	-0.00282748	-0.203505	1.58397	-0.01008	-1.97568	-1.03488	0.047628	1.39709	-0.096768	180.4	0	-6.72	236.368	-8.28	-987.84	223.432	0	-517.44	179.784	0	47.04	32.208	4.14	571.2	55.528	-8.28	-463.68	1873
FRIGG	0.00698121	0.976128	2.32729	-0.00282748	-0.203505	1.58397	0	-2.06976	-0.92064	0.047628	1.39709	-0.096768	180.4	0	0	235.928	-8.28	-1034.88	223.344	-1.38	-460.32	179.784	0	47.04	32.208	4.14	571.2	55.528	-8.28	-463.68	1878
FRIGG	0.00698121	0.965376	2.32729	-0.00282748	-0.203505	1.58397	0	-1.96224	-0.83328	0.05103	1.39709	-0.096768	180.4	0	0	235.312	-8.28	-981.12	223.344	0	-416.64	179.784	0	50.4	32.208	4.14	571.2	55.528	-8.28	-463.68	1884
FRIGG	0.00698121	0.965376	2.32729	-0.00282748	-0.203505	1.58397	0	-1.96224	-0.83328	0.05103	1.39709	-0.096768	180.4	0	0	235.312	-8.28	-981.12	223.344	0	-416.64	179.784	0	50.4	32.208	4.14	571.2	55.528	-8.28	-463.68	1888
FRIGG	0.00698121	0.953089	2.32576	-0.00282748	-0.185843	1.58243	0	-2.02272	-0.77952	0.054432	1.37894	-0.157248	180.4	0	0	234.608	-9.66	-1011.36	223.256	0	-389.76	179.784	0	53.76	33.352	0	598.08	54.648	-1.38	-423.36	1900
FRIGG	0.00698121	0.942338	2.32422	-0.00282748	-0.185075	1.58192	0	-2.12352	-0.72576	0.054432	1.4107	-0.178416	180.4	0	0	233.992	-8.28	-1061.76	223.168	-1.38	-362.88	179.784	0	53.76	33.44	0	621.6	54.648	-1.38	-423.36	1911
FRIGG	0.00698121	0.942338	2.32422	-0.00282748	-0.185075	1.58192	0	-2.12352	-0.72576	0.054432	1.4107	-0.178416	180.4	0	0	233.992	-8.28	-1061.76	223.168	-1.38	-362.88	179.784	0	53.76	33.44	0	621.6	54.648	-1.38	-423.36	1915
FRIGG	0.00698121	0.934659	2.32268	-0.00282748	-0.183539	1.58294	0	-2.016	-0.69216	0.054432	1.38348	-0.19656	180.4	0	0	233.552	-6.9	-1008	223.08	0	-346.08	179.784	0	53.76	33.44	0	621.6	54.472	-1.38	-403.2	1924
FRIGG	0.00698121	0.934659	2.32268	-0.00282748	-0.183539	1.58294	0	-2.016	-0.69216	0.054432	1.38348	-0.19656	180.4	0	0	233.552	-6.9	-1008	223.08	0	-346.08	179.784	0	53.76	33.44	0	621.6	54.472	-1.38	-403.2	1929
FRIGG	0.00698121	0.934659	2.32268	-0.00282748	-0.183539	1.58294	0	-2.016	-0.69216	0.054432	1.38348	-0.19656	180.4	0	0	233.552	-6.9	-1008	223.08	0	-346.08	179.784	0	53.76	33.44	0	621.6	54.472	-1.38	-403.2	1933
FRIGG	0.00698121	0.934659	2.32268	-0.00282748	-0.183539	1.58294	0	-2.016	-0.69216	0.054432	1.38348	-0.19656	180.4	0	0	233.552	-6.9	-1008	223.08	0	-346.08	179.784	0	53.76	33.44	0	621.6	54.472	-1.38	-403.2	1937
FRIGG	0.00698121	0.933123	2.32268	-0.00282748	-0.183539	1.58294	0	-2.1504	-0.67872	0.054432	1.38348	-0.19656	180.4	0	0	233.464	-2.76	-1075.2	223.08	0	-339.36	179.784	0	53.76	33.44	0	621.6	54.472	-1.38	-403.2	1940
FRIGG	0.00698121	0.933123	2.32268	-0.00282748	-0.181235	1.58243	0	-2.19072	-0.69216	0.054432	1.3109	-0.178416	180.4	0	0	233.464	0	-1095.36	223.08	0	-346.08	179.784	0	53.76	33.616	1.38	584.64	54.384	-1.38	-386.4	1953
FRIGG	0.00698121	0.933123	2.32268	-0.00282748	-0.181235	1.58243	0	-2.19072	-0.69216	0.054432	1.3109	-0.178416	180.4	0	0	233.464	0	-1095.36	223.08	0	-346.08	179.784	0	53.76	33.616	1.38	584.64	54.384	-1.38	-386.4	1957
FRIGG	0.00698121	0.933123	2.32268	-0.00282748	-0.181235	1.58243	0	-2.19072	-0.69216	0.054432	1.3109	-0.178416	180.4	0	0	233.464	0	-1095.36	223.08	0	-346.08	179.784	0	53.76	33.616	1.38	584.64	54.384	-1.38	-386.4	1962
FRIGG	0.00698121	0.934659	2.32268	-0.00282748	-0.181235	1.58243	0	-2.17728	-0.69216	0.054432	1.30183	-0.172368	180.4	0	0	233.552	0	-1088.64	223.08	0	-346.08	179.784	0	53.76	33.616	0	577.92	54.384	-1.38	-386.4	1974
FRIGG	0.00698121	0.934659	2.32268	-0.00282748	-0.181235	1.58243	0	-2.17728	-0.69216	0.054432	1.30183	-0.172368	180.4	0	0	233.552	0	-1088.64	223.08	0	-346.08	179.784	0	53.76	33.616	0	577.92	54.384	-1.38	-386.4	1979
FRIGG	0.00698121	0.934659	2.32268	-0.00282748	-0.181235	1.58243	0	-2.17728	-0.69216	0.054432	1.30183	-0.172368	180.4	0	0	233.552	0	-1088.64	223.08	0	-346.08	179.784	0	53.76	33.616	0	577.92	54.384	-1.38	-386.4	1983
FRIGG	0.00698121	0.934659	2.32268	-0.00282748	-0.181235	1.58243	0	-2.17728	-0.69216	0.054432	1.30183	-0.172368	180.4	0	0	233.552	0	-1088.64	223.08	0	-346.08	179.784	0	53.76	33.616	0	577.92	54.384	-1.38	-386.4	1987
FRIGG	0.00698121	0.933123	2.32268	-0.00282748	-0.181235	1.58243	0	-2.17056	-0.69888	0.054432	1.2973	-0.169344	180.4	0	0	233.464	0	-1085.28	223.08	0	-349.44	179.784	0	53.76	33.616	0	574.56	54.384	-1.38	-386.4	1992
FRIGG	0.00698121	0.933123	2.32268	-0.00282748	-0.180467	1.58192	0	-2.17728	-0.69888	0.054432	1.29276	-0.16632	180.4	0	0	233.464	0	-1088.64	223.08	0	-349.44	179.784	0	53.76	33.704	0	571.2	54.384	-1.38	-386.4	1999
FRIGG	0.00698121	0.933123	2.32268	-0.00282748	-0.180467	1.58192	0	-2.17728	-0.69888	0.054432	1.29276	-0.16632	180.4	0	0	233.464	0	-1088.64	223.08	0	-349.44	179.784	0	53.76	33.704	0	571.2	54.384	-1.38	-386.4	2003
FRIGG	0.00698121	0.933123	2.32268	-0.00282748	-0.180467	1.58192	0.00504	-2.17728	-0.69888	0.054432	1.28369	-0.172368	180.4	0	3.36	233.464	0	-1088.64	223.08	0	-349.44	179.784	0	53.76	33.704	0	571.2	54.384	0	-379.68	2009
FRIGG	0.00698121	0.933123	2.32268	-0.00282748	-0.180467	1.58192	0.00504	-2.17728	-0.69888	0.054432	1.28369	-0.172368	180.4	0	3.36	233.464	0	-1088.64	223.08	0	-349.44	179.784	0	53.76	33.704	0	571.2	54.384	0	-379.68	2012
FRIGG	0.00698121	0.933123	2.32268	-0.00282748	-0.180467	1.58192	0	-2.19072	-0.69888	0.054432	1.28369	-0.172368	180.4	0	0	233.464	0	-1095.36	223.08	0	-349.44	179.784	0	53.76	33.704	0	571.2	54.384	0	-379.68	2022
FRIGG	0.00698121	0.933123	2.32268	-0.00282748	-0.180467	1.58192	0	-2.19072	-0.69888	0.054432	1.28369	-0.172368	180.4	0	0	233.464	0	-1095.36	223.08	0	-349.44	179.784	0	53.76	33.704	0	571.2	54.384	0	-379.68	2027
FRIGG	0.00698121	0.933123	2.32268	-0.00282748	-0.180467	1.58192	0	-2.19072	-0.69888	0.054432	1.28369	-0.172368	180.4	0	0	233.464	0	-1095.36	223.08	0	-349.44	179.784	0	53.76	33.704	0	571.2	54.384	0	-379.68	2031
FRIGG	0.00698121	0.933123	2.32268	-0.00282748	-0.180467	1.58192	0	-2.17728	-0.69888	0.054432	1.28822	-0.175392	180.4	0	0	233.464	0	-1088.64	223.08	0	-349.44	179.784	0	53.76	33.704	0	574.56	54.384	0	-379.68	2037
FRIGG	0.00698121	0.933123	2.32268	-0.00282748	-0.180467	1.58192	0	-2.17728	-0.69888	0.054432	1.28369	-0.172368	180.4	0	0	233.464	0	-1088.64	223.08	0	-349.44	179.784	0	53.76	33.704	0	571.2	54.384	0	-379.68	2044
FRIGG	0.00698121	0.933123	2.32268	-0.00282748	-0.180467	1.58192	0	-2.17728	-0.7056	0.054432	1.28369	-0.172368	180.4	0	0	233.464	0	-1088.64	223.08	0	-352.8	179.784	0	53.76	33.704	0	571.2	54.384	0	-379.68	2049
FRIGG	0.00698121	0.933123	2.32268	-0.00282748	-0.180467	1.58192	0	-2.17728	-0.7056	0.054432	1.28369	-0.172368	180.4	0	0	233.464	0	-1088.64	223.08	0	-352.8	179.784	0	53.76	33.704	0	571.2	54.384	0	-379.68	2053
FRIGG	0.00698121	0.933123	2.32268	-0.00282748	-0.180467	1.58192	0	-2.17728	-0.7056	0.054432	1.28369	-0.172368	180.4	0	0	233.464	0	-1088.64	223.08	0	-352.8	179.784	0	53.76	33.704	0	571.2	54.384	0	-379.68	2057
FRIGG	0.00698121	0.933123	2.32268	-0.00282748	-0.180467	1.58192	0	-2.184	-0.69888	0.054432	1.28369	-0.172368	180.4	0	0	233.464	0	-1092	223.08	0	-349.44	179.784	0	53.76	33.704	0	571.2	54.384	0	-379.68	2062
FRIGG	0.00698121	0.933123	2.32268	-0.00282748	-0.180467	1.58192	0	-2.184	-0.69888	0.054432	1.28369	-0.172368	180.4	0	0	233.464	0	-1092	223.08	0	-349.44	179.784	0	53.76	33.704	0	571.2	54.384	0	-379.68	2066
FRIGG	0.00698121	0.933123	2.32268	-0.00282748	-0.180467	1.58192	0	-2.184	-0.69888	0.054432	1.28369	-0.172368	180.4	0	0	233.464	0	-1092	223.08	0	-349.44	179.784	0	53.76	33.704	0	571.2	54.384	0	-379.68	2070
FRIGG	0.00698121	0.933123	2.32268	-0.00282748	-0.180467	1.58192	0	-2.17056	-0.69888	0.054432	1.28369	-0.172368	180.4	0	0	233.464	0	-1085.28	223.08	0	-349.44	179.784	0	53.76	33.704	0	571.2	54.384	0	-379.68	2077
FRIGG	0.00698121	0.933123	2.32268	-0.00282748	-0.180467	1.58192	0	-2.184	-0.7056	0.054432	1.28369	-0.172368	180.4	0	0	233.464	0	-1092	223.08	0	-352.8	179.784	0	53.76	33.704	0	571.2	54.384	0	-379.68	2083
FRIGG	0.00698121	0.933123	2.32268	-0.00282748	-0.180467	1.58192	0	-2.184	-0.7056	0.054432	1.28369	-0.172368	180.4	0	0	233.464	0	-1092	223.08	0	-352.8	179.784	0	53.76	33.704	0	571.2	54.384	0	-379.68	2086
FRIGG	0.00698121	0.933123	2.32268	-0.00282748	-0.180467	1.58192	0	-2.184	-0.7056	0.054432	1.28369	-0.172368	180.4	0	0	233.464	0	-1092	223.08	0	-352.8	179.784	0	53.76	33.704	0	571.2	54.384	0	-379.68	2090
FRIGG	0.00698121	0.933123	2.32268	-0.00282748	-0.180467	1.58192	0	-2.184	-0.7056	0.054432	1.28369	-0.172368	180.4	0	0	233.464	0	-1092	223.08	0	-352.8	179.784	0	53.76	33.704	0	571.2	54.384	0	-379.68	2094
FRIGG	0.00698121	0.933123	2.32268	-0.00282748	-0.181235	1.58243	0	-2.17728	-0.7056	0.054432	1.28369	-0.172368	180.4	0	0	233.464	0	-1088.64	223.08	0	-352.8	179.784	0	53.76	33.616	0	571.2	54.384	0	-379.68	2103
FRIGG	0.00698121	0.933123	2.32268	-0.00282748	-0.181235	1.58243	0	-2.17056	-0.7056	0.054432	1.28369	-0.172368	180.4	0	0	233.464	0	-1085.28	223.08	0	-352.8	179.784	0	53.76	33.616	0	571.2	54.384	0	-379.68	2109
FRIGG	0.00698121	0.933123	2.32268	-0.00282748	-0.181235	1.58243	0	-2.17056	-0.7056	0.054432	1.28369	-0.172368	180.4	0	0	233.464	0	-1085.28	223.08	0	-352.8	179.784	0	53.76	33.616	0	571.2	54.384	0	-379.68	2113
FRIGG	0.00698121	0.933123	2.32268	-0.00282748	-0.181235	1.58243	0	-2.17056	-0.7056	0.054432	1.28369	-0.172368	180.4	0	0	233.464	0	-1085.28	223.08	0	-352.8	179.784	0	53.76	33.616	0	571.2	54.384	0	-379.68	2116
FRIGG	0.00698121	0.933123	2.32268	-0.00282748	-0.181235	1.58243	0	-2.17056	-0.7056	0.054432	1.28369	-0.172368	180.4	0	0	233.464	0	-1085.28	223.08	0	-352.8	179.784	0	53.76	33.616	0	571.2	54.384	0	-379.68	2120
FRIGG	0.00698121	0.933123	2.32268	-0.00282748	-0.181235	1.58243	0	-2.17056	-0.7056	0.054432	1.28369	-0.172368	180.4	0	0	233.464	0	-1085.28	223.08	0	-352.8	179.784	0	53.76	33.616	0	571.2	54.384	0	-379.68	2124
FRIGG	0.00698121	0.933123	2.32268	-0.00282748	-0.181235	1.58243	0	-2.17056	-0.7056	0.054432	1.28369	-0.172368	180.4	0	0	233.464	0	-1085.28	223.08	0	-352.8	179.784	0	53.76	33.616	0	571.2	54.384	0	-379.68	2128
FRIGG	0.00698121	0.933123	2.32268	-0.00282748	-0.180467	1.58192	0	-2.17728	-0.7056	0.054432	1.28369	-0.172368	180.4	0	0	233.464	0	-1088.64	223.08	0	-352.8	179.784	0	53.76	33.704	0	571.2	54.384	0	-379.68	2135
FRIGG	0.00698121	0.933123	2.32268	-0.00282748	-0.181235	1.58243	0	-2.17728	-0.7056	0.054432	1.28369	-0.172368	180.4	0	0	233.464	0	-1088.64	223.08	0	-352.8	179.784	0	53.76	33.616	0	571.2	54.384	0	-379.68	2149
FRIGG	0.00698121	0.933123	2.32268	-0.00282748	-0.181235	1.58243	0	-2.17728	-0.7056	0.054432	1.28369	-0.172368	180.4	0	0	233.464	0	-1088.64	223.08	0	-352.8	179.784	0	53.76	33.616	0	571.2	54.384	0	-379.68	2153
FRIGG	0.00698121	0.933123	2.32268	-0.00282748	-0.181235	1.58243	0	-2.17728	-0.7056	0.054432	1.28369	-0.172368	180.4	0	0	233.464	0	-1088.64	223.08	0	-352.8	179.784	0	53.76	33.616	0	571.2	54.384	0	-379.68	2156
FRIGG	0.00698121	0.933123	2.32268	-0.00282748	-0.181235	1.58243	0	-2.17728	-0.7056	0.054432	1.28369	-0.172368	180.4	0	0	233.464	0	-1088.64	223.08	0	-352.8	179.784	0	53.76	33.616	0	571.2	54.384	0	-379.68	2160
FRIGG	0.00698121	0.933123	2.32268	-0.00282748	-0.181235	1.58243	0	-2.184	-0.7056	0.054432	1.28369	-0.172368	180.4	0	0	233.464	0	-1092	223.08	0	-352.8	179.784	0	53.76	33.616	0	571.2	54.384	0	-379.68	2166
FRIGG	0.00698121	0.933123	2.32268	-0.00282748	-0.180467	1.58192	0	-2.184	-0.71232	0.054432	1.28822	-0.175392	180.4	0	0	233.464	0	-1092	223.08	0	-356.16	179.784	0	53.76	33.704	0	574.56	54.384	0	-379.68	2178
FRIGG	0.00698121	0.933123	2.32268	-0.00282748	-0.180467	1.58192	0	-2.184	-0.71232	0.054432	1.28822	-0.175392	180.4	0	0	233.464	0	-1092	223.08	0	-356.16	179.784	0	53.76	33.704	0	574.56	54.384	0	-379.68	2182
FRIGG	0.00698121	0.933123	2.32268	-0.00282748	-0.180467	1.58192	0	-2.17728	-0.71232	0.054432	1.28822	-0.175392	180.4	0	0	233.464	0	-1088.64	223.08	0	-356.16	179.784	0	53.76	33.704	0	574.56	54.384	0	-379.68	2189
FRIGG	0.00698121	0.933123	2.32268	-0.00282748	-0.180467	1.58192	0	-2.19744	-0.71232	0.054432	1.28369	-0.172368	180.4	0	0	233.464	0	-1098.72	223.08	0	-356.16	179.784	0	53.76	33.704	0	571.2	54.384	0	-379.68	2198
FRIGG	0.00698121	0.933123	2.32268	-0.00282748	-0.180467	1.58192	0	-2.19744	-0.71232	0.054432	1.28369	-0.172368	180.4	0	0	233.464	0	-1098.72	223.08	0	-356.16	179.784	0	53.76	33.704	0	571.2	54.384	0	-379.68	2201
FRIGG	0.00698121	0.933123	2.32268	-0.00282748	-0.180467	1.58192	0	-2.19744	-0.71232	0.054432	1.28369	-0.172368	180.4	0	0	233.464	0	-1098.72	223.08	0	-356.16	179.784	0	53.76	33.704	0	571.2	54.384	0	-379.68	2207
FRIGG	0.00698121	0.933123	2.32268	-0.00282748	-0.180467	1.58192	0	-2.19744	-0.71232	0.054432	1.28369	-0.172368	180.4	0	0	233.464	0	-1098.72	223.08	0	-356.16	179.784	0	53.76	33.704	0	571.2	54.384	0	-379.68	2210
FRIGG	0.00698121	0.933123	2.32268	-0.00282748	-0.180467	1.58192	0	-2.17728	-0.71232	0.054432	1.28369	-0.172368	180.4	0	0	233.464	0	-1088.64	223.08	0	-356.16	179.784	0	53.76	33.704	0	571.2	54.384	0	-379.68	2216
FRIGG	0.00698121	0.933123	2.32268	-0.00282748	-0.180467	1.58192	0	-2.20416	-0.71232	0.054432	1.28369	-0.172368	180.4	0	0	233.464	0	-1102.08	223.08	0	-356.16	179.784	0	53.76	33.704	0	571.2	54.384	0	-379.68	2221
FRIGG	0.00698121	0.933123	2.32268	-0.00282748	-0.180467	1.58192	0	-2.20416	-0.71232	0.054432	1.28369	-0.172368	180.4	0	0	233.464	0	-1102.08	223.08	0	-356.16	179.784	0	53.76	33.704	0	571.2	54.384	0	-379.68	2225
FRIGG	0.00698121	0.933123	2.32268	-0.00282748	-0.180467	1.58192	0	-2.17056	-0.7056	0.054432	1.28369	-0.172368	180.4	0	0	233.464	0	-1085.28	223.08	0	-352.8	179.784	0	53.76	33.704	0	571.2	54.384	0	-379.68	2230
FRIGG	0.00698121	0.933123	2.32268	-0.00282748	-0.180467	1.58192	0	-2.17056	-0.7056	0.054432	1.28369	-0.172368	180.4	0	0	233.464	0	-1085.28	223.08	0	-352.8	179.784	0	53.76	33.704	0	571.2	54.384	0	-379.68	2234
FRIGG	0.00698121	0.933123	2.32268	-0.00282748	-0.180467	1.58192	0	-2.17728	-0.7056	0.054432	1.28369	-0.172368	180.4	0	0	233.464	0	-1088.64	223.08	0	-352.8	179.784	0	53.76	33.704	0	571.2	54.384	0	-379.68	2243
FRIGG	0.00698121	0.933123	2.32268	-0.00282748	-0.180467	1.58192	0	-2.17728	-0.7056	0.054432	1.28369	-0.172368	180.4	0	0	233.464	0	-1088.64	223.08	0	-352.8	179.784	0	53.76	33.704	0	571.2	54.384	0	-379.68	2247
FRIGG	0.00698121	0.933123	2.32268	-0.00282748	-0.180467	1.58192	0	-2.17728	-0.7056	0.054432	1.28369	-0.172368	180.4	0	0	233.464	0	-1088.64	223.08	0	-352.8	179.784	0	53.76	33.704	0	571.2	54.384	0	-379.68	2251
FRIGG	0.00698121	0.933123	2.32268	-0.00282748	-0.180467	1.58192	0	-2.19072	-0.71232	0.054432	1.28369	-0.172368	180.4	0	0	233.464	0	-1095.36	223.08	0	-356.16	179.784	0	53.76	33.704	0	571.2	54.384	0	-379.68	2258
FRIGG	0.00698121	0.933123	2.32268	-0.00282748	-0.180467	1.58192	0	-2.184	-0.71904	0.054432	1.28822	-0.175392	180.4	0	0	233.464	0	-1092	223.08	0	-359.52	179.784	0	53.76	33.704	0	574.56	54.384	0	-379.68	2268
FRIGG	0.00698121	0.933123	2.32268	-0.00282748	-0.180467	1.58192	0	-2.184	-0.71904	0.054432	1.28822	-0.175392	180.4	0	0	233.464	0	-1092	223.08	0	-359.52	179.784	0	53.76	33.704	0	574.56	54.384	0	-379.68	2272
FRIGG	0.00698121	0.933123	2.32268	-0.00282748	-0.180467	1.58192	0	-2.184	-0.71904	0.054432	1.28822	-0.175392	180.4	0	0	233.464	0	-1092	223.08	0	-359.52	179.784	0	53.76	33.704	0	574.56	54.384	0	-379.68	2276
FRIGG	0.00698121	0.933123	2.32268	-0.00282748	-0.180467	1.58192	0	-2.184	-0.71904	0.054432	1.28822	-0.175392	180.4	0	0	233.464	0	-1092	223.08	0	-359.52	179.784	0	53.76	33.704	0	574.56	54.384	0	-379.68	2280
FRIGG	0.00698121	0.933123	2.32268	-0.00282748	-0.180467	1.58192	0	-2.184	-0.71904	0.054432	1.28822	-0.175392	180.4	0	0	233.464	0	-1092	223.08	0	-359.52	179.784	0	53.76	33.704	0	574.56	54.384	0	-379.68	2289
FRIGG	0.00698121	0.933123	2.32268	-0.00282748	-0.180467	1.58192	0	-2.184	-0.71904	0.054432	1.28369	-0.172368	180.4	0	0	233.464	0	-1092	223.08	0	-359.52	179.784	0	53.76	33.704	0	571.2	54.384	0	-379.68	2296
FRIGG	0.00698121	0.933123	2.32268	-0.00282748	-0.180467	1.58192	0	-2.184	-0.71904	0.054432	1.28369	-0.172368	180.4	0	0	233.464	0	-1092	223.08	0	-359.52	179.784	0	53.76	33.704	0	571.2	54.384	0	-379.68	2302
FRIGG	0.00698121	0.933123	2.32268	-0.00282748	-0.180467	1.58192	0	-2.184	-0.71232	0.054432	1.28369	-0.172368	180.4	0	0	233.464	0	-1092	223.08	0	-356.16	179.784	0	53.76	33.704	0	571.2	54.384	0	-379.68	2320
FRIGG	0.00698121	0.933123	2.32268	-0.00282748	-0.180467	1.58192	0	-2.184	-0.71232	0.054432	1.28369	-0.172368	180.4	0	0	233.464	0	-1092	223.08	0	-356.16	179.784	0	53.76	33.704	0	571.2	54.384	0	-379.68	2341
FRIGG	0.00698121	0.933123	2.32268	-0.00282748	-0.180467	1.58192	0	-2.184	-0.71232	0.054432	1.28369	-0.172368	180.4	0	0	233.464	0	-1092	223.08	0	-356.16	179.784	0	53.76	33.704	0	571.2	54.384	0	-379.68	2370
FRIGG	0.00698121	0.933123	2.32268	-0.00282748	-0.180467	1.58192	0	-2.184	-0.71232	0.054432	1.28369	-0.172368	180.4	0	0	233.464	0	-1092	223.08	0	-356.16	179.784	0	53.76	33.704	0	571.2	54.384	0	-379.68	2385
FRIGG	0.00698121	0.933123	2.32268	-0.00282748	-0.180467	1.58192	0	-2.184	-0.71232	0.054432	1.28369	-0.172368	180.4	0	0	233.464	0	-1092	223.08	0	-356.16	179.784	0	53.76	33.704	0	571.2	54.384	0	-379.68	2389
FRIGG	0.00698121	0.933123	2.32268	-0.00282748	-0.180467	1.58192	0	-2.184	-0.71232	0.054432	1.28369	-0.172368	180.4	0	0	233.464	0	-1092	223.08	0	-356.16	179.784	0	53.76	33.704	0	571.2	54.384	0	-379.68	2403
FRIGG	0.00698121	0.933123	2.32268	-0.00282748	-0.180467	1.58192	0	-2.184	-0.71232	0.054432	1.28369	-0.172368	180.4	0	0	233.464	0	-1092	223.08	0	-356.16	179.784	0	53.76	33.704	0	571.2	54.384	0	-379.68	2416
FRIGG	0.00698121	0.933123	2.32268	-0.00282748	-0.180467	1.58192	0	-2.184	-0.71232	0.054432	1.28369	-0.172368	180.4	0	0	233.464	0	-1092	223.08	0	-356.16	179.784	0	53.76	33.704	0	571.2	54.384	0	-379.68	2424
FRIGG	0.00698121	0.933123	2.32268	-0.00282748	-0.180467	1.58192	0	-2.184	-0.71232	0.054432	1.28369	-0.172368	180.4	0	0	233.464	0	-1092	223.08	0	-356.16	179.784	0	53.76	33.704	0	571.2	54.384	0	-379.68	2431
FRIGG	0.00698121	0.933123	2.32268	-0.00282748	-0.180467	1.58192	0	-2.184	-0.71232	0.054432	1.28369	-0.172368	180.4	0	0	233.464	0	-1092	223.08	0	-356.16	179.784	0	53.76	33.704	0	571.2	54.384	0	-379.68	2439
FRIGG	0.00698121	0.933123	2.32268	-0.00282748	-0.180467	1.58192	0	-2.184	-0.71232	0.054432	1.28369	-0.172368	180.4	0	0	233.464	0	-1092	223.08	0	-356.16	179.784	0	53.76	33.704	0	571.2	54.384	0	-379.68	2456
FRIGG	0.00698121	0.933123	2.32268	-0.00282748	-0.180467	1.58192	0	-2.184	-0.71232	0.054432	1.28369	-0.172368	180.4	0	0	233.464	0	-1092	223.08	0	-356.16	179.784	0	53.76	33.704	0	571.2	54.384	0	-379.68	2465
FRIGG	0.00698121	0.933123	2.32268	-0.00282748	-0.180467	1.58192	0	-2.184	-0.71232	0.054432	1.28369	-0.172368	180.4	0	0	233.464	0	-1092	223.08	0	-356.16	179.784	0	53.76	33.704	0	571.2	54.384	0	-379.68	2469
FRIGG	0.00698121	0.933123	2.32268	-0.00282748	-0.180467	1.58192	0	-2.184	-0.71232	0.054432	1.28369	-0.172368	180.4	0	0	233.464	0	-1092	223.08	0	-356.16	179.784	0	53.76	33.704	0	571.2	54.384	0	-379.68	2475
FRIGG	0.00698121	0.933123	2.32268	-0.00282748	-0.180467	1.58192	0	-2.184	-0.71232	0.054432	1.28369	-0.172368	180.4	0	0	233.464	0	-1092	223.08	0	-356.16	179.784	0	53.76	33.704	0	571.2	54.384	0	-379.68	2482
FRIGG	0.00698121	0.934659	2.32268	-0.00282748	-0.181235	1.58243	0	-2.17728	-0.71232	0.054432	1.28369	-0.172368	180.4	0	0	233.552	0	-1088.64	223.08	0	-356.16	179.784	0	53.76	33.616	0	571.2	54.384	0	-379.68	2506
FRIGG	0.00698121	0.934659	2.32268	-0.00282748	-0.180467	1.58192	0	-2.17728	-0.71232	0.054432	1.28822	-0.175392	180.4	0	0	233.552	0	-1088.64	223.08	0	-356.16	179.784	0	53.76	33.704	0	574.56	54.384	0	-379.68	2528
FRIGG	0.00698121	0.934659	2.32268	-0.00282748	-0.180467	1.58192	0	-2.17728	-0.71232	0.054432	1.28822	-0.175392	180.4	0	0	233.552	0	-1088.64	223.08	0	-356.16	179.784	0	53.76	33.704	0	574.56	54.384	0	-379.68	2537
FRIGG	0.00698121	0.934659	2.32268	-0.00282748	-0.180467	1.58192	0	-2.17728	-0.71232	0.054432	1.28822	-0.175392	180.4	0	0	233.552	0	-1088.64	223.08	0	-356.16	179.784	0	53.76	33.704	0	574.56	54.384	0	-379.68	2546
FRIGG	0.00698121	0.934659	2.32268	-0.00282748	-0.180467	1.58192	0	-2.17728	-0.71232	0.054432	1.28822	-0.175392	180.4	0	0	233.552	0	-1088.64	223.08	0	-356.16	179.784	0	53.76	33.704	0	574.56	54.384	0	-379.68	2550
FRIGG	0.00698121	0.933123	2.32268	-0.00282748	-0.181235	1.58243	0	-2.17728	-0.71232	0.054432	1.28822	-0.175392	180.4	0	0	233.464	0	-1088.64	223.08	0	-356.16	179.784	0	53.76	33.616	0	574.56	54.384	0	-379.68	2561
FRIGG	0.00698121	0.933123	2.32268	-0.00282748	-0.181235	1.58243	0	-2.17728	-0.71232	0.054432	1.28822	-0.175392	180.4	0	0	233.464	0	-1088.64	223.08	0	-356.16	179.784	0	53.76	33.616	0	574.56	54.384	0	-379.68	2565
FRIGG	0.00698121	0.933123	2.32268	-0.00282748	-0.181235	1.58243	0	-2.184	-0.71232	0.054432	1.28822	-0.175392	180.4	0	0	233.464	0	-1092	223.08	0	-356.16	179.784	0	53.76	33.616	0	574.56	54.384	0	-379.68	2590
FRIGG	0.00698121	0.933123	2.32268	-0.00282748	-0.181235	1.58243	0	-2.184	-0.71232	0.054432	1.28822	-0.175392	180.4	0	0	233.464	0	-1092	223.08	0	-356.16	179.784	0	53.76	33.616	0	574.56	54.384	0	-379.68	2599
FRIGG	0.00698121	0.933123	2.32268	-0.00282748	-0.181235	1.58243	0	-2.184	-0.71232	0.054432	1.28822	-0.175392	180.4	0	0	233.464	0	-1092	223.08	0	-356.16	179.784	0	53.76	33.616	0	574.56	54.384	0	-379.68	2603
FRIGG	0.00698121	0.933123	2.32268	-0.00282748	-0.181235	1.58243	0	-2.184	-0.71232	0.054432	1.28822	-0.175392	180.4	0	0	233.464	0	-1092	223.08	0	-356.16	179.784	0	53.76	33.616	0	574.56	54.384	0	-379.68	2607
FRIGG	0.00698121	0.933123	2.32268	-0.00282748	-0.181235	1.58243	0	-2.184	-0.71232	0.054432	1.28822	-0.175392	180.4	0	0	233.464	0	-1092	223.08	0	-356.16	179.784	0	53.76	33.616	0	574.56	54.384	0	-379.68	2611
FRIGG	0.00698121	0.933123	2.32268	-0.00282748	-0.181235	1.58243	0	-2.184	-0.71232	0.054432	1.28822	-0.175392	180.4	0	0	233.464	0	-1092	223.08	0	-356.16	179.784	0	53.76	33.616	0	574.56	54.384	0	-379.68	2614
FRIGG	0.00698121	0.933123	2.32268	-0.00282748	-0.181235	1.58243	0	-2.17728	-0.71232	0.054432	1.28369	-0.172368	180.4	0	0	233.464	0	-1088.64	223.08	0	-356.16	179.784	0	53.76	33.616	0	571.2	54.384	0	-379.68	2632
FRIGG	0.00698121	0.933123	2.32268	-0.00282748	-0.181235	1.58243	0	-2.17728	-0.71232	0.054432	1.28369	-0.172368	180.4	0	0	233.464	0	-1088.64	223.08	0	-356.16	179.784	0	53.76	33.616	0	571.2	54.384	0	-379.68	2636
FRIGG	0.00698121	0.933123	2.32268	-0.00282748	-0.181235	1.58243	0	-2.17728	-0.71232	0.054432	1.28369	-0.172368	180.4	0	0	233.464	0	-1088.64	223.08	0	-356.16	179.784	0	53.76	33.616	0	571.2	54.384	0	-379.68	2642
FRIGG	0.00698121	0.933123	2.32268	-0.00282748	-0.181235	1.58243	0	-2.17728	-0.71232	0.054432	1.28369	-0.172368	180.4	0	0	233.464	0	-1088.64	223.08	0	-356.16	179.784	0	53.76	33.616	0	571.2	54.384	0	-379.68	2661
FRIGG	0.00698121	0.933123	2.32268	-0.00282748	-0.181235	1.58243	0	-2.17728	-0.71232	0.054432	1.28369	-0.172368	180.4	0	0	233.464	0	-1088.64	223.08	0	-356.16	179.784	0	53.76	33.616	0	571.2	54.384	0	-379.68	2682
FRIGG	0.00698121	0.933123	2.32268	-0.00282748	-0.181235	1.58243	0	-2.17728	-0.71232	0.054432	1.28369	-0.172368	180.4	0	0	233.464	0	-1088.64	223.08	0	-356.16	179.784	0	53.76	33.616	0	571.2	54.384	0	-379.68	2686
FRIGG	0.00698121	0.933123	2.32268	-0.00282748	-0.181235	1.58243	0	-2.17728	-0.71232	0.054432	1.28369	-0.172368	180.4	0	0	233.464	0	-1088.64	223.08	0	-356.16	179.784	0	53.76	33.616	0	571.2	54.384	0	-379.68	2689
FRIGG	0.00698121	0.933123	2.32268	-0.00282748	-0.181235	1.58243	0	-2.17728	-0.71232	0.054432	1.28369	-0.172368	180.4	0	0	233.464	0	-1088.64	223.08	0	-356.16	179.784	0	53.76	33.616	0	571.2	54.384	0	-379.68	2697
FRIGG	0.00698121	0.933123	2.32268	-0.00282748	-0.180467	1.58192	0	-2.17728	-0.71232	0.054432	1.28822	-0.175392	180.4	0	0	233.464	0	-1088.64	223.08	0	-356.16	179.784	0	53.76	33.704	0	574.56	54.384	0	-379.68	2707
FRIGG	0.00698121	0.933123	2.32268	-0.00282748	-0.180467	1.58192	0	-2.17728	-0.71232	0.054432	1.28822	-0.175392	180.4	0	0	233.464	0	-1088.64	223.08	0	-356.16	179.784	0	53.76	33.704	0	574.56	54.384	0	-379.68	2710
FRIGG	0.00698121	0.933123	2.32268	-0.00282748	-0.180467	1.58192	0	-2.17728	-0.71232	0.054432	1.28822	-0.175392	180.4	0	0	233.464	0	-1088.64	223.08	0	-356.16	179.784	0	53.76	33.704	0	574.56	54.384	0	-379.68	2714
FRIGG	0.00698121	0.933123	2.32268	-0.00282748	-0.180467	1.58192	0	-2.17728	-0.71232	0.054432	1.28822	-0.175392	180.4	0	0	233.464	0	-1088.64	223.08	0	-356.16	179.784	0	53.76	33.704	0	574.56	54.384	0	-379.68	2718
FRIGG	0.00698121	0.933123	2.32268	-0.00282748	-0.181235	1.58243	0	-2.184	-0.71232	0.054432	1.28822	-0.175392	180.4	0	0	233.464	0	-1092	223.08	0	-356.16	179.784	0	53.76	33.616	0	574.56	54.384	0	-379.68	2733
FRIGG	0.00698121	0.933123	2.32268	-0.00282748	-0.181235	1.58243	0	-2.184	-0.71232	0.054432	1.28822	-0.175392	180.4	0	0	233.464	0	-1092	223.08	0	-356.16	179.784	0	53.76	33.616	0	574.56	54.384	0	-379.68	2748
FRIGG	0.00698121	0.933123	2.32268	-0.00282748	-0.181235	1.58243	0	-2.184	-0.71232	0.054432	1.28822	-0.175392	180.4	0	0	233.464	0	-1092	223.08	0	-356.16	179.784	0	53.76	33.616	0	574.56	54.384	0	-379.68	2752
FRIGG	0.00698121	0.933123	2.32268	-0.00282748	-0.181235	1.58243	0	-1.63296	-0.17472	0.054432	1.10225	-0.154224	180.4	0	0	233.464	0	-816.48	223.08	0	-87.36	179.784	0	53.76	33.616	0	493.92	54.384	0	-322.56	2763
FRIGG	0.00698121	0.933123	2.32268	-0.00282748	-0.181235	1.58243	0	-1.63296	-0.17472	0.054432	1.10225	-0.154224	180.4	0	0	233.464	0	-816.48	223.08	0	-87.36	179.784	0	53.76	33.616	0	493.92	54.384	0	-322.56	2767
FRIGG	0.00698121	0.933123	2.32268	-0.00282748	-0.181235	1.58243	0	-1.63296	-0.17472	0.054432	1.10225	-0.154224	180.4	0	0	233.464	0	-816.48	223.08	0	-87.36	179.784	0	53.76	33.616	0	493.92	54.384	0	-322.56	2772
FRIGG	0.00698121	0.933123	2.32268	-0.00282748	-0.181235	1.58243	0	-1.63296	-0.17472	0.054432	1.10225	-0.154224	180.4	0	0	233.464	0	-816.48	223.08	0	-87.36	179.784	0	53.76	33.616	0	493.92	54.384	0	-322.56	2789
FRIGG	0.00698121	0.936195	2.33344	-0.00282748	-0.182003	1.58192	0	-0.5376	-0.01344	0.054432	0.43092	-0.123984	180.4	0	0	233.64	1.38	-268.8	223.696	5.52	-6.72	179.784	0	53.76	33.616	0	228.48	54.472	1.38	-90.72	2816
FRIGG	0.00698121	0.936195	2.33344	-0.00282748	-0.182003	1.58192	0	-0.5376	-0.01344	0.054432	0.43092	-0.123984	180.4	0	0	233.64	1.38	-268.8	223.696	5.52	-6.72	179.784	0	53.76	33.616	0	228.48	54.472	1.38	-90.72	2819
FRIGG	0.00698121	0.936195	2.33344	-0.00282748	-0.182003	1.58192	0	-0.5376	-0.01344	0.054432	0.43092	-0.123984	180.4	0	0	233.64	1.38	-268.8	223.696	5.52	-6.72	179.784	0	53.76	33.616	0	228.48	54.472	1.38	-90.72	2823
FRIGG	0.00698121	0.936195	2.33344	-0.00282748	-0.182003	1.58192	0	-0.5376	-0.01344	0.054432	0.43092	-0.123984	180.4	0	0	233.64	1.38	-268.8	223.696	5.52	-6.72	179.784	0	53.76	33.616	0	228.48	54.472	1.38	-90.72	2829
FRIGG	0.00698121	0.936195	2.33344	-0.00282748	-0.182003	1.58192	0	-0.5376	-0.01344	0.054432	0.43092	-0.123984	180.4	0	0	233.64	1.38	-268.8	223.696	5.52	-6.72	179.784	0	53.76	33.616	0	228.48	54.472	1.38	-90.72	2832
FRIGG	0.00698121	0.936195	2.33344	-0.00282748	-0.182003	1.58192	0	-0.5376	-0.01344	0.054432	0.43092	-0.123984	180.4	0	0	233.64	1.38	-268.8	223.696	5.52	-6.72	179.784	0	53.76	33.616	0	228.48	54.472	1.38	-90.72	2837
FRIGG	0.00698121	0.936195	2.33344	-0.00282748	-0.182003	1.58192	0	-0.5376	-0.01344	0.054432	0.43092	-0.123984	180.4	0	0	233.64	1.38	-268.8	223.696	5.52	-6.72	179.784	0	53.76	33.616	0	228.48	54.472	1.38	-90.72	2844
FRIGG	0.00698121	0.988415	2.36723	-0.00282748	-0.225776	1.57936	0	-0.66528	0.06048	0.054432	0.031752	-0.003024	180.4	0	0	236.632	8.28	-332.64	225.632	1.38	30.24	179.784	0	53.76	31.328	-9.66	13.44	57.2	8.28	-10.08	2858
FRIGG	0.00698121	0.988415	2.36723	-0.00282748	-0.225776	1.57936	0	-0.66528	0.06048	0.054432	0.031752	-0.003024	180.4	0	0	236.632	8.28	-332.64	225.632	1.38	30.24	179.784	0	53.76	31.328	-9.66	13.44	57.2	8.28	-10.08	2877
FRIGG	0.00698121	0.991487	2.36876	-0.00282748	-0.225776	1.57936	0	-0.7728	0.00672	0.054432	0.031752	-0.003024	180.4	0	0	236.808	8.28	-386.4	225.72	1.38	3.36	179.784	0	53.76	31.328	-9.66	13.44	57.2	8.28	-10.08	2886
FRIGG	0.00698121	1.00685	2.37337	-0.00282748	-0.241903	1.57987	0	-0.71232	0.06048	0.054432	-0.004536	0.003024	180.4	0	0	237.688	9.66	-356.16	225.984	2.76	30.24	179.784	0	53.76	30.36	-6.9	-3.36	58.08	6.9	0	2898
FRIGG	0.00698121	1.00685	2.37337	-0.00282748	-0.241903	1.57987	0	-0.71232	0.06048	0.054432	-0.004536	0.003024	180.4	0	0	237.688	9.66	-356.16	225.984	2.76	30.24	179.784	0	53.76	30.36	-6.9	-3.36	58.08	6.9	0	2910
FRIGG	0.00698121	1.00685	2.37644	-0.00282748	-0.248046	1.5809	0	-0.71232	0.04704	0.054432	-0.06804	-0.003024	180.4	0	0	237.688	9.66	-356.16	226.16	2.76	23.52	179.784	0	53.76	29.92	-5.52	-23.52	58.344	5.52	26.88	2926
FRIGG	0.00698121	1.00685	2.37644	-0.00282748	-0.248046	1.5809	0	-0.71232	0.04704	0.054432	-0.06804	-0.003024	180.4	0	0	237.688	9.66	-356.16	226.16	2.76	23.52	179.784	0	53.76	29.92	-5.52	-23.52	58.344	5.52	26.88	2930
FRIGG	0.00698121	1.02835	2.37951	-0.00282748	-0.258029	1.58141	0	-0.61824	0.12768	0.054432	-0.222264	-0.009072	180.4	0	0	238.92	8.28	-309.12	226.336	1.38	63.84	179.784	0	53.76	29.304	-6.9	-77.28	58.872	5.52	87.36	2941
FRIGG	0.00698121	1.03449	2.38105	-0.00282748	-0.260333	1.58294	0	-0.69216	0.0672	0.054432	-0.235872	0	180.4	0	0	239.272	8.28	-346.08	226.424	1.38	33.6	179.784	0	53.76	29.04	-6.9	-87.36	58.872	5.52	87.36	2956
FRIGG	0.00698121	1.03449	2.38105	-0.00282748	-0.260333	1.58294	0	-0.69216	0.0672	0.054432	-0.235872	0	180.4	0	0	239.272	8.28	-346.08	226.424	1.38	33.6	179.784	0	53.76	29.04	-6.9	-87.36	58.872	5.52	87.36	2960
FRIGG	0.00698121	1.03449	2.38105	-0.00282748	-0.260333	1.58294	0	-0.69216	0.0672	0.054432	-0.235872	0	180.4	0	0	239.272	8.28	-346.08	226.424	1.38	33.6	179.784	0	53.76	29.04	-6.9	-87.36	58.872	5.52	87.36	2964
FRIGG	0.00698121	1.03449	2.38105	-0.00282748	-0.260333	1.58294	0	-0.69216	0.0672	0.054432	-0.235872	0	180.4	0	0	239.272	8.28	-346.08	226.424	1.38	33.6	179.784	0	53.76	29.04	-6.9	-87.36	58.872	5.52	87.36	2967
FRIGG	0.00698121	1.06675	2.38873	-0.00282748	-0.260333	1.58294	0	-0.61824	0.14784	0.054432	-0.235872	0	180.4	0	0	241.12	8.28	-309.12	226.864	1.38	73.92	179.784	0	53.76	29.04	-6.9	-87.36	58.872	5.52	87.36	2980
FRIGG	0.00698121	1.06675	2.38873	-0.00282748	-0.260333	1.58294	0	-0.61824	0.14784	0.054432	-0.235872	0	180.4	0	0	241.12	8.28	-309.12	226.864	1.38	73.92	179.784	0	53.76	29.04	-6.9	-87.36	58.872	5.52	87.36	2984
FRIGG	0.00698121	1.06675	2.38873	-0.00282748	-0.260333	1.58294	0	-0.61824	0.14784	0.054432	-0.235872	0	180.4	0	0	241.12	8.28	-309.12	226.864	1.38	73.92	179.784	0	53.76	29.04	-6.9	-87.36	58.872	5.52	87.36	2987
FRIGG	0.00698121	1.06675	2.38873	-0.00282748	-0.260333	1.58294	0	-0.61824	0.14784	0.054432	-0.235872	0	180.4	0	0	241.12	8.28	-309.12	226.864	1.38	73.92	179.784	0	53.76	29.04	-6.9	-87.36	58.872	5.52	87.36	2997
FRIGG	0.00698121	1.06675	2.38873	-0.00282748	-0.260333	1.58294	0	-0.61824	0.14784	0.054432	-0.235872	0	180.4	0	0	241.12	8.28	-309.12	226.864	1.38	73.92	179.784	0	53.76	29.04	-6.9	-87.36	58.872	5.52	87.36	3000
FRIGG	0.00698121	1.08671	2.39334	-0.00282748	-0.260333	1.58294	0	-0.47712	0.22848	0.054432	-0.235872	0	180.4	0	0	242.264	8.28	-238.56	227.128	0	114.24	179.784	0	53.76	29.04	-6.9	-87.36	58.872	5.52	87.36	3011
FRIGG	0.00698121	1.09132	2.39334	-0.00282748	-0.260333	1.58294	0	-0.42336	0.22848	0.054432	-0.235872	0	180.4	0	0	242.528	8.28	-211.68	227.128	0	114.24	179.784	0	53.76	29.04	-6.9	-87.36	58.872	5.52	87.36	3019
FRIGG	0.00698121	1.09132	2.39334	-0.00282748	-0.260333	1.58294	0	-0.42336	0.22848	0.054432	-0.235872	0	180.4	0	0	242.528	8.28	-211.68	227.128	0	114.24	179.784	0	53.76	29.04	-6.9	-87.36	58.872	5.52	87.36	3023
FRIGG	0.00698121	1.10668	2.39641	-0.00282748	-0.329448	1.58294	0	-0.4032	0.20832	0.054432	-0.757512	-0.027216	180.4	0	0	243.408	6.9	-201.6	227.304	0	104.16	179.784	0	53.76	25.08	-5.52	-265.44	62.832	6.9	295.68	3039
FRIGG	0.00698121	1.11897	2.39641	-0.00282748	-0.329448	1.58294	0	-0.24864	0.2352	0.054432	-0.757512	-0.027216	180.4	0	0	244.112	6.9	-124.32	227.304	0	117.6	179.784	0	53.76	25.08	-5.52	-265.44	62.832	6.9	295.68	3044
FRIGG	0.00698121	1.11897	2.39641	-0.00282748	-0.339432	1.58243	0	-0.24864	0.2352	0.054432	-0.934416	-0.018144	180.4	0	0	244.112	6.9	-124.32	227.304	0	117.6	179.784	0	53.76	24.552	-6.9	-336	63.448	5.52	356.16	3057
FRIGG	0.00698121	1.12204	2.39794	-0.00282748	-0.341735	1.58294	0	-0.20832	0.28224	0.054432	-0.984312	-0.027216	180.4	0	0	244.288	6.9	-104.16	227.392	0	141.12	179.784	0	53.76	24.376	-5.52	-349.44	63.536	5.52	379.68	3072
FRIGG	0.00698121	1.12204	2.39794	-0.00282748	-0.341735	1.58294	0	-0.20832	0.28224	0.054432	-0.984312	-0.027216	180.4	0	0	244.288	6.9	-104.16	227.392	0	141.12	179.784	0	53.76	24.376	-5.52	-349.44	63.536	5.52	379.68	3076
FRIGG	0.00698121	1.13586	2.39948	-0.00282748	-0.341735	1.58294	0	-0.15456	0.28224	0.054432	-0.984312	-0.027216	180.4	0	0	245.08	6.9	-77.28	227.48	0	141.12	179.784	0	53.76	24.376	-5.52	-349.44	63.536	5.52	379.68	3080
FRIGG	0.00698121	1.13586	2.39948	-0.00282748	-0.341735	1.58294	0	-0.15456	0.28224	0.054432	-0.984312	-0.027216	180.4	0	0	245.08	6.9	-77.28	227.48	0	141.12	179.784	0	53.76	24.376	-5.52	-349.44	63.536	5.52	379.68	3084
FRIGG	0.00698121	1.13586	2.39948	-0.00282748	-0.341735	1.58294	0	-0.15456	0.28224	0.054432	-0.984312	-0.027216	180.4	0	0	245.08	6.9	-77.28	227.48	0	141.12	179.784	0	53.76	24.376	-5.52	-349.44	63.536	5.52	379.68	3091
FRIGG	0.00544537	1.15276	2.39948	-0.00282748	-0.368614	1.58243	0	0	0.28224	0.054432	-1.25647	0.057456	180.312	0	0	246.048	6.9	0	227.48	0	141.12	179.784	0	53.76	22.88	-6.9	-497.28	65.12	6.9	433.44	3106
FRIGG	0.00698121	1.15736	2.39794	-0.00282748	-0.373989	1.58192	0	0.04032	0.30912	0.054432	-1.32451	0.078624	180.4	0	0	246.312	6.9	20.16	227.392	0	154.56	179.784	0	53.76	22.616	-5.52	-534.24	65.472	6.9	446.88	3129
FRIGG	0.00698121	1.15736	2.39794	-0.00282748	-0.373989	1.58192	0	0.04032	0.30912	0.054432	-1.32451	0.078624	180.4	0	0	246.312	6.9	20.16	227.392	0	154.56	179.784	0	53.76	22.616	-5.52	-534.24	65.472	6.9	446.88	3133
FRIGG	0.00698121	1.15736	2.39794	-0.00282748	-0.373989	1.58192	0	0.04032	0.30912	0.054432	-1.32451	0.078624	180.4	0	0	246.312	6.9	20.16	227.392	0	154.56	179.784	0	53.76	22.616	-5.52	-534.24	65.472	6.9	446.88	3146
FRIGG	0.00698121	1.15736	2.39794	-0.00282748	-0.373989	1.58192	0	0.04032	0.30912	0.054432	-1.32451	0.078624	180.4	0	0	246.312	6.9	20.16	227.392	0	154.56	179.784	0	53.76	22.616	-5.52	-534.24	65.472	6.9	446.88	3156
FRIGG	0.00698121	1.15736	2.39794	-0.00282748	-0.373989	1.58192	0	0.04032	0.30912	0.054432	-1.32451	0.078624	180.4	0	0	246.312	6.9	20.16	227.392	0	154.56	179.784	0	53.76	22.616	-5.52	-534.24	65.472	6.9	446.88	3160
FRIGG	0.00698121	1.15736	2.39794	-0.00282748	-0.373989	1.58192	0	0.04032	0.30912	0.054432	-1.32451	0.078624	180.4	0	0	246.312	6.9	20.16	227.392	0	154.56	179.784	0	53.76	22.616	-5.52	-534.24	65.472	6.9	446.88	3167
FRIGG	0.00698121	1.15736	2.39794	-0.00282748	-0.373989	1.58192	0	0.04032	0.30912	0.054432	-1.32451	0.078624	180.4	0	0	246.312	6.9	20.16	227.392	0	154.56	179.784	0	53.76	22.616	-5.52	-534.24	65.472	6.9	446.88	3171
FRIGG	0.00698121	1.15736	2.39794	-0.00282748	-0.373989	1.58192	0	0.04032	0.30912	0.054432	-1.32451	0.078624	180.4	0	0	246.312	6.9	20.16	227.392	0	154.56	179.784	0	53.76	22.616	-5.52	-534.24	65.472	6.9	446.88	3175
FRIGG	0.00698121	1.15736	2.39794	-0.00282748	-0.373989	1.58192	0	0.04032	0.30912	0.054432	-1.32451	0.078624	180.4	0	0	246.312	6.9	20.16	227.392	0	154.56	179.784	0	53.76	22.616	-5.52	-534.24	65.472	6.9	446.88	3189
FRIGG	0.00698121	1.15736	2.39794	-0.00282748	-0.373989	1.58192	0	0.04032	0.30912	0.054432	-1.32451	0.078624	180.4	0	0	246.312	6.9	20.16	227.392	0	154.56	179.784	0	53.76	22.616	-5.52	-534.24	65.472	6.9	446.88	3192
FRIGG	0.00698121	1.15736	2.39794	-0.00282748	-0.373989	1.58192	0	0.04032	0.30912	0.054432	-1.32451	0.078624	180.4	0	0	246.312	6.9	20.16	227.392	0	154.56	179.784	0	53.76	22.616	-5.52	-534.24	65.472	6.9	446.88	3196
FRIGG	0.00698121	1.15736	2.39794	-0.00282748	-0.373989	1.58192	0	0.04032	0.30912	0.054432	-1.32451	0.078624	180.4	0	0	246.312	6.9	20.16	227.392	0	154.56	179.784	0	53.76	22.616	-5.52	-534.24	65.472	6.9	446.88	3210
FRIGG	0.00698121	1.15736	2.39794	-0.00282748	-0.373989	1.58192	0	0.04032	0.30912	0.054432	-1.32451	0.078624	180.4	0	0	246.312	6.9	20.16	227.392	0	154.56	179.784	0	53.76	22.616	-5.52	-534.24	65.472	6.9	446.88	3219
FRIGG	0.00698121	1.15736	2.39794	-0.00282748	-0.373989	1.58192	0	0.04032	0.30912	0.054432	-1.32451	0.078624	180.4	0	0	246.312	6.9	20.16	227.392	0	154.56	179.784	0	53.76	22.616	-5.52	-534.24	65.472	6.9	446.88	3222
FRIGG	0.00698121	1.15736	2.39794	-0.00282748	-0.373989	1.58192	0	0.04032	0.30912	0.054432	-1.32451	0.078624	180.4	0	0	246.312	6.9	20.16	227.392	0	154.56	179.784	0	53.76	22.616	-5.52	-534.24	65.472	6.9	446.88	3228
FRIGG	0.00698121	1.15736	2.39794	-0.00282748	-0.373989	1.58192	0	0.04032	0.30912	0.054432	-1.32451	0.078624	180.4	0	0	246.312	6.9	20.16	227.392	0	154.56	179.784	0	53.76	22.616	-5.52	-534.24	65.472	6.9	446.88	3232
FRIGG	0.00698121	1.15736	2.39794	-0.00282748	-0.373989	1.58192	0	0.04032	0.30912	0.054432	-1.32451	0.078624	180.4	0	0	246.312	6.9	20.16	227.392	0	154.56	179.784	0	53.76	22.616	-5.52	-534.24	65.472	6.9	446.88	3235
FRIGG	0.00698121	1.15736	2.39794	-0.00282748	-0.373989	1.58192	0	0.04032	0.30912	0.054432	-1.32451	0.078624	180.4	0	0	246.312	6.9	20.16	227.392	0	154.56	179.784	0	53.76	22.616	-5.52	-534.24	65.472	6.9	446.88	3250
FRIGG	0.00698121	1.16811	2.39794	-0.00282748	-0.373989	1.58192	0	0.16128	0.22848	0.054432	-1.32451	0.078624	180.4	0	0	246.928	5.52	80.64	227.392	0	114.24	179.784	0	53.76	22.616	-5.52	-534.24	65.472	6.9	446.88	3258
FRIGG	0.00544537	1.2572	2.39334	-0.00282748	-0.498396	1.58192	0	1.45152	-0.08064	0.054432	-1.54224	0.108864	180.312	0	0	252.032	8.28	725.76	227.128	-1.38	-40.32	179.784	0	53.76	15.488	-8.28	-631.68	72.6	8.28	510.72	3271
FRIGG	0.00544537	1.2572	2.39334	-0.00282748	-0.498396	1.58192	0	1.45152	-0.08064	0.054432	-1.54224	0.108864	180.312	0	0	252.032	8.28	725.76	227.128	-1.38	-40.32	179.784	0	53.76	15.488	-8.28	-631.68	72.6	8.28	510.72	3274
FRIGG	0.00544537	1.26641	2.38719	-0.00282748	-0.509915	1.58243	0	1.59264	-0.00672	0.054432	-1.56038	0.108864	180.312	0	0	252.56	9.66	796.32	226.776	-4.14	-3.36	179.784	0	53.76	14.784	-9.66	-638.4	73.216	8.28	517.44	3283
FRIGG	0.00544537	1.27563	2.38873	-0.00282748	-0.509915	1.58243	0	1.70016	-0.08736	0.054432	-1.56038	0.108864	180.312	0	0	253.088	8.28	850.08	226.864	-1.38	-43.68	179.784	0	53.76	14.784	-9.66	-638.4	73.216	8.28	517.44	3290
FRIGG	0.00544537	1.27563	2.38873	-0.00282748	-0.521435	1.58192	0	1.70016	-0.08736	0.054432	-1.49688	0.133056	180.312	0	0	253.088	8.28	850.08	226.864	-1.38	-43.68	179.784	0	53.76	14.168	-9.66	-628.32	73.92	11.04	480.48	3297
FRIGG	0.00698121	1.28638	2.38719	-0.00282748	-0.535258	1.58192	0	1.68672	-0.08736	0.054432	-1.4243	0.127008	180.4	0	0	253.704	6.9	843.36	226.776	0	-43.68	179.784	0	53.76	13.376	-11.04	-598.08	74.712	11.04	456.96	3310
FRIGG	0.00698121	1.29559	2.38719	-0.00282748	-0.535258	1.58192	0	1.89504	-0.1008	0.054432	-1.4243	0.127008	180.4	0	0	254.232	8.28	947.52	226.776	0	-50.4	179.784	0	53.76	13.376	-11.04	-598.08	74.712	11.04	456.96	3317
FRIGG	0.00698121	1.29559	2.38719	-0.00282748	-0.548313	1.58141	0	1.89504	-0.1008	0.054432	-1.33358	0.133056	180.4	0	0	254.232	8.28	947.52	226.776	0	-50.4	179.784	0	53.76	12.672	-11.04	-567.84	75.504	11.04	420	3325
FRIGG	0.00698121	1.30481	2.38719	-0.00282748	-0.562904	1.58192	0	1.848	-0.08064	0.054432	-1.20204	0.123984	180.4	0	0	254.76	8.28	924	226.776	0	-40.32	179.784	0	53.76	11.792	-13.8	-514.08	76.296	11.04	376.32	3336
FRIGG	0.00698121	1.30481	2.38719	-0.00282748	-0.562904	1.58192	0	1.848	-0.08064	0.054432	-1.20204	0.123984	180.4	0	0	254.76	8.28	924	226.776	0	-40.32	179.784	0	53.76	11.792	-13.8	-514.08	76.296	11.04	376.32	3341
FRIGG	0.00544537	1.31402	2.38873	-0.00167559	-0.577495	1.58243	0	2.05632	-0.1008	0.05103	-1.09771	0.127008	180.312	0	0	255.288	6.9	1028.16	226.864	0	-50.4	179.872	0	50.4	10.912	-11.04	-477.12	77.088	11.04	336	3351
FRIGG	0.00544537	1.31402	2.38873	-0.00167559	-0.577495	1.58243	0	2.05632	-0.1008	0.05103	-1.09771	0.127008	180.312	0	0	255.288	6.9	1028.16	226.864	0	-50.4	179.872	0	50.4	10.912	-11.04	-477.12	77.088	11.04	336	3355
FRIGG	0.00544537	1.32324	2.39026	-0.00167559	-0.58287	1.57885	0	2.06304	-0.18816	0.05103	-1.08864	0.133056	180.312	0	0	255.816	8.28	1031.52	226.952	0	-94.08	179.872	0	50.4	10.912	-11.04	-477.12	77.704	9.66	329.28	3364
FRIGG	0.00544537	1.33553	2.3918	-0.00167559	-0.589014	1.57475	0	2.184	-0.28224	0.047628	-1.0841	0.13608	180.312	0	0	256.52	8.28	1092	227.04	0	-141.12	179.872	0	47.04	10.912	-11.04	-477.12	78.408	11.04	325.92	3373
FRIGG	0.00544537	1.33553	2.3918	-0.00167559	-0.589014	1.57475	0	2.184	-0.28224	0.047628	-1.0841	0.13608	180.312	0	0	256.52	8.28	1092	227.04	0	-141.12	179.872	0	47.04	10.912	-11.04	-477.12	78.408	11.04	325.92	3378
FRIGG	0.00544537	1.34628	2.3918	-0.00167559	-0.615892	1.58243	0	2.34528	-0.31584	0.040824	-0.938952	0.10584	180.312	0	0	257.136	8.28	1172.64	227.04	0	-157.92	179.872	0	40.32	8.712	-11.04	-406.56	79.288	11.04	288.96	3388
FRIGG	0.00544537	1.35396	2.3918	-0.00167559	-0.626643	1.58243	0	2.41248	-0.32256	0.040824	-0.889056	0.12096	180.312	0	0	257.576	6.9	1206.24	227.04	0	-161.28	179.872	0	40.32	8.096	-9.66	-396.48	79.904	9.66	262.08	3401
FRIGG	0.00544537	1.35396	2.3918	-0.00167559	-0.626643	1.58243	0	2.41248	-0.32256	0.040824	-0.889056	0.12096	180.312	0	0	257.576	6.9	1206.24	227.04	0	-161.28	179.872	0	40.32	8.096	-9.66	-396.48	79.904	9.66	262.08	3405
FRIGG	0.00544537	1.36317	2.3918	-0.00167559	-0.639698	1.58294	0	2.39232	-0.32928	0.037422	-0.830088	0.111888	180.312	0	0	258.104	6.9	1196.16	227.04	0	-164.64	179.872	0	36.96	7.304	-12.42	-369.6	80.608	9.66	245.28	3413
FRIGG	0.00544537	1.36317	2.3918	-0.00167559	-0.639698	1.58294	0	2.39232	-0.32928	0.037422	-0.830088	0.111888	180.312	0	0	258.104	6.9	1196.16	227.04	0	-164.64	179.872	0	36.96	7.304	-12.42	-369.6	80.608	9.66	245.28	3417
FRIGG	0.00544537	1.37392	2.3918	-0.00167559	-0.655057	1.58397	0.00504	2.49312	-0.34272	0.037422	-0.734832	0.09072	180.312	0	3.36	258.72	8.28	1246.56	227.04	0	-171.36	179.872	0	36.96	6.336	-12.42	-322.56	81.4	11.04	221.76	3428
FRIGG	0.00390952	1.3816	2.3918	-0.00167559	-0.666576	1.58448	0.02016	2.64096	-0.336	0.037422	-0.639576	0.0756	180.224	0	13.44	259.16	8.28	1320.48	227.04	0	-168	179.872	0	36.96	5.632	-12.42	-278.88	82.016	11.04	194.88	3446
FRIGG	0.00390952	1.3816	2.3918	-0.00167559	-0.666576	1.58448	0.02016	2.64096	-0.336	0.037422	-0.639576	0.0756	180.224	0	13.44	259.16	8.28	1320.48	227.04	0	-168	179.872	0	36.96	5.632	-12.42	-278.88	82.016	11.04	194.88	3453
FRIGG	0.00390952	1.39235	2.39334	-0.00167559	-0.677327	1.58448	0.01512	2.54688	-0.336	0.037422	-0.58968	0.054432	180.224	0	10.08	259.776	6.9	1273.44	227.128	0	-168	179.872	0	36.96	5.016	-11.04	-248.64	82.632	8.28	188.16	3468
FRIGG	0.00544537	1.39235	2.39334	-0.00167559	-0.677327	1.58448	0.00504	2.54688	-0.336	0.037422	-0.58968	0.054432	180.312	0	3.36	259.776	6.9	1273.44	227.128	0	-168	179.872	0	36.96	5.016	-11.04	-248.64	82.632	8.28	188.16	3473
FRIGG	0.00544537	1.40464	2.39334	-0.00167559	-0.690382	1.58499	0.00504	2.54016	-0.32928	0.037422	-0.557928	0.04536	180.312	0	3.36	260.48	9.66	1270.08	227.128	0	-164.64	179.872	0	36.96	4.224	-9.66	-231.84	83.336	9.66	181.44	3480
FRIGG	0.00544537	1.41539	2.3918	-0.00167559	-0.700366	1.58448	0	2.58048	-0.36288	0.037422	-0.557928	0.039312	180.312	0	0	261.096	9.66	1290.24	227.04	0	-181.44	179.872	0	36.96	3.696	-8.28	-228.48	83.952	9.66	184.8	3492
FRIGG	0.00544537	1.41539	2.3918	-0.00167559	-0.700366	1.58448	0	2.58048	-0.36288	0.037422	-0.557928	0.039312	180.312	0	0	261.096	9.66	1290.24	227.04	0	-181.44	179.872	0	36.96	3.696	-8.28	-228.48	83.952	9.66	184.8	3496
FRIGG	0.00544537	1.42614	2.3918	-0.00167559	-0.711117	1.58448	0	2.52	-0.3696	0.037422	-0.54432	0.048384	180.312	0	0	261.712	9.66	1260	227.04	0	-184.8	179.872	0	36.96	3.08	-8.28	-228.48	84.568	9.66	174.72	3508
FRIGG	0.00698121	1.43536	2.39334	-0.00167559	-0.7211	1.58294	0	2.54688	-0.38304	0.037422	-0.485352	0.021168	180.4	0	0	262.24	9.66	1273.44	227.128	0	-191.52	179.872	0	36.96	2.64	-4.14	-191.52	85.272	8.28	168	3519
FRIGG	0.00698121	1.43536	2.39334	-0.00167559	-0.7211	1.58294	0	2.54688	-0.38304	0.037422	-0.485352	0.021168	180.4	0	0	262.24	9.66	1273.44	227.128	0	-191.52	179.872	0	36.96	2.64	-4.14	-191.52	85.272	8.28	168	3531
FRIGG	0.00544537	1.44611	2.3918	-0.00167559	-0.726476	1.58141	0	2.57376	-0.3696	0.037422	-0.485352	0.003024	180.312	0	0	262.856	9.66	1286.88	227.04	0	-184.8	179.872	0	36.96	2.464	-2.76	-181.44	85.712	8.28	178.08	3540
FRIGG	0.00544537	1.45533	2.39334	-0.00167559	-0.726476	1.58141	0	2.60736	-0.4032	0.037422	-0.485352	0.003024	180.312	0	0	263.384	8.28	1303.68	227.128	0	-201.6	179.872	0	36.96	2.464	-2.76	-181.44	85.712	8.28	178.08	3547
FRIGG	0.00544537	1.45533	2.39334	-0.00167559	-0.731851	1.57987	0	2.60736	-0.4032	0.037422	-0.471744	-0.012096	180.312	0	0	263.384	8.28	1303.68	227.128	0	-201.6	179.872	0	36.96	2.288	-1.38	-168	86.152	5.52	181.44	3555
FRIGG	0.00544537	1.46915	2.3918	-0.00167559	-0.731851	1.57987	0	2.43936	-0.38304	0.037422	-0.47628	-0.039312	180.312	0	0	264.176	9.66	1219.68	227.04	0	-191.52	179.872	0	36.96	2.288	0	-154.56	86.152	0	198.24	3568
FRIGG	0.00544537	1.46915	2.3918	-0.00167559	-0.731851	1.57987	0	2.43936	-0.38304	0.037422	-0.47628	-0.039312	180.312	0	0	264.176	9.66	1219.68	227.04	0	-191.52	179.872	0	36.96	2.288	0	-154.56	86.152	0	198.24	3573
FRIGG	0.00544537	1.47836	2.39334	-0.00167559	-0.731851	1.57987	0	2.5536	-0.40992	0.037422	-0.494424	-0.051408	180.312	0	0	264.704	9.66	1276.8	227.128	0	-204.96	179.872	0	36.96	2.288	0	-154.56	86.152	0	211.68	3582
FRIGG	0.00544537	1.48912	2.39334	-0.00167559	-0.731851	1.57987	0	2.6208	-0.40992	0.037422	-0.503496	-0.057456	180.312	0	0	265.32	8.28	1310.4	227.128	0	-204.96	179.872	0	36.96	2.288	0	-154.56	86.152	0	218.4	3587
FRIGG	0.00544537	1.48912	2.39334	-0.00167559	-0.731851	1.57987	0	2.6208	-0.40992	0.037422	-0.503496	-0.057456	180.312	0	0	265.32	8.28	1310.4	227.128	0	-204.96	179.872	0	36.96	2.288	0	-154.56	86.152	0	218.4	3592
FRIGG	0.00544537	1.5014	2.39334	-0.00167559	-0.731851	1.57987	0	2.40576	-0.38976	0.037422	-0.508032	-0.06048	180.312	0	0	266.024	8.28	1202.88	227.128	0	-194.88	179.872	0	36.96	2.288	0	-154.56	86.152	0	221.76	3601
FRIGG	0.00544537	1.51215	2.39334	-0.00167559	-0.731851	1.57987	0	2.4192	-0.4032	0.037422	-0.512568	-0.063504	180.312	0	0	266.64	9.66	1209.6	227.128	0	-201.6	179.872	0	36.96	2.288	0	-154.56	86.152	0	225.12	3613
FRIGG	0.00544537	1.51215	2.39334	-0.00167559	-0.731851	1.57987	0	2.4192	-0.4032	0.037422	-0.512568	-0.063504	180.312	0	0	266.64	9.66	1209.6	227.128	0	-201.6	179.872	0	36.96	2.288	0	-154.56	86.152	0	225.12	3617
FRIGG	0.00544537	1.5229	2.39334	-0.00167559	-0.731851	1.57987	0	2.49984	-0.4032	0.037422	-0.512568	-0.063504	180.312	0	0	267.256	9.66	1249.92	227.128	0	-201.6	179.872	0	36.96	2.288	0	-154.56	86.152	0	225.12	3636
FRIGG	0.00544537	1.5229	2.39334	-0.00167559	-0.731851	1.57987	0	2.49984	-0.4032	0.037422	-0.512568	-0.063504	180.312	0	0	267.256	9.66	1249.92	227.128	0	-201.6	179.872	0	36.96	2.288	0	-154.56	86.152	0	225.12	3642
FRIGG	0.00544537	1.53212	2.39334	-0.00167559	-0.731851	1.57987	0	2.19744	-0.39648	0.037422	-0.512568	-0.063504	180.312	0	0	267.784	8.28	1098.72	227.128	0	-198.24	179.872	0	36.96	2.288	0	-154.56	86.152	0	225.12	3655
FRIGG	0.00544537	1.53519	2.39334	-0.00167559	-0.731851	1.57987	0	2.35872	-0.42336	0.037422	-0.512568	-0.063504	180.312	0	0	267.96	4.14	1179.36	227.128	0	-211.68	179.872	0	36.96	2.288	0	-154.56	86.152	0	225.12	3670
FRIGG	0.00544537	1.53519	2.39334	-0.00167559	-0.731851	1.57987	0	2.35872	-0.42336	0.037422	-0.512568	-0.063504	180.312	0	0	267.96	4.14	1179.36	227.128	0	-211.68	179.872	0	36.96	2.288	0	-154.56	86.152	0	225.12	3676
FRIGG	0.00544537	1.53519	2.39334	-0.00167559	-0.731851	1.57987	0	2.352	-0.4032	0.037422	-0.512568	-0.063504	180.312	0	0	267.96	0	1176	227.128	0	-201.6	179.872	0	36.96	2.288	0	-154.56	86.152	0	225.12	3692
FRIGG	0.00544537	1.53366	2.39334	-0.00167559	-0.731851	1.57987	0	2.3856	-0.4032	0.037422	-0.512568	-0.063504	180.312	0	0	267.872	0	1192.8	227.128	0	-201.6	179.872	0	36.96	2.288	0	-154.56	86.152	0	225.12	3704
FRIGG	0.00544537	1.53366	2.39334	-0.00167559	-0.731851	1.57987	0	2.3856	-0.40992	0.037422	-0.512568	-0.063504	180.312	0	0	267.872	0	1192.8	227.128	0	-204.96	179.872	0	36.96	2.288	0	-154.56	86.152	0	225.12	3717
FRIGG	0.00544537	1.53519	2.39334	-0.00167559	-0.731851	1.57987	0	2.41248	-0.42336	0.037422	-0.512568	-0.063504	180.312	0	0	267.96	0	1206.24	227.128	0	-211.68	179.872	0	36.96	2.288	0	-154.56	86.152	0	225.12	3735
FRIGG	0.00544537	1.53519	2.39334	-0.00167559	-0.731851	1.57987	0	2.41248	-0.42336	0.037422	-0.512568	-0.063504	180.312	0	0	267.96	0	1206.24	227.128	0	-211.68	179.872	0	36.96	2.288	0	-154.56	86.152	0	225.12	3742
FRIGG	0.00544537	1.53519	2.39334	-0.00167559	-0.731851	1.57987	0	2.39904	-0.43008	0.037422	-0.512568	-0.063504	180.312	0	0	267.96	0	1199.52	227.128	0	-215.04	179.872	0	36.96	2.288	0	-154.56	86.152	0	225.12	3754
FRIGG	0.00544537	1.53519	2.39334	-0.00167559	-0.731851	1.57987	0	2.39904	-0.43008	0.037422	-0.512568	-0.063504	180.312	0	0	267.96	0	1199.52	227.128	0	-215.04	179.872	0	36.96	2.288	0	-154.56	86.152	0	225.12	3764
FRIGG	0.00544537	1.53519	2.39334	-0.000523511	-0.731851	1.57987	0	2.41248	-0.42336	0.020412	-0.512568	-0.063504	180.312	0	0	267.96	0	1206.24	227.128	0	-211.68	179.96	0	20.16	2.288	0	-154.56	86.152	0	225.12	3773
FRIGG	0.00544537	1.53519	2.39334	-0.000523511	-0.731851	1.57987	0	2.37888	-0.41664	0.020412	-0.512568	-0.063504	180.312	0	0	267.96	0	1189.44	227.128	0	-208.32	179.96	0	20.16	2.288	0	-154.56	86.152	0	225.12	3789
FRIGG	0.00544537	1.53519	2.39334	-0.000523511	-0.731851	1.57987	0	2.3856	-0.42336	0.01701	-0.512568	-0.063504	180.312	0	0	267.96	0	1192.8	227.128	0	-211.68	179.96	0	16.8	2.288	0	-154.56	86.152	0	225.12	3801
FRIGG	0.00544537	1.53519	2.39334	-0.000523511	-0.731851	1.57987	0	2.3856	-0.42336	0.01701	-0.512568	-0.063504	180.312	0	0	267.96	0	1192.8	227.128	0	-211.68	179.96	0	16.8	2.288	0	-154.56	86.152	0	225.12	3814
FRIGG	0.00544537	1.53519	2.39334	-0.000523511	-0.731851	1.57987	0	2.37888	-0.4368	0.01701	-0.512568	-0.063504	180.312	0	0	267.96	0	1189.44	227.128	0	-218.4	179.96	0	16.8	2.288	0	-154.56	86.152	0	225.12	3832
FRIGG	0.00544537	1.53519	2.39334	-0.000523511	-0.731851	1.57987	0	2.37888	-0.4368	0.01701	-0.512568	-0.063504	180.312	0	0	267.96	0	1189.44	227.128	0	-218.4	179.96	0	16.8	2.288	0	-154.56	86.152	0	225.12	3842
FRIGG	0.00544537	1.53519	2.3918	-0.000523511	-0.731851	1.57987	0	2.37888	-0.43008	0.01701	-0.512568	-0.063504	180.312	0	0	267.96	0	1189.44	227.04	0	-215.04	179.96	0	16.8	2.288	0	-154.56	86.152	0	225.12	3854
FRIGG	0.00544537	1.53366	2.39334	-0.000523511	-0.731851	1.57987	0	2.37888	-0.43008	0.01701	-0.512568	-0.063504	180.312	0	0	267.872	0	1189.44	227.128	0	-215.04	179.96	0	16.8	2.288	0	-154.56	86.152	0	225.12	3864
FRIGG	0.00544537	1.53366	2.39334	0.000628373	-0.731851	1.57987	0	2.37888	-0.43008	0.013608	-0.512568	-0.063504	180.312	0	0	267.872	0	1189.44	227.128	0	-215.04	180.048	0	13.44	2.288	0	-154.56	86.152	0	225.12	3879
FRIGG	0.00544537	1.53366	2.39334	0.000628373	-0.731851	1.57987	0	2.37888	-0.43008	0.013608	-0.512568	-0.063504	180.312	0	0	267.872	0	1189.44	227.128	0	-215.04	180.048	0	13.44	2.288	0	-154.56	86.152	0	225.12	3885
FRIGG	0.00544537	1.53519	2.39334	-0.000523511	-0.731851	1.57987	0	2.37216	-0.43008	0.013608	-0.512568	-0.063504	180.312	0	0	267.96	0	1186.08	227.128	0	-215.04	179.96	0	13.44	2.288	0	-154.56	86.152	0	225.12	3905
FRIGG	0.00544537	1.53519	2.39334	-0.000523511	-0.731851	1.57987	0	2.37216	-0.43008	0.013608	-0.512568	-0.063504	180.312	0	0	267.96	0	1186.08	227.128	0	-215.04	179.96	0	13.44	2.288	0	-154.56	86.152	0	225.12	3909
FRIGG	0.00544537	1.53519	2.39334	-0.000523511	-0.731851	1.57987	0	2.3856	-0.4368	0.013608	-0.512568	-0.063504	180.312	0	0	267.96	0	1192.8	227.128	0	-218.4	179.96	0	13.44	2.288	0	-154.56	86.152	0	225.12	3919
FRIGG	0.00544537	1.53519	2.39334	-0.000523511	-0.731851	1.57987	0	2.3856	-0.4368	0.013608	-0.512568	-0.063504	180.312	0	0	267.96	0	1192.8	227.128	0	-218.4	179.96	0	13.44	2.288	0	-154.56	86.152	0	225.12	3923
FRIGG	0.00544537	1.53366	2.39334	-0.000523511	-0.731851	1.57987	0	2.39904	-0.44352	0.013608	-0.512568	-0.063504	180.312	0	0	267.872	0	1199.52	227.128	0	-221.76	179.96	0	13.44	2.288	0	-154.56	86.152	0	225.12	3935
FRIGG	0.00544537	1.53519	2.39334	-0.000523511	-0.731851	1.57987	0	2.37216	-0.43008	0.013608	-0.512568	-0.063504	180.312	0	0	267.96	0	1186.08	227.128	0	-215.04	179.96	0	13.44	2.288	0	-154.56	86.152	0	225.12	3945
FRIGG	0.00544537	1.53519	2.39334	-0.000523511	-0.731851	1.57987	0	2.37216	-0.43008	0.013608	-0.512568	-0.063504	180.312	0	0	267.96	0	1186.08	227.128	0	-215.04	179.96	0	13.44	2.288	0	-154.56	86.152	0	225.12	3949
FRIGG	0.00544537	1.53519	2.39334	0.000628373	-0.731851	1.57987	0	2.3856	-0.43008	0.013608	-0.512568	-0.063504	180.312	0	0	267.96	0	1192.8	227.128	0	-215.04	180.048	0	13.44	2.288	0	-154.56	86.152	0	225.12	3960
FRIGG	0.00544537	1.53366	2.39334	-0.000523511	-0.731851	1.57987	0	2.39232	-0.43008	0.013608	-0.512568	-0.063504	180.312	0	0	267.872	0	1196.16	227.128	0	-215.04	179.96	0	13.44	2.288	0	-154.56	86.152	0	225.12	3976
FRIGG	0.00544537	1.53366	2.39334	-0.000523511	-0.731851	1.57987	0	2.39232	-0.43008	0.013608	-0.512568	-0.063504	180.312	0	0	267.872	0	1196.16	227.128	0	-215.04	179.96	0	13.44	2.288	0	-154.56	86.152	0	225.12	3985
FRIGG	0.00544537	1.53519	2.39334	-0.000523511	-0.731851	1.57987	0	2.39904	-0.41664	0.013608	-0.512568	-0.063504	180.312	0	0	267.96	0	1199.52	227.128	0	-208.32	179.96	0	13.44	2.288	0	-154.56	86.152	0	225.12	4007
FRIGG	0.00544537	1.53519	2.39334	-0.000523511	-0.731851	1.57987	0	2.39904	-0.41664	0.013608	-0.512568	-0.063504	180.312	0	0	267.96	0	1199.52	227.128	0	-208.32	179.96	0	13.44	2.288	0	-154.56	86.152	0	225.12	4013
FRIGG	0.00544537	1.53519	2.39334	-0.000523511	-0.731851	1.57987	0	2.4192	-0.42336	0.013608	-0.512568	-0.063504	180.312	0	0	267.96	0	1209.6	227.128	0	-211.68	179.96	0	13.44	2.288	0	-154.56	86.152	0	225.12	4027
FRIGG	0.00544537	1.53519	2.39334	-0.000523511	-0.731851	1.57987	0	2.37888	-0.43008	0.013608	-0.512568	-0.063504	180.312	0	0	267.96	0	1189.44	227.128	0	-215.04	179.96	0	13.44	2.288	0	-154.56	86.152	0	225.12	4037
FRIGG	0.00544537	1.53519	2.39334	-0.000523511	-0.731851	1.57987	0	2.37888	-0.43008	0.013608	-0.512568	-0.063504	180.312	0	0	267.96	0	1189.44	227.128	0	-215.04	179.96	0	13.44	2.288	0	-154.56	86.152	0	225.12	4044
FRIGG	0.00544537	1.53366	2.39334	-0.000523511	-0.731851	1.57987	0	2.37216	-0.42336	0.013608	-0.512568	-0.063504	180.312	0	0	267.872	0	1186.08	227.128	0	-211.68	179.96	0	13.44	2.288	0	-154.56	86.152	0	225.12	4050
FRIGG	0.00544537	1.53366	2.39334	-0.000523511	-0.731851	1.57987	0	2.37216	-0.42336	0.013608	-0.512568	-0.063504	180.312	0	0	267.872	0	1186.08	227.128	0	-211.68	179.96	0	13.44	2.288	0	-154.56	86.152	0	225.12	4053
FRIGG	0.00544537	1.53366	2.39334	-0.000523511	-0.731851	1.57987	0	2.37216	-0.42336	0.013608	-0.512568	-0.063504	180.312	0	0	267.872	0	1186.08	227.128	0	-211.68	179.96	0	13.44	2.288	0	-154.56	86.152	0	225.12	4059
FRIGG	0.00544537	1.53519	2.39334	-0.000523511	-0.731851	1.57987	0	2.39232	-0.43008	0.013608	-0.512568	-0.063504	180.312	0	0	267.96	0	1196.16	227.128	0	-215.04	179.96	0	13.44	2.288	0	-154.56	86.152	0	225.12	4067
FRIGG	0.00544537	1.53519	2.39334	-0.000523511	-0.731851	1.57987	0	2.39232	-0.43008	0.013608	-0.512568	-0.063504	180.312	0	0	267.96	0	1196.16	227.128	0	-215.04	179.96	0	13.44	2.288	0	-154.56	86.152	0	225.12	4071
FRIGG	0.00544537	1.53519	2.39334	-0.000523511	-0.731851	1.57987	0	2.40576	-0.41664	0.013608	-0.512568	-0.063504	180.312	0	0	267.96	0	1202.88	227.128	0	-208.32	179.96	0	13.44	2.288	0	-154.56	86.152	0	225.12	4076
FRIGG	0.00544537	1.53519	2.39334	-0.000523511	-0.731851	1.57987	0	2.37888	-0.42336	0.010206	-0.512568	-0.063504	180.312	0	0	267.96	0	1189.44	227.128	0	-211.68	179.96	0	10.08	2.288	0	-154.56	86.152	0	225.12	4090
FRIGG	0.00544537	1.53519	2.39334	-0.000523511	-0.731851	1.57987	0	2.37888	-0.42336	0.010206	-0.512568	-0.063504	180.312	0	0	267.96	0	1189.44	227.128	0	-211.68	179.96	0	10.08	2.288	0	-154.56	86.152	0	225.12	4094
FRIGG	0.00544537	1.53519	2.39334	-0.000523511	-0.731851	1.57987	0	2.37888	-0.42336	0.010206	-0.512568	-0.063504	180.312	0	0	267.96	0	1189.44	227.128	0	-211.68	179.96	0	10.08	2.288	0	-154.56	86.152	0	225.12	4097
FRIGG	0.00544537	1.53519	2.39334	-0.000523511	-0.731851	1.57987	0	2.37888	-0.42336	0.010206	-0.512568	-0.063504	180.312	0	0	267.96	0	1189.44	227.128	0	-211.68	179.96	0	10.08	2.288	0	-154.56	86.152	0	225.12	4101
FRIGG	0.00544537	1.53519	2.39334	-0.000523511	-0.731851	1.57987	0	2.37888	-0.42336	0.010206	-0.512568	-0.063504	180.312	0	0	267.96	0	1189.44	227.128	0	-211.68	179.96	0	10.08	2.288	0	-154.56	86.152	0	225.12	4105
FRIGG	0.00698121	1.53366	2.39334	-0.000523511	-0.731851	1.57987	0	2.3856	-0.43008	0.013608	-0.512568	-0.063504	180.4	0	0	267.872	0	1192.8	227.128	0	-215.04	179.96	0	13.44	2.288	0	-154.56	86.152	0	225.12	4115
FRIGG	0.00698121	1.53366	2.39334	-0.000523511	-0.731851	1.57987	0	2.3856	-0.43008	0.013608	-0.512568	-0.063504	180.4	0	0	267.872	0	1192.8	227.128	0	-215.04	179.96	0	13.44	2.288	0	-154.56	86.152	0	225.12	4119
FRIGG	0.00544537	1.53519	2.39334	-0.000523511	-0.731851	1.57987	0	2.36544	-0.43008	0.013608	-0.512568	-0.063504	180.312	0	0	267.96	0	1182.72	227.128	0	-215.04	179.96	0	13.44	2.288	0	-154.56	86.152	0	225.12	4127
FRIGG	0.00544537	1.53519	2.39334	-0.000523511	-0.731851	1.57987	0	2.3856	-0.43008	0.013608	-0.512568	-0.063504	180.312	0	0	267.96	0	1192.8	227.128	0	-215.04	179.96	0	13.44	2.288	0	-154.56	86.152	0	225.12	4141
FRIGG	0.00544537	1.53519	2.39334	-0.000523511	-0.731851	1.57987	0	2.3856	-0.43008	0.013608	-0.512568	-0.063504	180.312	0	0	267.96	0	1192.8	227.128	0	-215.04	179.96	0	13.44	2.288	0	-154.56	86.152	0	225.12	4145
FRIGG	0.00544537	1.53366	2.39334	-0.000523511	-0.731851	1.57987	0	2.40576	-0.43008	0.013608	-0.512568	-0.063504	180.312	0	0	267.872	0	1202.88	227.128	0	-215.04	179.96	0	13.44	2.288	0	-154.56	86.152	0	225.12	4159
FRIGG	0.00544537	1.53366	2.39334	-0.000523511	-0.731851	1.57987	0	2.40576	-0.43008	0.013608	-0.512568	-0.063504	180.312	0	0	267.872	0	1202.88	227.128	0	-215.04	179.96	0	13.44	2.288	0	-154.56	86.152	0	225.12	4176
FRIGG	0.00544537	1.53519	2.39334	-0.000523511	-0.731851	1.57987	0	2.37888	-0.43008	0.013608	-0.512568	-0.063504	180.312	0	0	267.96	0	1189.44	227.128	0	-215.04	179.96	0	13.44	2.288	0	-154.56	86.152	0	225.12	4212
FRIGG	0.00544537	1.53519	2.39334	-0.000523511	-0.731851	1.57987	0	2.37888	-0.43008	0.013608	-0.512568	-0.063504	180.312	0	0	267.96	0	1189.44	227.128	0	-215.04	179.96	0	13.44	2.288	0	-154.56	86.152	0	225.12	4221
FRIGG	0.00544537	1.53519	2.39334	-0.000523511	-0.731851	1.57987	0	2.37888	-0.43008	0.013608	-0.512568	-0.063504	180.312	0	0	267.96	0	1189.44	227.128	0	-215.04	179.96	0	13.44	2.288	0	-154.56	86.152	0	225.12	4226
FRIGG	0.00544537	1.53366	2.39334	-0.000523511	-0.731851	1.57987	0	2.41248	-0.43008	0.013608	-0.512568	-0.063504	180.312	0	0	267.872	0	1206.24	227.128	0	-215.04	179.96	0	13.44	2.288	0	-154.56	86.152	0	225.12	4238
FRIGG	0.00544537	1.53366	2.39334	-0.000523511	-0.731851	1.57987	0	2.41248	-0.43008	0.013608	-0.512568	-0.063504	180.312	0	0	267.872	0	1206.24	227.128	0	-215.04	179.96	0	13.44	2.288	0	-154.56	86.152	0	225.12	4242
FRIGG	0.00544537	1.53366	2.39334	-0.000523511	-0.731851	1.57987	0	2.41248	-0.43008	0.013608	-0.512568	-0.063504	180.312	0	0	267.872	0	1206.24	227.128	0	-215.04	179.96	0	13.44	2.288	0	-154.56	86.152	0	225.12	4245
FRIGG	0.00544537	1.53366	2.39334	-0.000523511	-0.731851	1.57987	0	2.41248	-0.43008	0.013608	-0.512568	-0.063504	180.312	0	0	267.872	0	1206.24	227.128	0	-215.04	179.96	0	13.44	2.288	0	-154.56	86.152	0	225.12	4249
FRIGG	0.00544537	1.53366	2.39334	-0.000523511	-0.731851	1.57987	0	2.41248	-0.43008	0.013608	-0.512568	-0.063504	180.312	0	0	267.872	0	1206.24	227.128	0	-215.04	179.96	0	13.44	2.288	0	-154.56	86.152	0	225.12	4253
FRIGG	0.00544537	1.53366	2.39334	0.000628373	-0.731851	1.57987	0	2.37216	-0.42336	0.013608	-0.512568	-0.063504	180.312	0	0	267.872	0	1186.08	227.128	0	-211.68	180.048	0	13.44	2.288	0	-154.56	86.152	0	225.12	4269
FRIGG	0.00544537	1.53366	2.39334	0.000628373	-0.731851	1.57987	0	2.37216	-0.42336	0.013608	-0.512568	-0.063504	180.312	0	0	267.872	0	1186.08	227.128	0	-211.68	180.048	0	13.44	2.288	0	-154.56	86.152	0	225.12	4272
FRIGG	0.00544537	1.53519	2.39334	0.000628373	-0.731851	1.57987	0	2.39232	-0.42336	0.013608	-0.512568	-0.063504	180.312	0	0	267.96	0	1196.16	227.128	0	-211.68	180.048	0	13.44	2.288	0	-154.56	86.152	0	225.12	4278
FRIGG	0.00698121	1.53519	2.39334	-0.000523511	-0.731851	1.57987	0	2.40576	-0.42336	0.013608	-0.512568	-0.063504	180.4	0	0	267.96	0	1202.88	227.128	0	-211.68	179.96	0	13.44	2.288	0	-154.56	86.152	0	225.12	4289
FRIGG	0.00698121	1.53519	2.39334	-0.000523511	-0.731851	1.57987	0	2.40576	-0.42336	0.013608	-0.512568	-0.063504	180.4	0	0	267.96	0	1202.88	227.128	0	-211.68	179.96	0	13.44	2.288	0	-154.56	86.152	0	225.12	4294
FRIGG	0.00698121	1.53519	2.39334	-0.000523511	-0.731851	1.57987	0	2.40576	-0.42336	0.013608	-0.512568	-0.063504	180.4	0	0	267.96	0	1202.88	227.128	0	-211.68	179.96	0	13.44	2.288	0	-154.56	86.152	0	225.12	4298
FRIGG	0.00698121	1.53519	2.39334	-0.000523511	-0.731851	1.57987	0	2.40576	-0.42336	0.013608	-0.512568	-0.063504	180.4	0	0	267.96	0	1202.88	227.128	0	-211.68	179.96	0	13.44	2.288	0	-154.56	86.152	0	225.12	4301
FRIGG	0.00698121	1.53519	2.39334	-0.000523511	-0.731851	1.57987	0	2.40576	-0.42336	0.013608	-0.512568	-0.063504	180.4	0	0	267.96	0	1202.88	227.128	0	-211.68	179.96	0	13.44	2.288	0	-154.56	86.152	0	225.12	4305
FRIGG	0.00544537	1.53366	2.39334	-0.000523511	-0.731851	1.57987	0	2.39904	-0.43008	0.013608	-0.512568	-0.063504	180.312	0	0	267.872	0	1199.52	227.128	0	-215.04	179.96	0	13.44	2.288	0	-154.56	86.152	0	225.12	4314
FRIGG	0.00544537	1.53366	2.39334	-0.000523511	-0.731851	1.57987	0	2.39904	-0.43008	0.013608	-0.512568	-0.063504	180.312	0	0	267.872	0	1199.52	227.128	0	-215.04	179.96	0	13.44	2.288	0	-154.56	86.152	0	225.12	4318
FRIGG	0.00544537	1.53519	2.39334	-0.000523511	-0.731851	1.57987	0	2.39904	-0.43008	0.013608	-0.512568	-0.063504	180.312	0	0	267.96	0	1199.52	227.128	0	-215.04	179.96	0	13.44	2.288	0	-154.56	86.152	0	225.12	4323
FRIGG	0.00544537	1.53519	2.39334	-0.000523511	-0.731851	1.57987	0	2.39904	-0.43008	0.013608	-0.512568	-0.063504	180.312	0	0	267.96	0	1199.52	227.128	0	-215.04	179.96	0	13.44	2.288	0	-154.56	86.152	0	225.12	4327
FRIGG	0.00544537	1.53519	2.39334	-0.000523511	-0.731851	1.57987	0	2.39904	-0.43008	0.013608	-0.512568	-0.063504	180.312	0	0	267.96	0	1199.52	227.128	0	-215.04	179.96	0	13.44	2.288	0	-154.56	86.152	0	225.12	4330
FRIGG	0.00544537	1.53519	2.39334	-0.000523511	-0.731851	1.57987	0	2.39232	-0.41664	0.013608	-0.512568	-0.063504	180.312	0	0	267.96	0	1196.16	227.128	0	-208.32	179.96	0	13.44	2.288	0	-154.56	86.152	0	225.12	4343
FRIGG	0.00544537	1.53519	2.39334	-0.000523511	-0.731851	1.57987	0	2.39232	-0.41664	0.013608	-0.512568	-0.063504	180.312	0	0	267.96	0	1196.16	227.128	0	-208.32	179.96	0	13.44	2.288	0	-154.56	86.152	0	225.12	4347
FRIGG	0.00544537	1.53519	2.39334	-0.000523511	-0.731851	1.57987	0	2.3856	-0.41664	0.013608	-0.512568	-0.063504	180.312	0	0	267.96	0	1192.8	227.128	0	-208.32	179.96	0	13.44	2.288	0	-154.56	86.152	0	225.12	4352
FRIGG	0.00544537	1.53519	2.39334	-0.000523511	-0.731851	1.57987	0	2.3856	-0.41664	0.013608	-0.512568	-0.063504	180.312	0	0	267.96	0	1192.8	227.128	0	-208.32	179.96	0	13.44	2.288	0	-154.56	86.152	0	225.12	4357
FRIGG	0.00544537	1.53519	2.39334	-0.000523511	-0.731851	1.57987	-0.00504	2.37888	-0.42336	0.013608	-0.512568	-0.063504	180.312	0	-3.36	267.96	0	1189.44	227.128	0	-211.68	179.96	0	13.44	2.288	0	-154.56	86.152	0	225.12	4363
FRIGG	0.00544537	1.53519	2.39334	-0.000523511	-0.731851	1.57987	-0.00504	2.37888	-0.42336	0.013608	-0.512568	-0.063504	180.312	0	-3.36	267.96	0	1189.44	227.128	0	-211.68	179.96	0	13.44	2.288	0	-154.56	86.152	0	225.12	4367
FRIGG	0.00544537	1.53519	2.39334	-0.000523511	-0.731851	1.57987	-0.00504	2.37888	-0.42336	0.013608	-0.512568	-0.063504	180.312	0	-3.36	267.96	0	1189.44	227.128	0	-211.68	179.96	0	13.44	2.288	0	-154.56	86.152	0	225.12	4370
FRIGG	0.00544537	1.53519	2.39334	-0.000523511	-0.731851	1.57987	0	2.3856	-0.43008	0.013608	-0.512568	-0.063504	180.312	0	0	267.96	0	1192.8	227.128	0	-215.04	179.96	0	13.44	2.288	0	-154.56	86.152	0	225.12	4378
FRIGG	0.00544537	1.53519	2.39334	-0.000523511	-0.731851	1.57987	0	2.39904	-0.42336	0.010206	-0.512568	-0.063504	180.312	0	0	267.96	0	1199.52	227.128	0	-211.68	179.96	0	10.08	2.288	0	-154.56	86.152	0	225.12	4386
FRIGG	0.00544537	1.53519	2.39334	-0.000523511	-0.731851	1.57987	0	2.39904	-0.42336	0.010206	-0.512568	-0.063504	180.312	0	0	267.96	0	1199.52	227.128	0	-211.68	179.96	0	10.08	2.288	0	-154.56	86.152	0	225.12	4389
FRIGG	0.00544537	1.53519	2.39334	-0.000523511	-0.731851	1.57987	0	2.3856	-0.42336	0.010206	-0.512568	-0.063504	180.312	0	0	267.96	0	1192.8	227.128	0	-211.68	179.96	0	10.08	2.288	0	-154.56	86.152	0	225.12	4395
FRIGG	0.00544537	1.53519	2.39334	0.000628373	-0.731851	1.57987	0	2.3856	-0.43008	0.013608	-0.512568	-0.063504	180.312	0	0	267.96	0	1192.8	227.128	0	-215.04	180.048	0	13.44	2.288	0	-154.56	86.152	0	225.12	4404
FRIGG	0.00544537	1.53519	2.39334	0.000628373	-0.731851	1.57987	0	2.3856	-0.43008	0.013608	-0.512568	-0.063504	180.312	0	0	267.96	0	1192.8	227.128	0	-215.04	180.048	0	13.44	2.288	0	-154.56	86.152	0	225.12	4407
FRIGG	0.00544537	1.53519	2.39334	0.000628373	-0.731851	1.57987	0	2.3856	-0.43008	0.013608	-0.512568	-0.063504	180.312	0	0	267.96	0	1192.8	227.128	0	-215.04	180.048	0	13.44	2.288	0	-154.56	86.152	0	225.12	4411
FRIGG	0.00544537	1.53519	2.39334	0.000628373	-0.731851	1.57987	0	2.3856	-0.43008	0.013608	-0.512568	-0.063504	180.312	0	0	267.96	0	1192.8	227.128	0	-215.04	180.048	0	13.44	2.288	0	-154.56	86.152	0	225.12	4414
FRIGG	0.00544537	1.53519	2.39334	0.000628373	-0.731851	1.57987	0	2.37216	-0.41664	0.010206	-0.512568	-0.063504	180.312	0	0	267.96	0	1186.08	227.128	0	-208.32	180.048	0	10.08	2.288	0	-154.56	86.152	0	225.12	4429
FRIGG	0.00544537	1.53519	2.39334	0.000628373	-0.731851	1.57987	0	2.37216	-0.41664	0.010206	-0.512568	-0.063504	180.312	0	0	267.96	0	1186.08	227.128	0	-208.32	180.048	0	10.08	2.288	0	-154.56	86.152	0	225.12	4432
FRIGG	0.00544537	1.53519	2.39334	0.000628373	-0.731851	1.57987	0	2.37216	-0.41664	0.010206	-0.512568	-0.063504	180.312	0	0	267.96	0	1186.08	227.128	0	-208.32	180.048	0	10.08	2.288	0	-154.56	86.152	0	225.12	4436
FRIGG	0.00544537	1.53519	2.39334	-0.000523511	-0.731851	1.57987	0	2.41248	-0.41664	0.013608	-0.512568	-0.063504	180.312	0	0	267.96	0	1206.24	227.128	0	-208.32	179.96	0	13.44	2.288	0	-154.56	86.152	0	225.12	4441
FRIGG	0.00544537	1.53519	2.39334	-0.000523511	-0.731851	1.57987	0	2.41248	-0.41664	0.013608	-0.512568	-0.063504	180.312	0	0	267.96	0	1206.24	227.128	0	-208.32	179.96	0	13.44	2.288	0	-154.56	86.152	0	225.12	4445
FRIGG	0.00544537	1.53519	2.39334	-0.000523511	-0.731851	1.57987	0	2.37888	-0.40992	0.013608	-0.512568	-0.063504	180.312	0	0	267.96	0	1189.44	227.128	0	-204.96	179.96	0	13.44	2.288	0	-154.56	86.152	0	225.12	4453
FRIGG	0.00544537	1.53519	2.39334	-0.000523511	-0.731851	1.57987	0	2.37888	-0.40992	0.013608	-0.512568	-0.063504	180.312	0	0	267.96	0	1189.44	227.128	0	-204.96	179.96	0	13.44	2.288	0	-154.56	86.152	0	225.12	4456
FRIGG	0.00544537	1.53519	2.39334	-0.000523511	-0.731851	1.57987	0	2.37888	-0.40992	0.013608	-0.512568	-0.063504	180.312	0	0	267.96	0	1189.44	227.128	0	-204.96	179.96	0	13.44	2.288	0	-154.56	86.152	0	225.12	4460
FRIGG	0.00544537	1.53519	2.39334	-0.000523511	-0.731851	1.57987	0	2.39232	-0.42336	0.013608	-0.512568	-0.063504	180.312	0	0	267.96	0	1196.16	227.128	0	-211.68	179.96	0	13.44	2.288	0	-154.56	86.152	0	225.12	4476
FRIGG	0.00544537	1.53519	2.39334	-0.000523511	-0.731851	1.57987	0	2.39232	-0.43008	0.010206	-0.512568	-0.063504	180.312	0	0	267.96	0	1196.16	227.128	0	-215.04	179.96	0	10.08	2.288	0	-154.56	86.152	0	225.12	4503
FRIGG	0.00544537	1.53519	2.39334	-0.000523511	-0.731851	1.57987	0	2.39232	-0.43008	0.010206	-0.512568	-0.063504	180.312	0	0	267.96	0	1196.16	227.128	0	-215.04	179.96	0	10.08	2.288	0	-154.56	86.152	0	225.12	4506
// FRIGG	// FRIGG	// FRIGG	// FRIGG	//FRIGG	4510
FRIGG	0.00544537	1.53519	2.39334	-0.000523511	-0.731851	1.57987	0	2.34528	-0.43008	0.010206	-0.512568	-0.063504	180.312	0	0	267.96	0	1172.64	227.128	0	-215.04	179.96	0	10.08	2.288	0	-154.56	86.152	0	225.12	4514
FRIGG	0.00544537	1.53519	2.39334	-0.000523511	-0.731851	1.57987	0	2.34528	-0.43008	0.010206	-0.512568	-0.063504	180.312	0	0	267.96	0	1172.64	227.128	0	-215.04	179.96	0	10.08	2.288	0	-154.56	86.152	0	225.12	4518
FRIGG	0.00544537	1.53519	2.39334	-0.000523511	-0.731851	1.57987	0	2.34528	-0.43008	0.010206	-0.512568	-0.063504	180.312	0	0	267.96	0	1172.64	227.128	0	-215.04	179.96	0	10.08	2.288	0	-154.56	86.152	0	225.12	4521
FRIGG	0.00544537	1.53519	2.39334	-0.000523511	-0.731851	1.57987	0	2.34528	-0.43008	0.010206	-0.512568	-0.063504	180.312	0	0	267.96	0	1172.64	227.128	0	-215.04	179.96	0	10.08	2.288	0	-154.56	86.152	0	225.12	4526
FRIGG	0.00544537	1.53519	2.39334	-0.000523511	-0.731851	1.57987	0	2.34528	-0.43008	0.010206	-0.512568	-0.063504	180.312	0	0	267.96	0	1172.64	227.128	0	-215.04	179.96	0	10.08	2.288	0	-154.56	86.152	0	225.12	4529
FRIGG	0.00544537	1.53519	2.39334	-0.000523511	-0.731851	1.57987	0	2.36544	-0.43008	0.010206	-0.512568	-0.063504	180.312	0	0	267.96	0	1182.72	227.128	0	-215.04	179.96	0	10.08	2.288	0	-154.56	86.152	0	225.12	4535
FRIGG	0.00544537	1.53519	2.39334	0.000628373	-0.731851	1.57987	0	2.37216	-0.43008	0.010206	-0.512568	-0.063504	180.312	0	0	267.96	0	1186.08	227.128	0	-215.04	180.048	0	10.08	2.288	0	-154.56	86.152	0	225.12	4542
FRIGG	0.00544537	1.53519	2.39334	0.000628373	-0.731851	1.57987	0	2.37216	-0.43008	0.010206	-0.512568	-0.063504	180.312	0	0	267.96	0	1186.08	227.128	0	-215.04	180.048	0	10.08	2.288	0	-154.56	86.152	0	225.12	4546
FRIGG	0.00544537	1.53519	2.39334	0.000628373	-0.731851	1.57987	0	2.37216	-0.43008	0.010206	-0.512568	-0.063504	180.312	0	0	267.96	0	1186.08	227.128	0	-215.04	180.048	0	10.08	2.288	0	-154.56	86.152	0	225.12	4549
FRIGG	0.00544537	1.53519	2.39334	0.000628373	-0.731851	1.57987	0	2.37216	-0.43008	0.010206	-0.512568	-0.063504	180.312	0	0	267.96	0	1186.08	227.128	0	-215.04	180.048	0	10.08	2.288	0	-154.56	86.152	0	225.12	4553
FRIGG	0.00544537	1.53519	2.39334	-0.000523511	-0.731851	1.57987	0	2.39904	-0.43008	0.010206	-0.512568	-0.063504	180.312	0	0	267.96	0	1199.52	227.128	0	-215.04	179.96	0	10.08	2.288	0	-154.56	86.152	0	225.12	4565
FRIGG	0.00544537	1.53519	2.39334	-0.000523511	-0.731851	1.57987	0	2.39904	-0.43008	0.010206	-0.512568	-0.063504	180.312	0	0	267.96	0	1199.52	227.128	0	-215.04	179.96	0	10.08	2.288	0	-154.56	86.152	0	225.12	4570
FRIGG	0.00544537	1.53519	2.39334	-0.000523511	-0.731851	1.57987	0	2.39904	-0.43008	0.010206	-0.512568	-0.063504	180.312	0	0	267.96	0	1199.52	227.128	0	-215.04	179.96	0	10.08	2.288	0	-154.56	86.152	0	225.12	4574
FRIGG	0.00544537	1.53366	2.39334	-0.000523511	-0.731851	1.57987	0	2.37216	-0.43008	0.013608	-0.512568	-0.063504	180.312	0	0	267.872	0	1186.08	227.128	0	-215.04	179.96	0	13.44	2.288	0	-154.56	86.152	0	225.12	4599
FRIGG	0.00544537	1.53366	2.39334	-0.000523511	-0.731851	1.57987	0	2.37216	-0.43008	0.013608	-0.512568	-0.063504	180.312	0	0	267.872	0	1186.08	227.128	0	-215.04	179.96	0	13.44	2.288	0	-154.56	86.152	0	225.12	4608
FRIGG	0.00544537	1.53366	2.39334	-0.000523511	-0.731851	1.57987	0	2.37216	-0.43008	0.013608	-0.512568	-0.063504	180.312	0	0	267.872	0	1186.08	227.128	0	-215.04	179.96	0	13.44	2.288	0	-154.56	86.152	0	225.12	4613
FRIGG	0.00544537	1.53366	2.39334	-0.000523511	-0.731851	1.57987	0	2.37216	-0.43008	0.013608	-0.512568	-0.063504	180.312	0	0	267.872	0	1186.08	227.128	0	-215.04	179.96	0	13.44	2.288	0	-154.56	86.152	0	225.12	4617
FRIGG	0.00544537	1.53366	2.39334	-0.000523511	-0.731851	1.57987	0	2.37216	-0.42336	0.013608	-0.512568	-0.063504	180.312	0	0	267.872	0	1186.08	227.128	0	-211.68	179.96	0	13.44	2.288	0	-154.56	86.152	0	225.12	4626
FRIGG	0.00544537	1.53519	2.39334	0.000628373	-0.731851	1.57987	0	2.37216	-0.43008	0.010206	-0.512568	-0.063504	180.312	0	0	267.96	0	1186.08	227.128	0	-215.04	180.048	0	10.08	2.288	0	-154.56	86.152	0	225.12	4652
FRIGG	0.00544537	1.53519	2.39334	0.000628373	-0.731851	1.57987	0	2.37216	-0.43008	0.010206	-0.512568	-0.063504	180.312	0	0	267.96	0	1186.08	227.128	0	-215.04	180.048	0	10.08	2.288	0	-154.56	86.152	0	225.12	4666
FRIGG	0.00544537	1.53366	2.39334	0.000628373	-0.731851	1.57987	0	2.3856	-0.43008	0.010206	-0.512568	-0.063504	180.312	0	0	267.872	0	1192.8	227.128	0	-215.04	180.048	0	10.08	2.288	0	-154.56	86.152	0	225.12	4681
FRIGG	0.00544537	1.53366	2.39334	0.000628373	-0.731851	1.57987	0	2.3856	-0.43008	0.010206	-0.512568	-0.063504	180.312	0	0	267.872	0	1192.8	227.128	0	-215.04	180.048	0	10.08	2.288	0	-154.56	86.152	0	225.12	4691
FRIGG	0.00544537	1.53366	2.39334	0.000628373	-0.731851	1.57987	0	2.3856	-0.43008	0.010206	-0.512568	-0.063504	180.312	0	0	267.872	0	1192.8	227.128	0	-215.04	180.048	0	10.08	2.288	0	-154.56	86.152	0	225.12	4702
FRIGG	0.00544537	1.53519	2.39334	0.000628373	-0.731851	1.57987	0	2.3856	-0.42336	0.010206	-0.512568	-0.063504	180.312	0	0	267.96	0	1192.8	227.128	0	-211.68	180.048	0	10.08	2.288	0	-154.56	86.152	0	225.12	4717
FRIGG	0.00544537	1.53519	2.39334	0.000628373	-0.731851	1.57987	0	2.3856	-0.42336	0.010206	-0.512568	-0.063504	180.312	0	0	267.96	0	1192.8	227.128	0	-211.68	180.048	0	10.08	2.288	0	-154.56	86.152	0	225.12	4721
FRIGG	0.00698121	1.53519	2.39334	0.000628373	-0.731851	1.57987	0	2.37888	-0.43008	0.010206	-0.512568	-0.063504	180.4	0	0	267.96	0	1189.44	227.128	0	-215.04	180.048	0	10.08	2.288	0	-154.56	86.152	0	225.12	4732
FRIGG	0.00544537	1.53519	2.39334	-0.000523511	-0.731851	1.57987	0	2.37216	-0.42336	0.010206	-0.512568	-0.063504	180.312	0	0	267.96	0	1186.08	227.128	0	-211.68	179.96	0	10.08	2.288	0	-154.56	86.152	0	225.12	4755
FRIGG	0.00544537	1.53519	2.39334	-0.000523511	-0.731851	1.57987	0	2.37216	-0.42336	0.010206	-0.512568	-0.063504	180.312	0	0	267.96	0	1186.08	227.128	0	-211.68	179.96	0	10.08	2.288	0	-154.56	86.152	0	225.12	4767
FRIGG	0.00544537	1.53519	2.39334	-0.000523511	-0.731851	1.57987	0	2.37216	-0.42336	0.010206	-0.512568	-0.063504	180.312	0	0	267.96	0	1186.08	227.128	0	-211.68	179.96	0	10.08	2.288	0	-154.56	86.152	0	225.12	4779
FRIGG	0.00544537	1.53519	2.39334	-0.000523511	-0.731851	1.57987	0	2.37216	-0.42336	0.010206	-0.512568	-0.063504	180.312	0	0	267.96	0	1186.08	227.128	0	-211.68	179.96	0	10.08	2.288	0	-154.56	86.152	0	225.12	4792
FRIGG	0.00698121	1.53519	2.39334	-0.000523511	-0.731851	1.57987	0	2.3856	-0.42336	0.010206	-0.512568	-0.063504	180.4	0	0	267.96	0	1192.8	227.128	0	-211.68	179.96	0	10.08	2.288	0	-154.56	86.152	0	225.12	4818
FRIGG	0.00698121	1.53519	2.39334	0.000628373	-0.731851	1.57987	0	2.3856	-0.43008	0.013608	-0.512568	-0.063504	180.4	0	0	267.96	0	1192.8	227.128	0	-215.04	180.048	0	13.44	2.288	0	-154.56	86.152	0	225.12	4835
FRIGG	0.00698121	1.53519	2.39334	0.000628373	-0.731851	1.57987	0	2.3856	-0.43008	0.013608	-0.512568	-0.063504	180.4	0	0	267.96	0	1192.8	227.128	0	-215.04	180.048	0	13.44	2.288	0	-154.56	86.152	0	225.12	4842
FRIGG	0.00544537	1.53366	2.39334	0.000628373	-0.731851	1.57987	0	2.37216	-0.43008	0.013608	-0.512568	-0.063504	180.312	0	0	267.872	0	1186.08	227.128	0	-215.04	180.048	0	13.44	2.288	0	-154.56	86.152	0	225.12	4848
FRIGG	0.00544537	1.53366	2.39334	-0.000523511	-0.731851	1.57987	0	2.3856	-0.43008	0.010206	-0.512568	-0.063504	180.312	0	0	267.872	0	1192.8	227.128	0	-215.04	179.96	0	10.08	2.288	0	-154.56	86.152	0	225.12	4858
FRIGG	0.00544537	1.53366	2.39334	-0.000523511	-0.731851	1.57987	0	2.3856	-0.43008	0.010206	-0.512568	-0.063504	180.312	0	0	267.872	0	1192.8	227.128	0	-215.04	179.96	0	10.08	2.288	0	-154.56	86.152	0	225.12	4864
FRIGG	0.00544537	1.53366	2.39334	-0.000523511	-0.731851	1.57987	0	2.3856	-0.43008	0.010206	-0.512568	-0.063504	180.312	0	0	267.872	0	1192.8	227.128	0	-215.04	179.96	0	10.08	2.288	0	-154.56	86.152	0	225.12	4869
